ISO-10303-21;
HEADER;
/* Generated by software containing ST-Developer
 * from STEP Tools, Inc. (www.steptools.com) 
 */

FILE_DESCRIPTION(
/* description */ (''),
/* implementation_level */ '2;1');

FILE_NAME(
/* name */ 'Top.step',
/* time_stamp */ '2026-09-22T23:08:08-06:00',
/* author */ (''),
/* organization */ (''),
/* preprocessor_version */ 'ST-DEVELOPER v20.2',
/* originating_system */ 'Autodesk Translation Framework v15.15.0.0',
/* authorisation */ '');

FILE_SCHEMA (('AUTOMOTIVE_DESIGN { 1 0 10303 214 3 1 1 }'));
ENDSEC;

DATA;
#10=MECHANICAL_DESIGN_GEOMETRIC_PRESENTATION_REPRESENTATION('',(#41,#42,
#43,#44,#45,#46,#47,#48,#49,#50,#51,#52,#53),#9071);
#11=SHAPE_REPRESENTATION_RELATIONSHIP('SRR','None',#9078,#12);
#12=ADVANCED_BREP_SHAPE_REPRESENTATION('',(#13),#9070);
#13=MANIFOLD_SOLID_BREP('Body1',#4531);
#14=(
BOUNDED_SURFACE()
B_SPLINE_SURFACE(1,2,((#8822,#8823,#8824,#8825,#8826,#8827,#8828,#8829,
#8830),(#8831,#8832,#8833,#8834,#8835,#8836,#8837,#8838,#8839)),
 .UNSPECIFIED.,.F.,.T.,.F.)
B_SPLINE_SURFACE_WITH_KNOTS((2,2),(3,2,2,2,3),(-5.1324114885527,1.77635683940025E-15),
(-3.14159265358979,-1.5707963267949,0.,1.5707963267949,3.14159265358979),
 .UNSPECIFIED.)
GEOMETRIC_REPRESENTATION_ITEM()
RATIONAL_B_SPLINE_SURFACE(((1.,0.707106781186548,1.,0.707106781186548,1.,
0.707106781186548,1.,0.707106781186548,1.),(1.,0.707106781186548,1.,0.707106781186548,
1.,0.707106781186548,1.,0.707106781186548,1.)))
REPRESENTATION_ITEM('')
SURFACE()
);
#15=(
BOUNDED_SURFACE()
B_SPLINE_SURFACE(1,2,((#8878,#8879,#8880,#8881,#8882,#8883,#8884,#8885,
#8886),(#8887,#8888,#8889,#8890,#8891,#8892,#8893,#8894,#8895)),
 .UNSPECIFIED.,.F.,.T.,.F.)
B_SPLINE_SURFACE_WITH_KNOTS((2,2),(3,2,2,2,3),(-5.13241148855269,1.77635683940025E-15),
(-3.14159265358979,-1.5707963267949,0.,1.5707963267949,3.14159265358979),
 .UNSPECIFIED.)
GEOMETRIC_REPRESENTATION_ITEM()
RATIONAL_B_SPLINE_SURFACE(((1.,0.707106781186548,1.,0.707106781186548,1.,
0.707106781186548,1.,0.707106781186548,1.),(1.,0.707106781186548,1.,0.707106781186548,
1.,0.707106781186548,1.,0.707106781186548,1.)))
REPRESENTATION_ITEM('')
SURFACE()
);
#16=ELLIPSE('',#4725,0.113711930025925,0.11085);
#17=ELLIPSE('',#4726,0.113711930025925,0.11085);
#18=ELLIPSE('',#4731,0.113711930025925,0.11085);
#19=ELLIPSE('',#4733,0.113711930025925,0.11085);
#20=CYLINDRICAL_SURFACE('',#4697,0.11085);
#21=CYLINDRICAL_SURFACE('',#4701,0.11085);
#22=CYLINDRICAL_SURFACE('',#4705,0.11085);
#23=CYLINDRICAL_SURFACE('',#4709,0.11085);
#24=CYLINDRICAL_SURFACE('',#4713,0.75085);
#25=CYLINDRICAL_SURFACE('',#4716,0.11085);
#26=CYLINDRICAL_SURFACE('',#4740,0.11085);
#27=CIRCLE('',#4677,0.75085);
#28=CIRCLE('',#4698,0.11085);
#29=CIRCLE('',#4699,0.11085);
#30=CIRCLE('',#4702,0.11085);
#31=CIRCLE('',#4703,0.11085);
#32=CIRCLE('',#4706,0.11085);
#33=CIRCLE('',#4707,0.11085);
#34=CIRCLE('',#4710,0.11085);
#35=CIRCLE('',#4711,0.11085);
#36=CIRCLE('',#4714,0.75085);
#37=CIRCLE('',#4717,0.11085);
#38=CIRCLE('',#4718,0.11085);
#39=CIRCLE('',#4739,0.11085);
#40=CIRCLE('',#4741,0.11085);
#41=STYLED_ITEM('',(#9089),#4390);
#42=STYLED_ITEM('',(#9089),#4398);
#43=STYLED_ITEM('',(#9089),#4400);
#44=STYLED_ITEM('',(#9089),#4406);
#45=STYLED_ITEM('',(#9089),#4408);
#46=STYLED_ITEM('',(#9089),#4414);
#47=STYLED_ITEM('',(#9089),#4416);
#48=STYLED_ITEM('',(#9089),#4422);
#49=STYLED_ITEM('',(#9089),#4426);
#50=STYLED_ITEM('',(#9089),#4428);
#51=STYLED_ITEM('',(#9089),#4433);
#52=STYLED_ITEM('',(#9089),#4437);
#53=STYLED_ITEM('',(#9088),#13);
#54=FACE_BOUND('',#372,.T.);
#55=FACE_BOUND('',#383,.T.);
#56=FACE_BOUND('',#384,.T.);
#57=FACE_BOUND('',#455,.T.);
#58=FACE_BOUND('',#456,.T.);
#59=FACE_BOUND('',#457,.T.);
#60=FACE_BOUND('',#458,.T.);
#61=FACE_BOUND('',#459,.T.);
#62=FACE_BOUND('',#460,.T.);
#63=FACE_BOUND('',#507,.T.);
#64=FACE_BOUND('',#509,.T.);
#65=FACE_BOUND('',#510,.T.);
#66=FACE_BOUND('',#511,.T.);
#67=FACE_BOUND('',#512,.T.);
#68=FACE_BOUND('',#513,.T.);
#69=FACE_BOUND('',#514,.T.);
#70=FACE_BOUND('',#515,.T.);
#71=FACE_BOUND('',#516,.T.);
#72=FACE_BOUND('',#517,.T.);
#73=FACE_BOUND('',#518,.T.);
#74=FACE_BOUND('',#519,.T.);
#75=FACE_BOUND('',#520,.T.);
#76=FACE_BOUND('',#553,.T.);
#77=FACE_BOUND('',#557,.T.);
#78=FACE_BOUND('',#562,.T.);
#79=FACE_BOUND('',#564,.T.);
#80=FACE_BOUND('',#572,.T.);
#81=FACE_BOUND('',#610,.T.);
#82=FACE_BOUND('',#611,.T.);
#83=FACE_BOUND('',#612,.T.);
#84=FACE_BOUND('',#614,.T.);
#85=FACE_BOUND('',#615,.T.);
#86=FACE_BOUND('',#616,.T.);
#87=FACE_BOUND('',#617,.T.);
#88=FACE_BOUND('',#618,.T.);
#89=FACE_BOUND('',#619,.T.);
#90=FACE_BOUND('',#622,.T.);
#91=FACE_BOUND('',#623,.T.);
#92=FACE_BOUND('',#624,.T.);
#93=FACE_BOUND('',#625,.T.);
#94=FACE_BOUND('',#626,.T.);
#95=(
BOUNDED_CURVE()
B_SPLINE_CURVE(3,(#6106,#6107,#6108,#6109,#6110,#6111,#6112,#6113,#6114,
#6115,#6116,#6117,#6118,#6119,#6120,#6121,#6122,#6123,#6124,#6125,#6126,
#6127,#6128,#6129,#6130,#6131,#6132,#6133,#6134,#6135,#6136,#6137,#6138,
#6139,#6140,#6141,#6142,#6143,#6144,#6145,#6146,#6147,#6148,#6149,#6150,
#6151,#6152,#6153,#6154),.UNSPECIFIED.,.T.,.F.)
B_SPLINE_CURVE_WITH_KNOTS((4,3,3,3,3,3,3,3,3,3,3,3,3,3,3,3,4),(0.,1.,2.0097797643119,
3.02336763678669,4.02981976191106,5.04934269385519,6.09116319209046,7.11022586916927,
8.11636928995883,9.12251271074839,10.1286561315379,11.1347995523275,12.1194089855814,
13.1168055543321,14.1212736665225,15.1257417787129,16.1332543996322),
 .UNSPECIFIED.)
CURVE()
GEOMETRIC_REPRESENTATION_ITEM()
RATIONAL_B_SPLINE_CURVE((1.,1.,1.,1.,1.,1.,1.,1.,1.,1.,1.,1.,1.,1.,1.,1.,
1.,1.,1.,1.,1.,1.,1.,1.,1.,1.,1.,1.,1.,1.,1.,1.,1.,1.,1.,1.,1.,1.,1.,1.,
1.,1.,1.,1.,1.,1.,1.,1.,1.))
REPRESENTATION_ITEM('')
);
#96=(
BOUNDED_CURVE()
B_SPLINE_CURVE(3,(#6343,#6344,#6345,#6346,#6347,#6348,#6349,#6350,#6351,
#6352,#6353,#6354,#6355,#6356,#6357,#6358,#6359,#6360,#6361,#6362,#6363,
#6364,#6365,#6366,#6367,#6368,#6369,#6370,#6371,#6372,#6373,#6374,#6375,
#6376,#6377,#6378,#6379,#6380,#6381,#6382,#6383,#6384,#6385,#6386,#6387,
#6388,#6389,#6390,#6391),.UNSPECIFIED.,.T.,.F.)
B_SPLINE_CURVE_WITH_KNOTS((4,3,3,3,3,3,3,3,3,3,3,3,3,3,3,3,4),(0.,1.,1.98748411901631,
2.96777972498186,3.95361163561028,4.98638792293529,6.02395092007415,7.05399040517939,
8.07120865224911,9.07965777649927,10.0908212957021,11.1037908376052,12.1110605994259,
13.0638833470942,14.0220748561372,14.9872927887671,15.9552818082053),
 .UNSPECIFIED.)
CURVE()
GEOMETRIC_REPRESENTATION_ITEM()
RATIONAL_B_SPLINE_CURVE((1.,1.,1.,1.,1.,1.,1.,1.,1.,1.,1.,1.,1.,1.,1.,1.,
1.,1.,1.,1.,1.,1.,1.,1.,1.,1.,1.,1.,1.,1.,1.,1.,1.,1.,1.,1.,1.,1.,1.,1.,
1.,1.,1.,1.,1.,1.,1.,1.,1.))
REPRESENTATION_ITEM('')
);
#97=(
BOUNDED_CURVE()
B_SPLINE_CURVE(3,(#6527,#6528,#6529,#6530,#6531,#6532,#6533,#6534,#6535,
#6536,#6537,#6538,#6539,#6540,#6541,#6542,#6543,#6544,#6545,#6546,#6547,
#6548,#6549,#6550,#6551,#6552,#6553,#6554,#6555,#6556,#6557),
 .UNSPECIFIED.,.F.,.F.)
B_SPLINE_CURVE_WITH_KNOTS((4,3,3,3,3,3,3,3,3,3,4),(0.,1.,1.65555555555555,
2.29197183798186,2.90293146911108,3.5138911002403,4.08014636811616,4.6306030429346,
5.16928511661143,5.71148480683217,6.46356824810609),.UNSPECIFIED.)
CURVE()
GEOMETRIC_REPRESENTATION_ITEM()
RATIONAL_B_SPLINE_CURVE((1.,1.,1.,1.,1.,1.,1.,1.,1.,1.,1.,1.,1.,1.,1.,1.,
1.,1.,1.,1.,1.,1.,1.,1.,1.,1.,1.,1.,1.,1.,1.))
REPRESENTATION_ITEM('')
);
#98=(
BOUNDED_CURVE()
B_SPLINE_CURVE(3,(#6672,#6673,#6674,#6675,#6676,#6677,#6678,#6679,#6680,
#6681,#6682,#6683,#6684,#6685,#6686,#6687,#6688,#6689,#6690,#6691,#6692,
#6693,#6694,#6695,#6696,#6697,#6698,#6699),.UNSPECIFIED.,.F.,.F.)
B_SPLINE_CURVE_WITH_KNOTS((4,3,3,3,3,3,3,3,3,4),(0.,1.,1.98679635762222,
3.00865961451892,4.03956037243651,5.2482026403399,6.44867033453648,7.66536262176697,
8.85778313777412,11.4309010933686),.UNSPECIFIED.)
CURVE()
GEOMETRIC_REPRESENTATION_ITEM()
RATIONAL_B_SPLINE_CURVE((1.,1.,1.,1.,1.,1.,1.,1.,1.,1.,1.,1.,1.,1.,1.,1.,
1.,1.,1.,1.,1.,1.,1.,1.,1.,1.,1.,1.))
REPRESENTATION_ITEM('')
);
#99=(
BOUNDED_CURVE()
B_SPLINE_CURVE(3,(#6804,#6805,#6806,#6807,#6808,#6809,#6810,#6811,#6812,
#6813,#6814,#6815,#6816,#6817,#6818,#6819,#6820,#6821,#6822,#6823,#6824,
#6825,#6826,#6827,#6828),.UNSPECIFIED.,.F.,.F.)
B_SPLINE_CURVE_WITH_KNOTS((4,3,3,3,3,3,3,3,4),(0.,1.,1.69879518072289,2.41480299257381,
3.1308108044247,3.83941690924178,5.27434427149636,6.7410584269591,7.72752104479247),
 .UNSPECIFIED.)
CURVE()
GEOMETRIC_REPRESENTATION_ITEM()
RATIONAL_B_SPLINE_CURVE((1.,1.,1.,1.,1.,1.,1.,1.,1.,1.,1.,1.,1.,1.,1.,1.,
1.,1.,1.,1.,1.,1.,1.,1.,1.))
REPRESENTATION_ITEM('')
);
#100=(
BOUNDED_CURVE()
B_SPLINE_CURVE(3,(#6942,#6943,#6944,#6945,#6946,#6947,#6948,#6949,#6950,
#6951,#6952,#6953,#6954,#6955,#6956,#6957,#6958,#6959,#6960,#6961,#6962,
#6963,#6964,#6965,#6966,#6967,#6968,#6969),.UNSPECIFIED.,.F.,.F.)
B_SPLINE_CURVE_WITH_KNOTS((4,3,3,3,3,3,3,3,3,4),(0.,1.,1.64444444444446,
2.28697479852738,2.94640471282373,3.61113512252688,4.00997336834877,4.41491325189551,
4.82708345855027,5.23484791889866),.UNSPECIFIED.)
CURVE()
GEOMETRIC_REPRESENTATION_ITEM()
RATIONAL_B_SPLINE_CURVE((1.,1.,1.,1.,1.,1.,1.,1.,1.,1.,1.,1.,1.,1.,1.,1.,
1.,1.,1.,1.,1.,1.,1.,1.,1.,1.,1.,1.))
REPRESENTATION_ITEM('')
);
#101=(
BOUNDED_CURVE()
B_SPLINE_CURVE(3,(#7268,#7269,#7270,#7271,#7272,#7273,#7274,#7275,#7276,
#7277,#7278,#7279,#7280,#7281,#7282,#7283,#7284,#7285,#7286,#7287,#7288,
#7289,#7290,#7291,#7292,#7293,#7294,#7295,#7296,#7297,#7298,#7299,#7300,
#7301,#7302,#7303,#7304,#7305,#7306,#7307,#7308,#7309,#7310,#7311,#7312,
#7313,#7314,#7315,#7316,#7317,#7318,#7319,#7320,#7321,#7322),
 .UNSPECIFIED.,.F.,.F.)
B_SPLINE_CURVE_WITH_KNOTS((4,3,3,3,3,3,3,3,3,3,3,3,3,3,3,3,3,3,4),(0.,1.,
1.97895134222157,3.33952778395326,4.70010422568495,5.48346641940925,6.29168957198216,
7.13581640059031,7.96285252458997,8.84486794798817,9.72688337138636,10.6232235299697,
11.5382280087141,12.5462837903816,13.5470911613777,14.534336618863,15.5029379266924,
16.4342853380669,17.3495576316044),.UNSPECIFIED.)
CURVE()
GEOMETRIC_REPRESENTATION_ITEM()
RATIONAL_B_SPLINE_CURVE((1.,1.,1.,1.,1.,1.,1.,1.,1.,1.,1.,1.,1.,1.,1.,1.,
1.,1.,1.,1.,1.,1.,1.,1.,1.,1.,1.,1.,1.,1.,1.,1.,1.,1.,1.,1.,1.,1.,1.,1.,
1.,1.,1.,1.,1.,1.,1.,1.,1.,1.,1.,1.,1.,1.,1.))
REPRESENTATION_ITEM('')
);
#102=(
BOUNDED_CURVE()
B_SPLINE_CURVE(3,(#7559,#7560,#7561,#7562,#7563,#7564,#7565,#7566,#7567,
#7568,#7569,#7570,#7571,#7572,#7573,#7574,#7575,#7576,#7577,#7578,#7579,
#7580,#7581,#7582,#7583,#7584,#7585,#7586,#7587,#7588,#7589,#7590,#7591,
#7592,#7593,#7594,#7595,#7596,#7597,#7598,#7599,#7600,#7601,#7602,#7603,
#7604,#7605,#7606,#7607,#7608,#7609,#7610,#7611,#7612,#7613,#7614,#7615,
#7616,#7617,#7618,#7619),.UNSPECIFIED.,.F.,.F.)
B_SPLINE_CURVE_WITH_KNOTS((4,3,3,3,3,3,3,3,3,3,3,3,3,3,3,3,3,3,3,3,4),(0.,
1.,1.99999999999995,2.97140379103553,3.92000334308432,6.93320192018049,
9.93952103949535,11.4031237686355,12.8837927092639,14.3644616498924,15.8451305905209,
17.2568315699878,18.6832475773811,20.1096635847744,21.5273828345291,22.9948466193629,
24.4741683330991,25.9947653694892,27.5410034857185,29.4152315053903,31.2556944906121),
 .UNSPECIFIED.)
CURVE()
GEOMETRIC_REPRESENTATION_ITEM()
RATIONAL_B_SPLINE_CURVE((1.,1.,1.,1.,1.,1.,1.,1.,1.,1.,1.,1.,1.,1.,1.,1.,
1.,1.,1.,1.,1.,1.,1.,1.,1.,1.,1.,1.,1.,1.,1.,1.,1.,1.,1.,1.,1.,1.,1.,1.,
1.,1.,1.,1.,1.,1.,1.,1.,1.,1.,1.,1.,1.,1.,1.,1.,1.,1.,1.,1.,1.))
REPRESENTATION_ITEM('')
);
#103=(
BOUNDED_CURVE()
B_SPLINE_CURVE(3,(#7992,#7993,#7994,#7995,#7996,#7997,#7998,#7999,#8000,
#8001,#8002,#8003,#8004,#8005,#8006,#8007,#8008,#8009,#8010,#8011,#8012,
#8013,#8014,#8015,#8016,#8017,#8018,#8019,#8020,#8021,#8022,#8023,#8024,
#8025,#8026,#8027,#8028),.UNSPECIFIED.,.F.,.F.)
B_SPLINE_CURVE_WITH_KNOTS((4,3,3,3,3,3,3,3,3,3,3,3,4),(0.,1.,2.012619933229,
3.18597318919277,4.36696599659609,5.5506613082367,6.7343566198773,7.96951694506749,
9.2202394523443,10.4558356205741,11.6838447858387,12.6048516597871,13.5456609455065),
 .UNSPECIFIED.)
CURVE()
GEOMETRIC_REPRESENTATION_ITEM()
RATIONAL_B_SPLINE_CURVE((1.,1.,1.,1.,1.,1.,1.,1.,1.,1.,1.,1.,1.,1.,1.,1.,
1.,1.,1.,1.,1.,1.,1.,1.,1.,1.,1.,1.,1.,1.,1.,1.,1.,1.,1.,1.,1.))
REPRESENTATION_ITEM('')
);
#104=(
BOUNDED_CURVE()
B_SPLINE_CURVE(3,(#8199,#8200,#8201,#8202,#8203,#8204,#8205,#8206,#8207,
#8208,#8209,#8210,#8211,#8212,#8213,#8214,#8215,#8216,#8217,#8218,#8219,
#8220,#8221,#8222,#8223,#8224,#8225,#8226,#8227,#8228,#8229,#8230,#8231,
#8232,#8233,#8234,#8235,#8236,#8237,#8238,#8239,#8240,#8241),
 .UNSPECIFIED.,.F.,.F.)
B_SPLINE_CURVE_WITH_KNOTS((4,3,3,3,3,3,3,3,3,3,3,3,3,3,4),(0.,1.,2.04584564035439,
3.09716854293547,4.1836960813715,7.2259731889924,10.2823506374772,13.316565872606,
16.3130132392761,19.2312924137723,22.1302069506367,25.0041598682168,27.8906260648401,
29.8061899953265,31.7493622195257),.UNSPECIFIED.)
CURVE()
GEOMETRIC_REPRESENTATION_ITEM()
RATIONAL_B_SPLINE_CURVE((1.,1.,1.,1.,1.,1.,1.,1.,1.,1.,1.,1.,1.,1.,1.,1.,
1.,1.,1.,1.,1.,1.,1.,1.,1.,1.,1.,1.,1.,1.,1.,1.,1.,1.,1.,1.,1.,1.,1.,1.,
1.,1.,1.))
REPRESENTATION_ITEM('')
);
#105=B_SPLINE_CURVE_WITH_KNOTS('',3,(#6055,#6056,#6057,#6058,#6059,#6060,
#6061,#6062,#6063,#6064,#6065,#6066,#6067,#6068,#6069,#6070,#6071,#6072,
#6073,#6074,#6075,#6076,#6077,#6078,#6079,#6080,#6081,#6082,#6083,#6084,
#6085,#6086,#6087,#6088,#6089,#6090,#6091,#6092,#6093,#6094,#6095,#6096,
#6097,#6098,#6099,#6100,#6101,#6102,#6103),.UNSPECIFIED.,.T.,.F.,(4,3,3,
3,3,3,3,3,3,3,3,3,3,3,3,3,4),(0.,0.0673206304221969,0.135299640743251,0.203535015306548,
0.27129000685968,0.339924933368046,0.410060946096011,0.478664887956688,
0.546399097339387,0.614133306722086,0.681867516104785,0.749601725487484,
0.815886253253778,0.883031619043011,0.950653045594661,1.01827447214631,
1.08610085694492),.UNSPECIFIED.);
#106=B_SPLINE_CURVE_WITH_KNOTS('',3,(#6292,#6293,#6294,#6295,#6296,#6297,
#6298,#6299,#6300,#6301,#6302,#6303,#6304,#6305,#6306,#6307,#6308,#6309,
#6310,#6311,#6312,#6313,#6314,#6315,#6316,#6317,#6318,#6319,#6320,#6321,
#6322,#6323,#6324,#6325,#6326,#6327,#6328,#6329,#6330,#6331,#6332,#6333,
#6334,#6335,#6336,#6337,#6338,#6339,#6340),.UNSPECIFIED.,.T.,.F.,(4,3,3,
3,3,3,3,3,3,3,3,3,3,3,3,3,4),(0.,0.0897959323955603,0.178467989588438,0.266494547549385,
0.355018243149561,0.447757352825936,0.540926289573151,0.633419645542419,
0.724761706487823,0.815316335873352,0.906114706884545,0.997075251388036,
1.08752397882458,1.17308358585915,1.25912528582718,1.3457979300526,1.43271940660171),
 .UNSPECIFIED.);
#107=B_SPLINE_CURVE_WITH_KNOTS('',3,(#6493,#6494,#6495,#6496,#6497,#6498,
#6499,#6500,#6501,#6502,#6503,#6504,#6505,#6506,#6507,#6508,#6509,#6510,
#6511,#6512,#6513,#6514,#6515,#6516,#6517,#6518,#6519,#6520,#6521,#6522,
#6523),.UNSPECIFIED.,.F.,.F.,(4,3,3,3,3,3,3,3,3,3,4),(0.,0.350927311187581,
0.58097965963277,0.80431551442063,1.01871793501697,1.2331203556133,1.43183479421478,
1.62500507503407,1.81404332673443,2.00431600615033,2.26824262598529),
 .UNSPECIFIED.);
#108=B_SPLINE_CURVE_WITH_KNOTS('',3,(#6641,#6642,#6643,#6644,#6645,#6646,
#6647,#6648,#6649,#6650,#6651,#6652,#6653,#6654,#6655,#6656,#6657,#6658,
#6659,#6660,#6661,#6662,#6663,#6664,#6665,#6666,#6667,#6668),
 .UNSPECIFIED.,.F.,.F.,(4,3,3,3,3,3,3,3,3,4),(0.,0.137672182322458,0.273526590384163,
0.414208734996266,0.556135092096657,0.722531510766082,0.887802518033734,
1.05530720043166,1.21947033511644,1.57371709943623),.UNSPECIFIED.);
#109=B_SPLINE_CURVE_WITH_KNOTS('',3,(#6779,#6780,#6781,#6782,#6783,#6784,
#6785,#6786,#6787,#6788,#6789,#6790,#6791,#6792,#6793,#6794,#6795,#6796,
#6797,#6798,#6799,#6800,#6801,#6802,#6803),.UNSPECIFIED.,.F.,.F.,(4,3,3,
3,3,3,3,3,4),(0.,0.347339016437532,0.590057847201109,0.838755296330996,
1.08745274546088,1.33357929294967,1.83198555161448,2.34143260376791,2.68406955919855),
 .UNSPECIFIED.);
#110=B_SPLINE_CURVE_WITH_KNOTS('',3,(#6913,#6914,#6915,#6916,#6917,#6918,
#6919,#6920,#6921,#6922,#6923,#6924,#6925,#6926,#6927,#6928,#6929,#6930,
#6931,#6932,#6933,#6934,#6935,#6936,#6937,#6938,#6939,#6940),
 .UNSPECIFIED.,.F.,.F.,(4,3,3,3,3,3,3,3,3,4),(0.,3.119511881849,5.12986398348507,
7.13424505749539,9.19134451038952,11.2649789216848,12.509159568462,13.7723743466206,
15.0581442036243,16.3301702826769),.UNSPECIFIED.);
#111=B_SPLINE_CURVE_WITH_KNOTS('',3,(#7212,#7213,#7214,#7215,#7216,#7217,
#7218,#7219,#7220,#7221,#7222,#7223,#7224,#7225,#7226,#7227,#7228,#7229,
#7230,#7231,#7232,#7233,#7234,#7235,#7236,#7237,#7238,#7239,#7240,#7241,
#7242,#7243,#7244,#7245,#7246,#7247,#7248,#7249,#7250,#7251,#7252,#7253,
#7254,#7255,#7256,#7257,#7258,#7259,#7260,#7261,#7262,#7263,#7264,#7265,
#7266),.UNSPECIFIED.,.F.,.F.,(4,3,3,3,3,3,3,3,3,3,3,3,3,3,3,3,3,3,4),(0.,
0.585178604759263,1.15803998532769,1.95422020916856,2.75040043300943,3.20880722855418,
3.68176212531093,4.1757270851157,4.65969093024333,5.17582748508364,5.69196403992395,
6.21648312331345,6.75192416753354,7.34181684336924,7.92746790436156,8.50518282372772,
9.07198758561134,9.61699216434559,10.1525899280527),.UNSPECIFIED.);
#112=B_SPLINE_CURVE_WITH_KNOTS('',3,(#7498,#7499,#7500,#7501,#7502,#7503,
#7504,#7505,#7506,#7507,#7508,#7509,#7510,#7511,#7512,#7513,#7514,#7515,
#7516,#7517,#7518,#7519,#7520,#7521,#7522,#7523,#7524,#7525,#7526,#7527,
#7528,#7529,#7530,#7531,#7532,#7533,#7534,#7535,#7536,#7537,#7538,#7539,
#7540,#7541,#7542,#7543,#7544,#7545,#7546,#7547,#7548,#7549,#7550,#7551,
#7552,#7553,#7554,#7555,#7556,#7557,#7558),.UNSPECIFIED.,.F.,.F.,(4,3,3,
3,3,3,3,3,3,3,3,3,3,3,3,3,3,3,3,3,4),(0.,0.184893804097817,0.369787608195626,
0.549394150435235,0.72478433017902,1.28190607760046,1.83775585590258,2.10836693218125,
2.38213344522353,2.65589995826581,2.9296664713081,3.19068123565035,3.45441671748332,
3.71815219931629,3.98027970454614,4.25160466609984,4.52512208523702,4.80627105579506,
5.09216090314573,5.43869405144957,5.77898425408845),.UNSPECIFIED.);
#113=B_SPLINE_CURVE_WITH_KNOTS('',3,(#7954,#7955,#7956,#7957,#7958,#7959,
#7960,#7961,#7962,#7963,#7964,#7965,#7966,#7967,#7968,#7969,#7970,#7971,
#7972,#7973,#7974,#7975,#7976,#7977,#7978,#7979,#7980,#7981,#7982,#7983,
#7984,#7985,#7986,#7987,#7988,#7989,#7990),.UNSPECIFIED.,.F.,.F.,(4,3,3,
3,3,3,3,3,3,3,3,3,4),(0.,0.255740740863447,0.514708912800526,0.814783143775238,
1.11681111929497,1.41953023525052,1.72224935120608,2.03813016785535,2.35799086848091,
2.67398314795203,2.9880351216639,3.2235741019478,3.4641773656889),
 .UNSPECIFIED.);
#114=B_SPLINE_CURVE_WITH_KNOTS('',3,(#8156,#8157,#8158,#8159,#8160,#8161,
#8162,#8163,#8164,#8165,#8166,#8167,#8168,#8169,#8170,#8171,#8172,#8173,
#8174,#8175,#8176,#8177,#8178,#8179,#8180,#8181,#8182,#8183,#8184,#8185,
#8186,#8187,#8188,#8189,#8190,#8191,#8192,#8193,#8194,#8195,#8196,#8197,
#8198),.UNSPECIFIED.,.F.,.F.,(4,3,3,3,3,3,3,3,3,3,3,3,3,3,4),(0.,0.0140571481568334,
0.0287587552724733,0.0435373570747277,0.0588108356590025,0.101576575694972,
0.144540526311527,0.187192939411453,0.229314443988889,0.270337126707783,
0.311087597846484,0.351487179804671,0.392062662780296,0.418990028755029,
0.446305488604842),.UNSPECIFIED.);
#115=B_SPLINE_SURFACE_WITH_KNOTS('',3,3,((#5918,#5919,#5920,#5921),(#5922,
#5923,#5924,#5925),(#5926,#5927,#5928,#5929),(#5930,#5931,#5932,#5933),
(#5934,#5935,#5936,#5937),(#5938,#5939,#5940,#5941),(#5942,#5943,#5944,
#5945),(#5946,#5947,#5948,#5949),(#5950,#5951,#5952,#5953),(#5954,#5955,
#5956,#5957),(#5958,#5959,#5960,#5961),(#5962,#5963,#5964,#5965),(#5966,
#5967,#5968,#5969),(#5970,#5971,#5972,#5973),(#5974,#5975,#5976,#5977),
(#5978,#5979,#5980,#5981),(#5982,#5983,#5984,#5985),(#5986,#5987,#5988,
#5989),(#5990,#5991,#5992,#5993),(#5994,#5995,#5996,#5997),(#5998,#5999,
#6000,#6001),(#6002,#6003,#6004,#6005),(#6006,#6007,#6008,#6009),(#6010,
#6011,#6012,#6013),(#6014,#6015,#6016,#6017),(#6018,#6019,#6020,#6021),
(#6022,#6023,#6024,#6025),(#6026,#6027,#6028,#6029),(#6030,#6031,#6032,
#6033),(#6034,#6035,#6036,#6037),(#6038,#6039,#6040,#6041),(#6042,#6043,
#6044,#6045),(#6046,#6047,#6048,#6049),(#6050,#6051,#6052,#6053)),
 .UNSPECIFIED.,.T.,.F.,.F.,(4,2,2,2,2,2,2,2,2,2,2,2,2,2,2,2,4),(4,4),(0.,
1.,2.0097797643119,3.02336763678669,4.02981976191106,5.04934269385519,6.09116319209046,
7.11022586916927,8.11636928995883,9.12251271074839,10.1286561315379,11.1347995523275,
12.1194089855814,13.1168055543321,14.1212736665225,15.1257417787129,16.1332543996322),
(0.,2.37945606909178),.UNSPECIFIED.);
#116=B_SPLINE_SURFACE_WITH_KNOTS('',3,3,((#6155,#6156,#6157,#6158),(#6159,
#6160,#6161,#6162),(#6163,#6164,#6165,#6166),(#6167,#6168,#6169,#6170),
(#6171,#6172,#6173,#6174),(#6175,#6176,#6177,#6178),(#6179,#6180,#6181,
#6182),(#6183,#6184,#6185,#6186),(#6187,#6188,#6189,#6190),(#6191,#6192,
#6193,#6194),(#6195,#6196,#6197,#6198),(#6199,#6200,#6201,#6202),(#6203,
#6204,#6205,#6206),(#6207,#6208,#6209,#6210),(#6211,#6212,#6213,#6214),
(#6215,#6216,#6217,#6218),(#6219,#6220,#6221,#6222),(#6223,#6224,#6225,
#6226),(#6227,#6228,#6229,#6230),(#6231,#6232,#6233,#6234),(#6235,#6236,
#6237,#6238),(#6239,#6240,#6241,#6242),(#6243,#6244,#6245,#6246),(#6247,
#6248,#6249,#6250),(#6251,#6252,#6253,#6254),(#6255,#6256,#6257,#6258),
(#6259,#6260,#6261,#6262),(#6263,#6264,#6265,#6266),(#6267,#6268,#6269,
#6270),(#6271,#6272,#6273,#6274),(#6275,#6276,#6277,#6278),(#6279,#6280,
#6281,#6282),(#6283,#6284,#6285,#6286),(#6287,#6288,#6289,#6290)),
 .UNSPECIFIED.,.T.,.F.,.F.,(4,2,2,2,2,2,2,2,2,2,2,2,2,2,2,2,4),(4,4),(-15.9552818082053,
-14.9872927887671,-14.0220748561372,-13.0638833470942,-12.1110605994259,
-11.1037908376052,-10.0908212957021,-9.07965777649927,-8.07120865224911,
-7.05399040517939,-6.02395092007415,-4.98638792293529,-3.95361163561028,
-2.96777972498186,-1.98748411901631,-1.,0.),(0.,2.37945606909178),
 .UNSPECIFIED.);
#117=B_SPLINE_SURFACE_WITH_KNOTS('',3,3,((#6403,#6404,#6405,#6406),(#6407,
#6408,#6409,#6410),(#6411,#6412,#6413,#6414),(#6415,#6416,#6417,#6418),
(#6419,#6420,#6421,#6422),(#6423,#6424,#6425,#6426),(#6427,#6428,#6429,
#6430),(#6431,#6432,#6433,#6434),(#6435,#6436,#6437,#6438),(#6439,#6440,
#6441,#6442),(#6443,#6444,#6445,#6446),(#6447,#6448,#6449,#6450),(#6451,
#6452,#6453,#6454),(#6455,#6456,#6457,#6458),(#6459,#6460,#6461,#6462),
(#6463,#6464,#6465,#6466),(#6467,#6468,#6469,#6470),(#6471,#6472,#6473,
#6474),(#6475,#6476,#6477,#6478),(#6479,#6480,#6481,#6482),(#6483,#6484,
#6485,#6486),(#6487,#6488,#6489,#6490)),.UNSPECIFIED.,.F.,.F.,.F.,(4,2,
2,2,2,2,2,2,2,2,4),(4,4),(0.,1.,1.65555555555555,2.29197183798186,2.90293146911108,
3.5138911002403,4.08014636811616,4.6306030429346,5.16928511661143,5.71148480683217,
6.46356824810609),(0.,2.37945606909178),.UNSPECIFIED.);
#118=B_SPLINE_SURFACE_WITH_KNOTS('',3,3,((#6559,#6560,#6561,#6562),(#6563,
#6564,#6565,#6566),(#6567,#6568,#6569,#6570),(#6571,#6572,#6573,#6574),
(#6575,#6576,#6577,#6578),(#6579,#6580,#6581,#6582),(#6583,#6584,#6585,
#6586),(#6587,#6588,#6589,#6590),(#6591,#6592,#6593,#6594),(#6595,#6596,
#6597,#6598),(#6599,#6600,#6601,#6602),(#6603,#6604,#6605,#6606),(#6607,
#6608,#6609,#6610),(#6611,#6612,#6613,#6614),(#6615,#6616,#6617,#6618),
(#6619,#6620,#6621,#6622),(#6623,#6624,#6625,#6626),(#6627,#6628,#6629,
#6630),(#6631,#6632,#6633,#6634),(#6635,#6636,#6637,#6638)),
 .UNSPECIFIED.,.F.,.F.,.F.,(4,2,2,2,2,2,2,2,2,4),(4,4),(-11.4309010933686,
-8.85778313777412,-7.66536262176697,-6.44867033453648,-5.2482026403399,
-4.03956037243651,-3.00865961451892,-1.98679635762222,-1.,0.),(0.,2.37945606909178),
 .UNSPECIFIED.);
#119=B_SPLINE_SURFACE_WITH_KNOTS('',3,3,((#6707,#6708,#6709,#6710),(#6711,
#6712,#6713,#6714),(#6715,#6716,#6717,#6718),(#6719,#6720,#6721,#6722),
(#6723,#6724,#6725,#6726),(#6727,#6728,#6729,#6730),(#6731,#6732,#6733,
#6734),(#6735,#6736,#6737,#6738),(#6739,#6740,#6741,#6742),(#6743,#6744,
#6745,#6746),(#6747,#6748,#6749,#6750),(#6751,#6752,#6753,#6754),(#6755,
#6756,#6757,#6758),(#6759,#6760,#6761,#6762),(#6763,#6764,#6765,#6766),
(#6767,#6768,#6769,#6770),(#6771,#6772,#6773,#6774),(#6775,#6776,#6777,
#6778)),.UNSPECIFIED.,.F.,.F.,.F.,(4,2,2,2,2,2,2,2,4),(4,4),(0.,1.,1.69879518072289,
2.41480299257381,3.1308108044247,3.83941690924178,5.27434427149636,6.7410584269591,
7.72752104479247),(0.,2.37945606909178),.UNSPECIFIED.);
#120=B_SPLINE_SURFACE_WITH_KNOTS('',3,3,((#6832,#6833,#6834,#6835),(#6836,
#6837,#6838,#6839),(#6840,#6841,#6842,#6843),(#6844,#6845,#6846,#6847),
(#6848,#6849,#6850,#6851),(#6852,#6853,#6854,#6855),(#6856,#6857,#6858,
#6859),(#6860,#6861,#6862,#6863),(#6864,#6865,#6866,#6867),(#6868,#6869,
#6870,#6871),(#6872,#6873,#6874,#6875),(#6876,#6877,#6878,#6879),(#6880,
#6881,#6882,#6883),(#6884,#6885,#6886,#6887),(#6888,#6889,#6890,#6891),
(#6892,#6893,#6894,#6895),(#6896,#6897,#6898,#6899),(#6900,#6901,#6902,
#6903),(#6904,#6905,#6906,#6907),(#6908,#6909,#6910,#6911)),
 .UNSPECIFIED.,.F.,.F.,.F.,(4,2,2,2,2,2,2,2,2,4),(4,4),(-5.23484791889866,
-4.82708345855027,-4.41491325189551,-4.00997336834877,-3.61113512252688,
-2.94640471282373,-2.28697479852738,-1.64444444444446,-1.,0.),(0.,2.37945606909178),
 .UNSPECIFIED.);
#121=B_SPLINE_SURFACE_WITH_KNOTS('',3,3,((#7059,#7060,#7061,#7062),(#7063,
#7064,#7065,#7066),(#7067,#7068,#7069,#7070),(#7071,#7072,#7073,#7074),
(#7075,#7076,#7077,#7078),(#7079,#7080,#7081,#7082),(#7083,#7084,#7085,
#7086),(#7087,#7088,#7089,#7090),(#7091,#7092,#7093,#7094),(#7095,#7096,
#7097,#7098),(#7099,#7100,#7101,#7102),(#7103,#7104,#7105,#7106),(#7107,
#7108,#7109,#7110),(#7111,#7112,#7113,#7114),(#7115,#7116,#7117,#7118),
(#7119,#7120,#7121,#7122),(#7123,#7124,#7125,#7126),(#7127,#7128,#7129,
#7130),(#7131,#7132,#7133,#7134),(#7135,#7136,#7137,#7138),(#7139,#7140,
#7141,#7142),(#7143,#7144,#7145,#7146),(#7147,#7148,#7149,#7150),(#7151,
#7152,#7153,#7154),(#7155,#7156,#7157,#7158),(#7159,#7160,#7161,#7162),
(#7163,#7164,#7165,#7166),(#7167,#7168,#7169,#7170),(#7171,#7172,#7173,
#7174),(#7175,#7176,#7177,#7178),(#7179,#7180,#7181,#7182),(#7183,#7184,
#7185,#7186),(#7187,#7188,#7189,#7190),(#7191,#7192,#7193,#7194),(#7195,
#7196,#7197,#7198),(#7199,#7200,#7201,#7202),(#7203,#7204,#7205,#7206),
(#7207,#7208,#7209,#7210)),.UNSPECIFIED.,.F.,.F.,.F.,(4,2,2,2,2,2,2,2,2,
2,2,2,2,2,2,2,2,2,4),(4,4),(-17.3495576316044,-16.4342853380669,-15.5029379266924,
-14.534336618863,-13.5470911613777,-12.5462837903816,-11.5382280087141,
-10.6232235299697,-9.72688337138636,-8.84486794798817,-7.96285252458997,
-7.13581640059031,-6.29168957198216,-5.48346641940925,-4.70010422568495,
-3.33952778395326,-1.97895134222157,-1.,0.),(0.,2.37945606909178),
 .UNSPECIFIED.);
#122=B_SPLINE_SURFACE_WITH_KNOTS('',3,3,((#7330,#7331,#7332,#7333),(#7334,
#7335,#7336,#7337),(#7338,#7339,#7340,#7341),(#7342,#7343,#7344,#7345),
(#7346,#7347,#7348,#7349),(#7350,#7351,#7352,#7353),(#7354,#7355,#7356,
#7357),(#7358,#7359,#7360,#7361),(#7362,#7363,#7364,#7365),(#7366,#7367,
#7368,#7369),(#7370,#7371,#7372,#7373),(#7374,#7375,#7376,#7377),(#7378,
#7379,#7380,#7381),(#7382,#7383,#7384,#7385),(#7386,#7387,#7388,#7389),
(#7390,#7391,#7392,#7393),(#7394,#7395,#7396,#7397),(#7398,#7399,#7400,
#7401),(#7402,#7403,#7404,#7405),(#7406,#7407,#7408,#7409),(#7410,#7411,
#7412,#7413),(#7414,#7415,#7416,#7417),(#7418,#7419,#7420,#7421),(#7422,
#7423,#7424,#7425),(#7426,#7427,#7428,#7429),(#7430,#7431,#7432,#7433),
(#7434,#7435,#7436,#7437),(#7438,#7439,#7440,#7441),(#7442,#7443,#7444,
#7445),(#7446,#7447,#7448,#7449),(#7450,#7451,#7452,#7453),(#7454,#7455,
#7456,#7457),(#7458,#7459,#7460,#7461),(#7462,#7463,#7464,#7465),(#7466,
#7467,#7468,#7469),(#7470,#7471,#7472,#7473),(#7474,#7475,#7476,#7477),
(#7478,#7479,#7480,#7481),(#7482,#7483,#7484,#7485),(#7486,#7487,#7488,
#7489),(#7490,#7491,#7492,#7493),(#7494,#7495,#7496,#7497)),
 .UNSPECIFIED.,.F.,.F.,.F.,(4,2,2,2,2,2,2,2,2,2,2,2,2,2,2,2,2,2,2,2,4),
(4,4),(-31.2556944906121,-29.4152315053903,-27.5410034857185,-25.9947653694892,
-24.4741683330991,-22.9948466193629,-21.5273828345291,-20.1096635847744,
-18.6832475773811,-17.2568315699878,-15.8451305905209,-14.3644616498924,
-12.8837927092639,-11.4031237686355,-9.93952103949535,-6.93320192018049,
-3.92000334308432,-2.97140379103553,-1.99999999999995,-1.,0.),(0.,2.37945606909178),
 .UNSPECIFIED.);
#123=B_SPLINE_SURFACE_WITH_KNOTS('',3,3,((#7849,#7850,#7851,#7852),(#7853,
#7854,#7855,#7856),(#7857,#7858,#7859,#7860),(#7861,#7862,#7863,#7864),
(#7865,#7866,#7867,#7868),(#7869,#7870,#7871,#7872),(#7873,#7874,#7875,
#7876),(#7877,#7878,#7879,#7880),(#7881,#7882,#7883,#7884),(#7885,#7886,
#7887,#7888),(#7889,#7890,#7891,#7892),(#7893,#7894,#7895,#7896),(#7897,
#7898,#7899,#7900),(#7901,#7902,#7903,#7904),(#7905,#7906,#7907,#7908),
(#7909,#7910,#7911,#7912),(#7913,#7914,#7915,#7916),(#7917,#7918,#7919,
#7920),(#7921,#7922,#7923,#7924),(#7925,#7926,#7927,#7928),(#7929,#7930,
#7931,#7932),(#7933,#7934,#7935,#7936),(#7937,#7938,#7939,#7940),(#7941,
#7942,#7943,#7944),(#7945,#7946,#7947,#7948),(#7949,#7950,#7951,#7952)),
 .UNSPECIFIED.,.F.,.F.,.F.,(4,2,2,2,2,2,2,2,2,2,2,2,4),(4,4),(-13.5456609455065,
-12.6048516597871,-11.6838447858387,-10.4558356205741,-9.2202394523443,
-7.96951694506749,-6.7343566198773,-5.5506613082367,-4.36696599659609,-3.18597318919277,
-2.012619933229,-1.,0.),(0.,2.37945606909178),.UNSPECIFIED.);
#124=B_SPLINE_SURFACE_WITH_KNOTS('',3,3,((#8036,#8037,#8038,#8039),(#8040,
#8041,#8042,#8043),(#8044,#8045,#8046,#8047),(#8048,#8049,#8050,#8051),
(#8052,#8053,#8054,#8055),(#8056,#8057,#8058,#8059),(#8060,#8061,#8062,
#8063),(#8064,#8065,#8066,#8067),(#8068,#8069,#8070,#8071),(#8072,#8073,
#8074,#8075),(#8076,#8077,#8078,#8079),(#8080,#8081,#8082,#8083),(#8084,
#8085,#8086,#8087),(#8088,#8089,#8090,#8091),(#8092,#8093,#8094,#8095),
(#8096,#8097,#8098,#8099),(#8100,#8101,#8102,#8103),(#8104,#8105,#8106,
#8107),(#8108,#8109,#8110,#8111),(#8112,#8113,#8114,#8115),(#8116,#8117,
#8118,#8119),(#8120,#8121,#8122,#8123),(#8124,#8125,#8126,#8127),(#8128,
#8129,#8130,#8131),(#8132,#8133,#8134,#8135),(#8136,#8137,#8138,#8139),
(#8140,#8141,#8142,#8143),(#8144,#8145,#8146,#8147),(#8148,#8149,#8150,
#8151),(#8152,#8153,#8154,#8155)),.UNSPECIFIED.,.F.,.F.,.F.,(4,2,2,2,2,
2,2,2,2,2,2,2,2,2,4),(4,4),(-31.7493622195257,-29.8061899953265,-27.8906260648401,
-25.0041598682168,-22.1302069506367,-19.2312924137723,-16.3130132392761,
-13.316565872606,-10.2823506374772,-7.2259731889924,-4.1836960813715,-3.09716854293547,
-2.04584564035439,-1.,0.),(0.,2.37945606909178),.UNSPECIFIED.);
#125=FACE_OUTER_BOUND('',#356,.T.);
#126=FACE_OUTER_BOUND('',#357,.T.);
#127=FACE_OUTER_BOUND('',#358,.T.);
#128=FACE_OUTER_BOUND('',#359,.T.);
#129=FACE_OUTER_BOUND('',#360,.T.);
#130=FACE_OUTER_BOUND('',#361,.T.);
#131=FACE_OUTER_BOUND('',#362,.T.);
#132=FACE_OUTER_BOUND('',#363,.T.);
#133=FACE_OUTER_BOUND('',#364,.T.);
#134=FACE_OUTER_BOUND('',#365,.T.);
#135=FACE_OUTER_BOUND('',#366,.T.);
#136=FACE_OUTER_BOUND('',#367,.T.);
#137=FACE_OUTER_BOUND('',#368,.T.);
#138=FACE_OUTER_BOUND('',#369,.T.);
#139=FACE_OUTER_BOUND('',#370,.T.);
#140=FACE_OUTER_BOUND('',#371,.T.);
#141=FACE_OUTER_BOUND('',#373,.T.);
#142=FACE_OUTER_BOUND('',#374,.T.);
#143=FACE_OUTER_BOUND('',#375,.T.);
#144=FACE_OUTER_BOUND('',#376,.T.);
#145=FACE_OUTER_BOUND('',#377,.T.);
#146=FACE_OUTER_BOUND('',#378,.T.);
#147=FACE_OUTER_BOUND('',#379,.T.);
#148=FACE_OUTER_BOUND('',#380,.T.);
#149=FACE_OUTER_BOUND('',#381,.T.);
#150=FACE_OUTER_BOUND('',#382,.T.);
#151=FACE_OUTER_BOUND('',#385,.T.);
#152=FACE_OUTER_BOUND('',#386,.T.);
#153=FACE_OUTER_BOUND('',#387,.T.);
#154=FACE_OUTER_BOUND('',#388,.T.);
#155=FACE_OUTER_BOUND('',#389,.T.);
#156=FACE_OUTER_BOUND('',#390,.T.);
#157=FACE_OUTER_BOUND('',#391,.T.);
#158=FACE_OUTER_BOUND('',#392,.T.);
#159=FACE_OUTER_BOUND('',#393,.T.);
#160=FACE_OUTER_BOUND('',#394,.T.);
#161=FACE_OUTER_BOUND('',#395,.T.);
#162=FACE_OUTER_BOUND('',#396,.T.);
#163=FACE_OUTER_BOUND('',#397,.T.);
#164=FACE_OUTER_BOUND('',#398,.T.);
#165=FACE_OUTER_BOUND('',#399,.T.);
#166=FACE_OUTER_BOUND('',#400,.T.);
#167=FACE_OUTER_BOUND('',#401,.T.);
#168=FACE_OUTER_BOUND('',#402,.T.);
#169=FACE_OUTER_BOUND('',#403,.T.);
#170=FACE_OUTER_BOUND('',#404,.T.);
#171=FACE_OUTER_BOUND('',#405,.T.);
#172=FACE_OUTER_BOUND('',#406,.T.);
#173=FACE_OUTER_BOUND('',#407,.T.);
#174=FACE_OUTER_BOUND('',#408,.T.);
#175=FACE_OUTER_BOUND('',#409,.T.);
#176=FACE_OUTER_BOUND('',#410,.T.);
#177=FACE_OUTER_BOUND('',#411,.T.);
#178=FACE_OUTER_BOUND('',#412,.T.);
#179=FACE_OUTER_BOUND('',#413,.T.);
#180=FACE_OUTER_BOUND('',#414,.T.);
#181=FACE_OUTER_BOUND('',#415,.T.);
#182=FACE_OUTER_BOUND('',#416,.T.);
#183=FACE_OUTER_BOUND('',#417,.T.);
#184=FACE_OUTER_BOUND('',#418,.T.);
#185=FACE_OUTER_BOUND('',#419,.T.);
#186=FACE_OUTER_BOUND('',#420,.T.);
#187=FACE_OUTER_BOUND('',#421,.T.);
#188=FACE_OUTER_BOUND('',#422,.T.);
#189=FACE_OUTER_BOUND('',#423,.T.);
#190=FACE_OUTER_BOUND('',#424,.T.);
#191=FACE_OUTER_BOUND('',#425,.T.);
#192=FACE_OUTER_BOUND('',#426,.T.);
#193=FACE_OUTER_BOUND('',#427,.T.);
#194=FACE_OUTER_BOUND('',#428,.T.);
#195=FACE_OUTER_BOUND('',#429,.T.);
#196=FACE_OUTER_BOUND('',#430,.T.);
#197=FACE_OUTER_BOUND('',#431,.T.);
#198=FACE_OUTER_BOUND('',#432,.T.);
#199=FACE_OUTER_BOUND('',#433,.T.);
#200=FACE_OUTER_BOUND('',#434,.T.);
#201=FACE_OUTER_BOUND('',#435,.T.);
#202=FACE_OUTER_BOUND('',#436,.T.);
#203=FACE_OUTER_BOUND('',#437,.T.);
#204=FACE_OUTER_BOUND('',#438,.T.);
#205=FACE_OUTER_BOUND('',#439,.T.);
#206=FACE_OUTER_BOUND('',#440,.T.);
#207=FACE_OUTER_BOUND('',#441,.T.);
#208=FACE_OUTER_BOUND('',#442,.T.);
#209=FACE_OUTER_BOUND('',#443,.T.);
#210=FACE_OUTER_BOUND('',#444,.T.);
#211=FACE_OUTER_BOUND('',#445,.T.);
#212=FACE_OUTER_BOUND('',#446,.T.);
#213=FACE_OUTER_BOUND('',#447,.T.);
#214=FACE_OUTER_BOUND('',#448,.T.);
#215=FACE_OUTER_BOUND('',#449,.T.);
#216=FACE_OUTER_BOUND('',#450,.T.);
#217=FACE_OUTER_BOUND('',#451,.T.);
#218=FACE_OUTER_BOUND('',#452,.T.);
#219=FACE_OUTER_BOUND('',#453,.T.);
#220=FACE_OUTER_BOUND('',#454,.T.);
#221=FACE_OUTER_BOUND('',#461,.T.);
#222=FACE_OUTER_BOUND('',#462,.T.);
#223=FACE_OUTER_BOUND('',#463,.T.);
#224=FACE_OUTER_BOUND('',#464,.T.);
#225=FACE_OUTER_BOUND('',#465,.T.);
#226=FACE_OUTER_BOUND('',#466,.T.);
#227=FACE_OUTER_BOUND('',#467,.T.);
#228=FACE_OUTER_BOUND('',#468,.T.);
#229=FACE_OUTER_BOUND('',#469,.T.);
#230=FACE_OUTER_BOUND('',#470,.T.);
#231=FACE_OUTER_BOUND('',#471,.T.);
#232=FACE_OUTER_BOUND('',#472,.T.);
#233=FACE_OUTER_BOUND('',#473,.T.);
#234=FACE_OUTER_BOUND('',#474,.T.);
#235=FACE_OUTER_BOUND('',#475,.T.);
#236=FACE_OUTER_BOUND('',#476,.T.);
#237=FACE_OUTER_BOUND('',#477,.T.);
#238=FACE_OUTER_BOUND('',#478,.T.);
#239=FACE_OUTER_BOUND('',#479,.T.);
#240=FACE_OUTER_BOUND('',#480,.T.);
#241=FACE_OUTER_BOUND('',#481,.T.);
#242=FACE_OUTER_BOUND('',#482,.T.);
#243=FACE_OUTER_BOUND('',#483,.T.);
#244=FACE_OUTER_BOUND('',#484,.T.);
#245=FACE_OUTER_BOUND('',#485,.T.);
#246=FACE_OUTER_BOUND('',#486,.T.);
#247=FACE_OUTER_BOUND('',#487,.T.);
#248=FACE_OUTER_BOUND('',#488,.T.);
#249=FACE_OUTER_BOUND('',#489,.T.);
#250=FACE_OUTER_BOUND('',#490,.T.);
#251=FACE_OUTER_BOUND('',#491,.T.);
#252=FACE_OUTER_BOUND('',#492,.T.);
#253=FACE_OUTER_BOUND('',#493,.T.);
#254=FACE_OUTER_BOUND('',#494,.T.);
#255=FACE_OUTER_BOUND('',#495,.T.);
#256=FACE_OUTER_BOUND('',#496,.T.);
#257=FACE_OUTER_BOUND('',#497,.T.);
#258=FACE_OUTER_BOUND('',#498,.T.);
#259=FACE_OUTER_BOUND('',#499,.T.);
#260=FACE_OUTER_BOUND('',#500,.T.);
#261=FACE_OUTER_BOUND('',#501,.T.);
#262=FACE_OUTER_BOUND('',#502,.T.);
#263=FACE_OUTER_BOUND('',#503,.T.);
#264=FACE_OUTER_BOUND('',#504,.T.);
#265=FACE_OUTER_BOUND('',#505,.T.);
#266=FACE_OUTER_BOUND('',#506,.T.);
#267=FACE_OUTER_BOUND('',#508,.T.);
#268=FACE_OUTER_BOUND('',#521,.T.);
#269=FACE_OUTER_BOUND('',#522,.T.);
#270=FACE_OUTER_BOUND('',#523,.T.);
#271=FACE_OUTER_BOUND('',#524,.T.);
#272=FACE_OUTER_BOUND('',#525,.T.);
#273=FACE_OUTER_BOUND('',#526,.T.);
#274=FACE_OUTER_BOUND('',#527,.T.);
#275=FACE_OUTER_BOUND('',#528,.T.);
#276=FACE_OUTER_BOUND('',#529,.T.);
#277=FACE_OUTER_BOUND('',#530,.T.);
#278=FACE_OUTER_BOUND('',#531,.T.);
#279=FACE_OUTER_BOUND('',#532,.T.);
#280=FACE_OUTER_BOUND('',#533,.T.);
#281=FACE_OUTER_BOUND('',#534,.T.);
#282=FACE_OUTER_BOUND('',#535,.T.);
#283=FACE_OUTER_BOUND('',#536,.T.);
#284=FACE_OUTER_BOUND('',#537,.T.);
#285=FACE_OUTER_BOUND('',#538,.T.);
#286=FACE_OUTER_BOUND('',#539,.T.);
#287=FACE_OUTER_BOUND('',#540,.T.);
#288=FACE_OUTER_BOUND('',#541,.T.);
#289=FACE_OUTER_BOUND('',#542,.T.);
#290=FACE_OUTER_BOUND('',#543,.T.);
#291=FACE_OUTER_BOUND('',#544,.T.);
#292=FACE_OUTER_BOUND('',#545,.T.);
#293=FACE_OUTER_BOUND('',#546,.T.);
#294=FACE_OUTER_BOUND('',#547,.T.);
#295=FACE_OUTER_BOUND('',#548,.T.);
#296=FACE_OUTER_BOUND('',#549,.T.);
#297=FACE_OUTER_BOUND('',#550,.T.);
#298=FACE_OUTER_BOUND('',#551,.T.);
#299=FACE_OUTER_BOUND('',#552,.T.);
#300=FACE_OUTER_BOUND('',#554,.T.);
#301=FACE_OUTER_BOUND('',#555,.T.);
#302=FACE_OUTER_BOUND('',#556,.T.);
#303=FACE_OUTER_BOUND('',#558,.T.);
#304=FACE_OUTER_BOUND('',#559,.T.);
#305=FACE_OUTER_BOUND('',#560,.T.);
#306=FACE_OUTER_BOUND('',#561,.T.);
#307=FACE_OUTER_BOUND('',#563,.T.);
#308=FACE_OUTER_BOUND('',#565,.T.);
#309=FACE_OUTER_BOUND('',#566,.T.);
#310=FACE_OUTER_BOUND('',#567,.T.);
#311=FACE_OUTER_BOUND('',#568,.T.);
#312=FACE_OUTER_BOUND('',#569,.T.);
#313=FACE_OUTER_BOUND('',#570,.T.);
#314=FACE_OUTER_BOUND('',#571,.T.);
#315=FACE_OUTER_BOUND('',#573,.T.);
#316=FACE_OUTER_BOUND('',#574,.T.);
#317=FACE_OUTER_BOUND('',#575,.T.);
#318=FACE_OUTER_BOUND('',#576,.T.);
#319=FACE_OUTER_BOUND('',#577,.T.);
#320=FACE_OUTER_BOUND('',#578,.T.);
#321=FACE_OUTER_BOUND('',#579,.T.);
#322=FACE_OUTER_BOUND('',#580,.T.);
#323=FACE_OUTER_BOUND('',#581,.T.);
#324=FACE_OUTER_BOUND('',#582,.T.);
#325=FACE_OUTER_BOUND('',#583,.T.);
#326=FACE_OUTER_BOUND('',#584,.T.);
#327=FACE_OUTER_BOUND('',#585,.T.);
#328=FACE_OUTER_BOUND('',#586,.T.);
#329=FACE_OUTER_BOUND('',#587,.T.);
#330=FACE_OUTER_BOUND('',#588,.T.);
#331=FACE_OUTER_BOUND('',#589,.T.);
#332=FACE_OUTER_BOUND('',#590,.T.);
#333=FACE_OUTER_BOUND('',#591,.T.);
#334=FACE_OUTER_BOUND('',#592,.T.);
#335=FACE_OUTER_BOUND('',#593,.T.);
#336=FACE_OUTER_BOUND('',#594,.T.);
#337=FACE_OUTER_BOUND('',#595,.T.);
#338=FACE_OUTER_BOUND('',#596,.T.);
#339=FACE_OUTER_BOUND('',#597,.T.);
#340=FACE_OUTER_BOUND('',#598,.T.);
#341=FACE_OUTER_BOUND('',#599,.T.);
#342=FACE_OUTER_BOUND('',#600,.T.);
#343=FACE_OUTER_BOUND('',#601,.T.);
#344=FACE_OUTER_BOUND('',#602,.T.);
#345=FACE_OUTER_BOUND('',#603,.T.);
#346=FACE_OUTER_BOUND('',#604,.T.);
#347=FACE_OUTER_BOUND('',#605,.T.);
#348=FACE_OUTER_BOUND('',#606,.T.);
#349=FACE_OUTER_BOUND('',#607,.T.);
#350=FACE_OUTER_BOUND('',#608,.T.);
#351=FACE_OUTER_BOUND('',#609,.T.);
#352=FACE_OUTER_BOUND('',#613,.T.);
#353=FACE_OUTER_BOUND('',#620,.T.);
#354=FACE_OUTER_BOUND('',#621,.T.);
#355=FACE_OUTER_BOUND('',#627,.T.);
#356=EDGE_LOOP('',(#2840,#2841,#2842,#2843));
#357=EDGE_LOOP('',(#2844,#2845,#2846,#2847));
#358=EDGE_LOOP('',(#2848,#2849,#2850,#2851));
#359=EDGE_LOOP('',(#2852,#2853,#2854,#2855));
#360=EDGE_LOOP('',(#2856,#2857,#2858,#2859));
#361=EDGE_LOOP('',(#2860,#2861,#2862,#2863));
#362=EDGE_LOOP('',(#2864,#2865,#2866,#2867));
#363=EDGE_LOOP('',(#2868,#2869,#2870,#2871));
#364=EDGE_LOOP('',(#2872,#2873,#2874,#2875));
#365=EDGE_LOOP('',(#2876,#2877,#2878,#2879));
#366=EDGE_LOOP('',(#2880,#2881,#2882,#2883));
#367=EDGE_LOOP('',(#2884,#2885,#2886,#2887));
#368=EDGE_LOOP('',(#2888,#2889,#2890,#2891,#2892,#2893,#2894,#2895,#2896,
#2897,#2898,#2899));
#369=EDGE_LOOP('',(#2900,#2901,#2902,#2903));
#370=EDGE_LOOP('',(#2904,#2905,#2906,#2907));
#371=EDGE_LOOP('',(#2908));
#372=EDGE_LOOP('',(#2909));
#373=EDGE_LOOP('',(#2910));
#374=EDGE_LOOP('',(#2911,#2912,#2913,#2914));
#375=EDGE_LOOP('',(#2915,#2916,#2917,#2918));
#376=EDGE_LOOP('',(#2919,#2920,#2921,#2922));
#377=EDGE_LOOP('',(#2923,#2924,#2925,#2926));
#378=EDGE_LOOP('',(#2927,#2928,#2929,#2930));
#379=EDGE_LOOP('',(#2931,#2932,#2933,#2934));
#380=EDGE_LOOP('',(#2935,#2936,#2937,#2938));
#381=EDGE_LOOP('',(#2939,#2940,#2941,#2942));
#382=EDGE_LOOP('',(#2943,#2944,#2945,#2946));
#383=EDGE_LOOP('',(#2947,#2948));
#384=EDGE_LOOP('',(#2949,#2950));
#385=EDGE_LOOP('',(#2951,#2952));
#386=EDGE_LOOP('',(#2953,#2954));
#387=EDGE_LOOP('',(#2955,#2956,#2957,#2958));
#388=EDGE_LOOP('',(#2959,#2960,#2961,#2962));
#389=EDGE_LOOP('',(#2963,#2964,#2965,#2966));
#390=EDGE_LOOP('',(#2967,#2968,#2969,#2970));
#391=EDGE_LOOP('',(#2971,#2972,#2973,#2974));
#392=EDGE_LOOP('',(#2975,#2976,#2977,#2978));
#393=EDGE_LOOP('',(#2979,#2980,#2981,#2982));
#394=EDGE_LOOP('',(#2983,#2984,#2985,#2986));
#395=EDGE_LOOP('',(#2987,#2988,#2989,#2990));
#396=EDGE_LOOP('',(#2991,#2992,#2993,#2994));
#397=EDGE_LOOP('',(#2995,#2996,#2997,#2998));
#398=EDGE_LOOP('',(#2999,#3000,#3001,#3002));
#399=EDGE_LOOP('',(#3003,#3004,#3005,#3006,#3007,#3008,#3009,#3010,#3011,
#3012,#3013,#3014));
#400=EDGE_LOOP('',(#3015,#3016,#3017,#3018));
#401=EDGE_LOOP('',(#3019,#3020,#3021,#3022));
#402=EDGE_LOOP('',(#3023,#3024,#3025,#3026));
#403=EDGE_LOOP('',(#3027,#3028,#3029,#3030));
#404=EDGE_LOOP('',(#3031,#3032,#3033,#3034));
#405=EDGE_LOOP('',(#3035,#3036,#3037,#3038));
#406=EDGE_LOOP('',(#3039,#3040,#3041,#3042));
#407=EDGE_LOOP('',(#3043,#3044,#3045,#3046));
#408=EDGE_LOOP('',(#3047,#3048,#3049,#3050));
#409=EDGE_LOOP('',(#3051,#3052,#3053,#3054));
#410=EDGE_LOOP('',(#3055,#3056,#3057,#3058));
#411=EDGE_LOOP('',(#3059,#3060,#3061,#3062));
#412=EDGE_LOOP('',(#3063,#3064,#3065,#3066));
#413=EDGE_LOOP('',(#3067,#3068,#3069,#3070));
#414=EDGE_LOOP('',(#3071,#3072,#3073,#3074));
#415=EDGE_LOOP('',(#3075,#3076,#3077,#3078));
#416=EDGE_LOOP('',(#3079,#3080,#3081,#3082));
#417=EDGE_LOOP('',(#3083,#3084,#3085,#3086,#3087,#3088,#3089,#3090,#3091,
#3092,#3093,#3094));
#418=EDGE_LOOP('',(#3095,#3096,#3097,#3098));
#419=EDGE_LOOP('',(#3099,#3100,#3101,#3102));
#420=EDGE_LOOP('',(#3103,#3104,#3105,#3106));
#421=EDGE_LOOP('',(#3107,#3108,#3109,#3110));
#422=EDGE_LOOP('',(#3111,#3112,#3113,#3114));
#423=EDGE_LOOP('',(#3115,#3116,#3117,#3118));
#424=EDGE_LOOP('',(#3119,#3120,#3121,#3122));
#425=EDGE_LOOP('',(#3123,#3124,#3125,#3126));
#426=EDGE_LOOP('',(#3127,#3128,#3129,#3130));
#427=EDGE_LOOP('',(#3131,#3132,#3133,#3134));
#428=EDGE_LOOP('',(#3135,#3136,#3137,#3138));
#429=EDGE_LOOP('',(#3139,#3140,#3141,#3142));
#430=EDGE_LOOP('',(#3143,#3144,#3145,#3146,#3147,#3148,#3149,#3150,#3151,
#3152,#3153,#3154));
#431=EDGE_LOOP('',(#3155,#3156,#3157,#3158));
#432=EDGE_LOOP('',(#3159,#3160,#3161,#3162));
#433=EDGE_LOOP('',(#3163,#3164,#3165,#3166));
#434=EDGE_LOOP('',(#3167,#3168,#3169,#3170));
#435=EDGE_LOOP('',(#3171,#3172,#3173,#3174));
#436=EDGE_LOOP('',(#3175,#3176,#3177,#3178));
#437=EDGE_LOOP('',(#3179,#3180,#3181,#3182));
#438=EDGE_LOOP('',(#3183,#3184,#3185,#3186));
#439=EDGE_LOOP('',(#3187,#3188,#3189,#3190));
#440=EDGE_LOOP('',(#3191,#3192,#3193,#3194));
#441=EDGE_LOOP('',(#3195,#3196,#3197,#3198));
#442=EDGE_LOOP('',(#3199,#3200,#3201,#3202));
#443=EDGE_LOOP('',(#3203,#3204,#3205,#3206,#3207,#3208,#3209,#3210,#3211,
#3212,#3213,#3214));
#444=EDGE_LOOP('',(#3215,#3216,#3217,#3218));
#445=EDGE_LOOP('',(#3219,#3220,#3221,#3222));
#446=EDGE_LOOP('',(#3223,#3224,#3225,#3226));
#447=EDGE_LOOP('',(#3227,#3228,#3229,#3230));
#448=EDGE_LOOP('',(#3231,#3232,#3233,#3234));
#449=EDGE_LOOP('',(#3235,#3236,#3237,#3238,#3239,#3240));
#450=EDGE_LOOP('',(#3241,#3242,#3243));
#451=EDGE_LOOP('',(#3244,#3245,#3246,#3247,#3248,#3249));
#452=EDGE_LOOP('',(#3250,#3251,#3252,#3253,#3254,#3255));
#453=EDGE_LOOP('',(#3256,#3257,#3258));
#454=EDGE_LOOP('',(#3259,#3260,#3261,#3262,#3263,#3264,#3265,#3266,#3267,
#3268,#3269,#3270,#3271,#3272,#3273,#3274,#3275,#3276,#3277,#3278,#3279,
#3280,#3281,#3282,#3283,#3284,#3285,#3286));
#455=EDGE_LOOP('',(#3287,#3288,#3289,#3290));
#456=EDGE_LOOP('',(#3291,#3292,#3293,#3294));
#457=EDGE_LOOP('',(#3295,#3296,#3297,#3298));
#458=EDGE_LOOP('',(#3299,#3300,#3301,#3302));
#459=EDGE_LOOP('',(#3303,#3304,#3305,#3306));
#460=EDGE_LOOP('',(#3307,#3308,#3309,#3310));
#461=EDGE_LOOP('',(#3311,#3312,#3313,#3314,#3315,#3316));
#462=EDGE_LOOP('',(#3317,#3318,#3319,#3320,#3321,#3322,#3323,#3324));
#463=EDGE_LOOP('',(#3325,#3326,#3327,#3328,#3329));
#464=EDGE_LOOP('',(#3330,#3331,#3332,#3333,#3334,#3335));
#465=EDGE_LOOP('',(#3336,#3337,#3338,#3339,#3340,#3341));
#466=EDGE_LOOP('',(#3342,#3343,#3344));
#467=EDGE_LOOP('',(#3345,#3346,#3347,#3348,#3349,#3350));
#468=EDGE_LOOP('',(#3351,#3352,#3353,#3354,#3355,#3356));
#469=EDGE_LOOP('',(#3357,#3358,#3359));
#470=EDGE_LOOP('',(#3360,#3361,#3362,#3363,#3364,#3365,#3366,#3367));
#471=EDGE_LOOP('',(#3368,#3369,#3370,#3371,#3372));
#472=EDGE_LOOP('',(#3373,#3374,#3375,#3376,#3377,#3378));
#473=EDGE_LOOP('',(#3379,#3380,#3381,#3382,#3383,#3384));
#474=EDGE_LOOP('',(#3385,#3386,#3387));
#475=EDGE_LOOP('',(#3388,#3389,#3390,#3391,#3392,#3393));
#476=EDGE_LOOP('',(#3394,#3395,#3396,#3397,#3398,#3399));
#477=EDGE_LOOP('',(#3400,#3401,#3402));
#478=EDGE_LOOP('',(#3403,#3404,#3405,#3406,#3407,#3408,#3409,#3410));
#479=EDGE_LOOP('',(#3411,#3412,#3413,#3414,#3415));
#480=EDGE_LOOP('',(#3416,#3417,#3418,#3419,#3420,#3421));
#481=EDGE_LOOP('',(#3422,#3423,#3424,#3425,#3426,#3427));
#482=EDGE_LOOP('',(#3428,#3429,#3430));
#483=EDGE_LOOP('',(#3431,#3432,#3433,#3434,#3435,#3436));
#484=EDGE_LOOP('',(#3437,#3438,#3439,#3440,#3441,#3442));
#485=EDGE_LOOP('',(#3443,#3444,#3445));
#486=EDGE_LOOP('',(#3446,#3447,#3448,#3449,#3450,#3451));
#487=EDGE_LOOP('',(#3452,#3453,#3454,#3455,#3456));
#488=EDGE_LOOP('',(#3457,#3458,#3459,#3460,#3461,#3462));
#489=EDGE_LOOP('',(#3463,#3464,#3465,#3466,#3467,#3468));
#490=EDGE_LOOP('',(#3469,#3470,#3471,#3472,#3473,#3474));
#491=EDGE_LOOP('',(#3475,#3476,#3477,#3478,#3479,#3480));
#492=EDGE_LOOP('',(#3481,#3482,#3483,#3484));
#493=EDGE_LOOP('',(#3485,#3486,#3487,#3488,#3489));
#494=EDGE_LOOP('',(#3490,#3491,#3492));
#495=EDGE_LOOP('',(#3493,#3494,#3495,#3496,#3497,#3498));
#496=EDGE_LOOP('',(#3499,#3500,#3501,#3502,#3503));
#497=EDGE_LOOP('',(#3504,#3505,#3506,#3507,#3508,#3509));
#498=EDGE_LOOP('',(#3510,#3511,#3512,#3513,#3514,#3515));
#499=EDGE_LOOP('',(#3516,#3517,#3518,#3519,#3520,#3521));
#500=EDGE_LOOP('',(#3522,#3523,#3524,#3525,#3526,#3527,#3528,#3529));
#501=EDGE_LOOP('',(#3530,#3531,#3532,#3533));
#502=EDGE_LOOP('',(#3534,#3535,#3536,#3537,#3538));
#503=EDGE_LOOP('',(#3539,#3540,#3541,#3542));
#504=EDGE_LOOP('',(#3543,#3544,#3545,#3546));
#505=EDGE_LOOP('',(#3547,#3548,#3549));
#506=EDGE_LOOP('',(#3550,#3551,#3552,#3553,#3554,#3555));
#507=EDGE_LOOP('',(#3556));
#508=EDGE_LOOP('',(#3557,#3558,#3559,#3560,#3561,#3562,#3563));
#509=EDGE_LOOP('',(#3564));
#510=EDGE_LOOP('',(#3565,#3566,#3567,#3568,#3569,#3570,#3571,#3572,#3573,
#3574,#3575,#3576));
#511=EDGE_LOOP('',(#3577,#3578,#3579,#3580));
#512=EDGE_LOOP('',(#3581,#3582,#3583,#3584));
#513=EDGE_LOOP('',(#3585,#3586,#3587,#3588));
#514=EDGE_LOOP('',(#3589,#3590,#3591,#3592));
#515=EDGE_LOOP('',(#3593,#3594,#3595,#3596,#3597,#3598,#3599,#3600,#3601,
#3602,#3603,#3604));
#516=EDGE_LOOP('',(#3605,#3606,#3607,#3608,#3609,#3610,#3611,#3612,#3613,
#3614,#3615,#3616));
#517=EDGE_LOOP('',(#3617,#3618,#3619,#3620,#3621,#3622,#3623,#3624,#3625,
#3626,#3627,#3628));
#518=EDGE_LOOP('',(#3629,#3630,#3631,#3632));
#519=EDGE_LOOP('',(#3633,#3634,#3635,#3636));
#520=EDGE_LOOP('',(#3637,#3638,#3639,#3640,#3641,#3642,#3643,#3644,#3645,
#3646,#3647,#3648));
#521=EDGE_LOOP('',(#3649,#3650,#3651,#3652));
#522=EDGE_LOOP('',(#3653,#3654,#3655,#3656));
#523=EDGE_LOOP('',(#3657,#3658,#3659,#3660,#3661,#3662,#3663,#3664));
#524=EDGE_LOOP('',(#3665,#3666,#3667));
#525=EDGE_LOOP('',(#3668,#3669,#3670,#3671));
#526=EDGE_LOOP('',(#3672,#3673,#3674,#3675,#3676,#3677,#3678,#3679));
#527=EDGE_LOOP('',(#3680,#3681,#3682));
#528=EDGE_LOOP('',(#3683,#3684,#3685,#3686));
#529=EDGE_LOOP('',(#3687,#3688,#3689,#3690,#3691,#3692,#3693,#3694));
#530=EDGE_LOOP('',(#3695,#3696,#3697));
#531=EDGE_LOOP('',(#3698,#3699,#3700,#3701));
#532=EDGE_LOOP('',(#3702,#3703,#3704,#3705,#3706,#3707,#3708,#3709));
#533=EDGE_LOOP('',(#3710,#3711,#3712));
#534=EDGE_LOOP('',(#3713,#3714,#3715,#3716));
#535=EDGE_LOOP('',(#3717,#3718,#3719,#3720));
#536=EDGE_LOOP('',(#3721,#3722,#3723,#3724));
#537=EDGE_LOOP('',(#3725,#3726,#3727,#3728));
#538=EDGE_LOOP('',(#3729,#3730,#3731,#3732));
#539=EDGE_LOOP('',(#3733,#3734,#3735,#3736));
#540=EDGE_LOOP('',(#3737));
#541=EDGE_LOOP('',(#3738,#3739,#3740,#3741));
#542=EDGE_LOOP('',(#3742));
#543=EDGE_LOOP('',(#3743,#3744,#3745,#3746));
#544=EDGE_LOOP('',(#3747));
#545=EDGE_LOOP('',(#3748,#3749,#3750,#3751));
#546=EDGE_LOOP('',(#3752));
#547=EDGE_LOOP('',(#3753,#3754,#3755,#3756));
#548=EDGE_LOOP('',(#3757,#3758,#3759,#3760));
#549=EDGE_LOOP('',(#3761,#3762,#3763,#3764));
#550=EDGE_LOOP('',(#3765));
#551=EDGE_LOOP('',(#3766,#3767,#3768,#3769));
#552=EDGE_LOOP('',(#3770,#3771,#3772,#3773));
#553=EDGE_LOOP('',(#3774));
#554=EDGE_LOOP('',(#3775,#3776,#3777,#3778,#3779,#3780,#3781,#3782));
#555=EDGE_LOOP('',(#3783,#3784,#3785,#3786));
#556=EDGE_LOOP('',(#3787,#3788,#3789,#3790));
#557=EDGE_LOOP('',(#3791));
#558=EDGE_LOOP('',(#3792,#3793,#3794,#3795));
#559=EDGE_LOOP('',(#3796));
#560=EDGE_LOOP('',(#3797,#3798,#3799,#3800));
#561=EDGE_LOOP('',(#3801,#3802,#3803,#3804,#3805,#3806,#3807,#3808,#3809,
#3810,#3811,#3812,#3813,#3814));
#562=EDGE_LOOP('',(#3815));
#563=EDGE_LOOP('',(#3816,#3817,#3818,#3819));
#564=EDGE_LOOP('',(#3820));
#565=EDGE_LOOP('',(#3821,#3822,#3823,#3824));
#566=EDGE_LOOP('',(#3825,#3826,#3827,#3828));
#567=EDGE_LOOP('',(#3829));
#568=EDGE_LOOP('',(#3830,#3831,#3832,#3833));
#569=EDGE_LOOP('',(#3834,#3835,#3836,#3837,#3838,#3839));
#570=EDGE_LOOP('',(#3840,#3841,#3842,#3843));
#571=EDGE_LOOP('',(#3844,#3845,#3846,#3847));
#572=EDGE_LOOP('',(#3848));
#573=EDGE_LOOP('',(#3849,#3850,#3851,#3852));
#574=EDGE_LOOP('',(#3853));
#575=EDGE_LOOP('',(#3854,#3855,#3856,#3857));
#576=EDGE_LOOP('',(#3858,#3859,#3860,#3861));
#577=EDGE_LOOP('',(#3862,#3863,#3864,#3865));
#578=EDGE_LOOP('',(#3866,#3867,#3868,#3869));
#579=EDGE_LOOP('',(#3870,#3871,#3872,#3873));
#580=EDGE_LOOP('',(#3874,#3875,#3876,#3877));
#581=EDGE_LOOP('',(#3878,#3879,#3880,#3881));
#582=EDGE_LOOP('',(#3882,#3883,#3884,#3885));
#583=EDGE_LOOP('',(#3886,#3887,#3888,#3889));
#584=EDGE_LOOP('',(#3890,#3891,#3892,#3893));
#585=EDGE_LOOP('',(#3894,#3895,#3896,#3897));
#586=EDGE_LOOP('',(#3898,#3899,#3900,#3901));
#587=EDGE_LOOP('',(#3902,#3903,#3904,#3905));
#588=EDGE_LOOP('',(#3906,#3907,#3908,#3909));
#589=EDGE_LOOP('',(#3910,#3911,#3912,#3913));
#590=EDGE_LOOP('',(#3914,#3915,#3916,#3917));
#591=EDGE_LOOP('',(#3918,#3919,#3920,#3921));
#592=EDGE_LOOP('',(#3922,#3923,#3924,#3925));
#593=EDGE_LOOP('',(#3926,#3927,#3928,#3929));
#594=EDGE_LOOP('',(#3930,#3931,#3932,#3933));
#595=EDGE_LOOP('',(#3934,#3935,#3936,#3937));
#596=EDGE_LOOP('',(#3938,#3939,#3940,#3941));
#597=EDGE_LOOP('',(#3942,#3943,#3944,#3945));
#598=EDGE_LOOP('',(#3946,#3947,#3948,#3949));
#599=EDGE_LOOP('',(#3950,#3951,#3952,#3953));
#600=EDGE_LOOP('',(#3954,#3955,#3956,#3957));
#601=EDGE_LOOP('',(#3958,#3959,#3960,#3961));
#602=EDGE_LOOP('',(#3962,#3963,#3964,#3965));
#603=EDGE_LOOP('',(#3966,#3967,#3968,#3969));
#604=EDGE_LOOP('',(#3970,#3971,#3972,#3973));
#605=EDGE_LOOP('',(#3974,#3975,#3976,#3977));
#606=EDGE_LOOP('',(#3978,#3979,#3980,#3981));
#607=EDGE_LOOP('',(#3982,#3983,#3984,#3985));
#608=EDGE_LOOP('',(#3986,#3987,#3988,#3989));
#609=EDGE_LOOP('',(#3990,#3991,#3992,#3993,#3994,#3995,#3996,#3997,#3998,
#3999));
#610=EDGE_LOOP('',(#4000,#4001,#4002,#4003));
#611=EDGE_LOOP('',(#4004,#4005,#4006,#4007));
#612=EDGE_LOOP('',(#4008,#4009,#4010,#4011));
#613=EDGE_LOOP('',(#4012,#4013,#4014,#4015,#4016,#4017,#4018,#4019));
#614=EDGE_LOOP('',(#4020,#4021,#4022,#4023));
#615=EDGE_LOOP('',(#4024,#4025,#4026,#4027));
#616=EDGE_LOOP('',(#4028,#4029,#4030,#4031));
#617=EDGE_LOOP('',(#4032,#4033,#4034,#4035));
#618=EDGE_LOOP('',(#4036,#4037,#4038,#4039));
#619=EDGE_LOOP('',(#4040,#4041,#4042,#4043));
#620=EDGE_LOOP('',(#4044,#4045,#4046,#4047));
#621=EDGE_LOOP('',(#4048,#4049,#4050,#4051,#4052,#4053,#4054,#4055,#4056,
#4057,#4058,#4059,#4060,#4061,#4062,#4063,#4064,#4065,#4066,#4067,#4068,
#4069,#4070,#4071,#4072,#4073,#4074,#4075));
#622=EDGE_LOOP('',(#4076));
#623=EDGE_LOOP('',(#4077));
#624=EDGE_LOOP('',(#4078));
#625=EDGE_LOOP('',(#4079));
#626=EDGE_LOOP('',(#4080,#4081,#4082,#4083));
#627=EDGE_LOOP('',(#4084,#4085,#4086,#4087));
#628=LINE('',#5848,#1214);
#629=LINE('',#5850,#1215);
#630=LINE('',#5852,#1216);
#631=LINE('',#5853,#1217);
#632=LINE('',#5856,#1218);
#633=LINE('',#5858,#1219);
#634=LINE('',#5859,#1220);
#635=LINE('',#5862,#1221);
#636=LINE('',#5864,#1222);
#637=LINE('',#5865,#1223);
#638=LINE('',#5868,#1224);
#639=LINE('',#5870,#1225);
#640=LINE('',#5871,#1226);
#641=LINE('',#5874,#1227);
#642=LINE('',#5876,#1228);
#643=LINE('',#5877,#1229);
#644=LINE('',#5880,#1230);
#645=LINE('',#5882,#1231);
#646=LINE('',#5883,#1232);
#647=LINE('',#5886,#1233);
#648=LINE('',#5888,#1234);
#649=LINE('',#5889,#1235);
#650=LINE('',#5892,#1236);
#651=LINE('',#5894,#1237);
#652=LINE('',#5895,#1238);
#653=LINE('',#5898,#1239);
#654=LINE('',#5900,#1240);
#655=LINE('',#5901,#1241);
#656=LINE('',#5904,#1242);
#657=LINE('',#5906,#1243);
#658=LINE('',#5907,#1244);
#659=LINE('',#5910,#1245);
#660=LINE('',#5912,#1246);
#661=LINE('',#5913,#1247);
#662=LINE('',#5915,#1248);
#663=LINE('',#5916,#1249);
#664=LINE('',#6105,#1250);
#665=LINE('',#6342,#1251);
#666=LINE('',#6397,#1252);
#667=LINE('',#6399,#1253);
#668=LINE('',#6401,#1254);
#669=LINE('',#6402,#1255);
#670=LINE('',#6525,#1256);
#671=LINE('',#6558,#1257);
#672=LINE('',#6670,#1258);
#673=LINE('',#6700,#1259);
#674=LINE('',#6703,#1260);
#675=LINE('',#6705,#1261);
#676=LINE('',#6706,#1262);
#677=LINE('',#6830,#1263);
#678=LINE('',#6831,#1264);
#679=LINE('',#6970,#1265);
#680=LINE('',#6972,#1266);
#681=LINE('',#6973,#1267);
#682=LINE('',#6980,#1268);
#683=LINE('',#6982,#1269);
#684=LINE('',#6984,#1270);
#685=LINE('',#6985,#1271);
#686=LINE('',#6988,#1272);
#687=LINE('',#6990,#1273);
#688=LINE('',#6991,#1274);
#689=LINE('',#6994,#1275);
#690=LINE('',#6996,#1276);
#691=LINE('',#6997,#1277);
#692=LINE('',#7000,#1278);
#693=LINE('',#7002,#1279);
#694=LINE('',#7003,#1280);
#695=LINE('',#7006,#1281);
#696=LINE('',#7008,#1282);
#697=LINE('',#7009,#1283);
#698=LINE('',#7012,#1284);
#699=LINE('',#7014,#1285);
#700=LINE('',#7015,#1286);
#701=LINE('',#7018,#1287);
#702=LINE('',#7020,#1288);
#703=LINE('',#7021,#1289);
#704=LINE('',#7024,#1290);
#705=LINE('',#7026,#1291);
#706=LINE('',#7027,#1292);
#707=LINE('',#7030,#1293);
#708=LINE('',#7032,#1294);
#709=LINE('',#7033,#1295);
#710=LINE('',#7036,#1296);
#711=LINE('',#7038,#1297);
#712=LINE('',#7039,#1298);
#713=LINE('',#7042,#1299);
#714=LINE('',#7044,#1300);
#715=LINE('',#7045,#1301);
#716=LINE('',#7047,#1302);
#717=LINE('',#7048,#1303);
#718=LINE('',#7053,#1304);
#719=LINE('',#7055,#1305);
#720=LINE('',#7057,#1306);
#721=LINE('',#7058,#1307);
#722=LINE('',#7323,#1308);
#723=LINE('',#7326,#1309);
#724=LINE('',#7328,#1310);
#725=LINE('',#7329,#1311);
#726=LINE('',#7624,#1312);
#727=LINE('',#7626,#1313);
#728=LINE('',#7628,#1314);
#729=LINE('',#7629,#1315);
#730=LINE('',#7632,#1316);
#731=LINE('',#7634,#1317);
#732=LINE('',#7635,#1318);
#733=LINE('',#7638,#1319);
#734=LINE('',#7640,#1320);
#735=LINE('',#7641,#1321);
#736=LINE('',#7644,#1322);
#737=LINE('',#7646,#1323);
#738=LINE('',#7647,#1324);
#739=LINE('',#7650,#1325);
#740=LINE('',#7652,#1326);
#741=LINE('',#7653,#1327);
#742=LINE('',#7656,#1328);
#743=LINE('',#7658,#1329);
#744=LINE('',#7659,#1330);
#745=LINE('',#7662,#1331);
#746=LINE('',#7664,#1332);
#747=LINE('',#7665,#1333);
#748=LINE('',#7668,#1334);
#749=LINE('',#7670,#1335);
#750=LINE('',#7671,#1336);
#751=LINE('',#7674,#1337);
#752=LINE('',#7676,#1338);
#753=LINE('',#7677,#1339);
#754=LINE('',#7680,#1340);
#755=LINE('',#7682,#1341);
#756=LINE('',#7683,#1342);
#757=LINE('',#7686,#1343);
#758=LINE('',#7688,#1344);
#759=LINE('',#7689,#1345);
#760=LINE('',#7691,#1346);
#761=LINE('',#7692,#1347);
#762=LINE('',#7697,#1348);
#763=LINE('',#7699,#1349);
#764=LINE('',#7701,#1350);
#765=LINE('',#7702,#1351);
#766=LINE('',#7705,#1352);
#767=LINE('',#7707,#1353);
#768=LINE('',#7708,#1354);
#769=LINE('',#7711,#1355);
#770=LINE('',#7713,#1356);
#771=LINE('',#7714,#1357);
#772=LINE('',#7717,#1358);
#773=LINE('',#7719,#1359);
#774=LINE('',#7720,#1360);
#775=LINE('',#7723,#1361);
#776=LINE('',#7725,#1362);
#777=LINE('',#7726,#1363);
#778=LINE('',#7729,#1364);
#779=LINE('',#7731,#1365);
#780=LINE('',#7732,#1366);
#781=LINE('',#7735,#1367);
#782=LINE('',#7737,#1368);
#783=LINE('',#7738,#1369);
#784=LINE('',#7741,#1370);
#785=LINE('',#7743,#1371);
#786=LINE('',#7744,#1372);
#787=LINE('',#7747,#1373);
#788=LINE('',#7749,#1374);
#789=LINE('',#7750,#1375);
#790=LINE('',#7753,#1376);
#791=LINE('',#7755,#1377);
#792=LINE('',#7756,#1378);
#793=LINE('',#7759,#1379);
#794=LINE('',#7761,#1380);
#795=LINE('',#7762,#1381);
#796=LINE('',#7764,#1382);
#797=LINE('',#7765,#1383);
#798=LINE('',#7770,#1384);
#799=LINE('',#7772,#1385);
#800=LINE('',#7774,#1386);
#801=LINE('',#7775,#1387);
#802=LINE('',#7778,#1388);
#803=LINE('',#7780,#1389);
#804=LINE('',#7781,#1390);
#805=LINE('',#7784,#1391);
#806=LINE('',#7786,#1392);
#807=LINE('',#7787,#1393);
#808=LINE('',#7790,#1394);
#809=LINE('',#7792,#1395);
#810=LINE('',#7793,#1396);
#811=LINE('',#7796,#1397);
#812=LINE('',#7798,#1398);
#813=LINE('',#7799,#1399);
#814=LINE('',#7802,#1400);
#815=LINE('',#7804,#1401);
#816=LINE('',#7805,#1402);
#817=LINE('',#7808,#1403);
#818=LINE('',#7810,#1404);
#819=LINE('',#7811,#1405);
#820=LINE('',#7814,#1406);
#821=LINE('',#7816,#1407);
#822=LINE('',#7817,#1408);
#823=LINE('',#7820,#1409);
#824=LINE('',#7822,#1410);
#825=LINE('',#7823,#1411);
#826=LINE('',#7826,#1412);
#827=LINE('',#7828,#1413);
#828=LINE('',#7829,#1414);
#829=LINE('',#7832,#1415);
#830=LINE('',#7834,#1416);
#831=LINE('',#7835,#1417);
#832=LINE('',#7837,#1418);
#833=LINE('',#7838,#1419);
#834=LINE('',#7843,#1420);
#835=LINE('',#7845,#1421);
#836=LINE('',#7847,#1422);
#837=LINE('',#7848,#1423);
#838=LINE('',#8029,#1424);
#839=LINE('',#8032,#1425);
#840=LINE('',#8034,#1426);
#841=LINE('',#8035,#1427);
#842=LINE('',#8246,#1428);
#843=LINE('',#8248,#1429);
#844=LINE('',#8250,#1430);
#845=LINE('',#8252,#1431);
#846=LINE('',#8254,#1432);
#847=LINE('',#8255,#1433);
#848=LINE('',#8259,#1434);
#849=LINE('',#8261,#1435);
#850=LINE('',#8262,#1436);
#851=LINE('',#8265,#1437);
#852=LINE('',#8267,#1438);
#853=LINE('',#8268,#1439);
#854=LINE('',#8269,#1440);
#855=LINE('',#8272,#1441);
#856=LINE('',#8274,#1442);
#857=LINE('',#8276,#1443);
#858=LINE('',#8278,#1444);
#859=LINE('',#8279,#1445);
#860=LINE('',#8281,#1446);
#861=LINE('',#8284,#1447);
#862=LINE('',#8286,#1448);
#863=LINE('',#8288,#1449);
#864=LINE('',#8290,#1450);
#865=LINE('',#8292,#1451);
#866=LINE('',#8294,#1452);
#867=LINE('',#8296,#1453);
#868=LINE('',#8298,#1454);
#869=LINE('',#8300,#1455);
#870=LINE('',#8302,#1456);
#871=LINE('',#8304,#1457);
#872=LINE('',#8306,#1458);
#873=LINE('',#8308,#1459);
#874=LINE('',#8310,#1460);
#875=LINE('',#8312,#1461);
#876=LINE('',#8314,#1462);
#877=LINE('',#8316,#1463);
#878=LINE('',#8318,#1464);
#879=LINE('',#8320,#1465);
#880=LINE('',#8322,#1466);
#881=LINE('',#8324,#1467);
#882=LINE('',#8326,#1468);
#883=LINE('',#8328,#1469);
#884=LINE('',#8330,#1470);
#885=LINE('',#8331,#1471);
#886=LINE('',#8334,#1472);
#887=LINE('',#8336,#1473);
#888=LINE('',#8338,#1474);
#889=LINE('',#8339,#1475);
#890=LINE('',#8342,#1476);
#891=LINE('',#8344,#1477);
#892=LINE('',#8346,#1478);
#893=LINE('',#8347,#1479);
#894=LINE('',#8350,#1480);
#895=LINE('',#8352,#1481);
#896=LINE('',#8354,#1482);
#897=LINE('',#8355,#1483);
#898=LINE('',#8358,#1484);
#899=LINE('',#8360,#1485);
#900=LINE('',#8362,#1486);
#901=LINE('',#8363,#1487);
#902=LINE('',#8366,#1488);
#903=LINE('',#8368,#1489);
#904=LINE('',#8370,#1490);
#905=LINE('',#8371,#1491);
#906=LINE('',#8374,#1492);
#907=LINE('',#8376,#1493);
#908=LINE('',#8378,#1494);
#909=LINE('',#8379,#1495);
#910=LINE('',#8382,#1496);
#911=LINE('',#8384,#1497);
#912=LINE('',#8385,#1498);
#913=LINE('',#8388,#1499);
#914=LINE('',#8390,#1500);
#915=LINE('',#8392,#1501);
#916=LINE('',#8394,#1502);
#917=LINE('',#8396,#1503);
#918=LINE('',#8397,#1504);
#919=LINE('',#8400,#1505);
#920=LINE('',#8402,#1506);
#921=LINE('',#8403,#1507);
#922=LINE('',#8406,#1508);
#923=LINE('',#8407,#1509);
#924=LINE('',#8410,#1510);
#925=LINE('',#8412,#1511);
#926=LINE('',#8414,#1512);
#927=LINE('',#8416,#1513);
#928=LINE('',#8417,#1514);
#929=LINE('',#8420,#1515);
#930=LINE('',#8421,#1516);
#931=LINE('',#8424,#1517);
#932=LINE('',#8425,#1518);
#933=LINE('',#8428,#1519);
#934=LINE('',#8430,#1520);
#935=LINE('',#8432,#1521);
#936=LINE('',#8433,#1522);
#937=LINE('',#8435,#1523);
#938=LINE('',#8438,#1524);
#939=LINE('',#8440,#1525);
#940=LINE('',#8442,#1526);
#941=LINE('',#8444,#1527);
#942=LINE('',#8446,#1528);
#943=LINE('',#8447,#1529);
#944=LINE('',#8450,#1530);
#945=LINE('',#8452,#1531);
#946=LINE('',#8453,#1532);
#947=LINE('',#8456,#1533);
#948=LINE('',#8457,#1534);
#949=LINE('',#8460,#1535);
#950=LINE('',#8462,#1536);
#951=LINE('',#8464,#1537);
#952=LINE('',#8466,#1538);
#953=LINE('',#8467,#1539);
#954=LINE('',#8470,#1540);
#955=LINE('',#8471,#1541);
#956=LINE('',#8474,#1542);
#957=LINE('',#8475,#1543);
#958=LINE('',#8478,#1544);
#959=LINE('',#8480,#1545);
#960=LINE('',#8482,#1546);
#961=LINE('',#8483,#1547);
#962=LINE('',#8485,#1548);
#963=LINE('',#8488,#1549);
#964=LINE('',#8490,#1550);
#965=LINE('',#8492,#1551);
#966=LINE('',#8494,#1552);
#967=LINE('',#8496,#1553);
#968=LINE('',#8497,#1554);
#969=LINE('',#8500,#1555);
#970=LINE('',#8502,#1556);
#971=LINE('',#8503,#1557);
#972=LINE('',#8506,#1558);
#973=LINE('',#8507,#1559);
#974=LINE('',#8510,#1560);
#975=LINE('',#8512,#1561);
#976=LINE('',#8514,#1562);
#977=LINE('',#8516,#1563);
#978=LINE('',#8517,#1564);
#979=LINE('',#8520,#1565);
#980=LINE('',#8521,#1566);
#981=LINE('',#8524,#1567);
#982=LINE('',#8525,#1568);
#983=LINE('',#8528,#1569);
#984=LINE('',#8530,#1570);
#985=LINE('',#8532,#1571);
#986=LINE('',#8533,#1572);
#987=LINE('',#8535,#1573);
#988=LINE('',#8538,#1574);
#989=LINE('',#8540,#1575);
#990=LINE('',#8542,#1576);
#991=LINE('',#8543,#1577);
#992=LINE('',#8546,#1578);
#993=LINE('',#8548,#1579);
#994=LINE('',#8549,#1580);
#995=LINE('',#8552,#1581);
#996=LINE('',#8553,#1582);
#997=LINE('',#8557,#1583);
#998=LINE('',#8558,#1584);
#999=LINE('',#8560,#1585);
#1000=LINE('',#8562,#1586);
#1001=LINE('',#8563,#1587);
#1002=LINE('',#8566,#1588);
#1003=LINE('',#8568,#1589);
#1004=LINE('',#8570,#1590);
#1005=LINE('',#8571,#1591);
#1006=LINE('',#8574,#1592);
#1007=LINE('',#8576,#1593);
#1008=LINE('',#8577,#1594);
#1009=LINE('',#8580,#1595);
#1010=LINE('',#8582,#1596);
#1011=LINE('',#8583,#1597);
#1012=LINE('',#8586,#1598);
#1013=LINE('',#8587,#1599);
#1014=LINE('',#8590,#1600);
#1015=LINE('',#8591,#1601);
#1016=LINE('',#8594,#1602);
#1017=LINE('',#8596,#1603);
#1018=LINE('',#8597,#1604);
#1019=LINE('',#8600,#1605);
#1020=LINE('',#8602,#1606);
#1021=LINE('',#8603,#1607);
#1022=LINE('',#8606,#1608);
#1023=LINE('',#8608,#1609);
#1024=LINE('',#8610,#1610);
#1025=LINE('',#8611,#1611);
#1026=LINE('',#8614,#1612);
#1027=LINE('',#8616,#1613);
#1028=LINE('',#8618,#1614);
#1029=LINE('',#8619,#1615);
#1030=LINE('',#8622,#1616);
#1031=LINE('',#8624,#1617);
#1032=LINE('',#8626,#1618);
#1033=LINE('',#8627,#1619);
#1034=LINE('',#8629,#1620);
#1035=LINE('',#8631,#1621);
#1036=LINE('',#8632,#1622);
#1037=LINE('',#8635,#1623);
#1038=LINE('',#8636,#1624);
#1039=LINE('',#8639,#1625);
#1040=LINE('',#8640,#1626);
#1041=LINE('',#8643,#1627);
#1042=LINE('',#8644,#1628);
#1043=LINE('',#8647,#1629);
#1044=LINE('',#8649,#1630);
#1045=LINE('',#8650,#1631);
#1046=LINE('',#8652,#1632);
#1047=LINE('',#8655,#1633);
#1048=LINE('',#8656,#1634);
#1049=LINE('',#8661,#1635);
#1050=LINE('',#8662,#1636);
#1051=LINE('',#8665,#1637);
#1052=LINE('',#8667,#1638);
#1053=LINE('',#8669,#1639);
#1054=LINE('',#8670,#1640);
#1055=LINE('',#8673,#1641);
#1056=LINE('',#8675,#1642);
#1057=LINE('',#8677,#1643);
#1058=LINE('',#8678,#1644);
#1059=LINE('',#8681,#1645);
#1060=LINE('',#8683,#1646);
#1061=LINE('',#8685,#1647);
#1062=LINE('',#8686,#1648);
#1063=LINE('',#8689,#1649);
#1064=LINE('',#8691,#1650);
#1065=LINE('',#8692,#1651);
#1066=LINE('',#8696,#1652);
#1067=LINE('',#8697,#1653);
#1068=LINE('',#8699,#1654);
#1069=LINE('',#8700,#1655);
#1070=LINE('',#8704,#1656);
#1071=LINE('',#8705,#1657);
#1072=LINE('',#8707,#1658);
#1073=LINE('',#8708,#1659);
#1074=LINE('',#8712,#1660);
#1075=LINE('',#8713,#1661);
#1076=LINE('',#8715,#1662);
#1077=LINE('',#8716,#1663);
#1078=LINE('',#8720,#1664);
#1079=LINE('',#8721,#1665);
#1080=LINE('',#8725,#1666);
#1081=LINE('',#8726,#1667);
#1082=LINE('',#8727,#1668);
#1083=LINE('',#8730,#1669);
#1084=LINE('',#8731,#1670);
#1085=LINE('',#8734,#1671);
#1086=LINE('',#8735,#1672);
#1087=LINE('',#8737,#1673);
#1088=LINE('',#8742,#1674);
#1089=LINE('',#8749,#1675);
#1090=LINE('',#8756,#1676);
#1091=LINE('',#8763,#1677);
#1092=LINE('',#8769,#1678);
#1093=LINE('',#8773,#1679);
#1094=LINE('',#8775,#1680);
#1095=LINE('',#8777,#1681);
#1096=LINE('',#8778,#1682);
#1097=LINE('',#8783,#1683);
#1098=LINE('',#8789,#1684);
#1099=LINE('',#8790,#1685);
#1100=LINE('',#8791,#1686);
#1101=LINE('',#8794,#1687);
#1102=LINE('',#8795,#1688);
#1103=LINE('',#8798,#1689);
#1104=LINE('',#8800,#1690);
#1105=LINE('',#8802,#1691);
#1106=LINE('',#8804,#1692);
#1107=LINE('',#8806,#1693);
#1108=LINE('',#8807,#1694);
#1109=LINE('',#8811,#1695);
#1110=LINE('',#8813,#1696);
#1111=LINE('',#8815,#1697);
#1112=LINE('',#8816,#1698);
#1113=LINE('',#8818,#1699);
#1114=LINE('',#8819,#1700);
#1115=LINE('',#8841,#1701);
#1116=LINE('',#8845,#1702);
#1117=LINE('',#8848,#1703);
#1118=LINE('',#8850,#1704);
#1119=LINE('',#8852,#1705);
#1120=LINE('',#8854,#1706);
#1121=LINE('',#8856,#1707);
#1122=LINE('',#8858,#1708);
#1123=LINE('',#8860,#1709);
#1124=LINE('',#8862,#1710);
#1125=LINE('',#8863,#1711);
#1126=LINE('',#8867,#1712);
#1127=LINE('',#8869,#1713);
#1128=LINE('',#8871,#1714);
#1129=LINE('',#8872,#1715);
#1130=LINE('',#8876,#1716);
#1131=LINE('',#8877,#1717);
#1132=LINE('',#8897,#1718);
#1133=LINE('',#8901,#1719);
#1134=LINE('',#8904,#1720);
#1135=LINE('',#8906,#1721);
#1136=LINE('',#8907,#1722);
#1137=LINE('',#8910,#1723);
#1138=LINE('',#8912,#1724);
#1139=LINE('',#8913,#1725);
#1140=LINE('',#8916,#1726);
#1141=LINE('',#8918,#1727);
#1142=LINE('',#8919,#1728);
#1143=LINE('',#8924,#1729);
#1144=LINE('',#8928,#1730);
#1145=LINE('',#8930,#1731);
#1146=LINE('',#8934,#1732);
#1147=LINE('',#8935,#1733);
#1148=LINE('',#8936,#1734);
#1149=LINE('',#8939,#1735);
#1150=LINE('',#8940,#1736);
#1151=LINE('',#8943,#1737);
#1152=LINE('',#8944,#1738);
#1153=LINE('',#8946,#1739);
#1154=LINE('',#8950,#1740);
#1155=LINE('',#8951,#1741);
#1156=LINE('',#8952,#1742);
#1157=LINE('',#8955,#1743);
#1158=LINE('',#8956,#1744);
#1159=LINE('',#8959,#1745);
#1160=LINE('',#8960,#1746);
#1161=LINE('',#8962,#1747);
#1162=LINE('',#8966,#1748);
#1163=LINE('',#8967,#1749);
#1164=LINE('',#8968,#1750);
#1165=LINE('',#8971,#1751);
#1166=LINE('',#8972,#1752);
#1167=LINE('',#8975,#1753);
#1168=LINE('',#8976,#1754);
#1169=LINE('',#8978,#1755);
#1170=LINE('',#8982,#1756);
#1171=LINE('',#8983,#1757);
#1172=LINE('',#8984,#1758);
#1173=LINE('',#8987,#1759);
#1174=LINE('',#8988,#1760);
#1175=LINE('',#8991,#1761);
#1176=LINE('',#8992,#1762);
#1177=LINE('',#8994,#1763);
#1178=LINE('',#8998,#1764);
#1179=LINE('',#8999,#1765);
#1180=LINE('',#9000,#1766);
#1181=LINE('',#9003,#1767);
#1182=LINE('',#9004,#1768);
#1183=LINE('',#9007,#1769);
#1184=LINE('',#9008,#1770);
#1185=LINE('',#9010,#1771);
#1186=LINE('',#9014,#1772);
#1187=LINE('',#9015,#1773);
#1188=LINE('',#9016,#1774);
#1189=LINE('',#9019,#1775);
#1190=LINE('',#9020,#1776);
#1191=LINE('',#9023,#1777);
#1192=LINE('',#9024,#1778);
#1193=LINE('',#9026,#1779);
#1194=LINE('',#9030,#1780);
#1195=LINE('',#9031,#1781);
#1196=LINE('',#9032,#1782);
#1197=LINE('',#9035,#1783);
#1198=LINE('',#9036,#1784);
#1199=LINE('',#9039,#1785);
#1200=LINE('',#9040,#1786);
#1201=LINE('',#9042,#1787);
#1202=LINE('',#9046,#1788);
#1203=LINE('',#9047,#1789);
#1204=LINE('',#9048,#1790);
#1205=LINE('',#9051,#1791);
#1206=LINE('',#9052,#1792);
#1207=LINE('',#9055,#1793);
#1208=LINE('',#9056,#1794);
#1209=LINE('',#9058,#1795);
#1210=LINE('',#9060,#1796);
#1211=LINE('',#9062,#1797);
#1212=LINE('',#9064,#1798);
#1213=LINE('',#9066,#1799);
#1214=VECTOR('',#4786,1.);
#1215=VECTOR('',#4787,0.10017);
#1216=VECTOR('',#4788,0.0696381008119672);
#1217=VECTOR('',#4789,0.10017);
#1218=VECTOR('',#4792,1.);
#1219=VECTOR('',#4793,0.201976782557444);
#1220=VECTOR('',#4794,0.10017);
#1221=VECTOR('',#4797,1.);
#1222=VECTOR('',#4798,0.202869995627085);
#1223=VECTOR('',#4799,0.10017);
#1224=VECTOR('',#4802,1.);
#1225=VECTOR('',#4803,0.0665430741092137);
#1226=VECTOR('',#4804,0.10017);
#1227=VECTOR('',#4807,1.);
#1228=VECTOR('',#4808,0.252422149124523);
#1229=VECTOR('',#4809,0.10017);
#1230=VECTOR('',#4812,1.);
#1231=VECTOR('',#4813,0.277725607629012);
#1232=VECTOR('',#4814,0.10017);
#1233=VECTOR('',#4817,1.);
#1234=VECTOR('',#4818,0.0737648030823059);
#1235=VECTOR('',#4819,0.10017);
#1236=VECTOR('',#4822,1.);
#1237=VECTOR('',#4823,0.224593259598147);
#1238=VECTOR('',#4824,0.10017);
#1239=VECTOR('',#4827,1.);
#1240=VECTOR('',#4828,0.22690350293492);
#1241=VECTOR('',#4829,0.10017);
#1242=VECTOR('',#4832,1.);
#1243=VECTOR('',#4833,0.0655113985416284);
#1244=VECTOR('',#4834,0.10017);
#1245=VECTOR('',#4837,1.);
#1246=VECTOR('',#4838,0.275412078572182);
#1247=VECTOR('',#4839,0.10017);
#1248=VECTOR('',#4842,1.);
#1249=VECTOR('',#4843,0.253833507620394);
#1250=VECTOR('',#4846,0.10017);
#1251=VECTOR('',#4847,0.10017);
#1252=VECTOR('',#4854,1.);
#1253=VECTOR('',#4855,0.10017);
#1254=VECTOR('',#4856,0.0217499181494124);
#1255=VECTOR('',#4857,0.10017);
#1256=VECTOR('',#4858,0.10017);
#1257=VECTOR('',#4859,0.10017);
#1258=VECTOR('',#4860,0.10017);
#1259=VECTOR('',#4861,0.10017);
#1260=VECTOR('',#4864,1.);
#1261=VECTOR('',#4865,0.431518376084342);
#1262=VECTOR('',#4866,0.10017);
#1263=VECTOR('',#4869,1.);
#1264=VECTOR('',#4870,0.0217499181494124);
#1265=VECTOR('',#4871,0.10017);
#1266=VECTOR('',#4874,1.);
#1267=VECTOR('',#4875,0.00304498854091771);
#1268=VECTOR('',#4884,1.);
#1269=VECTOR('',#4885,0.10017);
#1270=VECTOR('',#4886,0.187249115516624);
#1271=VECTOR('',#4887,0.10017);
#1272=VECTOR('',#4890,1.);
#1273=VECTOR('',#4891,0.0487198166546837);
#1274=VECTOR('',#4892,0.10017);
#1275=VECTOR('',#4895,1.);
#1276=VECTOR('',#4896,0.187249115516624);
#1277=VECTOR('',#4897,0.10017);
#1278=VECTOR('',#4900,1.);
#1279=VECTOR('',#4901,0.152684425408875);
#1280=VECTOR('',#4902,0.10017);
#1281=VECTOR('',#4905,1.);
#1282=VECTOR('',#4906,0.200660897895225);
#1283=VECTOR('',#4907,0.10017);
#1284=VECTOR('',#4910,1.);
#1285=VECTOR('',#4911,0.0482848182916955);
#1286=VECTOR('',#4912,0.10017);
#1287=VECTOR('',#4915,1.);
#1288=VECTOR('',#4916,0.265656458653061);
#1289=VECTOR('',#4917,0.10017);
#1290=VECTOR('',#4920,1.);
#1291=VECTOR('',#4921,0.431518376084342);
#1292=VECTOR('',#4922,0.10017);
#1293=VECTOR('',#4925,1.);
#1294=VECTOR('',#4926,0.265656458653061);
#1295=VECTOR('',#4927,0.10017);
#1296=VECTOR('',#4930,1.);
#1297=VECTOR('',#4931,0.0487198166546837);
#1298=VECTOR('',#4932,0.10017);
#1299=VECTOR('',#4935,1.);
#1300=VECTOR('',#4936,0.200660897895225);
#1301=VECTOR('',#4937,0.10017);
#1302=VECTOR('',#4940,1.);
#1303=VECTOR('',#4941,0.133109499074404);
#1304=VECTOR('',#4946,1.);
#1305=VECTOR('',#4947,0.10017);
#1306=VECTOR('',#4948,0.0516231106344017);
#1307=VECTOR('',#4949,0.10017);
#1308=VECTOR('',#4950,0.10017);
#1309=VECTOR('',#4953,1.);
#1310=VECTOR('',#4954,0.052634801921578);
#1311=VECTOR('',#4955,0.10017);
#1312=VECTOR('',#4960,1.);
#1313=VECTOR('',#4961,0.10017);
#1314=VECTOR('',#4962,0.187249115516624);
#1315=VECTOR('',#4963,0.10017);
#1316=VECTOR('',#4966,1.);
#1317=VECTOR('',#4967,0.0487198166546837);
#1318=VECTOR('',#4968,0.10017);
#1319=VECTOR('',#4971,1.);
#1320=VECTOR('',#4972,0.187249115516624);
#1321=VECTOR('',#4973,0.10017);
#1322=VECTOR('',#4976,1.);
#1323=VECTOR('',#4977,0.152684425408875);
#1324=VECTOR('',#4978,0.10017);
#1325=VECTOR('',#4981,1.);
#1326=VECTOR('',#4982,0.200660897895225);
#1327=VECTOR('',#4983,0.10017);
#1328=VECTOR('',#4986,1.);
#1329=VECTOR('',#4987,0.0482848182916955);
#1330=VECTOR('',#4988,0.10017);
#1331=VECTOR('',#4991,1.);
#1332=VECTOR('',#4992,0.265656458653061);
#1333=VECTOR('',#4993,0.10017);
#1334=VECTOR('',#4996,1.);
#1335=VECTOR('',#4997,0.431518376084342);
#1336=VECTOR('',#4998,0.10017);
#1337=VECTOR('',#5001,1.);
#1338=VECTOR('',#5002,0.265656458653061);
#1339=VECTOR('',#5003,0.10017);
#1340=VECTOR('',#5006,1.);
#1341=VECTOR('',#5007,0.0487198166546837);
#1342=VECTOR('',#5008,0.10017);
#1343=VECTOR('',#5011,1.);
#1344=VECTOR('',#5012,0.200660897895225);
#1345=VECTOR('',#5013,0.10017);
#1346=VECTOR('',#5016,1.);
#1347=VECTOR('',#5017,0.133109499074404);
#1348=VECTOR('',#5022,1.);
#1349=VECTOR('',#5023,0.10017);
#1350=VECTOR('',#5024,0.187249115516624);
#1351=VECTOR('',#5025,0.10017);
#1352=VECTOR('',#5028,1.);
#1353=VECTOR('',#5029,0.0487198166546837);
#1354=VECTOR('',#5030,0.10017);
#1355=VECTOR('',#5033,1.);
#1356=VECTOR('',#5034,0.187249115516624);
#1357=VECTOR('',#5035,0.10017);
#1358=VECTOR('',#5038,1.);
#1359=VECTOR('',#5039,0.152684425408875);
#1360=VECTOR('',#5040,0.10017);
#1361=VECTOR('',#5043,1.);
#1362=VECTOR('',#5044,0.200660897895225);
#1363=VECTOR('',#5045,0.10017);
#1364=VECTOR('',#5048,1.);
#1365=VECTOR('',#5049,0.0482848182916955);
#1366=VECTOR('',#5050,0.10017);
#1367=VECTOR('',#5053,1.);
#1368=VECTOR('',#5054,0.265656458653061);
#1369=VECTOR('',#5055,0.10017);
#1370=VECTOR('',#5058,1.);
#1371=VECTOR('',#5059,0.431518376084342);
#1372=VECTOR('',#5060,0.10017);
#1373=VECTOR('',#5063,1.);
#1374=VECTOR('',#5064,0.265656458653061);
#1375=VECTOR('',#5065,0.10017);
#1376=VECTOR('',#5068,1.);
#1377=VECTOR('',#5069,0.0487198166546837);
#1378=VECTOR('',#5070,0.10017);
#1379=VECTOR('',#5073,1.);
#1380=VECTOR('',#5074,0.200660897895225);
#1381=VECTOR('',#5075,0.10017);
#1382=VECTOR('',#5078,1.);
#1383=VECTOR('',#5079,0.133109499074404);
#1384=VECTOR('',#5084,1.);
#1385=VECTOR('',#5085,0.10017);
#1386=VECTOR('',#5086,0.0649955607578363);
#1387=VECTOR('',#5087,0.10017);
#1388=VECTOR('',#5090,1.);
#1389=VECTOR('',#5091,0.181829315729087);
#1390=VECTOR('',#5092,0.10017);
#1391=VECTOR('',#5095,1.);
#1392=VECTOR('',#5096,0.23264284049035);
#1393=VECTOR('',#5097,0.10017);
#1394=VECTOR('',#5100,1.);
#1395=VECTOR('',#5101,0.181829315729087);
#1396=VECTOR('',#5102,0.10017);
#1397=VECTOR('',#5105,1.);
#1398=VECTOR('',#5106,0.0655113985416288);
#1399=VECTOR('',#5107,0.10017);
#1400=VECTOR('',#5110,1.);
#1401=VECTOR('',#5111,0.431518376084342);
#1402=VECTOR('',#5112,0.10017);
#1403=VECTOR('',#5115,1.);
#1404=VECTOR('',#5116,0.0655113985416288);
#1405=VECTOR('',#5117,0.10017);
#1406=VECTOR('',#5120,1.);
#1407=VECTOR('',#5121,0.20096924370057);
#1408=VECTOR('',#5122,0.10017);
#1409=VECTOR('',#5125,1.);
#1410=VECTOR('',#5126,0.23264284049035);
#1411=VECTOR('',#5127,0.10017);
#1412=VECTOR('',#5130,1.);
#1413=VECTOR('',#5131,0.20096924370057);
#1414=VECTOR('',#5132,0.10017);
#1415=VECTOR('',#5135,1.);
#1416=VECTOR('',#5136,0.0649955607578363);
#1417=VECTOR('',#5137,0.10017);
#1418=VECTOR('',#5140,1.);
#1419=VECTOR('',#5141,0.431518376084342);
#1420=VECTOR('',#5146,1.);
#1421=VECTOR('',#5147,0.10017);
#1422=VECTOR('',#5148,0.0536055876659787);
#1423=VECTOR('',#5149,0.10017);
#1424=VECTOR('',#5150,0.10017);
#1425=VECTOR('',#5153,1.);
#1426=VECTOR('',#5154,0.047414821565719);
#1427=VECTOR('',#5155,0.10017);
#1428=VECTOR('',#5160,1.);
#1429=VECTOR('',#5161,0.523085);
#1430=VECTOR('',#5162,0.016585);
#1431=VECTOR('',#5163,1.);
#1432=VECTOR('',#5164,1.);
#1433=VECTOR('',#5165,0.523085);
#1434=VECTOR('',#5168,1.);
#1435=VECTOR('',#5169,0.100085);
#1436=VECTOR('',#5170,1.);
#1437=VECTOR('',#5173,1.);
#1438=VECTOR('',#5174,1.);
#1439=VECTOR('',#5175,1.);
#1440=VECTOR('',#5176,1.);
#1441=VECTOR('',#5179,1.);
#1442=VECTOR('',#5180,1.);
#1443=VECTOR('',#5181,1.);
#1444=VECTOR('',#5182,1.);
#1445=VECTOR('',#5183,0.100085);
#1446=VECTOR('',#5186,1.);
#1447=VECTOR('',#5189,0.7525);
#1448=VECTOR('',#5190,0.205);
#1449=VECTOR('',#5191,0.7525);
#1450=VECTOR('',#5192,0.205);
#1451=VECTOR('',#5193,0.7525);
#1452=VECTOR('',#5194,1.);
#1453=VECTOR('',#5195,1.);
#1454=VECTOR('',#5196,1.);
#1455=VECTOR('',#5197,0.7525);
#1456=VECTOR('',#5198,1.);
#1457=VECTOR('',#5199,1.);
#1458=VECTOR('',#5200,1.);
#1459=VECTOR('',#5201,0.7525);
#1460=VECTOR('',#5202,1.);
#1461=VECTOR('',#5203,1.);
#1462=VECTOR('',#5204,1.);
#1463=VECTOR('',#5205,0.7525);
#1464=VECTOR('',#5206,1.);
#1465=VECTOR('',#5207,1.);
#1466=VECTOR('',#5208,1.);
#1467=VECTOR('',#5209,0.7525);
#1468=VECTOR('',#5210,1.);
#1469=VECTOR('',#5211,1.);
#1470=VECTOR('',#5212,1.);
#1471=VECTOR('',#5213,0.7525);
#1472=VECTOR('',#5214,1.);
#1473=VECTOR('',#5215,1.);
#1474=VECTOR('',#5216,1.);
#1475=VECTOR('',#5217,1.);
#1476=VECTOR('',#5218,1.);
#1477=VECTOR('',#5219,1.);
#1478=VECTOR('',#5220,1.);
#1479=VECTOR('',#5221,1.);
#1480=VECTOR('',#5222,1.);
#1481=VECTOR('',#5223,1.);
#1482=VECTOR('',#5224,1.);
#1483=VECTOR('',#5225,1.);
#1484=VECTOR('',#5226,1.);
#1485=VECTOR('',#5227,1.);
#1486=VECTOR('',#5228,1.);
#1487=VECTOR('',#5229,1.);
#1488=VECTOR('',#5230,1.);
#1489=VECTOR('',#5231,1.);
#1490=VECTOR('',#5232,1.);
#1491=VECTOR('',#5233,1.);
#1492=VECTOR('',#5234,1.);
#1493=VECTOR('',#5235,1.);
#1494=VECTOR('',#5236,1.);
#1495=VECTOR('',#5237,1.);
#1496=VECTOR('',#5240,1.);
#1497=VECTOR('',#5241,0.7525);
#1498=VECTOR('',#5242,0.4935);
#1499=VECTOR('',#5245,1.);
#1500=VECTOR('',#5246,1.);
#1501=VECTOR('',#5247,1.);
#1502=VECTOR('',#5248,0.7525);
#1503=VECTOR('',#5249,1.);
#1504=VECTOR('',#5250,1.);
#1505=VECTOR('',#5253,0.240104255740555);
#1506=VECTOR('',#5254,1.);
#1507=VECTOR('',#5255,0.240104255740555);
#1508=VECTOR('',#5258,1.);
#1509=VECTOR('',#5259,1.);
#1510=VECTOR('',#5262,0.509585);
#1511=VECTOR('',#5263,0.016585);
#1512=VECTOR('',#5264,1.);
#1513=VECTOR('',#5265,1.);
#1514=VECTOR('',#5266,0.509585);
#1515=VECTOR('',#5269,0.100085);
#1516=VECTOR('',#5270,1.);
#1517=VECTOR('',#5273,1.);
#1518=VECTOR('',#5274,1.);
#1519=VECTOR('',#5277,1.);
#1520=VECTOR('',#5278,1.);
#1521=VECTOR('',#5279,1.);
#1522=VECTOR('',#5280,0.100085);
#1523=VECTOR('',#5283,1.);
#1524=VECTOR('',#5286,1.);
#1525=VECTOR('',#5287,1.);
#1526=VECTOR('',#5288,1.);
#1527=VECTOR('',#5289,0.7525);
#1528=VECTOR('',#5290,1.);
#1529=VECTOR('',#5291,1.);
#1530=VECTOR('',#5294,0.240104255740555);
#1531=VECTOR('',#5295,1.);
#1532=VECTOR('',#5296,0.240104255740555);
#1533=VECTOR('',#5299,1.);
#1534=VECTOR('',#5300,1.);
#1535=VECTOR('',#5303,0.506085);
#1536=VECTOR('',#5304,0.016585);
#1537=VECTOR('',#5305,1.);
#1538=VECTOR('',#5306,1.);
#1539=VECTOR('',#5307,0.506085);
#1540=VECTOR('',#5310,0.100085);
#1541=VECTOR('',#5311,1.);
#1542=VECTOR('',#5314,1.);
#1543=VECTOR('',#5315,1.);
#1544=VECTOR('',#5318,1.);
#1545=VECTOR('',#5319,1.);
#1546=VECTOR('',#5320,1.);
#1547=VECTOR('',#5321,0.100085);
#1548=VECTOR('',#5324,1.);
#1549=VECTOR('',#5327,1.);
#1550=VECTOR('',#5328,1.);
#1551=VECTOR('',#5329,1.);
#1552=VECTOR('',#5330,0.7525);
#1553=VECTOR('',#5331,1.);
#1554=VECTOR('',#5332,1.);
#1555=VECTOR('',#5335,0.240104255740554);
#1556=VECTOR('',#5336,1.);
#1557=VECTOR('',#5337,0.240104255740554);
#1558=VECTOR('',#5340,1.);
#1559=VECTOR('',#5341,1.);
#1560=VECTOR('',#5344,0.509085);
#1561=VECTOR('',#5345,0.016585);
#1562=VECTOR('',#5346,1.);
#1563=VECTOR('',#5347,1.);
#1564=VECTOR('',#5348,0.509085);
#1565=VECTOR('',#5351,0.100085);
#1566=VECTOR('',#5352,1.);
#1567=VECTOR('',#5355,1.);
#1568=VECTOR('',#5356,1.);
#1569=VECTOR('',#5359,1.);
#1570=VECTOR('',#5360,1.);
#1571=VECTOR('',#5361,1.);
#1572=VECTOR('',#5362,0.100085);
#1573=VECTOR('',#5365,1.);
#1574=VECTOR('',#5368,1.);
#1575=VECTOR('',#5369,0.7525);
#1576=VECTOR('',#5370,1.);
#1577=VECTOR('',#5371,1.);
#1578=VECTOR('',#5374,0.240104255740554);
#1579=VECTOR('',#5375,1.);
#1580=VECTOR('',#5376,0.240104255740554);
#1581=VECTOR('',#5379,1.);
#1582=VECTOR('',#5380,1.);
#1583=VECTOR('',#5383,1.);
#1584=VECTOR('',#5384,0.570585);
#1585=VECTOR('',#5385,1.);
#1586=VECTOR('',#5386,1.);
#1587=VECTOR('',#5387,1.);
#1588=VECTOR('',#5390,0.570585);
#1589=VECTOR('',#5391,1.);
#1590=VECTOR('',#5392,1.);
#1591=VECTOR('',#5393,1.);
#1592=VECTOR('',#5396,1.);
#1593=VECTOR('',#5397,1.);
#1594=VECTOR('',#5398,1.);
#1595=VECTOR('',#5401,1.);
#1596=VECTOR('',#5402,1.);
#1597=VECTOR('',#5403,0.240104255740554);
#1598=VECTOR('',#5406,1.);
#1599=VECTOR('',#5407,0.240104255740554);
#1600=VECTOR('',#5410,1.);
#1601=VECTOR('',#5411,0.240104255740554);
#1602=VECTOR('',#5414,1.);
#1603=VECTOR('',#5415,0.7525);
#1604=VECTOR('',#5416,1.);
#1605=VECTOR('',#5419,1.);
#1606=VECTOR('',#5420,0.7525);
#1607=VECTOR('',#5421,1.);
#1608=VECTOR('',#5424,0.532085);
#1609=VECTOR('',#5425,1.);
#1610=VECTOR('',#5426,1.);
#1611=VECTOR('',#5427,1.);
#1612=VECTOR('',#5430,0.532085);
#1613=VECTOR('',#5431,1.);
#1614=VECTOR('',#5432,1.);
#1615=VECTOR('',#5433,1.);
#1616=VECTOR('',#5436,1.);
#1617=VECTOR('',#5437,1.);
#1618=VECTOR('',#5438,1.);
#1619=VECTOR('',#5439,1.);
#1620=VECTOR('',#5442,1.);
#1621=VECTOR('',#5443,1.);
#1622=VECTOR('',#5444,0.7525);
#1623=VECTOR('',#5447,0.240104255740554);
#1624=VECTOR('',#5448,1.);
#1625=VECTOR('',#5451,0.240104255740554);
#1626=VECTOR('',#5452,1.);
#1627=VECTOR('',#5455,1.);
#1628=VECTOR('',#5456,1.);
#1629=VECTOR('',#5459,0.240104255740554);
#1630=VECTOR('',#5460,1.);
#1631=VECTOR('',#5461,1.);
#1632=VECTOR('',#5464,1.);
#1633=VECTOR('',#5467,0.4935);
#1634=VECTOR('',#5468,0.7525);
#1635=VECTOR('',#5473,0.205);
#1636=VECTOR('',#5474,0.7525);
#1637=VECTOR('',#5475,1.);
#1638=VECTOR('',#5476,1.);
#1639=VECTOR('',#5477,1.);
#1640=VECTOR('',#5478,1.);
#1641=VECTOR('',#5479,1.);
#1642=VECTOR('',#5480,1.);
#1643=VECTOR('',#5481,1.);
#1644=VECTOR('',#5482,1.);
#1645=VECTOR('',#5483,1.);
#1646=VECTOR('',#5484,1.);
#1647=VECTOR('',#5485,1.);
#1648=VECTOR('',#5486,1.);
#1649=VECTOR('',#5491,1.);
#1650=VECTOR('',#5494,0.240104255740554);
#1651=VECTOR('',#5495,1.);
#1652=VECTOR('',#5500,0.7525);
#1653=VECTOR('',#5501,1.);
#1654=VECTOR('',#5504,0.240104255740554);
#1655=VECTOR('',#5505,1.);
#1656=VECTOR('',#5510,0.7525);
#1657=VECTOR('',#5511,1.);
#1658=VECTOR('',#5514,0.240104255740555);
#1659=VECTOR('',#5515,1.);
#1660=VECTOR('',#5520,0.7525);
#1661=VECTOR('',#5521,1.);
#1662=VECTOR('',#5524,0.240104255740555);
#1663=VECTOR('',#5525,1.);
#1664=VECTOR('',#5530,0.7525);
#1665=VECTOR('',#5531,0.205);
#1666=VECTOR('',#5534,1.);
#1667=VECTOR('',#5535,0.123835);
#1668=VECTOR('',#5536,0.123835);
#1669=VECTOR('',#5539,1.);
#1670=VECTOR('',#5540,0.123835);
#1671=VECTOR('',#5543,1.);
#1672=VECTOR('',#5544,0.123835);
#1673=VECTOR('',#5547,1.);
#1674=VECTOR('',#5552,0.11085);
#1675=VECTOR('',#5561,0.11085);
#1676=VECTOR('',#5570,0.11085);
#1677=VECTOR('',#5579,0.11085);
#1678=VECTOR('',#5588,0.75085);
#1679=VECTOR('',#5591,1.);
#1680=VECTOR('',#5592,1.);
#1681=VECTOR('',#5593,0.111461970325487);
#1682=VECTOR('',#5594,0.065);
#1683=VECTOR('',#5599,0.11085);
#1684=VECTOR('',#5606,1.);
#1685=VECTOR('',#5607,0.0617850112915038);
#1686=VECTOR('',#5608,1.);
#1687=VECTOR('',#5611,1.);
#1688=VECTOR('',#5612,1.);
#1689=VECTOR('',#5615,0.463585);
#1690=VECTOR('',#5616,1.);
#1691=VECTOR('',#5617,1.);
#1692=VECTOR('',#5618,0.180085);
#1693=VECTOR('',#5619,1.);
#1694=VECTOR('',#5620,0.180085);
#1695=VECTOR('',#5623,1.);
#1696=VECTOR('',#5624,1.);
#1697=VECTOR('',#5625,0.0778925056457519);
#1698=VECTOR('',#5626,0.111461970325487);
#1699=VECTOR('',#5629,1.);
#1700=VECTOR('',#5630,0.065);
#1701=VECTOR('',#5633,0.113711930025925);
#1702=VECTOR('',#5640,1.);
#1703=VECTOR('',#5643,0.722585);
#1704=VECTOR('',#5644,1.);
#1705=VECTOR('',#5645,1.);
#1706=VECTOR('',#5646,1.);
#1707=VECTOR('',#5647,0.722585);
#1708=VECTOR('',#5648,0.463585);
#1709=VECTOR('',#5649,1.);
#1710=VECTOR('',#5650,1.);
#1711=VECTOR('',#5651,0.722585);
#1712=VECTOR('',#5654,1.);
#1713=VECTOR('',#5655,1.);
#1714=VECTOR('',#5656,0.0778925056457519);
#1715=VECTOR('',#5657,0.0788925056457521);
#1716=VECTOR('',#5662,1.);
#1717=VECTOR('',#5663,0.111461970325487);
#1718=VECTOR('',#5664,0.113711930025925);
#1719=VECTOR('',#5671,1.);
#1720=VECTOR('',#5674,0.180085);
#1721=VECTOR('',#5675,1.);
#1722=VECTOR('',#5676,0.180085);
#1723=VECTOR('',#5679,1.);
#1724=VECTOR('',#5680,0.065);
#1725=VECTOR('',#5681,0.111461970325487);
#1726=VECTOR('',#5684,1.);
#1727=VECTOR('',#5685,0.065);
#1728=VECTOR('',#5686,0.0617850112915038);
#1729=VECTOR('',#5691,0.11085);
#1730=VECTOR('',#5698,0.111461970325487);
#1731=VECTOR('',#5701,1.);
#1732=VECTOR('',#5704,1.);
#1733=VECTOR('',#5705,0.0500849999999998);
#1734=VECTOR('',#5706,0.0500849999999998);
#1735=VECTOR('',#5709,1.);
#1736=VECTOR('',#5710,0.0500849999999998);
#1737=VECTOR('',#5713,1.);
#1738=VECTOR('',#5714,0.0500849999999998);
#1739=VECTOR('',#5717,1.);
#1740=VECTOR('',#5720,1.);
#1741=VECTOR('',#5721,0.050085);
#1742=VECTOR('',#5722,0.050085);
#1743=VECTOR('',#5725,1.);
#1744=VECTOR('',#5726,0.050085);
#1745=VECTOR('',#5729,1.);
#1746=VECTOR('',#5730,0.050085);
#1747=VECTOR('',#5733,1.);
#1748=VECTOR('',#5736,1.);
#1749=VECTOR('',#5737,0.101710003814698);
#1750=VECTOR('',#5738,0.101710003814698);
#1751=VECTOR('',#5741,1.);
#1752=VECTOR('',#5742,0.101710003814698);
#1753=VECTOR('',#5745,1.);
#1754=VECTOR('',#5746,0.101710003814698);
#1755=VECTOR('',#5749,1.);
#1756=VECTOR('',#5752,1.);
#1757=VECTOR('',#5753,0.101710003814698);
#1758=VECTOR('',#5754,0.101710003814698);
#1759=VECTOR('',#5757,1.);
#1760=VECTOR('',#5758,0.101710003814698);
#1761=VECTOR('',#5761,1.);
#1762=VECTOR('',#5762,0.101710003814698);
#1763=VECTOR('',#5765,1.);
#1764=VECTOR('',#5768,1.);
#1765=VECTOR('',#5769,0.101710003814698);
#1766=VECTOR('',#5770,0.101710003814698);
#1767=VECTOR('',#5773,1.);
#1768=VECTOR('',#5774,0.101710003814698);
#1769=VECTOR('',#5777,1.);
#1770=VECTOR('',#5778,0.101710003814698);
#1771=VECTOR('',#5781,1.);
#1772=VECTOR('',#5784,1.);
#1773=VECTOR('',#5785,0.101710003814697);
#1774=VECTOR('',#5786,0.101710003814697);
#1775=VECTOR('',#5789,1.);
#1776=VECTOR('',#5790,0.101710003814697);
#1777=VECTOR('',#5793,1.);
#1778=VECTOR('',#5794,0.101710003814697);
#1779=VECTOR('',#5797,1.);
#1780=VECTOR('',#5800,1.);
#1781=VECTOR('',#5801,0.101710003814697);
#1782=VECTOR('',#5802,0.101710003814697);
#1783=VECTOR('',#5805,1.);
#1784=VECTOR('',#5806,0.101710003814697);
#1785=VECTOR('',#5809,1.);
#1786=VECTOR('',#5810,0.101710003814697);
#1787=VECTOR('',#5813,1.);
#1788=VECTOR('',#5816,1.);
#1789=VECTOR('',#5817,0.101710003814697);
#1790=VECTOR('',#5818,0.101710003814697);
#1791=VECTOR('',#5821,1.);
#1792=VECTOR('',#5822,0.101710003814697);
#1793=VECTOR('',#5825,1.);
#1794=VECTOR('',#5826,0.101710003814697);
#1795=VECTOR('',#5829,1.);
#1796=VECTOR('',#5832,1.);
#1797=VECTOR('',#5835,1.);
#1798=VECTOR('',#5838,0.4935);
#1799=VECTOR('',#5841,0.4935);
#1800=VERTEX_POINT('',#5846);
#1801=VERTEX_POINT('',#5847);
#1802=VERTEX_POINT('',#5849);
#1803=VERTEX_POINT('',#5851);
#1804=VERTEX_POINT('',#5855);
#1805=VERTEX_POINT('',#5857);
#1806=VERTEX_POINT('',#5861);
#1807=VERTEX_POINT('',#5863);
#1808=VERTEX_POINT('',#5867);
#1809=VERTEX_POINT('',#5869);
#1810=VERTEX_POINT('',#5873);
#1811=VERTEX_POINT('',#5875);
#1812=VERTEX_POINT('',#5879);
#1813=VERTEX_POINT('',#5881);
#1814=VERTEX_POINT('',#5885);
#1815=VERTEX_POINT('',#5887);
#1816=VERTEX_POINT('',#5891);
#1817=VERTEX_POINT('',#5893);
#1818=VERTEX_POINT('',#5897);
#1819=VERTEX_POINT('',#5899);
#1820=VERTEX_POINT('',#5903);
#1821=VERTEX_POINT('',#5905);
#1822=VERTEX_POINT('',#5909);
#1823=VERTEX_POINT('',#5911);
#1824=VERTEX_POINT('',#6054);
#1825=VERTEX_POINT('',#6104);
#1826=VERTEX_POINT('',#6291);
#1827=VERTEX_POINT('',#6341);
#1828=VERTEX_POINT('',#6395);
#1829=VERTEX_POINT('',#6396);
#1830=VERTEX_POINT('',#6398);
#1831=VERTEX_POINT('',#6400);
#1832=VERTEX_POINT('',#6491);
#1833=VERTEX_POINT('',#6492);
#1834=VERTEX_POINT('',#6524);
#1835=VERTEX_POINT('',#6526);
#1836=VERTEX_POINT('',#6639);
#1837=VERTEX_POINT('',#6640);
#1838=VERTEX_POINT('',#6669);
#1839=VERTEX_POINT('',#6671);
#1840=VERTEX_POINT('',#6702);
#1841=VERTEX_POINT('',#6704);
#1842=VERTEX_POINT('',#6912);
#1843=VERTEX_POINT('',#6941);
#1844=VERTEX_POINT('',#6978);
#1845=VERTEX_POINT('',#6979);
#1846=VERTEX_POINT('',#6981);
#1847=VERTEX_POINT('',#6983);
#1848=VERTEX_POINT('',#6987);
#1849=VERTEX_POINT('',#6989);
#1850=VERTEX_POINT('',#6993);
#1851=VERTEX_POINT('',#6995);
#1852=VERTEX_POINT('',#6999);
#1853=VERTEX_POINT('',#7001);
#1854=VERTEX_POINT('',#7005);
#1855=VERTEX_POINT('',#7007);
#1856=VERTEX_POINT('',#7011);
#1857=VERTEX_POINT('',#7013);
#1858=VERTEX_POINT('',#7017);
#1859=VERTEX_POINT('',#7019);
#1860=VERTEX_POINT('',#7023);
#1861=VERTEX_POINT('',#7025);
#1862=VERTEX_POINT('',#7029);
#1863=VERTEX_POINT('',#7031);
#1864=VERTEX_POINT('',#7035);
#1865=VERTEX_POINT('',#7037);
#1866=VERTEX_POINT('',#7041);
#1867=VERTEX_POINT('',#7043);
#1868=VERTEX_POINT('',#7051);
#1869=VERTEX_POINT('',#7052);
#1870=VERTEX_POINT('',#7054);
#1871=VERTEX_POINT('',#7056);
#1872=VERTEX_POINT('',#7211);
#1873=VERTEX_POINT('',#7267);
#1874=VERTEX_POINT('',#7325);
#1875=VERTEX_POINT('',#7327);
#1876=VERTEX_POINT('',#7622);
#1877=VERTEX_POINT('',#7623);
#1878=VERTEX_POINT('',#7625);
#1879=VERTEX_POINT('',#7627);
#1880=VERTEX_POINT('',#7631);
#1881=VERTEX_POINT('',#7633);
#1882=VERTEX_POINT('',#7637);
#1883=VERTEX_POINT('',#7639);
#1884=VERTEX_POINT('',#7643);
#1885=VERTEX_POINT('',#7645);
#1886=VERTEX_POINT('',#7649);
#1887=VERTEX_POINT('',#7651);
#1888=VERTEX_POINT('',#7655);
#1889=VERTEX_POINT('',#7657);
#1890=VERTEX_POINT('',#7661);
#1891=VERTEX_POINT('',#7663);
#1892=VERTEX_POINT('',#7667);
#1893=VERTEX_POINT('',#7669);
#1894=VERTEX_POINT('',#7673);
#1895=VERTEX_POINT('',#7675);
#1896=VERTEX_POINT('',#7679);
#1897=VERTEX_POINT('',#7681);
#1898=VERTEX_POINT('',#7685);
#1899=VERTEX_POINT('',#7687);
#1900=VERTEX_POINT('',#7695);
#1901=VERTEX_POINT('',#7696);
#1902=VERTEX_POINT('',#7698);
#1903=VERTEX_POINT('',#7700);
#1904=VERTEX_POINT('',#7704);
#1905=VERTEX_POINT('',#7706);
#1906=VERTEX_POINT('',#7710);
#1907=VERTEX_POINT('',#7712);
#1908=VERTEX_POINT('',#7716);
#1909=VERTEX_POINT('',#7718);
#1910=VERTEX_POINT('',#7722);
#1911=VERTEX_POINT('',#7724);
#1912=VERTEX_POINT('',#7728);
#1913=VERTEX_POINT('',#7730);
#1914=VERTEX_POINT('',#7734);
#1915=VERTEX_POINT('',#7736);
#1916=VERTEX_POINT('',#7740);
#1917=VERTEX_POINT('',#7742);
#1918=VERTEX_POINT('',#7746);
#1919=VERTEX_POINT('',#7748);
#1920=VERTEX_POINT('',#7752);
#1921=VERTEX_POINT('',#7754);
#1922=VERTEX_POINT('',#7758);
#1923=VERTEX_POINT('',#7760);
#1924=VERTEX_POINT('',#7768);
#1925=VERTEX_POINT('',#7769);
#1926=VERTEX_POINT('',#7771);
#1927=VERTEX_POINT('',#7773);
#1928=VERTEX_POINT('',#7777);
#1929=VERTEX_POINT('',#7779);
#1930=VERTEX_POINT('',#7783);
#1931=VERTEX_POINT('',#7785);
#1932=VERTEX_POINT('',#7789);
#1933=VERTEX_POINT('',#7791);
#1934=VERTEX_POINT('',#7795);
#1935=VERTEX_POINT('',#7797);
#1936=VERTEX_POINT('',#7801);
#1937=VERTEX_POINT('',#7803);
#1938=VERTEX_POINT('',#7807);
#1939=VERTEX_POINT('',#7809);
#1940=VERTEX_POINT('',#7813);
#1941=VERTEX_POINT('',#7815);
#1942=VERTEX_POINT('',#7819);
#1943=VERTEX_POINT('',#7821);
#1944=VERTEX_POINT('',#7825);
#1945=VERTEX_POINT('',#7827);
#1946=VERTEX_POINT('',#7831);
#1947=VERTEX_POINT('',#7833);
#1948=VERTEX_POINT('',#7841);
#1949=VERTEX_POINT('',#7842);
#1950=VERTEX_POINT('',#7844);
#1951=VERTEX_POINT('',#7846);
#1952=VERTEX_POINT('',#7953);
#1953=VERTEX_POINT('',#7991);
#1954=VERTEX_POINT('',#8031);
#1955=VERTEX_POINT('',#8033);
#1956=VERTEX_POINT('',#8244);
#1957=VERTEX_POINT('',#8245);
#1958=VERTEX_POINT('',#8247);
#1959=VERTEX_POINT('',#8249);
#1960=VERTEX_POINT('',#8251);
#1961=VERTEX_POINT('',#8253);
#1962=VERTEX_POINT('',#8257);
#1963=VERTEX_POINT('',#8258);
#1964=VERTEX_POINT('',#8260);
#1965=VERTEX_POINT('',#8264);
#1966=VERTEX_POINT('',#8266);
#1967=VERTEX_POINT('',#8271);
#1968=VERTEX_POINT('',#8273);
#1969=VERTEX_POINT('',#8275);
#1970=VERTEX_POINT('',#8277);
#1971=VERTEX_POINT('',#8283);
#1972=VERTEX_POINT('',#8285);
#1973=VERTEX_POINT('',#8287);
#1974=VERTEX_POINT('',#8289);
#1975=VERTEX_POINT('',#8291);
#1976=VERTEX_POINT('',#8293);
#1977=VERTEX_POINT('',#8295);
#1978=VERTEX_POINT('',#8297);
#1979=VERTEX_POINT('',#8299);
#1980=VERTEX_POINT('',#8301);
#1981=VERTEX_POINT('',#8303);
#1982=VERTEX_POINT('',#8305);
#1983=VERTEX_POINT('',#8307);
#1984=VERTEX_POINT('',#8309);
#1985=VERTEX_POINT('',#8311);
#1986=VERTEX_POINT('',#8313);
#1987=VERTEX_POINT('',#8315);
#1988=VERTEX_POINT('',#8317);
#1989=VERTEX_POINT('',#8319);
#1990=VERTEX_POINT('',#8321);
#1991=VERTEX_POINT('',#8323);
#1992=VERTEX_POINT('',#8325);
#1993=VERTEX_POINT('',#8327);
#1994=VERTEX_POINT('',#8329);
#1995=VERTEX_POINT('',#8332);
#1996=VERTEX_POINT('',#8333);
#1997=VERTEX_POINT('',#8335);
#1998=VERTEX_POINT('',#8337);
#1999=VERTEX_POINT('',#8340);
#2000=VERTEX_POINT('',#8341);
#2001=VERTEX_POINT('',#8343);
#2002=VERTEX_POINT('',#8345);
#2003=VERTEX_POINT('',#8348);
#2004=VERTEX_POINT('',#8349);
#2005=VERTEX_POINT('',#8351);
#2006=VERTEX_POINT('',#8353);
#2007=VERTEX_POINT('',#8356);
#2008=VERTEX_POINT('',#8357);
#2009=VERTEX_POINT('',#8359);
#2010=VERTEX_POINT('',#8361);
#2011=VERTEX_POINT('',#8364);
#2012=VERTEX_POINT('',#8365);
#2013=VERTEX_POINT('',#8367);
#2014=VERTEX_POINT('',#8369);
#2015=VERTEX_POINT('',#8372);
#2016=VERTEX_POINT('',#8373);
#2017=VERTEX_POINT('',#8375);
#2018=VERTEX_POINT('',#8377);
#2019=VERTEX_POINT('',#8381);
#2020=VERTEX_POINT('',#8383);
#2021=VERTEX_POINT('',#8387);
#2022=VERTEX_POINT('',#8389);
#2023=VERTEX_POINT('',#8391);
#2024=VERTEX_POINT('',#8393);
#2025=VERTEX_POINT('',#8395);
#2026=VERTEX_POINT('',#8399);
#2027=VERTEX_POINT('',#8401);
#2028=VERTEX_POINT('',#8405);
#2029=VERTEX_POINT('',#8409);
#2030=VERTEX_POINT('',#8411);
#2031=VERTEX_POINT('',#8413);
#2032=VERTEX_POINT('',#8415);
#2033=VERTEX_POINT('',#8419);
#2034=VERTEX_POINT('',#8423);
#2035=VERTEX_POINT('',#8427);
#2036=VERTEX_POINT('',#8429);
#2037=VERTEX_POINT('',#8431);
#2038=VERTEX_POINT('',#8437);
#2039=VERTEX_POINT('',#8439);
#2040=VERTEX_POINT('',#8441);
#2041=VERTEX_POINT('',#8443);
#2042=VERTEX_POINT('',#8445);
#2043=VERTEX_POINT('',#8449);
#2044=VERTEX_POINT('',#8451);
#2045=VERTEX_POINT('',#8455);
#2046=VERTEX_POINT('',#8459);
#2047=VERTEX_POINT('',#8461);
#2048=VERTEX_POINT('',#8463);
#2049=VERTEX_POINT('',#8465);
#2050=VERTEX_POINT('',#8469);
#2051=VERTEX_POINT('',#8473);
#2052=VERTEX_POINT('',#8477);
#2053=VERTEX_POINT('',#8479);
#2054=VERTEX_POINT('',#8481);
#2055=VERTEX_POINT('',#8487);
#2056=VERTEX_POINT('',#8489);
#2057=VERTEX_POINT('',#8491);
#2058=VERTEX_POINT('',#8493);
#2059=VERTEX_POINT('',#8495);
#2060=VERTEX_POINT('',#8499);
#2061=VERTEX_POINT('',#8501);
#2062=VERTEX_POINT('',#8505);
#2063=VERTEX_POINT('',#8509);
#2064=VERTEX_POINT('',#8511);
#2065=VERTEX_POINT('',#8513);
#2066=VERTEX_POINT('',#8515);
#2067=VERTEX_POINT('',#8519);
#2068=VERTEX_POINT('',#8523);
#2069=VERTEX_POINT('',#8527);
#2070=VERTEX_POINT('',#8529);
#2071=VERTEX_POINT('',#8531);
#2072=VERTEX_POINT('',#8537);
#2073=VERTEX_POINT('',#8539);
#2074=VERTEX_POINT('',#8541);
#2075=VERTEX_POINT('',#8545);
#2076=VERTEX_POINT('',#8547);
#2077=VERTEX_POINT('',#8551);
#2078=VERTEX_POINT('',#8555);
#2079=VERTEX_POINT('',#8556);
#2080=VERTEX_POINT('',#8559);
#2081=VERTEX_POINT('',#8561);
#2082=VERTEX_POINT('',#8565);
#2083=VERTEX_POINT('',#8567);
#2084=VERTEX_POINT('',#8569);
#2085=VERTEX_POINT('',#8573);
#2086=VERTEX_POINT('',#8575);
#2087=VERTEX_POINT('',#8579);
#2088=VERTEX_POINT('',#8581);
#2089=VERTEX_POINT('',#8585);
#2090=VERTEX_POINT('',#8589);
#2091=VERTEX_POINT('',#8593);
#2092=VERTEX_POINT('',#8595);
#2093=VERTEX_POINT('',#8599);
#2094=VERTEX_POINT('',#8601);
#2095=VERTEX_POINT('',#8605);
#2096=VERTEX_POINT('',#8607);
#2097=VERTEX_POINT('',#8609);
#2098=VERTEX_POINT('',#8613);
#2099=VERTEX_POINT('',#8615);
#2100=VERTEX_POINT('',#8617);
#2101=VERTEX_POINT('',#8621);
#2102=VERTEX_POINT('',#8623);
#2103=VERTEX_POINT('',#8625);
#2104=VERTEX_POINT('',#8630);
#2105=VERTEX_POINT('',#8634);
#2106=VERTEX_POINT('',#8638);
#2107=VERTEX_POINT('',#8642);
#2108=VERTEX_POINT('',#8646);
#2109=VERTEX_POINT('',#8648);
#2110=VERTEX_POINT('',#8654);
#2111=VERTEX_POINT('',#8657);
#2112=VERTEX_POINT('',#8660);
#2113=VERTEX_POINT('',#8663);
#2114=VERTEX_POINT('',#8664);
#2115=VERTEX_POINT('',#8666);
#2116=VERTEX_POINT('',#8668);
#2117=VERTEX_POINT('',#8671);
#2118=VERTEX_POINT('',#8672);
#2119=VERTEX_POINT('',#8674);
#2120=VERTEX_POINT('',#8676);
#2121=VERTEX_POINT('',#8679);
#2122=VERTEX_POINT('',#8680);
#2123=VERTEX_POINT('',#8682);
#2124=VERTEX_POINT('',#8684);
#2125=VERTEX_POINT('',#8695);
#2126=VERTEX_POINT('',#8703);
#2127=VERTEX_POINT('',#8711);
#2128=VERTEX_POINT('',#8719);
#2129=VERTEX_POINT('',#8723);
#2130=VERTEX_POINT('',#8724);
#2131=VERTEX_POINT('',#8729);
#2132=VERTEX_POINT('',#8733);
#2133=VERTEX_POINT('',#8739);
#2134=VERTEX_POINT('',#8741);
#2135=VERTEX_POINT('',#8746);
#2136=VERTEX_POINT('',#8748);
#2137=VERTEX_POINT('',#8753);
#2138=VERTEX_POINT('',#8755);
#2139=VERTEX_POINT('',#8760);
#2140=VERTEX_POINT('',#8762);
#2141=VERTEX_POINT('',#8767);
#2142=VERTEX_POINT('',#8771);
#2143=VERTEX_POINT('',#8772);
#2144=VERTEX_POINT('',#8774);
#2145=VERTEX_POINT('',#8776);
#2146=VERTEX_POINT('',#8780);
#2147=VERTEX_POINT('',#8782);
#2148=VERTEX_POINT('',#8787);
#2149=VERTEX_POINT('',#8788);
#2150=VERTEX_POINT('',#8793);
#2151=VERTEX_POINT('',#8797);
#2152=VERTEX_POINT('',#8799);
#2153=VERTEX_POINT('',#8801);
#2154=VERTEX_POINT('',#8803);
#2155=VERTEX_POINT('',#8805);
#2156=VERTEX_POINT('',#8809);
#2157=VERTEX_POINT('',#8810);
#2158=VERTEX_POINT('',#8812);
#2159=VERTEX_POINT('',#8814);
#2160=VERTEX_POINT('',#8820);
#2161=VERTEX_POINT('',#8840);
#2162=VERTEX_POINT('',#8847);
#2163=VERTEX_POINT('',#8849);
#2164=VERTEX_POINT('',#8851);
#2165=VERTEX_POINT('',#8853);
#2166=VERTEX_POINT('',#8855);
#2167=VERTEX_POINT('',#8857);
#2168=VERTEX_POINT('',#8859);
#2169=VERTEX_POINT('',#8861);
#2170=VERTEX_POINT('',#8865);
#2171=VERTEX_POINT('',#8866);
#2172=VERTEX_POINT('',#8868);
#2173=VERTEX_POINT('',#8870);
#2174=VERTEX_POINT('',#8873);
#2175=VERTEX_POINT('',#8896);
#2176=VERTEX_POINT('',#8903);
#2177=VERTEX_POINT('',#8905);
#2178=VERTEX_POINT('',#8909);
#2179=VERTEX_POINT('',#8911);
#2180=VERTEX_POINT('',#8915);
#2181=VERTEX_POINT('',#8917);
#2182=VERTEX_POINT('',#8920);
#2183=VERTEX_POINT('',#8923);
#2184=VERTEX_POINT('',#8932);
#2185=VERTEX_POINT('',#8933);
#2186=VERTEX_POINT('',#8938);
#2187=VERTEX_POINT('',#8942);
#2188=VERTEX_POINT('',#8948);
#2189=VERTEX_POINT('',#8949);
#2190=VERTEX_POINT('',#8954);
#2191=VERTEX_POINT('',#8958);
#2192=VERTEX_POINT('',#8964);
#2193=VERTEX_POINT('',#8965);
#2194=VERTEX_POINT('',#8970);
#2195=VERTEX_POINT('',#8974);
#2196=VERTEX_POINT('',#8980);
#2197=VERTEX_POINT('',#8981);
#2198=VERTEX_POINT('',#8986);
#2199=VERTEX_POINT('',#8990);
#2200=VERTEX_POINT('',#8996);
#2201=VERTEX_POINT('',#8997);
#2202=VERTEX_POINT('',#9002);
#2203=VERTEX_POINT('',#9006);
#2204=VERTEX_POINT('',#9012);
#2205=VERTEX_POINT('',#9013);
#2206=VERTEX_POINT('',#9018);
#2207=VERTEX_POINT('',#9022);
#2208=VERTEX_POINT('',#9028);
#2209=VERTEX_POINT('',#9029);
#2210=VERTEX_POINT('',#9034);
#2211=VERTEX_POINT('',#9038);
#2212=VERTEX_POINT('',#9044);
#2213=VERTEX_POINT('',#9045);
#2214=VERTEX_POINT('',#9050);
#2215=VERTEX_POINT('',#9054);
#2216=EDGE_CURVE('',#1800,#1801,#628,.T.);
#2217=EDGE_CURVE('',#1802,#1800,#629,.T.);
#2218=EDGE_CURVE('',#1802,#1803,#630,.T.);
#2219=EDGE_CURVE('',#1803,#1801,#631,.T.);
#2220=EDGE_CURVE('',#1801,#1804,#632,.T.);
#2221=EDGE_CURVE('',#1803,#1805,#633,.T.);
#2222=EDGE_CURVE('',#1805,#1804,#634,.T.);
#2223=EDGE_CURVE('',#1804,#1806,#635,.T.);
#2224=EDGE_CURVE('',#1805,#1807,#636,.T.);
#2225=EDGE_CURVE('',#1807,#1806,#637,.T.);
#2226=EDGE_CURVE('',#1806,#1808,#638,.T.);
#2227=EDGE_CURVE('',#1807,#1809,#639,.T.);
#2228=EDGE_CURVE('',#1809,#1808,#640,.T.);
#2229=EDGE_CURVE('',#1808,#1810,#641,.T.);
#2230=EDGE_CURVE('',#1809,#1811,#642,.T.);
#2231=EDGE_CURVE('',#1811,#1810,#643,.T.);
#2232=EDGE_CURVE('',#1810,#1812,#644,.T.);
#2233=EDGE_CURVE('',#1811,#1813,#645,.T.);
#2234=EDGE_CURVE('',#1813,#1812,#646,.T.);
#2235=EDGE_CURVE('',#1812,#1814,#647,.T.);
#2236=EDGE_CURVE('',#1813,#1815,#648,.T.);
#2237=EDGE_CURVE('',#1815,#1814,#649,.T.);
#2238=EDGE_CURVE('',#1814,#1816,#650,.T.);
#2239=EDGE_CURVE('',#1815,#1817,#651,.T.);
#2240=EDGE_CURVE('',#1817,#1816,#652,.T.);
#2241=EDGE_CURVE('',#1816,#1818,#653,.T.);
#2242=EDGE_CURVE('',#1817,#1819,#654,.T.);
#2243=EDGE_CURVE('',#1819,#1818,#655,.T.);
#2244=EDGE_CURVE('',#1818,#1820,#656,.T.);
#2245=EDGE_CURVE('',#1819,#1821,#657,.T.);
#2246=EDGE_CURVE('',#1821,#1820,#658,.T.);
#2247=EDGE_CURVE('',#1820,#1822,#659,.T.);
#2248=EDGE_CURVE('',#1821,#1823,#660,.T.);
#2249=EDGE_CURVE('',#1823,#1822,#661,.T.);
#2250=EDGE_CURVE('',#1822,#1800,#662,.T.);
#2251=EDGE_CURVE('',#1823,#1802,#663,.T.);
#2252=EDGE_CURVE('',#1824,#1824,#105,.T.);
#2253=EDGE_CURVE('',#1825,#1824,#664,.T.);
#2254=EDGE_CURVE('',#1825,#1825,#95,.T.);
#2255=EDGE_CURVE('',#1826,#1826,#106,.T.);
#2256=EDGE_CURVE('',#1827,#1826,#665,.T.);
#2257=EDGE_CURVE('',#1827,#1827,#96,.T.);
#2258=EDGE_CURVE('',#1828,#1829,#666,.T.);
#2259=EDGE_CURVE('',#1830,#1828,#667,.T.);
#2260=EDGE_CURVE('',#1830,#1831,#668,.T.);
#2261=EDGE_CURVE('',#1831,#1829,#669,.T.);
#2262=EDGE_CURVE('',#1832,#1833,#107,.T.);
#2263=EDGE_CURVE('',#1834,#1832,#670,.T.);
#2264=EDGE_CURVE('',#1834,#1835,#97,.T.);
#2265=EDGE_CURVE('',#1835,#1833,#671,.T.);
#2266=EDGE_CURVE('',#1836,#1837,#108,.T.);
#2267=EDGE_CURVE('',#1838,#1836,#672,.T.);
#2268=EDGE_CURVE('',#1838,#1839,#98,.T.);
#2269=EDGE_CURVE('',#1839,#1837,#673,.T.);
#2270=EDGE_CURVE('',#1837,#1840,#674,.T.);
#2271=EDGE_CURVE('',#1839,#1841,#675,.T.);
#2272=EDGE_CURVE('',#1841,#1840,#676,.T.);
#2273=EDGE_CURVE('',#1829,#1828,#109,.T.);
#2274=EDGE_CURVE('',#1831,#1830,#99,.T.);
#2275=EDGE_CURVE('',#1833,#1832,#677,.T.);
#2276=EDGE_CURVE('',#1835,#1834,#678,.T.);
#2277=EDGE_CURVE('',#1840,#1842,#110,.T.);
#2278=EDGE_CURVE('',#1841,#1843,#100,.T.);
#2279=EDGE_CURVE('',#1843,#1842,#679,.T.);
#2280=EDGE_CURVE('',#1842,#1836,#680,.T.);
#2281=EDGE_CURVE('',#1843,#1838,#681,.T.);
#2282=EDGE_CURVE('',#1844,#1845,#682,.T.);
#2283=EDGE_CURVE('',#1846,#1844,#683,.T.);
#2284=EDGE_CURVE('',#1846,#1847,#684,.T.);
#2285=EDGE_CURVE('',#1847,#1845,#685,.T.);
#2286=EDGE_CURVE('',#1845,#1848,#686,.T.);
#2287=EDGE_CURVE('',#1847,#1849,#687,.T.);
#2288=EDGE_CURVE('',#1849,#1848,#688,.T.);
#2289=EDGE_CURVE('',#1848,#1850,#689,.T.);
#2290=EDGE_CURVE('',#1849,#1851,#690,.T.);
#2291=EDGE_CURVE('',#1851,#1850,#691,.T.);
#2292=EDGE_CURVE('',#1850,#1852,#692,.T.);
#2293=EDGE_CURVE('',#1851,#1853,#693,.T.);
#2294=EDGE_CURVE('',#1853,#1852,#694,.T.);
#2295=EDGE_CURVE('',#1852,#1854,#695,.T.);
#2296=EDGE_CURVE('',#1853,#1855,#696,.T.);
#2297=EDGE_CURVE('',#1855,#1854,#697,.T.);
#2298=EDGE_CURVE('',#1854,#1856,#698,.T.);
#2299=EDGE_CURVE('',#1855,#1857,#699,.T.);
#2300=EDGE_CURVE('',#1857,#1856,#700,.T.);
#2301=EDGE_CURVE('',#1856,#1858,#701,.T.);
#2302=EDGE_CURVE('',#1857,#1859,#702,.T.);
#2303=EDGE_CURVE('',#1859,#1858,#703,.T.);
#2304=EDGE_CURVE('',#1858,#1860,#704,.T.);
#2305=EDGE_CURVE('',#1859,#1861,#705,.T.);
#2306=EDGE_CURVE('',#1861,#1860,#706,.T.);
#2307=EDGE_CURVE('',#1860,#1862,#707,.T.);
#2308=EDGE_CURVE('',#1861,#1863,#708,.T.);
#2309=EDGE_CURVE('',#1863,#1862,#709,.T.);
#2310=EDGE_CURVE('',#1862,#1864,#710,.T.);
#2311=EDGE_CURVE('',#1863,#1865,#711,.T.);
#2312=EDGE_CURVE('',#1865,#1864,#712,.T.);
#2313=EDGE_CURVE('',#1864,#1866,#713,.T.);
#2314=EDGE_CURVE('',#1865,#1867,#714,.T.);
#2315=EDGE_CURVE('',#1867,#1866,#715,.T.);
#2316=EDGE_CURVE('',#1866,#1844,#716,.T.);
#2317=EDGE_CURVE('',#1867,#1846,#717,.T.);
#2318=EDGE_CURVE('',#1868,#1869,#718,.T.);
#2319=EDGE_CURVE('',#1870,#1868,#719,.T.);
#2320=EDGE_CURVE('',#1870,#1871,#720,.T.);
#2321=EDGE_CURVE('',#1871,#1869,#721,.T.);
#2322=EDGE_CURVE('',#1869,#1872,#111,.T.);
#2323=EDGE_CURVE('',#1871,#1873,#101,.T.);
#2324=EDGE_CURVE('',#1873,#1872,#722,.T.);
#2325=EDGE_CURVE('',#1872,#1874,#723,.T.);
#2326=EDGE_CURVE('',#1873,#1875,#724,.T.);
#2327=EDGE_CURVE('',#1875,#1874,#725,.T.);
#2328=EDGE_CURVE('',#1874,#1868,#112,.T.);
#2329=EDGE_CURVE('',#1875,#1870,#102,.T.);
#2330=EDGE_CURVE('',#1876,#1877,#726,.T.);
#2331=EDGE_CURVE('',#1878,#1876,#727,.T.);
#2332=EDGE_CURVE('',#1878,#1879,#728,.T.);
#2333=EDGE_CURVE('',#1879,#1877,#729,.T.);
#2334=EDGE_CURVE('',#1877,#1880,#730,.T.);
#2335=EDGE_CURVE('',#1879,#1881,#731,.T.);
#2336=EDGE_CURVE('',#1881,#1880,#732,.T.);
#2337=EDGE_CURVE('',#1880,#1882,#733,.T.);
#2338=EDGE_CURVE('',#1881,#1883,#734,.T.);
#2339=EDGE_CURVE('',#1883,#1882,#735,.T.);
#2340=EDGE_CURVE('',#1882,#1884,#736,.T.);
#2341=EDGE_CURVE('',#1883,#1885,#737,.T.);
#2342=EDGE_CURVE('',#1885,#1884,#738,.T.);
#2343=EDGE_CURVE('',#1884,#1886,#739,.T.);
#2344=EDGE_CURVE('',#1885,#1887,#740,.T.);
#2345=EDGE_CURVE('',#1887,#1886,#741,.T.);
#2346=EDGE_CURVE('',#1886,#1888,#742,.T.);
#2347=EDGE_CURVE('',#1887,#1889,#743,.T.);
#2348=EDGE_CURVE('',#1889,#1888,#744,.T.);
#2349=EDGE_CURVE('',#1888,#1890,#745,.T.);
#2350=EDGE_CURVE('',#1889,#1891,#746,.T.);
#2351=EDGE_CURVE('',#1891,#1890,#747,.T.);
#2352=EDGE_CURVE('',#1890,#1892,#748,.T.);
#2353=EDGE_CURVE('',#1891,#1893,#749,.T.);
#2354=EDGE_CURVE('',#1893,#1892,#750,.T.);
#2355=EDGE_CURVE('',#1892,#1894,#751,.T.);
#2356=EDGE_CURVE('',#1893,#1895,#752,.T.);
#2357=EDGE_CURVE('',#1895,#1894,#753,.T.);
#2358=EDGE_CURVE('',#1894,#1896,#754,.T.);
#2359=EDGE_CURVE('',#1895,#1897,#755,.T.);
#2360=EDGE_CURVE('',#1897,#1896,#756,.T.);
#2361=EDGE_CURVE('',#1896,#1898,#757,.T.);
#2362=EDGE_CURVE('',#1897,#1899,#758,.T.);
#2363=EDGE_CURVE('',#1899,#1898,#759,.T.);
#2364=EDGE_CURVE('',#1898,#1876,#760,.T.);
#2365=EDGE_CURVE('',#1899,#1878,#761,.T.);
#2366=EDGE_CURVE('',#1900,#1901,#762,.T.);
#2367=EDGE_CURVE('',#1902,#1900,#763,.T.);
#2368=EDGE_CURVE('',#1902,#1903,#764,.T.);
#2369=EDGE_CURVE('',#1903,#1901,#765,.T.);
#2370=EDGE_CURVE('',#1901,#1904,#766,.T.);
#2371=EDGE_CURVE('',#1903,#1905,#767,.T.);
#2372=EDGE_CURVE('',#1905,#1904,#768,.T.);
#2373=EDGE_CURVE('',#1904,#1906,#769,.T.);
#2374=EDGE_CURVE('',#1905,#1907,#770,.T.);
#2375=EDGE_CURVE('',#1907,#1906,#771,.T.);
#2376=EDGE_CURVE('',#1906,#1908,#772,.T.);
#2377=EDGE_CURVE('',#1907,#1909,#773,.T.);
#2378=EDGE_CURVE('',#1909,#1908,#774,.T.);
#2379=EDGE_CURVE('',#1908,#1910,#775,.T.);
#2380=EDGE_CURVE('',#1909,#1911,#776,.T.);
#2381=EDGE_CURVE('',#1911,#1910,#777,.T.);
#2382=EDGE_CURVE('',#1910,#1912,#778,.T.);
#2383=EDGE_CURVE('',#1911,#1913,#779,.T.);
#2384=EDGE_CURVE('',#1913,#1912,#780,.T.);
#2385=EDGE_CURVE('',#1912,#1914,#781,.T.);
#2386=EDGE_CURVE('',#1913,#1915,#782,.T.);
#2387=EDGE_CURVE('',#1915,#1914,#783,.T.);
#2388=EDGE_CURVE('',#1914,#1916,#784,.T.);
#2389=EDGE_CURVE('',#1915,#1917,#785,.T.);
#2390=EDGE_CURVE('',#1917,#1916,#786,.T.);
#2391=EDGE_CURVE('',#1916,#1918,#787,.T.);
#2392=EDGE_CURVE('',#1917,#1919,#788,.T.);
#2393=EDGE_CURVE('',#1919,#1918,#789,.T.);
#2394=EDGE_CURVE('',#1918,#1920,#790,.T.);
#2395=EDGE_CURVE('',#1919,#1921,#791,.T.);
#2396=EDGE_CURVE('',#1921,#1920,#792,.T.);
#2397=EDGE_CURVE('',#1920,#1922,#793,.T.);
#2398=EDGE_CURVE('',#1921,#1923,#794,.T.);
#2399=EDGE_CURVE('',#1923,#1922,#795,.T.);
#2400=EDGE_CURVE('',#1922,#1900,#796,.T.);
#2401=EDGE_CURVE('',#1923,#1902,#797,.T.);
#2402=EDGE_CURVE('',#1924,#1925,#798,.T.);
#2403=EDGE_CURVE('',#1926,#1924,#799,.T.);
#2404=EDGE_CURVE('',#1926,#1927,#800,.T.);
#2405=EDGE_CURVE('',#1927,#1925,#801,.T.);
#2406=EDGE_CURVE('',#1925,#1928,#802,.T.);
#2407=EDGE_CURVE('',#1927,#1929,#803,.T.);
#2408=EDGE_CURVE('',#1929,#1928,#804,.T.);
#2409=EDGE_CURVE('',#1928,#1930,#805,.T.);
#2410=EDGE_CURVE('',#1929,#1931,#806,.T.);
#2411=EDGE_CURVE('',#1931,#1930,#807,.T.);
#2412=EDGE_CURVE('',#1930,#1932,#808,.T.);
#2413=EDGE_CURVE('',#1931,#1933,#809,.T.);
#2414=EDGE_CURVE('',#1933,#1932,#810,.T.);
#2415=EDGE_CURVE('',#1932,#1934,#811,.T.);
#2416=EDGE_CURVE('',#1933,#1935,#812,.T.);
#2417=EDGE_CURVE('',#1935,#1934,#813,.T.);
#2418=EDGE_CURVE('',#1934,#1936,#814,.T.);
#2419=EDGE_CURVE('',#1935,#1937,#815,.T.);
#2420=EDGE_CURVE('',#1937,#1936,#816,.T.);
#2421=EDGE_CURVE('',#1936,#1938,#817,.T.);
#2422=EDGE_CURVE('',#1937,#1939,#818,.T.);
#2423=EDGE_CURVE('',#1939,#1938,#819,.T.);
#2424=EDGE_CURVE('',#1938,#1940,#820,.T.);
#2425=EDGE_CURVE('',#1939,#1941,#821,.T.);
#2426=EDGE_CURVE('',#1941,#1940,#822,.T.);
#2427=EDGE_CURVE('',#1940,#1942,#823,.T.);
#2428=EDGE_CURVE('',#1941,#1943,#824,.T.);
#2429=EDGE_CURVE('',#1943,#1942,#825,.T.);
#2430=EDGE_CURVE('',#1942,#1944,#826,.T.);
#2431=EDGE_CURVE('',#1943,#1945,#827,.T.);
#2432=EDGE_CURVE('',#1945,#1944,#828,.T.);
#2433=EDGE_CURVE('',#1944,#1946,#829,.T.);
#2434=EDGE_CURVE('',#1945,#1947,#830,.T.);
#2435=EDGE_CURVE('',#1947,#1946,#831,.T.);
#2436=EDGE_CURVE('',#1946,#1924,#832,.T.);
#2437=EDGE_CURVE('',#1947,#1926,#833,.T.);
#2438=EDGE_CURVE('',#1948,#1949,#834,.T.);
#2439=EDGE_CURVE('',#1950,#1948,#835,.T.);
#2440=EDGE_CURVE('',#1950,#1951,#836,.T.);
#2441=EDGE_CURVE('',#1951,#1949,#837,.T.);
#2442=EDGE_CURVE('',#1949,#1952,#113,.T.);
#2443=EDGE_CURVE('',#1951,#1953,#103,.T.);
#2444=EDGE_CURVE('',#1953,#1952,#838,.T.);
#2445=EDGE_CURVE('',#1952,#1954,#839,.T.);
#2446=EDGE_CURVE('',#1953,#1955,#840,.T.);
#2447=EDGE_CURVE('',#1955,#1954,#841,.T.);
#2448=EDGE_CURVE('',#1954,#1948,#114,.T.);
#2449=EDGE_CURVE('',#1955,#1950,#104,.T.);
#2450=EDGE_CURVE('',#1956,#1957,#842,.T.);
#2451=EDGE_CURVE('',#1956,#1958,#843,.T.);
#2452=EDGE_CURVE('',#1958,#1959,#844,.T.);
#2453=EDGE_CURVE('',#1960,#1959,#845,.T.);
#2454=EDGE_CURVE('',#1961,#1960,#846,.T.);
#2455=EDGE_CURVE('',#1961,#1957,#847,.T.);
#2456=EDGE_CURVE('',#1962,#1963,#848,.T.);
#2457=EDGE_CURVE('',#1962,#1964,#849,.T.);
#2458=EDGE_CURVE('',#1963,#1964,#850,.T.);
#2459=EDGE_CURVE('',#1957,#1965,#851,.T.);
#2460=EDGE_CURVE('',#1966,#1961,#852,.T.);
#2461=EDGE_CURVE('',#1964,#1966,#853,.T.);
#2462=EDGE_CURVE('',#1965,#1962,#854,.T.);
#2463=EDGE_CURVE('',#1967,#1956,#855,.T.);
#2464=EDGE_CURVE('',#1968,#1967,#856,.T.);
#2465=EDGE_CURVE('',#1969,#1968,#857,.T.);
#2466=EDGE_CURVE('',#1970,#1969,#858,.T.);
#2467=EDGE_CURVE('',#1958,#1970,#859,.T.);
#2468=EDGE_CURVE('',#1959,#1970,#860,.T.);
#2469=EDGE_CURVE('',#1965,#1971,#861,.T.);
#2470=EDGE_CURVE('',#1971,#1972,#862,.T.);
#2471=EDGE_CURVE('',#1972,#1973,#863,.T.);
#2472=EDGE_CURVE('',#1973,#1974,#864,.T.);
#2473=EDGE_CURVE('',#1974,#1975,#865,.T.);
#2474=EDGE_CURVE('',#1975,#1976,#866,.T.);
#2475=EDGE_CURVE('',#1976,#1977,#867,.T.);
#2476=EDGE_CURVE('',#1977,#1978,#868,.T.);
#2477=EDGE_CURVE('',#1978,#1979,#869,.T.);
#2478=EDGE_CURVE('',#1979,#1980,#870,.T.);
#2479=EDGE_CURVE('',#1980,#1981,#871,.T.);
#2480=EDGE_CURVE('',#1981,#1982,#872,.T.);
#2481=EDGE_CURVE('',#1982,#1983,#873,.T.);
#2482=EDGE_CURVE('',#1983,#1984,#874,.T.);
#2483=EDGE_CURVE('',#1984,#1985,#875,.T.);
#2484=EDGE_CURVE('',#1985,#1986,#876,.T.);
#2485=EDGE_CURVE('',#1986,#1987,#877,.T.);
#2486=EDGE_CURVE('',#1987,#1988,#878,.T.);
#2487=EDGE_CURVE('',#1988,#1989,#879,.T.);
#2488=EDGE_CURVE('',#1989,#1990,#880,.T.);
#2489=EDGE_CURVE('',#1990,#1991,#881,.T.);
#2490=EDGE_CURVE('',#1991,#1992,#882,.T.);
#2491=EDGE_CURVE('',#1992,#1993,#883,.T.);
#2492=EDGE_CURVE('',#1993,#1994,#884,.T.);
#2493=EDGE_CURVE('',#1994,#1967,#885,.T.);
#2494=EDGE_CURVE('',#1995,#1996,#886,.T.);
#2495=EDGE_CURVE('',#1996,#1997,#887,.T.);
#2496=EDGE_CURVE('',#1997,#1998,#888,.T.);
#2497=EDGE_CURVE('',#1998,#1995,#889,.T.);
#2498=EDGE_CURVE('',#1999,#2000,#890,.T.);
#2499=EDGE_CURVE('',#2000,#2001,#891,.T.);
#2500=EDGE_CURVE('',#2001,#2002,#892,.T.);
#2501=EDGE_CURVE('',#2002,#1999,#893,.T.);
#2502=EDGE_CURVE('',#2003,#2004,#894,.T.);
#2503=EDGE_CURVE('',#2004,#2005,#895,.T.);
#2504=EDGE_CURVE('',#2005,#2006,#896,.T.);
#2505=EDGE_CURVE('',#2006,#2003,#897,.T.);
#2506=EDGE_CURVE('',#2007,#2008,#898,.T.);
#2507=EDGE_CURVE('',#2008,#2009,#899,.T.);
#2508=EDGE_CURVE('',#2009,#2010,#900,.T.);
#2509=EDGE_CURVE('',#2010,#2007,#901,.T.);
#2510=EDGE_CURVE('',#2011,#2012,#902,.T.);
#2511=EDGE_CURVE('',#2012,#2013,#903,.T.);
#2512=EDGE_CURVE('',#2013,#2014,#904,.T.);
#2513=EDGE_CURVE('',#2014,#2011,#905,.T.);
#2514=EDGE_CURVE('',#2015,#2016,#906,.T.);
#2515=EDGE_CURVE('',#2016,#2017,#907,.T.);
#2516=EDGE_CURVE('',#2017,#2018,#908,.T.);
#2517=EDGE_CURVE('',#2018,#2015,#909,.T.);
#2518=EDGE_CURVE('',#1963,#2019,#910,.T.);
#2519=EDGE_CURVE('',#2020,#2019,#911,.T.);
#2520=EDGE_CURVE('',#2020,#1971,#912,.T.);
#2521=EDGE_CURVE('',#1994,#2021,#913,.T.);
#2522=EDGE_CURVE('',#2021,#2022,#914,.T.);
#2523=EDGE_CURVE('',#2022,#2023,#915,.T.);
#2524=EDGE_CURVE('',#2024,#2023,#916,.T.);
#2525=EDGE_CURVE('',#2024,#2025,#917,.T.);
#2526=EDGE_CURVE('',#2025,#1968,#918,.T.);
#2527=EDGE_CURVE('',#1960,#2026,#919,.T.);
#2528=EDGE_CURVE('',#2027,#2026,#920,.T.);
#2529=EDGE_CURVE('',#2027,#1966,#921,.T.);
#2530=EDGE_CURVE('',#2028,#2027,#922,.T.);
#2531=EDGE_CURVE('',#2019,#2028,#923,.T.);
#2532=EDGE_CURVE('',#1992,#2029,#924,.T.);
#2533=EDGE_CURVE('',#2029,#2030,#925,.T.);
#2534=EDGE_CURVE('',#2031,#2030,#926,.T.);
#2535=EDGE_CURVE('',#2032,#2031,#927,.T.);
#2536=EDGE_CURVE('',#2032,#1993,#928,.T.);
#2537=EDGE_CURVE('',#2021,#2033,#929,.T.);
#2538=EDGE_CURVE('',#2022,#2033,#930,.T.);
#2539=EDGE_CURVE('',#2034,#2032,#931,.T.);
#2540=EDGE_CURVE('',#2033,#2034,#932,.T.);
#2541=EDGE_CURVE('',#2035,#1991,#933,.T.);
#2542=EDGE_CURVE('',#2036,#2035,#934,.T.);
#2543=EDGE_CURVE('',#2037,#2036,#935,.T.);
#2544=EDGE_CURVE('',#2029,#2037,#936,.T.);
#2545=EDGE_CURVE('',#2030,#2037,#937,.T.);
#2546=EDGE_CURVE('',#1990,#2038,#938,.T.);
#2547=EDGE_CURVE('',#2038,#2039,#939,.T.);
#2548=EDGE_CURVE('',#2039,#2040,#940,.T.);
#2549=EDGE_CURVE('',#2041,#2040,#941,.T.);
#2550=EDGE_CURVE('',#2041,#2042,#942,.T.);
#2551=EDGE_CURVE('',#2042,#2035,#943,.T.);
#2552=EDGE_CURVE('',#2031,#2043,#944,.T.);
#2553=EDGE_CURVE('',#2044,#2043,#945,.T.);
#2554=EDGE_CURVE('',#2044,#2034,#946,.T.);
#2555=EDGE_CURVE('',#2045,#2044,#947,.T.);
#2556=EDGE_CURVE('',#2023,#2045,#948,.T.);
#2557=EDGE_CURVE('',#1988,#2046,#949,.T.);
#2558=EDGE_CURVE('',#2046,#2047,#950,.T.);
#2559=EDGE_CURVE('',#2048,#2047,#951,.T.);
#2560=EDGE_CURVE('',#2049,#2048,#952,.T.);
#2561=EDGE_CURVE('',#2049,#1989,#953,.T.);
#2562=EDGE_CURVE('',#2038,#2050,#954,.T.);
#2563=EDGE_CURVE('',#2039,#2050,#955,.T.);
#2564=EDGE_CURVE('',#2051,#2049,#956,.T.);
#2565=EDGE_CURVE('',#2050,#2051,#957,.T.);
#2566=EDGE_CURVE('',#2052,#1987,#958,.T.);
#2567=EDGE_CURVE('',#2053,#2052,#959,.T.);
#2568=EDGE_CURVE('',#2054,#2053,#960,.T.);
#2569=EDGE_CURVE('',#2046,#2054,#961,.T.);
#2570=EDGE_CURVE('',#2047,#2054,#962,.T.);
#2571=EDGE_CURVE('',#1986,#2055,#963,.T.);
#2572=EDGE_CURVE('',#2055,#2056,#964,.T.);
#2573=EDGE_CURVE('',#2056,#2057,#965,.T.);
#2574=EDGE_CURVE('',#2058,#2057,#966,.T.);
#2575=EDGE_CURVE('',#2058,#2059,#967,.T.);
#2576=EDGE_CURVE('',#2059,#2052,#968,.T.);
#2577=EDGE_CURVE('',#2048,#2060,#969,.T.);
#2578=EDGE_CURVE('',#2061,#2060,#970,.T.);
#2579=EDGE_CURVE('',#2061,#2051,#971,.T.);
#2580=EDGE_CURVE('',#2062,#2061,#972,.T.);
#2581=EDGE_CURVE('',#2040,#2062,#973,.T.);
#2582=EDGE_CURVE('',#1984,#2063,#974,.T.);
#2583=EDGE_CURVE('',#2063,#2064,#975,.T.);
#2584=EDGE_CURVE('',#2065,#2064,#976,.T.);
#2585=EDGE_CURVE('',#2066,#2065,#977,.T.);
#2586=EDGE_CURVE('',#2066,#1985,#978,.T.);
#2587=EDGE_CURVE('',#2055,#2067,#979,.T.);
#2588=EDGE_CURVE('',#2056,#2067,#980,.T.);
#2589=EDGE_CURVE('',#2068,#2066,#981,.T.);
#2590=EDGE_CURVE('',#2067,#2068,#982,.T.);
#2591=EDGE_CURVE('',#2069,#1983,#983,.T.);
#2592=EDGE_CURVE('',#2070,#2069,#984,.T.);
#2593=EDGE_CURVE('',#2071,#2070,#985,.T.);
#2594=EDGE_CURVE('',#2063,#2071,#986,.T.);
#2595=EDGE_CURVE('',#2064,#2071,#987,.T.);
#2596=EDGE_CURVE('',#1982,#2072,#988,.T.);
#2597=EDGE_CURVE('',#2073,#2072,#989,.T.);
#2598=EDGE_CURVE('',#2073,#2074,#990,.T.);
#2599=EDGE_CURVE('',#2074,#2069,#991,.T.);
#2600=EDGE_CURVE('',#2065,#2075,#992,.T.);
#2601=EDGE_CURVE('',#2076,#2075,#993,.T.);
#2602=EDGE_CURVE('',#2076,#2068,#994,.T.);
#2603=EDGE_CURVE('',#2077,#2076,#995,.T.);
#2604=EDGE_CURVE('',#2057,#2077,#996,.T.);
#2605=EDGE_CURVE('',#2078,#2079,#997,.T.);
#2606=EDGE_CURVE('',#1980,#2078,#998,.T.);
#2607=EDGE_CURVE('',#2080,#1979,#999,.T.);
#2608=EDGE_CURVE('',#2081,#2080,#1000,.T.);
#2609=EDGE_CURVE('',#2079,#2081,#1001,.T.);
#2610=EDGE_CURVE('',#2082,#1981,#1002,.T.);
#2611=EDGE_CURVE('',#2083,#2082,#1003,.T.);
#2612=EDGE_CURVE('',#2084,#2083,#1004,.T.);
#2613=EDGE_CURVE('',#2072,#2084,#1005,.T.);
#2614=EDGE_CURVE('',#2085,#2078,#1006,.T.);
#2615=EDGE_CURVE('',#2086,#2085,#1007,.T.);
#2616=EDGE_CURVE('',#2082,#2086,#1008,.T.);
#2617=EDGE_CURVE('',#2087,#2085,#1009,.T.);
#2618=EDGE_CURVE('',#2088,#2087,#1010,.T.);
#2619=EDGE_CURVE('',#2086,#2088,#1011,.T.);
#2620=EDGE_CURVE('',#2089,#2088,#1012,.T.);
#2621=EDGE_CURVE('',#2089,#2083,#1013,.T.);
#2622=EDGE_CURVE('',#2090,#2080,#1014,.T.);
#2623=EDGE_CURVE('',#2090,#2081,#1015,.T.);
#2624=EDGE_CURVE('',#1978,#2091,#1016,.T.);
#2625=EDGE_CURVE('',#2092,#2091,#1017,.T.);
#2626=EDGE_CURVE('',#2092,#2090,#1018,.T.);
#2627=EDGE_CURVE('',#2084,#2093,#1019,.T.);
#2628=EDGE_CURVE('',#2093,#2094,#1020,.T.);
#2629=EDGE_CURVE('',#2094,#2073,#1021,.T.);
#2630=EDGE_CURVE('',#2095,#1977,#1022,.T.);
#2631=EDGE_CURVE('',#2096,#2095,#1023,.T.);
#2632=EDGE_CURVE('',#2097,#2096,#1024,.T.);
#2633=EDGE_CURVE('',#2091,#2097,#1025,.T.);
#2634=EDGE_CURVE('',#1976,#2098,#1026,.T.);
#2635=EDGE_CURVE('',#2099,#2098,#1027,.T.);
#2636=EDGE_CURVE('',#2100,#2099,#1028,.T.);
#2637=EDGE_CURVE('',#2095,#2100,#1029,.T.);
#2638=EDGE_CURVE('',#2101,#1975,#1030,.T.);
#2639=EDGE_CURVE('',#2102,#2101,#1031,.T.);
#2640=EDGE_CURVE('',#2103,#2102,#1032,.T.);
#2641=EDGE_CURVE('',#2098,#2103,#1033,.T.);
#2642=EDGE_CURVE('',#2079,#2092,#1034,.T.);
#2643=EDGE_CURVE('',#2097,#2104,#1035,.T.);
#2644=EDGE_CURVE('',#2104,#2087,#1036,.T.);
#2645=EDGE_CURVE('',#2105,#2096,#1037,.T.);
#2646=EDGE_CURVE('',#2104,#2105,#1038,.T.);
#2647=EDGE_CURVE('',#2100,#2106,#1039,.T.);
#2648=EDGE_CURVE('',#2105,#2106,#1040,.T.);
#2649=EDGE_CURVE('',#2107,#2099,#1041,.T.);
#2650=EDGE_CURVE('',#2106,#2107,#1042,.T.);
#2651=EDGE_CURVE('',#2108,#2102,#1043,.T.);
#2652=EDGE_CURVE('',#2109,#2108,#1044,.T.);
#2653=EDGE_CURVE('',#2103,#2109,#1045,.T.);
#2654=EDGE_CURVE('',#2108,#2101,#1046,.T.);
#2655=EDGE_CURVE('',#2110,#1974,#1047,.T.);
#2656=EDGE_CURVE('',#2109,#2110,#1048,.T.);
#2657=EDGE_CURVE('',#2111,#2111,#27,.T.);
#2658=EDGE_CURVE('',#2110,#2112,#1049,.T.);
#2659=EDGE_CURVE('',#2112,#2107,#1050,.T.);
#2660=EDGE_CURVE('',#2113,#2114,#1051,.T.);
#2661=EDGE_CURVE('',#2114,#2115,#1052,.T.);
#2662=EDGE_CURVE('',#2115,#2116,#1053,.T.);
#2663=EDGE_CURVE('',#2116,#2113,#1054,.T.);
#2664=EDGE_CURVE('',#2117,#2118,#1055,.T.);
#2665=EDGE_CURVE('',#2118,#2119,#1056,.T.);
#2666=EDGE_CURVE('',#2119,#2120,#1057,.T.);
#2667=EDGE_CURVE('',#2120,#2117,#1058,.T.);
#2668=EDGE_CURVE('',#2121,#2122,#1059,.T.);
#2669=EDGE_CURVE('',#2122,#2123,#1060,.T.);
#2670=EDGE_CURVE('',#2123,#2124,#1061,.T.);
#2671=EDGE_CURVE('',#2124,#2121,#1062,.T.);
#2672=EDGE_CURVE('',#2093,#2089,#1063,.T.);
#2673=EDGE_CURVE('',#2074,#2070,#1064,.T.);
#2674=EDGE_CURVE('',#2075,#2094,#1065,.T.);
#2675=EDGE_CURVE('',#2077,#2125,#1066,.T.);
#2676=EDGE_CURVE('',#2125,#2058,#1067,.T.);
#2677=EDGE_CURVE('',#2059,#2053,#1068,.T.);
#2678=EDGE_CURVE('',#2060,#2125,#1069,.T.);
#2679=EDGE_CURVE('',#2062,#2126,#1070,.T.);
#2680=EDGE_CURVE('',#2126,#2041,#1071,.T.);
#2681=EDGE_CURVE('',#2042,#2036,#1072,.T.);
#2682=EDGE_CURVE('',#2043,#2126,#1073,.T.);
#2683=EDGE_CURVE('',#2045,#2127,#1074,.T.);
#2684=EDGE_CURVE('',#2127,#2024,#1075,.T.);
#2685=EDGE_CURVE('',#2025,#1969,#1076,.T.);
#2686=EDGE_CURVE('',#2026,#2127,#1077,.T.);
#2687=EDGE_CURVE('',#2028,#2128,#1078,.T.);
#2688=EDGE_CURVE('',#2128,#2020,#1079,.T.);
#2689=EDGE_CURVE('',#2129,#2130,#1080,.T.);
#2690=EDGE_CURVE('',#2124,#2129,#1081,.T.);
#2691=EDGE_CURVE('',#2130,#2123,#1082,.T.);
#2692=EDGE_CURVE('',#2130,#2131,#1083,.T.);
#2693=EDGE_CURVE('',#2122,#2131,#1084,.T.);
#2694=EDGE_CURVE('',#2131,#2132,#1085,.T.);
#2695=EDGE_CURVE('',#2132,#2121,#1086,.T.);
#2696=EDGE_CURVE('',#2132,#2129,#1087,.T.);
#2697=EDGE_CURVE('',#2133,#2133,#28,.T.);
#2698=EDGE_CURVE('',#2133,#2134,#1088,.T.);
#2699=EDGE_CURVE('',#2134,#2134,#29,.T.);
#2700=EDGE_CURVE('',#2135,#2135,#30,.T.);
#2701=EDGE_CURVE('',#2135,#2136,#1089,.T.);
#2702=EDGE_CURVE('',#2136,#2136,#31,.T.);
#2703=EDGE_CURVE('',#2137,#2137,#32,.T.);
#2704=EDGE_CURVE('',#2137,#2138,#1090,.T.);
#2705=EDGE_CURVE('',#2138,#2138,#33,.T.);
#2706=EDGE_CURVE('',#2139,#2139,#34,.T.);
#2707=EDGE_CURVE('',#2139,#2140,#1091,.T.);
#2708=EDGE_CURVE('',#2140,#2140,#35,.T.);
#2709=EDGE_CURVE('',#2141,#2141,#36,.T.);
#2710=EDGE_CURVE('',#2141,#2111,#1092,.T.);
#2711=EDGE_CURVE('',#2142,#2143,#1093,.T.);
#2712=EDGE_CURVE('',#2144,#2142,#1094,.T.);
#2713=EDGE_CURVE('',#2144,#2145,#1095,.T.);
#2714=EDGE_CURVE('',#2143,#2145,#1096,.T.);
#2715=EDGE_CURVE('',#2146,#2146,#37,.T.);
#2716=EDGE_CURVE('',#2146,#2147,#1097,.T.);
#2717=EDGE_CURVE('',#2147,#2147,#38,.T.);
#2718=EDGE_CURVE('',#2148,#2149,#1098,.T.);
#2719=EDGE_CURVE('',#2145,#2148,#1099,.T.);
#2720=EDGE_CURVE('',#2149,#2144,#1100,.T.);
#2721=EDGE_CURVE('',#2143,#2150,#1101,.T.);
#2722=EDGE_CURVE('',#2150,#2148,#1102,.T.);
#2723=EDGE_CURVE('',#2149,#2151,#1103,.T.);
#2724=EDGE_CURVE('',#2151,#2152,#1104,.T.);
#2725=EDGE_CURVE('',#2152,#2153,#1105,.T.);
#2726=EDGE_CURVE('',#2153,#2154,#1106,.T.);
#2727=EDGE_CURVE('',#2155,#2154,#1107,.T.);
#2728=EDGE_CURVE('',#2155,#2150,#1108,.T.);
#2729=EDGE_CURVE('',#2156,#2157,#1109,.T.);
#2730=EDGE_CURVE('',#2158,#2156,#1110,.T.);
#2731=EDGE_CURVE('',#2159,#2158,#1111,.T.);
#2732=EDGE_CURVE('',#2157,#2159,#1112,.T.);
#2733=EDGE_CURVE('',#2153,#2158,#1113,.T.);
#2734=EDGE_CURVE('',#2152,#2159,#1114,.T.);
#2735=EDGE_CURVE('',#2160,#2160,#16,.T.);
#2736=EDGE_CURVE('',#2160,#2161,#1115,.T.);
#2737=EDGE_CURVE('',#2161,#2161,#17,.T.);
#2738=EDGE_CURVE('',#2157,#2151,#1116,.T.);
#2739=EDGE_CURVE('',#2142,#2162,#1117,.T.);
#2740=EDGE_CURVE('',#2162,#2163,#1118,.T.);
#2741=EDGE_CURVE('',#2163,#2164,#1119,.T.);
#2742=EDGE_CURVE('',#2164,#2165,#1120,.T.);
#2743=EDGE_CURVE('',#2165,#2166,#1121,.T.);
#2744=EDGE_CURVE('',#2166,#2167,#1122,.T.);
#2745=EDGE_CURVE('',#2167,#2168,#1123,.T.);
#2746=EDGE_CURVE('',#2168,#2169,#1124,.T.);
#2747=EDGE_CURVE('',#2169,#2156,#1125,.T.);
#2748=EDGE_CURVE('',#2170,#2171,#1126,.T.);
#2749=EDGE_CURVE('',#2172,#2170,#1127,.T.);
#2750=EDGE_CURVE('',#2172,#2173,#1128,.T.);
#2751=EDGE_CURVE('',#2173,#2171,#1129,.T.);
#2752=EDGE_CURVE('',#2174,#2174,#18,.T.);
#2753=EDGE_CURVE('',#2169,#2172,#1130,.T.);
#2754=EDGE_CURVE('',#2173,#2168,#1131,.T.);
#2755=EDGE_CURVE('',#2174,#2175,#1132,.T.);
#2756=EDGE_CURVE('',#2175,#2175,#19,.T.);
#2757=EDGE_CURVE('',#2171,#2167,#1133,.T.);
#2758=EDGE_CURVE('',#2166,#2176,#1134,.T.);
#2759=EDGE_CURVE('',#2177,#2176,#1135,.T.);
#2760=EDGE_CURVE('',#2177,#2170,#1136,.T.);
#2761=EDGE_CURVE('',#2178,#2162,#1137,.T.);
#2762=EDGE_CURVE('',#2178,#2179,#1138,.T.);
#2763=EDGE_CURVE('',#2179,#2163,#1139,.T.);
#2764=EDGE_CURVE('',#2180,#2178,#1140,.T.);
#2765=EDGE_CURVE('',#2180,#2181,#1141,.T.);
#2766=EDGE_CURVE('',#2181,#2179,#1142,.T.);
#2767=EDGE_CURVE('',#2182,#2182,#39,.T.);
#2768=EDGE_CURVE('',#2182,#2183,#1143,.T.);
#2769=EDGE_CURVE('',#2183,#2183,#40,.T.);
#2770=EDGE_CURVE('',#2164,#2181,#1144,.T.);
#2771=EDGE_CURVE('',#2165,#2180,#1145,.T.);
#2772=EDGE_CURVE('',#2184,#2185,#1146,.T.);
#2773=EDGE_CURVE('',#2184,#1998,#1147,.T.);
#2774=EDGE_CURVE('',#1997,#2185,#1148,.T.);
#2775=EDGE_CURVE('',#2185,#2186,#1149,.T.);
#2776=EDGE_CURVE('',#2186,#1996,#1150,.T.);
#2777=EDGE_CURVE('',#2186,#2187,#1151,.T.);
#2778=EDGE_CURVE('',#1995,#2187,#1152,.T.);
#2779=EDGE_CURVE('',#2187,#2184,#1153,.T.);
#2780=EDGE_CURVE('',#2188,#2189,#1154,.T.);
#2781=EDGE_CURVE('',#2188,#2002,#1155,.T.);
#2782=EDGE_CURVE('',#2001,#2189,#1156,.T.);
#2783=EDGE_CURVE('',#2189,#2190,#1157,.T.);
#2784=EDGE_CURVE('',#2190,#2000,#1158,.T.);
#2785=EDGE_CURVE('',#2190,#2191,#1159,.T.);
#2786=EDGE_CURVE('',#1999,#2191,#1160,.T.);
#2787=EDGE_CURVE('',#2191,#2188,#1161,.T.);
#2788=EDGE_CURVE('',#2192,#2193,#1162,.T.);
#2789=EDGE_CURVE('',#2006,#2192,#1163,.T.);
#2790=EDGE_CURVE('',#2193,#2005,#1164,.T.);
#2791=EDGE_CURVE('',#2193,#2194,#1165,.T.);
#2792=EDGE_CURVE('',#2004,#2194,#1166,.T.);
#2793=EDGE_CURVE('',#2194,#2195,#1167,.T.);
#2794=EDGE_CURVE('',#2195,#2003,#1168,.T.);
#2795=EDGE_CURVE('',#2195,#2192,#1169,.T.);
#2796=EDGE_CURVE('',#2196,#2197,#1170,.T.);
#2797=EDGE_CURVE('',#2010,#2196,#1171,.T.);
#2798=EDGE_CURVE('',#2197,#2009,#1172,.T.);
#2799=EDGE_CURVE('',#2197,#2198,#1173,.T.);
#2800=EDGE_CURVE('',#2008,#2198,#1174,.T.);
#2801=EDGE_CURVE('',#2198,#2199,#1175,.T.);
#2802=EDGE_CURVE('',#2199,#2007,#1176,.T.);
#2803=EDGE_CURVE('',#2199,#2196,#1177,.T.);
#2804=EDGE_CURVE('',#2200,#2201,#1178,.T.);
#2805=EDGE_CURVE('',#2014,#2200,#1179,.T.);
#2806=EDGE_CURVE('',#2201,#2013,#1180,.T.);
#2807=EDGE_CURVE('',#2201,#2202,#1181,.T.);
#2808=EDGE_CURVE('',#2012,#2202,#1182,.T.);
#2809=EDGE_CURVE('',#2202,#2203,#1183,.T.);
#2810=EDGE_CURVE('',#2203,#2011,#1184,.T.);
#2811=EDGE_CURVE('',#2203,#2200,#1185,.T.);
#2812=EDGE_CURVE('',#2204,#2205,#1186,.T.);
#2813=EDGE_CURVE('',#2018,#2204,#1187,.T.);
#2814=EDGE_CURVE('',#2205,#2017,#1188,.T.);
#2815=EDGE_CURVE('',#2205,#2206,#1189,.T.);
#2816=EDGE_CURVE('',#2016,#2206,#1190,.T.);
#2817=EDGE_CURVE('',#2206,#2207,#1191,.T.);
#2818=EDGE_CURVE('',#2207,#2015,#1192,.T.);
#2819=EDGE_CURVE('',#2207,#2204,#1193,.T.);
#2820=EDGE_CURVE('',#2208,#2209,#1194,.T.);
#2821=EDGE_CURVE('',#2120,#2208,#1195,.T.);
#2822=EDGE_CURVE('',#2209,#2119,#1196,.T.);
#2823=EDGE_CURVE('',#2209,#2210,#1197,.T.);
#2824=EDGE_CURVE('',#2118,#2210,#1198,.T.);
#2825=EDGE_CURVE('',#2210,#2211,#1199,.T.);
#2826=EDGE_CURVE('',#2211,#2117,#1200,.T.);
#2827=EDGE_CURVE('',#2211,#2208,#1201,.T.);
#2828=EDGE_CURVE('',#2212,#2213,#1202,.T.);
#2829=EDGE_CURVE('',#2116,#2212,#1203,.T.);
#2830=EDGE_CURVE('',#2213,#2115,#1204,.T.);
#2831=EDGE_CURVE('',#2213,#2214,#1205,.T.);
#2832=EDGE_CURVE('',#2114,#2214,#1206,.T.);
#2833=EDGE_CURVE('',#2214,#2215,#1207,.T.);
#2834=EDGE_CURVE('',#2215,#2113,#1208,.T.);
#2835=EDGE_CURVE('',#2215,#2212,#1209,.T.);
#2836=EDGE_CURVE('',#2176,#2155,#1210,.T.);
#2837=EDGE_CURVE('',#2154,#2177,#1211,.T.);
#2838=EDGE_CURVE('',#2128,#1972,#1212,.T.);
#2839=EDGE_CURVE('',#2112,#1973,#1213,.T.);
#2840=ORIENTED_EDGE('',*,*,#2216,.F.);
#2841=ORIENTED_EDGE('',*,*,#2217,.F.);
#2842=ORIENTED_EDGE('',*,*,#2218,.T.);
#2843=ORIENTED_EDGE('',*,*,#2219,.T.);
#2844=ORIENTED_EDGE('',*,*,#2220,.F.);
#2845=ORIENTED_EDGE('',*,*,#2219,.F.);
#2846=ORIENTED_EDGE('',*,*,#2221,.T.);
#2847=ORIENTED_EDGE('',*,*,#2222,.T.);
#2848=ORIENTED_EDGE('',*,*,#2223,.F.);
#2849=ORIENTED_EDGE('',*,*,#2222,.F.);
#2850=ORIENTED_EDGE('',*,*,#2224,.T.);
#2851=ORIENTED_EDGE('',*,*,#2225,.T.);
#2852=ORIENTED_EDGE('',*,*,#2226,.F.);
#2853=ORIENTED_EDGE('',*,*,#2225,.F.);
#2854=ORIENTED_EDGE('',*,*,#2227,.T.);
#2855=ORIENTED_EDGE('',*,*,#2228,.T.);
#2856=ORIENTED_EDGE('',*,*,#2229,.F.);
#2857=ORIENTED_EDGE('',*,*,#2228,.F.);
#2858=ORIENTED_EDGE('',*,*,#2230,.T.);
#2859=ORIENTED_EDGE('',*,*,#2231,.T.);
#2860=ORIENTED_EDGE('',*,*,#2232,.F.);
#2861=ORIENTED_EDGE('',*,*,#2231,.F.);
#2862=ORIENTED_EDGE('',*,*,#2233,.T.);
#2863=ORIENTED_EDGE('',*,*,#2234,.T.);
#2864=ORIENTED_EDGE('',*,*,#2235,.F.);
#2865=ORIENTED_EDGE('',*,*,#2234,.F.);
#2866=ORIENTED_EDGE('',*,*,#2236,.T.);
#2867=ORIENTED_EDGE('',*,*,#2237,.T.);
#2868=ORIENTED_EDGE('',*,*,#2238,.F.);
#2869=ORIENTED_EDGE('',*,*,#2237,.F.);
#2870=ORIENTED_EDGE('',*,*,#2239,.T.);
#2871=ORIENTED_EDGE('',*,*,#2240,.T.);
#2872=ORIENTED_EDGE('',*,*,#2241,.F.);
#2873=ORIENTED_EDGE('',*,*,#2240,.F.);
#2874=ORIENTED_EDGE('',*,*,#2242,.T.);
#2875=ORIENTED_EDGE('',*,*,#2243,.T.);
#2876=ORIENTED_EDGE('',*,*,#2244,.F.);
#2877=ORIENTED_EDGE('',*,*,#2243,.F.);
#2878=ORIENTED_EDGE('',*,*,#2245,.T.);
#2879=ORIENTED_EDGE('',*,*,#2246,.T.);
#2880=ORIENTED_EDGE('',*,*,#2247,.F.);
#2881=ORIENTED_EDGE('',*,*,#2246,.F.);
#2882=ORIENTED_EDGE('',*,*,#2248,.T.);
#2883=ORIENTED_EDGE('',*,*,#2249,.T.);
#2884=ORIENTED_EDGE('',*,*,#2250,.F.);
#2885=ORIENTED_EDGE('',*,*,#2249,.F.);
#2886=ORIENTED_EDGE('',*,*,#2251,.T.);
#2887=ORIENTED_EDGE('',*,*,#2217,.T.);
#2888=ORIENTED_EDGE('',*,*,#2233,.F.);
#2889=ORIENTED_EDGE('',*,*,#2230,.F.);
#2890=ORIENTED_EDGE('',*,*,#2227,.F.);
#2891=ORIENTED_EDGE('',*,*,#2224,.F.);
#2892=ORIENTED_EDGE('',*,*,#2221,.F.);
#2893=ORIENTED_EDGE('',*,*,#2218,.F.);
#2894=ORIENTED_EDGE('',*,*,#2251,.F.);
#2895=ORIENTED_EDGE('',*,*,#2248,.F.);
#2896=ORIENTED_EDGE('',*,*,#2245,.F.);
#2897=ORIENTED_EDGE('',*,*,#2242,.F.);
#2898=ORIENTED_EDGE('',*,*,#2239,.F.);
#2899=ORIENTED_EDGE('',*,*,#2236,.F.);
#2900=ORIENTED_EDGE('',*,*,#2252,.F.);
#2901=ORIENTED_EDGE('',*,*,#2253,.F.);
#2902=ORIENTED_EDGE('',*,*,#2254,.T.);
#2903=ORIENTED_EDGE('',*,*,#2253,.T.);
#2904=ORIENTED_EDGE('',*,*,#2255,.F.);
#2905=ORIENTED_EDGE('',*,*,#2256,.F.);
#2906=ORIENTED_EDGE('',*,*,#2257,.T.);
#2907=ORIENTED_EDGE('',*,*,#2256,.T.);
#2908=ORIENTED_EDGE('',*,*,#2257,.F.);
#2909=ORIENTED_EDGE('',*,*,#2254,.F.);
#2910=ORIENTED_EDGE('',*,*,#2252,.T.);
#2911=ORIENTED_EDGE('',*,*,#2258,.F.);
#2912=ORIENTED_EDGE('',*,*,#2259,.F.);
#2913=ORIENTED_EDGE('',*,*,#2260,.T.);
#2914=ORIENTED_EDGE('',*,*,#2261,.T.);
#2915=ORIENTED_EDGE('',*,*,#2262,.F.);
#2916=ORIENTED_EDGE('',*,*,#2263,.F.);
#2917=ORIENTED_EDGE('',*,*,#2264,.T.);
#2918=ORIENTED_EDGE('',*,*,#2265,.T.);
#2919=ORIENTED_EDGE('',*,*,#2266,.F.);
#2920=ORIENTED_EDGE('',*,*,#2267,.F.);
#2921=ORIENTED_EDGE('',*,*,#2268,.T.);
#2922=ORIENTED_EDGE('',*,*,#2269,.T.);
#2923=ORIENTED_EDGE('',*,*,#2270,.F.);
#2924=ORIENTED_EDGE('',*,*,#2269,.F.);
#2925=ORIENTED_EDGE('',*,*,#2271,.T.);
#2926=ORIENTED_EDGE('',*,*,#2272,.T.);
#2927=ORIENTED_EDGE('',*,*,#2273,.F.);
#2928=ORIENTED_EDGE('',*,*,#2261,.F.);
#2929=ORIENTED_EDGE('',*,*,#2274,.T.);
#2930=ORIENTED_EDGE('',*,*,#2259,.T.);
#2931=ORIENTED_EDGE('',*,*,#2275,.F.);
#2932=ORIENTED_EDGE('',*,*,#2265,.F.);
#2933=ORIENTED_EDGE('',*,*,#2276,.T.);
#2934=ORIENTED_EDGE('',*,*,#2263,.T.);
#2935=ORIENTED_EDGE('',*,*,#2277,.F.);
#2936=ORIENTED_EDGE('',*,*,#2272,.F.);
#2937=ORIENTED_EDGE('',*,*,#2278,.T.);
#2938=ORIENTED_EDGE('',*,*,#2279,.T.);
#2939=ORIENTED_EDGE('',*,*,#2280,.F.);
#2940=ORIENTED_EDGE('',*,*,#2279,.F.);
#2941=ORIENTED_EDGE('',*,*,#2281,.T.);
#2942=ORIENTED_EDGE('',*,*,#2267,.T.);
#2943=ORIENTED_EDGE('',*,*,#2271,.F.);
#2944=ORIENTED_EDGE('',*,*,#2268,.F.);
#2945=ORIENTED_EDGE('',*,*,#2281,.F.);
#2946=ORIENTED_EDGE('',*,*,#2278,.F.);
#2947=ORIENTED_EDGE('',*,*,#2274,.F.);
#2948=ORIENTED_EDGE('',*,*,#2260,.F.);
#2949=ORIENTED_EDGE('',*,*,#2276,.F.);
#2950=ORIENTED_EDGE('',*,*,#2264,.F.);
#2951=ORIENTED_EDGE('',*,*,#2275,.T.);
#2952=ORIENTED_EDGE('',*,*,#2262,.T.);
#2953=ORIENTED_EDGE('',*,*,#2273,.T.);
#2954=ORIENTED_EDGE('',*,*,#2258,.T.);
#2955=ORIENTED_EDGE('',*,*,#2282,.F.);
#2956=ORIENTED_EDGE('',*,*,#2283,.F.);
#2957=ORIENTED_EDGE('',*,*,#2284,.T.);
#2958=ORIENTED_EDGE('',*,*,#2285,.T.);
#2959=ORIENTED_EDGE('',*,*,#2286,.F.);
#2960=ORIENTED_EDGE('',*,*,#2285,.F.);
#2961=ORIENTED_EDGE('',*,*,#2287,.T.);
#2962=ORIENTED_EDGE('',*,*,#2288,.T.);
#2963=ORIENTED_EDGE('',*,*,#2289,.F.);
#2964=ORIENTED_EDGE('',*,*,#2288,.F.);
#2965=ORIENTED_EDGE('',*,*,#2290,.T.);
#2966=ORIENTED_EDGE('',*,*,#2291,.T.);
#2967=ORIENTED_EDGE('',*,*,#2292,.F.);
#2968=ORIENTED_EDGE('',*,*,#2291,.F.);
#2969=ORIENTED_EDGE('',*,*,#2293,.T.);
#2970=ORIENTED_EDGE('',*,*,#2294,.T.);
#2971=ORIENTED_EDGE('',*,*,#2295,.F.);
#2972=ORIENTED_EDGE('',*,*,#2294,.F.);
#2973=ORIENTED_EDGE('',*,*,#2296,.T.);
#2974=ORIENTED_EDGE('',*,*,#2297,.T.);
#2975=ORIENTED_EDGE('',*,*,#2298,.F.);
#2976=ORIENTED_EDGE('',*,*,#2297,.F.);
#2977=ORIENTED_EDGE('',*,*,#2299,.T.);
#2978=ORIENTED_EDGE('',*,*,#2300,.T.);
#2979=ORIENTED_EDGE('',*,*,#2301,.F.);
#2980=ORIENTED_EDGE('',*,*,#2300,.F.);
#2981=ORIENTED_EDGE('',*,*,#2302,.T.);
#2982=ORIENTED_EDGE('',*,*,#2303,.T.);
#2983=ORIENTED_EDGE('',*,*,#2304,.F.);
#2984=ORIENTED_EDGE('',*,*,#2303,.F.);
#2985=ORIENTED_EDGE('',*,*,#2305,.T.);
#2986=ORIENTED_EDGE('',*,*,#2306,.T.);
#2987=ORIENTED_EDGE('',*,*,#2307,.F.);
#2988=ORIENTED_EDGE('',*,*,#2306,.F.);
#2989=ORIENTED_EDGE('',*,*,#2308,.T.);
#2990=ORIENTED_EDGE('',*,*,#2309,.T.);
#2991=ORIENTED_EDGE('',*,*,#2310,.F.);
#2992=ORIENTED_EDGE('',*,*,#2309,.F.);
#2993=ORIENTED_EDGE('',*,*,#2311,.T.);
#2994=ORIENTED_EDGE('',*,*,#2312,.T.);
#2995=ORIENTED_EDGE('',*,*,#2313,.F.);
#2996=ORIENTED_EDGE('',*,*,#2312,.F.);
#2997=ORIENTED_EDGE('',*,*,#2314,.T.);
#2998=ORIENTED_EDGE('',*,*,#2315,.T.);
#2999=ORIENTED_EDGE('',*,*,#2316,.F.);
#3000=ORIENTED_EDGE('',*,*,#2315,.F.);
#3001=ORIENTED_EDGE('',*,*,#2317,.T.);
#3002=ORIENTED_EDGE('',*,*,#2283,.T.);
#3003=ORIENTED_EDGE('',*,*,#2299,.F.);
#3004=ORIENTED_EDGE('',*,*,#2296,.F.);
#3005=ORIENTED_EDGE('',*,*,#2293,.F.);
#3006=ORIENTED_EDGE('',*,*,#2290,.F.);
#3007=ORIENTED_EDGE('',*,*,#2287,.F.);
#3008=ORIENTED_EDGE('',*,*,#2284,.F.);
#3009=ORIENTED_EDGE('',*,*,#2317,.F.);
#3010=ORIENTED_EDGE('',*,*,#2314,.F.);
#3011=ORIENTED_EDGE('',*,*,#2311,.F.);
#3012=ORIENTED_EDGE('',*,*,#2308,.F.);
#3013=ORIENTED_EDGE('',*,*,#2305,.F.);
#3014=ORIENTED_EDGE('',*,*,#2302,.F.);
#3015=ORIENTED_EDGE('',*,*,#2318,.F.);
#3016=ORIENTED_EDGE('',*,*,#2319,.F.);
#3017=ORIENTED_EDGE('',*,*,#2320,.T.);
#3018=ORIENTED_EDGE('',*,*,#2321,.T.);
#3019=ORIENTED_EDGE('',*,*,#2322,.F.);
#3020=ORIENTED_EDGE('',*,*,#2321,.F.);
#3021=ORIENTED_EDGE('',*,*,#2323,.T.);
#3022=ORIENTED_EDGE('',*,*,#2324,.T.);
#3023=ORIENTED_EDGE('',*,*,#2325,.F.);
#3024=ORIENTED_EDGE('',*,*,#2324,.F.);
#3025=ORIENTED_EDGE('',*,*,#2326,.T.);
#3026=ORIENTED_EDGE('',*,*,#2327,.T.);
#3027=ORIENTED_EDGE('',*,*,#2328,.F.);
#3028=ORIENTED_EDGE('',*,*,#2327,.F.);
#3029=ORIENTED_EDGE('',*,*,#2329,.T.);
#3030=ORIENTED_EDGE('',*,*,#2319,.T.);
#3031=ORIENTED_EDGE('',*,*,#2323,.F.);
#3032=ORIENTED_EDGE('',*,*,#2320,.F.);
#3033=ORIENTED_EDGE('',*,*,#2329,.F.);
#3034=ORIENTED_EDGE('',*,*,#2326,.F.);
#3035=ORIENTED_EDGE('',*,*,#2330,.F.);
#3036=ORIENTED_EDGE('',*,*,#2331,.F.);
#3037=ORIENTED_EDGE('',*,*,#2332,.T.);
#3038=ORIENTED_EDGE('',*,*,#2333,.T.);
#3039=ORIENTED_EDGE('',*,*,#2334,.F.);
#3040=ORIENTED_EDGE('',*,*,#2333,.F.);
#3041=ORIENTED_EDGE('',*,*,#2335,.T.);
#3042=ORIENTED_EDGE('',*,*,#2336,.T.);
#3043=ORIENTED_EDGE('',*,*,#2337,.F.);
#3044=ORIENTED_EDGE('',*,*,#2336,.F.);
#3045=ORIENTED_EDGE('',*,*,#2338,.T.);
#3046=ORIENTED_EDGE('',*,*,#2339,.T.);
#3047=ORIENTED_EDGE('',*,*,#2340,.F.);
#3048=ORIENTED_EDGE('',*,*,#2339,.F.);
#3049=ORIENTED_EDGE('',*,*,#2341,.T.);
#3050=ORIENTED_EDGE('',*,*,#2342,.T.);
#3051=ORIENTED_EDGE('',*,*,#2343,.F.);
#3052=ORIENTED_EDGE('',*,*,#2342,.F.);
#3053=ORIENTED_EDGE('',*,*,#2344,.T.);
#3054=ORIENTED_EDGE('',*,*,#2345,.T.);
#3055=ORIENTED_EDGE('',*,*,#2346,.F.);
#3056=ORIENTED_EDGE('',*,*,#2345,.F.);
#3057=ORIENTED_EDGE('',*,*,#2347,.T.);
#3058=ORIENTED_EDGE('',*,*,#2348,.T.);
#3059=ORIENTED_EDGE('',*,*,#2349,.F.);
#3060=ORIENTED_EDGE('',*,*,#2348,.F.);
#3061=ORIENTED_EDGE('',*,*,#2350,.T.);
#3062=ORIENTED_EDGE('',*,*,#2351,.T.);
#3063=ORIENTED_EDGE('',*,*,#2352,.F.);
#3064=ORIENTED_EDGE('',*,*,#2351,.F.);
#3065=ORIENTED_EDGE('',*,*,#2353,.T.);
#3066=ORIENTED_EDGE('',*,*,#2354,.T.);
#3067=ORIENTED_EDGE('',*,*,#2355,.F.);
#3068=ORIENTED_EDGE('',*,*,#2354,.F.);
#3069=ORIENTED_EDGE('',*,*,#2356,.T.);
#3070=ORIENTED_EDGE('',*,*,#2357,.T.);
#3071=ORIENTED_EDGE('',*,*,#2358,.F.);
#3072=ORIENTED_EDGE('',*,*,#2357,.F.);
#3073=ORIENTED_EDGE('',*,*,#2359,.T.);
#3074=ORIENTED_EDGE('',*,*,#2360,.T.);
#3075=ORIENTED_EDGE('',*,*,#2361,.F.);
#3076=ORIENTED_EDGE('',*,*,#2360,.F.);
#3077=ORIENTED_EDGE('',*,*,#2362,.T.);
#3078=ORIENTED_EDGE('',*,*,#2363,.T.);
#3079=ORIENTED_EDGE('',*,*,#2364,.F.);
#3080=ORIENTED_EDGE('',*,*,#2363,.F.);
#3081=ORIENTED_EDGE('',*,*,#2365,.T.);
#3082=ORIENTED_EDGE('',*,*,#2331,.T.);
#3083=ORIENTED_EDGE('',*,*,#2347,.F.);
#3084=ORIENTED_EDGE('',*,*,#2344,.F.);
#3085=ORIENTED_EDGE('',*,*,#2341,.F.);
#3086=ORIENTED_EDGE('',*,*,#2338,.F.);
#3087=ORIENTED_EDGE('',*,*,#2335,.F.);
#3088=ORIENTED_EDGE('',*,*,#2332,.F.);
#3089=ORIENTED_EDGE('',*,*,#2365,.F.);
#3090=ORIENTED_EDGE('',*,*,#2362,.F.);
#3091=ORIENTED_EDGE('',*,*,#2359,.F.);
#3092=ORIENTED_EDGE('',*,*,#2356,.F.);
#3093=ORIENTED_EDGE('',*,*,#2353,.F.);
#3094=ORIENTED_EDGE('',*,*,#2350,.F.);
#3095=ORIENTED_EDGE('',*,*,#2366,.F.);
#3096=ORIENTED_EDGE('',*,*,#2367,.F.);
#3097=ORIENTED_EDGE('',*,*,#2368,.T.);
#3098=ORIENTED_EDGE('',*,*,#2369,.T.);
#3099=ORIENTED_EDGE('',*,*,#2370,.F.);
#3100=ORIENTED_EDGE('',*,*,#2369,.F.);
#3101=ORIENTED_EDGE('',*,*,#2371,.T.);
#3102=ORIENTED_EDGE('',*,*,#2372,.T.);
#3103=ORIENTED_EDGE('',*,*,#2373,.F.);
#3104=ORIENTED_EDGE('',*,*,#2372,.F.);
#3105=ORIENTED_EDGE('',*,*,#2374,.T.);
#3106=ORIENTED_EDGE('',*,*,#2375,.T.);
#3107=ORIENTED_EDGE('',*,*,#2376,.F.);
#3108=ORIENTED_EDGE('',*,*,#2375,.F.);
#3109=ORIENTED_EDGE('',*,*,#2377,.T.);
#3110=ORIENTED_EDGE('',*,*,#2378,.T.);
#3111=ORIENTED_EDGE('',*,*,#2379,.F.);
#3112=ORIENTED_EDGE('',*,*,#2378,.F.);
#3113=ORIENTED_EDGE('',*,*,#2380,.T.);
#3114=ORIENTED_EDGE('',*,*,#2381,.T.);
#3115=ORIENTED_EDGE('',*,*,#2382,.F.);
#3116=ORIENTED_EDGE('',*,*,#2381,.F.);
#3117=ORIENTED_EDGE('',*,*,#2383,.T.);
#3118=ORIENTED_EDGE('',*,*,#2384,.T.);
#3119=ORIENTED_EDGE('',*,*,#2385,.F.);
#3120=ORIENTED_EDGE('',*,*,#2384,.F.);
#3121=ORIENTED_EDGE('',*,*,#2386,.T.);
#3122=ORIENTED_EDGE('',*,*,#2387,.T.);
#3123=ORIENTED_EDGE('',*,*,#2388,.F.);
#3124=ORIENTED_EDGE('',*,*,#2387,.F.);
#3125=ORIENTED_EDGE('',*,*,#2389,.T.);
#3126=ORIENTED_EDGE('',*,*,#2390,.T.);
#3127=ORIENTED_EDGE('',*,*,#2391,.F.);
#3128=ORIENTED_EDGE('',*,*,#2390,.F.);
#3129=ORIENTED_EDGE('',*,*,#2392,.T.);
#3130=ORIENTED_EDGE('',*,*,#2393,.T.);
#3131=ORIENTED_EDGE('',*,*,#2394,.F.);
#3132=ORIENTED_EDGE('',*,*,#2393,.F.);
#3133=ORIENTED_EDGE('',*,*,#2395,.T.);
#3134=ORIENTED_EDGE('',*,*,#2396,.T.);
#3135=ORIENTED_EDGE('',*,*,#2397,.F.);
#3136=ORIENTED_EDGE('',*,*,#2396,.F.);
#3137=ORIENTED_EDGE('',*,*,#2398,.T.);
#3138=ORIENTED_EDGE('',*,*,#2399,.T.);
#3139=ORIENTED_EDGE('',*,*,#2400,.F.);
#3140=ORIENTED_EDGE('',*,*,#2399,.F.);
#3141=ORIENTED_EDGE('',*,*,#2401,.T.);
#3142=ORIENTED_EDGE('',*,*,#2367,.T.);
#3143=ORIENTED_EDGE('',*,*,#2383,.F.);
#3144=ORIENTED_EDGE('',*,*,#2380,.F.);
#3145=ORIENTED_EDGE('',*,*,#2377,.F.);
#3146=ORIENTED_EDGE('',*,*,#2374,.F.);
#3147=ORIENTED_EDGE('',*,*,#2371,.F.);
#3148=ORIENTED_EDGE('',*,*,#2368,.F.);
#3149=ORIENTED_EDGE('',*,*,#2401,.F.);
#3150=ORIENTED_EDGE('',*,*,#2398,.F.);
#3151=ORIENTED_EDGE('',*,*,#2395,.F.);
#3152=ORIENTED_EDGE('',*,*,#2392,.F.);
#3153=ORIENTED_EDGE('',*,*,#2389,.F.);
#3154=ORIENTED_EDGE('',*,*,#2386,.F.);
#3155=ORIENTED_EDGE('',*,*,#2402,.F.);
#3156=ORIENTED_EDGE('',*,*,#2403,.F.);
#3157=ORIENTED_EDGE('',*,*,#2404,.T.);
#3158=ORIENTED_EDGE('',*,*,#2405,.T.);
#3159=ORIENTED_EDGE('',*,*,#2406,.F.);
#3160=ORIENTED_EDGE('',*,*,#2405,.F.);
#3161=ORIENTED_EDGE('',*,*,#2407,.T.);
#3162=ORIENTED_EDGE('',*,*,#2408,.T.);
#3163=ORIENTED_EDGE('',*,*,#2409,.F.);
#3164=ORIENTED_EDGE('',*,*,#2408,.F.);
#3165=ORIENTED_EDGE('',*,*,#2410,.T.);
#3166=ORIENTED_EDGE('',*,*,#2411,.T.);
#3167=ORIENTED_EDGE('',*,*,#2412,.F.);
#3168=ORIENTED_EDGE('',*,*,#2411,.F.);
#3169=ORIENTED_EDGE('',*,*,#2413,.T.);
#3170=ORIENTED_EDGE('',*,*,#2414,.T.);
#3171=ORIENTED_EDGE('',*,*,#2415,.F.);
#3172=ORIENTED_EDGE('',*,*,#2414,.F.);
#3173=ORIENTED_EDGE('',*,*,#2416,.T.);
#3174=ORIENTED_EDGE('',*,*,#2417,.T.);
#3175=ORIENTED_EDGE('',*,*,#2418,.F.);
#3176=ORIENTED_EDGE('',*,*,#2417,.F.);
#3177=ORIENTED_EDGE('',*,*,#2419,.T.);
#3178=ORIENTED_EDGE('',*,*,#2420,.T.);
#3179=ORIENTED_EDGE('',*,*,#2421,.F.);
#3180=ORIENTED_EDGE('',*,*,#2420,.F.);
#3181=ORIENTED_EDGE('',*,*,#2422,.T.);
#3182=ORIENTED_EDGE('',*,*,#2423,.T.);
#3183=ORIENTED_EDGE('',*,*,#2424,.F.);
#3184=ORIENTED_EDGE('',*,*,#2423,.F.);
#3185=ORIENTED_EDGE('',*,*,#2425,.T.);
#3186=ORIENTED_EDGE('',*,*,#2426,.T.);
#3187=ORIENTED_EDGE('',*,*,#2427,.F.);
#3188=ORIENTED_EDGE('',*,*,#2426,.F.);
#3189=ORIENTED_EDGE('',*,*,#2428,.T.);
#3190=ORIENTED_EDGE('',*,*,#2429,.T.);
#3191=ORIENTED_EDGE('',*,*,#2430,.F.);
#3192=ORIENTED_EDGE('',*,*,#2429,.F.);
#3193=ORIENTED_EDGE('',*,*,#2431,.T.);
#3194=ORIENTED_EDGE('',*,*,#2432,.T.);
#3195=ORIENTED_EDGE('',*,*,#2433,.F.);
#3196=ORIENTED_EDGE('',*,*,#2432,.F.);
#3197=ORIENTED_EDGE('',*,*,#2434,.T.);
#3198=ORIENTED_EDGE('',*,*,#2435,.T.);
#3199=ORIENTED_EDGE('',*,*,#2436,.F.);
#3200=ORIENTED_EDGE('',*,*,#2435,.F.);
#3201=ORIENTED_EDGE('',*,*,#2437,.T.);
#3202=ORIENTED_EDGE('',*,*,#2403,.T.);
#3203=ORIENTED_EDGE('',*,*,#2419,.F.);
#3204=ORIENTED_EDGE('',*,*,#2416,.F.);
#3205=ORIENTED_EDGE('',*,*,#2413,.F.);
#3206=ORIENTED_EDGE('',*,*,#2410,.F.);
#3207=ORIENTED_EDGE('',*,*,#2407,.F.);
#3208=ORIENTED_EDGE('',*,*,#2404,.F.);
#3209=ORIENTED_EDGE('',*,*,#2437,.F.);
#3210=ORIENTED_EDGE('',*,*,#2434,.F.);
#3211=ORIENTED_EDGE('',*,*,#2431,.F.);
#3212=ORIENTED_EDGE('',*,*,#2428,.F.);
#3213=ORIENTED_EDGE('',*,*,#2425,.F.);
#3214=ORIENTED_EDGE('',*,*,#2422,.F.);
#3215=ORIENTED_EDGE('',*,*,#2438,.F.);
#3216=ORIENTED_EDGE('',*,*,#2439,.F.);
#3217=ORIENTED_EDGE('',*,*,#2440,.T.);
#3218=ORIENTED_EDGE('',*,*,#2441,.T.);
#3219=ORIENTED_EDGE('',*,*,#2442,.F.);
#3220=ORIENTED_EDGE('',*,*,#2441,.F.);
#3221=ORIENTED_EDGE('',*,*,#2443,.T.);
#3222=ORIENTED_EDGE('',*,*,#2444,.T.);
#3223=ORIENTED_EDGE('',*,*,#2445,.F.);
#3224=ORIENTED_EDGE('',*,*,#2444,.F.);
#3225=ORIENTED_EDGE('',*,*,#2446,.T.);
#3226=ORIENTED_EDGE('',*,*,#2447,.T.);
#3227=ORIENTED_EDGE('',*,*,#2448,.F.);
#3228=ORIENTED_EDGE('',*,*,#2447,.F.);
#3229=ORIENTED_EDGE('',*,*,#2449,.T.);
#3230=ORIENTED_EDGE('',*,*,#2439,.T.);
#3231=ORIENTED_EDGE('',*,*,#2443,.F.);
#3232=ORIENTED_EDGE('',*,*,#2440,.F.);
#3233=ORIENTED_EDGE('',*,*,#2449,.F.);
#3234=ORIENTED_EDGE('',*,*,#2446,.F.);
#3235=ORIENTED_EDGE('',*,*,#2450,.F.);
#3236=ORIENTED_EDGE('',*,*,#2451,.T.);
#3237=ORIENTED_EDGE('',*,*,#2452,.T.);
#3238=ORIENTED_EDGE('',*,*,#2453,.F.);
#3239=ORIENTED_EDGE('',*,*,#2454,.F.);
#3240=ORIENTED_EDGE('',*,*,#2455,.T.);
#3241=ORIENTED_EDGE('',*,*,#2456,.F.);
#3242=ORIENTED_EDGE('',*,*,#2457,.T.);
#3243=ORIENTED_EDGE('',*,*,#2458,.F.);
#3244=ORIENTED_EDGE('',*,*,#2459,.F.);
#3245=ORIENTED_EDGE('',*,*,#2455,.F.);
#3246=ORIENTED_EDGE('',*,*,#2460,.F.);
#3247=ORIENTED_EDGE('',*,*,#2461,.F.);
#3248=ORIENTED_EDGE('',*,*,#2457,.F.);
#3249=ORIENTED_EDGE('',*,*,#2462,.F.);
#3250=ORIENTED_EDGE('',*,*,#2463,.F.);
#3251=ORIENTED_EDGE('',*,*,#2464,.F.);
#3252=ORIENTED_EDGE('',*,*,#2465,.F.);
#3253=ORIENTED_EDGE('',*,*,#2466,.F.);
#3254=ORIENTED_EDGE('',*,*,#2467,.F.);
#3255=ORIENTED_EDGE('',*,*,#2451,.F.);
#3256=ORIENTED_EDGE('',*,*,#2468,.F.);
#3257=ORIENTED_EDGE('',*,*,#2452,.F.);
#3258=ORIENTED_EDGE('',*,*,#2467,.T.);
#3259=ORIENTED_EDGE('',*,*,#2463,.T.);
#3260=ORIENTED_EDGE('',*,*,#2450,.T.);
#3261=ORIENTED_EDGE('',*,*,#2459,.T.);
#3262=ORIENTED_EDGE('',*,*,#2469,.T.);
#3263=ORIENTED_EDGE('',*,*,#2470,.T.);
#3264=ORIENTED_EDGE('',*,*,#2471,.T.);
#3265=ORIENTED_EDGE('',*,*,#2472,.T.);
#3266=ORIENTED_EDGE('',*,*,#2473,.T.);
#3267=ORIENTED_EDGE('',*,*,#2474,.T.);
#3268=ORIENTED_EDGE('',*,*,#2475,.T.);
#3269=ORIENTED_EDGE('',*,*,#2476,.T.);
#3270=ORIENTED_EDGE('',*,*,#2477,.T.);
#3271=ORIENTED_EDGE('',*,*,#2478,.T.);
#3272=ORIENTED_EDGE('',*,*,#2479,.T.);
#3273=ORIENTED_EDGE('',*,*,#2480,.T.);
#3274=ORIENTED_EDGE('',*,*,#2481,.T.);
#3275=ORIENTED_EDGE('',*,*,#2482,.T.);
#3276=ORIENTED_EDGE('',*,*,#2483,.T.);
#3277=ORIENTED_EDGE('',*,*,#2484,.T.);
#3278=ORIENTED_EDGE('',*,*,#2485,.T.);
#3279=ORIENTED_EDGE('',*,*,#2486,.T.);
#3280=ORIENTED_EDGE('',*,*,#2487,.T.);
#3281=ORIENTED_EDGE('',*,*,#2488,.T.);
#3282=ORIENTED_EDGE('',*,*,#2489,.T.);
#3283=ORIENTED_EDGE('',*,*,#2490,.T.);
#3284=ORIENTED_EDGE('',*,*,#2491,.T.);
#3285=ORIENTED_EDGE('',*,*,#2492,.T.);
#3286=ORIENTED_EDGE('',*,*,#2493,.T.);
#3287=ORIENTED_EDGE('',*,*,#2494,.T.);
#3288=ORIENTED_EDGE('',*,*,#2495,.T.);
#3289=ORIENTED_EDGE('',*,*,#2496,.T.);
#3290=ORIENTED_EDGE('',*,*,#2497,.T.);
#3291=ORIENTED_EDGE('',*,*,#2498,.T.);
#3292=ORIENTED_EDGE('',*,*,#2499,.T.);
#3293=ORIENTED_EDGE('',*,*,#2500,.T.);
#3294=ORIENTED_EDGE('',*,*,#2501,.T.);
#3295=ORIENTED_EDGE('',*,*,#2502,.T.);
#3296=ORIENTED_EDGE('',*,*,#2503,.T.);
#3297=ORIENTED_EDGE('',*,*,#2504,.T.);
#3298=ORIENTED_EDGE('',*,*,#2505,.T.);
#3299=ORIENTED_EDGE('',*,*,#2506,.T.);
#3300=ORIENTED_EDGE('',*,*,#2507,.T.);
#3301=ORIENTED_EDGE('',*,*,#2508,.T.);
#3302=ORIENTED_EDGE('',*,*,#2509,.T.);
#3303=ORIENTED_EDGE('',*,*,#2510,.T.);
#3304=ORIENTED_EDGE('',*,*,#2511,.T.);
#3305=ORIENTED_EDGE('',*,*,#2512,.T.);
#3306=ORIENTED_EDGE('',*,*,#2513,.T.);
#3307=ORIENTED_EDGE('',*,*,#2514,.T.);
#3308=ORIENTED_EDGE('',*,*,#2515,.T.);
#3309=ORIENTED_EDGE('',*,*,#2516,.T.);
#3310=ORIENTED_EDGE('',*,*,#2517,.T.);
#3311=ORIENTED_EDGE('',*,*,#2462,.T.);
#3312=ORIENTED_EDGE('',*,*,#2456,.T.);
#3313=ORIENTED_EDGE('',*,*,#2518,.T.);
#3314=ORIENTED_EDGE('',*,*,#2519,.F.);
#3315=ORIENTED_EDGE('',*,*,#2520,.T.);
#3316=ORIENTED_EDGE('',*,*,#2469,.F.);
#3317=ORIENTED_EDGE('',*,*,#2464,.T.);
#3318=ORIENTED_EDGE('',*,*,#2493,.F.);
#3319=ORIENTED_EDGE('',*,*,#2521,.T.);
#3320=ORIENTED_EDGE('',*,*,#2522,.T.);
#3321=ORIENTED_EDGE('',*,*,#2523,.T.);
#3322=ORIENTED_EDGE('',*,*,#2524,.F.);
#3323=ORIENTED_EDGE('',*,*,#2525,.T.);
#3324=ORIENTED_EDGE('',*,*,#2526,.T.);
#3325=ORIENTED_EDGE('',*,*,#2454,.T.);
#3326=ORIENTED_EDGE('',*,*,#2527,.T.);
#3327=ORIENTED_EDGE('',*,*,#2528,.F.);
#3328=ORIENTED_EDGE('',*,*,#2529,.T.);
#3329=ORIENTED_EDGE('',*,*,#2460,.T.);
#3330=ORIENTED_EDGE('',*,*,#2458,.T.);
#3331=ORIENTED_EDGE('',*,*,#2461,.T.);
#3332=ORIENTED_EDGE('',*,*,#2529,.F.);
#3333=ORIENTED_EDGE('',*,*,#2530,.F.);
#3334=ORIENTED_EDGE('',*,*,#2531,.F.);
#3335=ORIENTED_EDGE('',*,*,#2518,.F.);
#3336=ORIENTED_EDGE('',*,*,#2491,.F.);
#3337=ORIENTED_EDGE('',*,*,#2532,.T.);
#3338=ORIENTED_EDGE('',*,*,#2533,.T.);
#3339=ORIENTED_EDGE('',*,*,#2534,.F.);
#3340=ORIENTED_EDGE('',*,*,#2535,.F.);
#3341=ORIENTED_EDGE('',*,*,#2536,.T.);
#3342=ORIENTED_EDGE('',*,*,#2522,.F.);
#3343=ORIENTED_EDGE('',*,*,#2537,.T.);
#3344=ORIENTED_EDGE('',*,*,#2538,.F.);
#3345=ORIENTED_EDGE('',*,*,#2492,.F.);
#3346=ORIENTED_EDGE('',*,*,#2536,.F.);
#3347=ORIENTED_EDGE('',*,*,#2539,.F.);
#3348=ORIENTED_EDGE('',*,*,#2540,.F.);
#3349=ORIENTED_EDGE('',*,*,#2537,.F.);
#3350=ORIENTED_EDGE('',*,*,#2521,.F.);
#3351=ORIENTED_EDGE('',*,*,#2490,.F.);
#3352=ORIENTED_EDGE('',*,*,#2541,.F.);
#3353=ORIENTED_EDGE('',*,*,#2542,.F.);
#3354=ORIENTED_EDGE('',*,*,#2543,.F.);
#3355=ORIENTED_EDGE('',*,*,#2544,.F.);
#3356=ORIENTED_EDGE('',*,*,#2532,.F.);
#3357=ORIENTED_EDGE('',*,*,#2545,.F.);
#3358=ORIENTED_EDGE('',*,*,#2533,.F.);
#3359=ORIENTED_EDGE('',*,*,#2544,.T.);
#3360=ORIENTED_EDGE('',*,*,#2541,.T.);
#3361=ORIENTED_EDGE('',*,*,#2489,.F.);
#3362=ORIENTED_EDGE('',*,*,#2546,.T.);
#3363=ORIENTED_EDGE('',*,*,#2547,.T.);
#3364=ORIENTED_EDGE('',*,*,#2548,.T.);
#3365=ORIENTED_EDGE('',*,*,#2549,.F.);
#3366=ORIENTED_EDGE('',*,*,#2550,.T.);
#3367=ORIENTED_EDGE('',*,*,#2551,.T.);
#3368=ORIENTED_EDGE('',*,*,#2535,.T.);
#3369=ORIENTED_EDGE('',*,*,#2552,.T.);
#3370=ORIENTED_EDGE('',*,*,#2553,.F.);
#3371=ORIENTED_EDGE('',*,*,#2554,.T.);
#3372=ORIENTED_EDGE('',*,*,#2539,.T.);
#3373=ORIENTED_EDGE('',*,*,#2538,.T.);
#3374=ORIENTED_EDGE('',*,*,#2540,.T.);
#3375=ORIENTED_EDGE('',*,*,#2554,.F.);
#3376=ORIENTED_EDGE('',*,*,#2555,.F.);
#3377=ORIENTED_EDGE('',*,*,#2556,.F.);
#3378=ORIENTED_EDGE('',*,*,#2523,.F.);
#3379=ORIENTED_EDGE('',*,*,#2487,.F.);
#3380=ORIENTED_EDGE('',*,*,#2557,.T.);
#3381=ORIENTED_EDGE('',*,*,#2558,.T.);
#3382=ORIENTED_EDGE('',*,*,#2559,.F.);
#3383=ORIENTED_EDGE('',*,*,#2560,.F.);
#3384=ORIENTED_EDGE('',*,*,#2561,.T.);
#3385=ORIENTED_EDGE('',*,*,#2547,.F.);
#3386=ORIENTED_EDGE('',*,*,#2562,.T.);
#3387=ORIENTED_EDGE('',*,*,#2563,.F.);
#3388=ORIENTED_EDGE('',*,*,#2488,.F.);
#3389=ORIENTED_EDGE('',*,*,#2561,.F.);
#3390=ORIENTED_EDGE('',*,*,#2564,.F.);
#3391=ORIENTED_EDGE('',*,*,#2565,.F.);
#3392=ORIENTED_EDGE('',*,*,#2562,.F.);
#3393=ORIENTED_EDGE('',*,*,#2546,.F.);
#3394=ORIENTED_EDGE('',*,*,#2486,.F.);
#3395=ORIENTED_EDGE('',*,*,#2566,.F.);
#3396=ORIENTED_EDGE('',*,*,#2567,.F.);
#3397=ORIENTED_EDGE('',*,*,#2568,.F.);
#3398=ORIENTED_EDGE('',*,*,#2569,.F.);
#3399=ORIENTED_EDGE('',*,*,#2557,.F.);
#3400=ORIENTED_EDGE('',*,*,#2570,.F.);
#3401=ORIENTED_EDGE('',*,*,#2558,.F.);
#3402=ORIENTED_EDGE('',*,*,#2569,.T.);
#3403=ORIENTED_EDGE('',*,*,#2566,.T.);
#3404=ORIENTED_EDGE('',*,*,#2485,.F.);
#3405=ORIENTED_EDGE('',*,*,#2571,.T.);
#3406=ORIENTED_EDGE('',*,*,#2572,.T.);
#3407=ORIENTED_EDGE('',*,*,#2573,.T.);
#3408=ORIENTED_EDGE('',*,*,#2574,.F.);
#3409=ORIENTED_EDGE('',*,*,#2575,.T.);
#3410=ORIENTED_EDGE('',*,*,#2576,.T.);
#3411=ORIENTED_EDGE('',*,*,#2560,.T.);
#3412=ORIENTED_EDGE('',*,*,#2577,.T.);
#3413=ORIENTED_EDGE('',*,*,#2578,.F.);
#3414=ORIENTED_EDGE('',*,*,#2579,.T.);
#3415=ORIENTED_EDGE('',*,*,#2564,.T.);
#3416=ORIENTED_EDGE('',*,*,#2563,.T.);
#3417=ORIENTED_EDGE('',*,*,#2565,.T.);
#3418=ORIENTED_EDGE('',*,*,#2579,.F.);
#3419=ORIENTED_EDGE('',*,*,#2580,.F.);
#3420=ORIENTED_EDGE('',*,*,#2581,.F.);
#3421=ORIENTED_EDGE('',*,*,#2548,.F.);
#3422=ORIENTED_EDGE('',*,*,#2483,.F.);
#3423=ORIENTED_EDGE('',*,*,#2582,.T.);
#3424=ORIENTED_EDGE('',*,*,#2583,.T.);
#3425=ORIENTED_EDGE('',*,*,#2584,.F.);
#3426=ORIENTED_EDGE('',*,*,#2585,.F.);
#3427=ORIENTED_EDGE('',*,*,#2586,.T.);
#3428=ORIENTED_EDGE('',*,*,#2572,.F.);
#3429=ORIENTED_EDGE('',*,*,#2587,.T.);
#3430=ORIENTED_EDGE('',*,*,#2588,.F.);
#3431=ORIENTED_EDGE('',*,*,#2484,.F.);
#3432=ORIENTED_EDGE('',*,*,#2586,.F.);
#3433=ORIENTED_EDGE('',*,*,#2589,.F.);
#3434=ORIENTED_EDGE('',*,*,#2590,.F.);
#3435=ORIENTED_EDGE('',*,*,#2587,.F.);
#3436=ORIENTED_EDGE('',*,*,#2571,.F.);
#3437=ORIENTED_EDGE('',*,*,#2482,.F.);
#3438=ORIENTED_EDGE('',*,*,#2591,.F.);
#3439=ORIENTED_EDGE('',*,*,#2592,.F.);
#3440=ORIENTED_EDGE('',*,*,#2593,.F.);
#3441=ORIENTED_EDGE('',*,*,#2594,.F.);
#3442=ORIENTED_EDGE('',*,*,#2582,.F.);
#3443=ORIENTED_EDGE('',*,*,#2595,.F.);
#3444=ORIENTED_EDGE('',*,*,#2583,.F.);
#3445=ORIENTED_EDGE('',*,*,#2594,.T.);
#3446=ORIENTED_EDGE('',*,*,#2591,.T.);
#3447=ORIENTED_EDGE('',*,*,#2481,.F.);
#3448=ORIENTED_EDGE('',*,*,#2596,.T.);
#3449=ORIENTED_EDGE('',*,*,#2597,.F.);
#3450=ORIENTED_EDGE('',*,*,#2598,.T.);
#3451=ORIENTED_EDGE('',*,*,#2599,.T.);
#3452=ORIENTED_EDGE('',*,*,#2585,.T.);
#3453=ORIENTED_EDGE('',*,*,#2600,.T.);
#3454=ORIENTED_EDGE('',*,*,#2601,.F.);
#3455=ORIENTED_EDGE('',*,*,#2602,.T.);
#3456=ORIENTED_EDGE('',*,*,#2589,.T.);
#3457=ORIENTED_EDGE('',*,*,#2588,.T.);
#3458=ORIENTED_EDGE('',*,*,#2590,.T.);
#3459=ORIENTED_EDGE('',*,*,#2602,.F.);
#3460=ORIENTED_EDGE('',*,*,#2603,.F.);
#3461=ORIENTED_EDGE('',*,*,#2604,.F.);
#3462=ORIENTED_EDGE('',*,*,#2573,.F.);
#3463=ORIENTED_EDGE('',*,*,#2605,.F.);
#3464=ORIENTED_EDGE('',*,*,#2606,.F.);
#3465=ORIENTED_EDGE('',*,*,#2478,.F.);
#3466=ORIENTED_EDGE('',*,*,#2607,.F.);
#3467=ORIENTED_EDGE('',*,*,#2608,.F.);
#3468=ORIENTED_EDGE('',*,*,#2609,.F.);
#3469=ORIENTED_EDGE('',*,*,#2480,.F.);
#3470=ORIENTED_EDGE('',*,*,#2610,.F.);
#3471=ORIENTED_EDGE('',*,*,#2611,.F.);
#3472=ORIENTED_EDGE('',*,*,#2612,.F.);
#3473=ORIENTED_EDGE('',*,*,#2613,.F.);
#3474=ORIENTED_EDGE('',*,*,#2596,.F.);
#3475=ORIENTED_EDGE('',*,*,#2614,.F.);
#3476=ORIENTED_EDGE('',*,*,#2615,.F.);
#3477=ORIENTED_EDGE('',*,*,#2616,.F.);
#3478=ORIENTED_EDGE('',*,*,#2610,.T.);
#3479=ORIENTED_EDGE('',*,*,#2479,.F.);
#3480=ORIENTED_EDGE('',*,*,#2606,.T.);
#3481=ORIENTED_EDGE('',*,*,#2615,.T.);
#3482=ORIENTED_EDGE('',*,*,#2617,.F.);
#3483=ORIENTED_EDGE('',*,*,#2618,.F.);
#3484=ORIENTED_EDGE('',*,*,#2619,.F.);
#3485=ORIENTED_EDGE('',*,*,#2616,.T.);
#3486=ORIENTED_EDGE('',*,*,#2619,.T.);
#3487=ORIENTED_EDGE('',*,*,#2620,.F.);
#3488=ORIENTED_EDGE('',*,*,#2621,.T.);
#3489=ORIENTED_EDGE('',*,*,#2611,.T.);
#3490=ORIENTED_EDGE('',*,*,#2608,.T.);
#3491=ORIENTED_EDGE('',*,*,#2622,.F.);
#3492=ORIENTED_EDGE('',*,*,#2623,.T.);
#3493=ORIENTED_EDGE('',*,*,#2607,.T.);
#3494=ORIENTED_EDGE('',*,*,#2477,.F.);
#3495=ORIENTED_EDGE('',*,*,#2624,.T.);
#3496=ORIENTED_EDGE('',*,*,#2625,.F.);
#3497=ORIENTED_EDGE('',*,*,#2626,.T.);
#3498=ORIENTED_EDGE('',*,*,#2622,.T.);
#3499=ORIENTED_EDGE('',*,*,#2613,.T.);
#3500=ORIENTED_EDGE('',*,*,#2627,.T.);
#3501=ORIENTED_EDGE('',*,*,#2628,.T.);
#3502=ORIENTED_EDGE('',*,*,#2629,.T.);
#3503=ORIENTED_EDGE('',*,*,#2597,.T.);
#3504=ORIENTED_EDGE('',*,*,#2476,.F.);
#3505=ORIENTED_EDGE('',*,*,#2630,.F.);
#3506=ORIENTED_EDGE('',*,*,#2631,.F.);
#3507=ORIENTED_EDGE('',*,*,#2632,.F.);
#3508=ORIENTED_EDGE('',*,*,#2633,.F.);
#3509=ORIENTED_EDGE('',*,*,#2624,.F.);
#3510=ORIENTED_EDGE('',*,*,#2475,.F.);
#3511=ORIENTED_EDGE('',*,*,#2634,.T.);
#3512=ORIENTED_EDGE('',*,*,#2635,.F.);
#3513=ORIENTED_EDGE('',*,*,#2636,.F.);
#3514=ORIENTED_EDGE('',*,*,#2637,.F.);
#3515=ORIENTED_EDGE('',*,*,#2630,.T.);
#3516=ORIENTED_EDGE('',*,*,#2474,.F.);
#3517=ORIENTED_EDGE('',*,*,#2638,.F.);
#3518=ORIENTED_EDGE('',*,*,#2639,.F.);
#3519=ORIENTED_EDGE('',*,*,#2640,.F.);
#3520=ORIENTED_EDGE('',*,*,#2641,.F.);
#3521=ORIENTED_EDGE('',*,*,#2634,.F.);
#3522=ORIENTED_EDGE('',*,*,#2605,.T.);
#3523=ORIENTED_EDGE('',*,*,#2642,.T.);
#3524=ORIENTED_EDGE('',*,*,#2625,.T.);
#3525=ORIENTED_EDGE('',*,*,#2633,.T.);
#3526=ORIENTED_EDGE('',*,*,#2643,.T.);
#3527=ORIENTED_EDGE('',*,*,#2644,.T.);
#3528=ORIENTED_EDGE('',*,*,#2617,.T.);
#3529=ORIENTED_EDGE('',*,*,#2614,.T.);
#3530=ORIENTED_EDGE('',*,*,#2632,.T.);
#3531=ORIENTED_EDGE('',*,*,#2645,.F.);
#3532=ORIENTED_EDGE('',*,*,#2646,.F.);
#3533=ORIENTED_EDGE('',*,*,#2643,.F.);
#3534=ORIENTED_EDGE('',*,*,#2631,.T.);
#3535=ORIENTED_EDGE('',*,*,#2637,.T.);
#3536=ORIENTED_EDGE('',*,*,#2647,.T.);
#3537=ORIENTED_EDGE('',*,*,#2648,.F.);
#3538=ORIENTED_EDGE('',*,*,#2645,.T.);
#3539=ORIENTED_EDGE('',*,*,#2636,.T.);
#3540=ORIENTED_EDGE('',*,*,#2649,.F.);
#3541=ORIENTED_EDGE('',*,*,#2650,.F.);
#3542=ORIENTED_EDGE('',*,*,#2647,.F.);
#3543=ORIENTED_EDGE('',*,*,#2640,.T.);
#3544=ORIENTED_EDGE('',*,*,#2651,.F.);
#3545=ORIENTED_EDGE('',*,*,#2652,.F.);
#3546=ORIENTED_EDGE('',*,*,#2653,.F.);
#3547=ORIENTED_EDGE('',*,*,#2639,.T.);
#3548=ORIENTED_EDGE('',*,*,#2654,.F.);
#3549=ORIENTED_EDGE('',*,*,#2651,.T.);
#3550=ORIENTED_EDGE('',*,*,#2638,.T.);
#3551=ORIENTED_EDGE('',*,*,#2473,.F.);
#3552=ORIENTED_EDGE('',*,*,#2655,.F.);
#3553=ORIENTED_EDGE('',*,*,#2656,.F.);
#3554=ORIENTED_EDGE('',*,*,#2652,.T.);
#3555=ORIENTED_EDGE('',*,*,#2654,.T.);
#3556=ORIENTED_EDGE('',*,*,#2657,.T.);
#3557=ORIENTED_EDGE('',*,*,#2641,.T.);
#3558=ORIENTED_EDGE('',*,*,#2653,.T.);
#3559=ORIENTED_EDGE('',*,*,#2656,.T.);
#3560=ORIENTED_EDGE('',*,*,#2658,.T.);
#3561=ORIENTED_EDGE('',*,*,#2659,.T.);
#3562=ORIENTED_EDGE('',*,*,#2649,.T.);
#3563=ORIENTED_EDGE('',*,*,#2635,.T.);
#3564=ORIENTED_EDGE('',*,*,#2255,.T.);
#3565=ORIENTED_EDGE('',*,*,#2301,.T.);
#3566=ORIENTED_EDGE('',*,*,#2304,.T.);
#3567=ORIENTED_EDGE('',*,*,#2307,.T.);
#3568=ORIENTED_EDGE('',*,*,#2310,.T.);
#3569=ORIENTED_EDGE('',*,*,#2313,.T.);
#3570=ORIENTED_EDGE('',*,*,#2316,.T.);
#3571=ORIENTED_EDGE('',*,*,#2282,.T.);
#3572=ORIENTED_EDGE('',*,*,#2286,.T.);
#3573=ORIENTED_EDGE('',*,*,#2289,.T.);
#3574=ORIENTED_EDGE('',*,*,#2292,.T.);
#3575=ORIENTED_EDGE('',*,*,#2295,.T.);
#3576=ORIENTED_EDGE('',*,*,#2298,.T.);
#3577=ORIENTED_EDGE('',*,*,#2660,.T.);
#3578=ORIENTED_EDGE('',*,*,#2661,.T.);
#3579=ORIENTED_EDGE('',*,*,#2662,.T.);
#3580=ORIENTED_EDGE('',*,*,#2663,.T.);
#3581=ORIENTED_EDGE('',*,*,#2664,.T.);
#3582=ORIENTED_EDGE('',*,*,#2665,.T.);
#3583=ORIENTED_EDGE('',*,*,#2666,.T.);
#3584=ORIENTED_EDGE('',*,*,#2667,.T.);
#3585=ORIENTED_EDGE('',*,*,#2668,.T.);
#3586=ORIENTED_EDGE('',*,*,#2669,.T.);
#3587=ORIENTED_EDGE('',*,*,#2670,.T.);
#3588=ORIENTED_EDGE('',*,*,#2671,.T.);
#3589=ORIENTED_EDGE('',*,*,#2445,.T.);
#3590=ORIENTED_EDGE('',*,*,#2448,.T.);
#3591=ORIENTED_EDGE('',*,*,#2438,.T.);
#3592=ORIENTED_EDGE('',*,*,#2442,.T.);
#3593=ORIENTED_EDGE('',*,*,#2421,.T.);
#3594=ORIENTED_EDGE('',*,*,#2424,.T.);
#3595=ORIENTED_EDGE('',*,*,#2427,.T.);
#3596=ORIENTED_EDGE('',*,*,#2430,.T.);
#3597=ORIENTED_EDGE('',*,*,#2433,.T.);
#3598=ORIENTED_EDGE('',*,*,#2436,.T.);
#3599=ORIENTED_EDGE('',*,*,#2402,.T.);
#3600=ORIENTED_EDGE('',*,*,#2406,.T.);
#3601=ORIENTED_EDGE('',*,*,#2409,.T.);
#3602=ORIENTED_EDGE('',*,*,#2412,.T.);
#3603=ORIENTED_EDGE('',*,*,#2415,.T.);
#3604=ORIENTED_EDGE('',*,*,#2418,.T.);
#3605=ORIENTED_EDGE('',*,*,#2385,.T.);
#3606=ORIENTED_EDGE('',*,*,#2388,.T.);
#3607=ORIENTED_EDGE('',*,*,#2391,.T.);
#3608=ORIENTED_EDGE('',*,*,#2394,.T.);
#3609=ORIENTED_EDGE('',*,*,#2397,.T.);
#3610=ORIENTED_EDGE('',*,*,#2400,.T.);
#3611=ORIENTED_EDGE('',*,*,#2366,.T.);
#3612=ORIENTED_EDGE('',*,*,#2370,.T.);
#3613=ORIENTED_EDGE('',*,*,#2373,.T.);
#3614=ORIENTED_EDGE('',*,*,#2376,.T.);
#3615=ORIENTED_EDGE('',*,*,#2379,.T.);
#3616=ORIENTED_EDGE('',*,*,#2382,.T.);
#3617=ORIENTED_EDGE('',*,*,#2349,.T.);
#3618=ORIENTED_EDGE('',*,*,#2352,.T.);
#3619=ORIENTED_EDGE('',*,*,#2355,.T.);
#3620=ORIENTED_EDGE('',*,*,#2358,.T.);
#3621=ORIENTED_EDGE('',*,*,#2361,.T.);
#3622=ORIENTED_EDGE('',*,*,#2364,.T.);
#3623=ORIENTED_EDGE('',*,*,#2330,.T.);
#3624=ORIENTED_EDGE('',*,*,#2334,.T.);
#3625=ORIENTED_EDGE('',*,*,#2337,.T.);
#3626=ORIENTED_EDGE('',*,*,#2340,.T.);
#3627=ORIENTED_EDGE('',*,*,#2343,.T.);
#3628=ORIENTED_EDGE('',*,*,#2346,.T.);
#3629=ORIENTED_EDGE('',*,*,#2325,.T.);
#3630=ORIENTED_EDGE('',*,*,#2328,.T.);
#3631=ORIENTED_EDGE('',*,*,#2318,.T.);
#3632=ORIENTED_EDGE('',*,*,#2322,.T.);
#3633=ORIENTED_EDGE('',*,*,#2277,.T.);
#3634=ORIENTED_EDGE('',*,*,#2280,.T.);
#3635=ORIENTED_EDGE('',*,*,#2266,.T.);
#3636=ORIENTED_EDGE('',*,*,#2270,.T.);
#3637=ORIENTED_EDGE('',*,*,#2235,.T.);
#3638=ORIENTED_EDGE('',*,*,#2238,.T.);
#3639=ORIENTED_EDGE('',*,*,#2241,.T.);
#3640=ORIENTED_EDGE('',*,*,#2244,.T.);
#3641=ORIENTED_EDGE('',*,*,#2247,.T.);
#3642=ORIENTED_EDGE('',*,*,#2250,.T.);
#3643=ORIENTED_EDGE('',*,*,#2216,.T.);
#3644=ORIENTED_EDGE('',*,*,#2220,.T.);
#3645=ORIENTED_EDGE('',*,*,#2223,.T.);
#3646=ORIENTED_EDGE('',*,*,#2226,.T.);
#3647=ORIENTED_EDGE('',*,*,#2229,.T.);
#3648=ORIENTED_EDGE('',*,*,#2232,.T.);
#3649=ORIENTED_EDGE('',*,*,#2609,.T.);
#3650=ORIENTED_EDGE('',*,*,#2623,.F.);
#3651=ORIENTED_EDGE('',*,*,#2626,.F.);
#3652=ORIENTED_EDGE('',*,*,#2642,.F.);
#3653=ORIENTED_EDGE('',*,*,#2612,.T.);
#3654=ORIENTED_EDGE('',*,*,#2621,.F.);
#3655=ORIENTED_EDGE('',*,*,#2672,.F.);
#3656=ORIENTED_EDGE('',*,*,#2627,.F.);
#3657=ORIENTED_EDGE('',*,*,#2593,.T.);
#3658=ORIENTED_EDGE('',*,*,#2673,.F.);
#3659=ORIENTED_EDGE('',*,*,#2598,.F.);
#3660=ORIENTED_EDGE('',*,*,#2629,.F.);
#3661=ORIENTED_EDGE('',*,*,#2674,.F.);
#3662=ORIENTED_EDGE('',*,*,#2600,.F.);
#3663=ORIENTED_EDGE('',*,*,#2584,.T.);
#3664=ORIENTED_EDGE('',*,*,#2595,.T.);
#3665=ORIENTED_EDGE('',*,*,#2592,.T.);
#3666=ORIENTED_EDGE('',*,*,#2599,.F.);
#3667=ORIENTED_EDGE('',*,*,#2673,.T.);
#3668=ORIENTED_EDGE('',*,*,#2604,.T.);
#3669=ORIENTED_EDGE('',*,*,#2675,.T.);
#3670=ORIENTED_EDGE('',*,*,#2676,.T.);
#3671=ORIENTED_EDGE('',*,*,#2574,.T.);
#3672=ORIENTED_EDGE('',*,*,#2568,.T.);
#3673=ORIENTED_EDGE('',*,*,#2677,.F.);
#3674=ORIENTED_EDGE('',*,*,#2575,.F.);
#3675=ORIENTED_EDGE('',*,*,#2676,.F.);
#3676=ORIENTED_EDGE('',*,*,#2678,.F.);
#3677=ORIENTED_EDGE('',*,*,#2577,.F.);
#3678=ORIENTED_EDGE('',*,*,#2559,.T.);
#3679=ORIENTED_EDGE('',*,*,#2570,.T.);
#3680=ORIENTED_EDGE('',*,*,#2567,.T.);
#3681=ORIENTED_EDGE('',*,*,#2576,.F.);
#3682=ORIENTED_EDGE('',*,*,#2677,.T.);
#3683=ORIENTED_EDGE('',*,*,#2581,.T.);
#3684=ORIENTED_EDGE('',*,*,#2679,.T.);
#3685=ORIENTED_EDGE('',*,*,#2680,.T.);
#3686=ORIENTED_EDGE('',*,*,#2549,.T.);
#3687=ORIENTED_EDGE('',*,*,#2543,.T.);
#3688=ORIENTED_EDGE('',*,*,#2681,.F.);
#3689=ORIENTED_EDGE('',*,*,#2550,.F.);
#3690=ORIENTED_EDGE('',*,*,#2680,.F.);
#3691=ORIENTED_EDGE('',*,*,#2682,.F.);
#3692=ORIENTED_EDGE('',*,*,#2552,.F.);
#3693=ORIENTED_EDGE('',*,*,#2534,.T.);
#3694=ORIENTED_EDGE('',*,*,#2545,.T.);
#3695=ORIENTED_EDGE('',*,*,#2542,.T.);
#3696=ORIENTED_EDGE('',*,*,#2551,.F.);
#3697=ORIENTED_EDGE('',*,*,#2681,.T.);
#3698=ORIENTED_EDGE('',*,*,#2556,.T.);
#3699=ORIENTED_EDGE('',*,*,#2683,.T.);
#3700=ORIENTED_EDGE('',*,*,#2684,.T.);
#3701=ORIENTED_EDGE('',*,*,#2524,.T.);
#3702=ORIENTED_EDGE('',*,*,#2466,.T.);
#3703=ORIENTED_EDGE('',*,*,#2685,.F.);
#3704=ORIENTED_EDGE('',*,*,#2525,.F.);
#3705=ORIENTED_EDGE('',*,*,#2684,.F.);
#3706=ORIENTED_EDGE('',*,*,#2686,.F.);
#3707=ORIENTED_EDGE('',*,*,#2527,.F.);
#3708=ORIENTED_EDGE('',*,*,#2453,.T.);
#3709=ORIENTED_EDGE('',*,*,#2468,.T.);
#3710=ORIENTED_EDGE('',*,*,#2465,.T.);
#3711=ORIENTED_EDGE('',*,*,#2526,.F.);
#3712=ORIENTED_EDGE('',*,*,#2685,.T.);
#3713=ORIENTED_EDGE('',*,*,#2531,.T.);
#3714=ORIENTED_EDGE('',*,*,#2687,.T.);
#3715=ORIENTED_EDGE('',*,*,#2688,.T.);
#3716=ORIENTED_EDGE('',*,*,#2519,.T.);
#3717=ORIENTED_EDGE('',*,*,#2689,.F.);
#3718=ORIENTED_EDGE('',*,*,#2690,.F.);
#3719=ORIENTED_EDGE('',*,*,#2670,.F.);
#3720=ORIENTED_EDGE('',*,*,#2691,.F.);
#3721=ORIENTED_EDGE('',*,*,#2692,.F.);
#3722=ORIENTED_EDGE('',*,*,#2691,.T.);
#3723=ORIENTED_EDGE('',*,*,#2669,.F.);
#3724=ORIENTED_EDGE('',*,*,#2693,.T.);
#3725=ORIENTED_EDGE('',*,*,#2694,.F.);
#3726=ORIENTED_EDGE('',*,*,#2693,.F.);
#3727=ORIENTED_EDGE('',*,*,#2668,.F.);
#3728=ORIENTED_EDGE('',*,*,#2695,.F.);
#3729=ORIENTED_EDGE('',*,*,#2696,.F.);
#3730=ORIENTED_EDGE('',*,*,#2695,.T.);
#3731=ORIENTED_EDGE('',*,*,#2671,.F.);
#3732=ORIENTED_EDGE('',*,*,#2690,.T.);
#3733=ORIENTED_EDGE('',*,*,#2697,.F.);
#3734=ORIENTED_EDGE('',*,*,#2698,.T.);
#3735=ORIENTED_EDGE('',*,*,#2699,.F.);
#3736=ORIENTED_EDGE('',*,*,#2698,.F.);
#3737=ORIENTED_EDGE('',*,*,#2699,.T.);
#3738=ORIENTED_EDGE('',*,*,#2700,.F.);
#3739=ORIENTED_EDGE('',*,*,#2701,.T.);
#3740=ORIENTED_EDGE('',*,*,#2702,.F.);
#3741=ORIENTED_EDGE('',*,*,#2701,.F.);
#3742=ORIENTED_EDGE('',*,*,#2702,.T.);
#3743=ORIENTED_EDGE('',*,*,#2703,.F.);
#3744=ORIENTED_EDGE('',*,*,#2704,.T.);
#3745=ORIENTED_EDGE('',*,*,#2705,.F.);
#3746=ORIENTED_EDGE('',*,*,#2704,.F.);
#3747=ORIENTED_EDGE('',*,*,#2705,.T.);
#3748=ORIENTED_EDGE('',*,*,#2706,.F.);
#3749=ORIENTED_EDGE('',*,*,#2707,.T.);
#3750=ORIENTED_EDGE('',*,*,#2708,.F.);
#3751=ORIENTED_EDGE('',*,*,#2707,.F.);
#3752=ORIENTED_EDGE('',*,*,#2708,.T.);
#3753=ORIENTED_EDGE('',*,*,#2709,.F.);
#3754=ORIENTED_EDGE('',*,*,#2710,.T.);
#3755=ORIENTED_EDGE('',*,*,#2657,.F.);
#3756=ORIENTED_EDGE('',*,*,#2710,.F.);
#3757=ORIENTED_EDGE('',*,*,#2711,.F.);
#3758=ORIENTED_EDGE('',*,*,#2712,.F.);
#3759=ORIENTED_EDGE('',*,*,#2713,.T.);
#3760=ORIENTED_EDGE('',*,*,#2714,.F.);
#3761=ORIENTED_EDGE('',*,*,#2715,.F.);
#3762=ORIENTED_EDGE('',*,*,#2716,.T.);
#3763=ORIENTED_EDGE('',*,*,#2717,.F.);
#3764=ORIENTED_EDGE('',*,*,#2716,.F.);
#3765=ORIENTED_EDGE('',*,*,#2717,.T.);
#3766=ORIENTED_EDGE('',*,*,#2718,.F.);
#3767=ORIENTED_EDGE('',*,*,#2719,.F.);
#3768=ORIENTED_EDGE('',*,*,#2713,.F.);
#3769=ORIENTED_EDGE('',*,*,#2720,.F.);
#3770=ORIENTED_EDGE('',*,*,#2721,.F.);
#3771=ORIENTED_EDGE('',*,*,#2714,.T.);
#3772=ORIENTED_EDGE('',*,*,#2719,.T.);
#3773=ORIENTED_EDGE('',*,*,#2722,.F.);
#3774=ORIENTED_EDGE('',*,*,#2715,.T.);
#3775=ORIENTED_EDGE('',*,*,#2722,.T.);
#3776=ORIENTED_EDGE('',*,*,#2718,.T.);
#3777=ORIENTED_EDGE('',*,*,#2723,.T.);
#3778=ORIENTED_EDGE('',*,*,#2724,.T.);
#3779=ORIENTED_EDGE('',*,*,#2725,.T.);
#3780=ORIENTED_EDGE('',*,*,#2726,.T.);
#3781=ORIENTED_EDGE('',*,*,#2727,.F.);
#3782=ORIENTED_EDGE('',*,*,#2728,.T.);
#3783=ORIENTED_EDGE('',*,*,#2729,.F.);
#3784=ORIENTED_EDGE('',*,*,#2730,.F.);
#3785=ORIENTED_EDGE('',*,*,#2731,.F.);
#3786=ORIENTED_EDGE('',*,*,#2732,.F.);
#3787=ORIENTED_EDGE('',*,*,#2733,.F.);
#3788=ORIENTED_EDGE('',*,*,#2725,.F.);
#3789=ORIENTED_EDGE('',*,*,#2734,.T.);
#3790=ORIENTED_EDGE('',*,*,#2731,.T.);
#3791=ORIENTED_EDGE('',*,*,#2735,.T.);
#3792=ORIENTED_EDGE('',*,*,#2735,.F.);
#3793=ORIENTED_EDGE('',*,*,#2736,.T.);
#3794=ORIENTED_EDGE('',*,*,#2737,.F.);
#3795=ORIENTED_EDGE('',*,*,#2736,.F.);
#3796=ORIENTED_EDGE('',*,*,#2737,.T.);
#3797=ORIENTED_EDGE('',*,*,#2738,.F.);
#3798=ORIENTED_EDGE('',*,*,#2732,.T.);
#3799=ORIENTED_EDGE('',*,*,#2734,.F.);
#3800=ORIENTED_EDGE('',*,*,#2724,.F.);
#3801=ORIENTED_EDGE('',*,*,#2712,.T.);
#3802=ORIENTED_EDGE('',*,*,#2739,.T.);
#3803=ORIENTED_EDGE('',*,*,#2740,.T.);
#3804=ORIENTED_EDGE('',*,*,#2741,.T.);
#3805=ORIENTED_EDGE('',*,*,#2742,.T.);
#3806=ORIENTED_EDGE('',*,*,#2743,.T.);
#3807=ORIENTED_EDGE('',*,*,#2744,.T.);
#3808=ORIENTED_EDGE('',*,*,#2745,.T.);
#3809=ORIENTED_EDGE('',*,*,#2746,.T.);
#3810=ORIENTED_EDGE('',*,*,#2747,.T.);
#3811=ORIENTED_EDGE('',*,*,#2729,.T.);
#3812=ORIENTED_EDGE('',*,*,#2738,.T.);
#3813=ORIENTED_EDGE('',*,*,#2723,.F.);
#3814=ORIENTED_EDGE('',*,*,#2720,.T.);
#3815=ORIENTED_EDGE('',*,*,#2709,.T.);
#3816=ORIENTED_EDGE('',*,*,#2748,.F.);
#3817=ORIENTED_EDGE('',*,*,#2749,.F.);
#3818=ORIENTED_EDGE('',*,*,#2750,.T.);
#3819=ORIENTED_EDGE('',*,*,#2751,.T.);
#3820=ORIENTED_EDGE('',*,*,#2752,.T.);
#3821=ORIENTED_EDGE('',*,*,#2753,.F.);
#3822=ORIENTED_EDGE('',*,*,#2746,.F.);
#3823=ORIENTED_EDGE('',*,*,#2754,.F.);
#3824=ORIENTED_EDGE('',*,*,#2750,.F.);
#3825=ORIENTED_EDGE('',*,*,#2752,.F.);
#3826=ORIENTED_EDGE('',*,*,#2755,.T.);
#3827=ORIENTED_EDGE('',*,*,#2756,.F.);
#3828=ORIENTED_EDGE('',*,*,#2755,.F.);
#3829=ORIENTED_EDGE('',*,*,#2756,.T.);
#3830=ORIENTED_EDGE('',*,*,#2757,.F.);
#3831=ORIENTED_EDGE('',*,*,#2751,.F.);
#3832=ORIENTED_EDGE('',*,*,#2754,.T.);
#3833=ORIENTED_EDGE('',*,*,#2745,.F.);
#3834=ORIENTED_EDGE('',*,*,#2748,.T.);
#3835=ORIENTED_EDGE('',*,*,#2757,.T.);
#3836=ORIENTED_EDGE('',*,*,#2744,.F.);
#3837=ORIENTED_EDGE('',*,*,#2758,.T.);
#3838=ORIENTED_EDGE('',*,*,#2759,.F.);
#3839=ORIENTED_EDGE('',*,*,#2760,.T.);
#3840=ORIENTED_EDGE('',*,*,#2740,.F.);
#3841=ORIENTED_EDGE('',*,*,#2761,.F.);
#3842=ORIENTED_EDGE('',*,*,#2762,.T.);
#3843=ORIENTED_EDGE('',*,*,#2763,.T.);
#3844=ORIENTED_EDGE('',*,*,#2764,.F.);
#3845=ORIENTED_EDGE('',*,*,#2765,.T.);
#3846=ORIENTED_EDGE('',*,*,#2766,.T.);
#3847=ORIENTED_EDGE('',*,*,#2762,.F.);
#3848=ORIENTED_EDGE('',*,*,#2767,.T.);
#3849=ORIENTED_EDGE('',*,*,#2767,.F.);
#3850=ORIENTED_EDGE('',*,*,#2768,.T.);
#3851=ORIENTED_EDGE('',*,*,#2769,.F.);
#3852=ORIENTED_EDGE('',*,*,#2768,.F.);
#3853=ORIENTED_EDGE('',*,*,#2769,.T.);
#3854=ORIENTED_EDGE('',*,*,#2741,.F.);
#3855=ORIENTED_EDGE('',*,*,#2763,.F.);
#3856=ORIENTED_EDGE('',*,*,#2766,.F.);
#3857=ORIENTED_EDGE('',*,*,#2770,.F.);
#3858=ORIENTED_EDGE('',*,*,#2742,.F.);
#3859=ORIENTED_EDGE('',*,*,#2770,.T.);
#3860=ORIENTED_EDGE('',*,*,#2765,.F.);
#3861=ORIENTED_EDGE('',*,*,#2771,.F.);
#3862=ORIENTED_EDGE('',*,*,#2772,.F.);
#3863=ORIENTED_EDGE('',*,*,#2773,.T.);
#3864=ORIENTED_EDGE('',*,*,#2496,.F.);
#3865=ORIENTED_EDGE('',*,*,#2774,.T.);
#3866=ORIENTED_EDGE('',*,*,#2775,.F.);
#3867=ORIENTED_EDGE('',*,*,#2774,.F.);
#3868=ORIENTED_EDGE('',*,*,#2495,.F.);
#3869=ORIENTED_EDGE('',*,*,#2776,.F.);
#3870=ORIENTED_EDGE('',*,*,#2777,.F.);
#3871=ORIENTED_EDGE('',*,*,#2776,.T.);
#3872=ORIENTED_EDGE('',*,*,#2494,.F.);
#3873=ORIENTED_EDGE('',*,*,#2778,.T.);
#3874=ORIENTED_EDGE('',*,*,#2779,.F.);
#3875=ORIENTED_EDGE('',*,*,#2778,.F.);
#3876=ORIENTED_EDGE('',*,*,#2497,.F.);
#3877=ORIENTED_EDGE('',*,*,#2773,.F.);
#3878=ORIENTED_EDGE('',*,*,#2780,.F.);
#3879=ORIENTED_EDGE('',*,*,#2781,.T.);
#3880=ORIENTED_EDGE('',*,*,#2500,.F.);
#3881=ORIENTED_EDGE('',*,*,#2782,.T.);
#3882=ORIENTED_EDGE('',*,*,#2783,.F.);
#3883=ORIENTED_EDGE('',*,*,#2782,.F.);
#3884=ORIENTED_EDGE('',*,*,#2499,.F.);
#3885=ORIENTED_EDGE('',*,*,#2784,.F.);
#3886=ORIENTED_EDGE('',*,*,#2785,.F.);
#3887=ORIENTED_EDGE('',*,*,#2784,.T.);
#3888=ORIENTED_EDGE('',*,*,#2498,.F.);
#3889=ORIENTED_EDGE('',*,*,#2786,.T.);
#3890=ORIENTED_EDGE('',*,*,#2787,.F.);
#3891=ORIENTED_EDGE('',*,*,#2786,.F.);
#3892=ORIENTED_EDGE('',*,*,#2501,.F.);
#3893=ORIENTED_EDGE('',*,*,#2781,.F.);
#3894=ORIENTED_EDGE('',*,*,#2788,.F.);
#3895=ORIENTED_EDGE('',*,*,#2789,.F.);
#3896=ORIENTED_EDGE('',*,*,#2504,.F.);
#3897=ORIENTED_EDGE('',*,*,#2790,.F.);
#3898=ORIENTED_EDGE('',*,*,#2791,.F.);
#3899=ORIENTED_EDGE('',*,*,#2790,.T.);
#3900=ORIENTED_EDGE('',*,*,#2503,.F.);
#3901=ORIENTED_EDGE('',*,*,#2792,.T.);
#3902=ORIENTED_EDGE('',*,*,#2793,.F.);
#3903=ORIENTED_EDGE('',*,*,#2792,.F.);
#3904=ORIENTED_EDGE('',*,*,#2502,.F.);
#3905=ORIENTED_EDGE('',*,*,#2794,.F.);
#3906=ORIENTED_EDGE('',*,*,#2795,.F.);
#3907=ORIENTED_EDGE('',*,*,#2794,.T.);
#3908=ORIENTED_EDGE('',*,*,#2505,.F.);
#3909=ORIENTED_EDGE('',*,*,#2789,.T.);
#3910=ORIENTED_EDGE('',*,*,#2796,.F.);
#3911=ORIENTED_EDGE('',*,*,#2797,.F.);
#3912=ORIENTED_EDGE('',*,*,#2508,.F.);
#3913=ORIENTED_EDGE('',*,*,#2798,.F.);
#3914=ORIENTED_EDGE('',*,*,#2799,.F.);
#3915=ORIENTED_EDGE('',*,*,#2798,.T.);
#3916=ORIENTED_EDGE('',*,*,#2507,.F.);
#3917=ORIENTED_EDGE('',*,*,#2800,.T.);
#3918=ORIENTED_EDGE('',*,*,#2801,.F.);
#3919=ORIENTED_EDGE('',*,*,#2800,.F.);
#3920=ORIENTED_EDGE('',*,*,#2506,.F.);
#3921=ORIENTED_EDGE('',*,*,#2802,.F.);
#3922=ORIENTED_EDGE('',*,*,#2803,.F.);
#3923=ORIENTED_EDGE('',*,*,#2802,.T.);
#3924=ORIENTED_EDGE('',*,*,#2509,.F.);
#3925=ORIENTED_EDGE('',*,*,#2797,.T.);
#3926=ORIENTED_EDGE('',*,*,#2804,.F.);
#3927=ORIENTED_EDGE('',*,*,#2805,.F.);
#3928=ORIENTED_EDGE('',*,*,#2512,.F.);
#3929=ORIENTED_EDGE('',*,*,#2806,.F.);
#3930=ORIENTED_EDGE('',*,*,#2807,.F.);
#3931=ORIENTED_EDGE('',*,*,#2806,.T.);
#3932=ORIENTED_EDGE('',*,*,#2511,.F.);
#3933=ORIENTED_EDGE('',*,*,#2808,.T.);
#3934=ORIENTED_EDGE('',*,*,#2809,.F.);
#3935=ORIENTED_EDGE('',*,*,#2808,.F.);
#3936=ORIENTED_EDGE('',*,*,#2510,.F.);
#3937=ORIENTED_EDGE('',*,*,#2810,.F.);
#3938=ORIENTED_EDGE('',*,*,#2811,.F.);
#3939=ORIENTED_EDGE('',*,*,#2810,.T.);
#3940=ORIENTED_EDGE('',*,*,#2513,.F.);
#3941=ORIENTED_EDGE('',*,*,#2805,.T.);
#3942=ORIENTED_EDGE('',*,*,#2812,.F.);
#3943=ORIENTED_EDGE('',*,*,#2813,.F.);
#3944=ORIENTED_EDGE('',*,*,#2516,.F.);
#3945=ORIENTED_EDGE('',*,*,#2814,.F.);
#3946=ORIENTED_EDGE('',*,*,#2815,.F.);
#3947=ORIENTED_EDGE('',*,*,#2814,.T.);
#3948=ORIENTED_EDGE('',*,*,#2515,.F.);
#3949=ORIENTED_EDGE('',*,*,#2816,.T.);
#3950=ORIENTED_EDGE('',*,*,#2817,.F.);
#3951=ORIENTED_EDGE('',*,*,#2816,.F.);
#3952=ORIENTED_EDGE('',*,*,#2514,.F.);
#3953=ORIENTED_EDGE('',*,*,#2818,.F.);
#3954=ORIENTED_EDGE('',*,*,#2819,.F.);
#3955=ORIENTED_EDGE('',*,*,#2818,.T.);
#3956=ORIENTED_EDGE('',*,*,#2517,.F.);
#3957=ORIENTED_EDGE('',*,*,#2813,.T.);
#3958=ORIENTED_EDGE('',*,*,#2820,.F.);
#3959=ORIENTED_EDGE('',*,*,#2821,.F.);
#3960=ORIENTED_EDGE('',*,*,#2666,.F.);
#3961=ORIENTED_EDGE('',*,*,#2822,.F.);
#3962=ORIENTED_EDGE('',*,*,#2823,.F.);
#3963=ORIENTED_EDGE('',*,*,#2822,.T.);
#3964=ORIENTED_EDGE('',*,*,#2665,.F.);
#3965=ORIENTED_EDGE('',*,*,#2824,.T.);
#3966=ORIENTED_EDGE('',*,*,#2825,.F.);
#3967=ORIENTED_EDGE('',*,*,#2824,.F.);
#3968=ORIENTED_EDGE('',*,*,#2664,.F.);
#3969=ORIENTED_EDGE('',*,*,#2826,.F.);
#3970=ORIENTED_EDGE('',*,*,#2827,.F.);
#3971=ORIENTED_EDGE('',*,*,#2826,.T.);
#3972=ORIENTED_EDGE('',*,*,#2667,.F.);
#3973=ORIENTED_EDGE('',*,*,#2821,.T.);
#3974=ORIENTED_EDGE('',*,*,#2828,.F.);
#3975=ORIENTED_EDGE('',*,*,#2829,.F.);
#3976=ORIENTED_EDGE('',*,*,#2662,.F.);
#3977=ORIENTED_EDGE('',*,*,#2830,.F.);
#3978=ORIENTED_EDGE('',*,*,#2831,.F.);
#3979=ORIENTED_EDGE('',*,*,#2830,.T.);
#3980=ORIENTED_EDGE('',*,*,#2661,.F.);
#3981=ORIENTED_EDGE('',*,*,#2832,.T.);
#3982=ORIENTED_EDGE('',*,*,#2833,.F.);
#3983=ORIENTED_EDGE('',*,*,#2832,.F.);
#3984=ORIENTED_EDGE('',*,*,#2660,.F.);
#3985=ORIENTED_EDGE('',*,*,#2834,.F.);
#3986=ORIENTED_EDGE('',*,*,#2835,.F.);
#3987=ORIENTED_EDGE('',*,*,#2834,.T.);
#3988=ORIENTED_EDGE('',*,*,#2663,.F.);
#3989=ORIENTED_EDGE('',*,*,#2829,.T.);
#3990=ORIENTED_EDGE('',*,*,#2721,.T.);
#3991=ORIENTED_EDGE('',*,*,#2728,.F.);
#3992=ORIENTED_EDGE('',*,*,#2836,.F.);
#3993=ORIENTED_EDGE('',*,*,#2758,.F.);
#3994=ORIENTED_EDGE('',*,*,#2743,.F.);
#3995=ORIENTED_EDGE('',*,*,#2771,.T.);
#3996=ORIENTED_EDGE('',*,*,#2764,.T.);
#3997=ORIENTED_EDGE('',*,*,#2761,.T.);
#3998=ORIENTED_EDGE('',*,*,#2739,.F.);
#3999=ORIENTED_EDGE('',*,*,#2711,.T.);
#4000=ORIENTED_EDGE('',*,*,#2694,.T.);
#4001=ORIENTED_EDGE('',*,*,#2696,.T.);
#4002=ORIENTED_EDGE('',*,*,#2689,.T.);
#4003=ORIENTED_EDGE('',*,*,#2692,.T.);
#4004=ORIENTED_EDGE('',*,*,#2825,.T.);
#4005=ORIENTED_EDGE('',*,*,#2827,.T.);
#4006=ORIENTED_EDGE('',*,*,#2820,.T.);
#4007=ORIENTED_EDGE('',*,*,#2823,.T.);
#4008=ORIENTED_EDGE('',*,*,#2833,.T.);
#4009=ORIENTED_EDGE('',*,*,#2835,.T.);
#4010=ORIENTED_EDGE('',*,*,#2828,.T.);
#4011=ORIENTED_EDGE('',*,*,#2831,.T.);
#4012=ORIENTED_EDGE('',*,*,#2730,.T.);
#4013=ORIENTED_EDGE('',*,*,#2747,.F.);
#4014=ORIENTED_EDGE('',*,*,#2753,.T.);
#4015=ORIENTED_EDGE('',*,*,#2749,.T.);
#4016=ORIENTED_EDGE('',*,*,#2760,.F.);
#4017=ORIENTED_EDGE('',*,*,#2837,.F.);
#4018=ORIENTED_EDGE('',*,*,#2726,.F.);
#4019=ORIENTED_EDGE('',*,*,#2733,.T.);
#4020=ORIENTED_EDGE('',*,*,#2777,.T.);
#4021=ORIENTED_EDGE('',*,*,#2779,.T.);
#4022=ORIENTED_EDGE('',*,*,#2772,.T.);
#4023=ORIENTED_EDGE('',*,*,#2775,.T.);
#4024=ORIENTED_EDGE('',*,*,#2785,.T.);
#4025=ORIENTED_EDGE('',*,*,#2787,.T.);
#4026=ORIENTED_EDGE('',*,*,#2780,.T.);
#4027=ORIENTED_EDGE('',*,*,#2783,.T.);
#4028=ORIENTED_EDGE('',*,*,#2793,.T.);
#4029=ORIENTED_EDGE('',*,*,#2795,.T.);
#4030=ORIENTED_EDGE('',*,*,#2788,.T.);
#4031=ORIENTED_EDGE('',*,*,#2791,.T.);
#4032=ORIENTED_EDGE('',*,*,#2801,.T.);
#4033=ORIENTED_EDGE('',*,*,#2803,.T.);
#4034=ORIENTED_EDGE('',*,*,#2796,.T.);
#4035=ORIENTED_EDGE('',*,*,#2799,.T.);
#4036=ORIENTED_EDGE('',*,*,#2809,.T.);
#4037=ORIENTED_EDGE('',*,*,#2811,.T.);
#4038=ORIENTED_EDGE('',*,*,#2804,.T.);
#4039=ORIENTED_EDGE('',*,*,#2807,.T.);
#4040=ORIENTED_EDGE('',*,*,#2817,.T.);
#4041=ORIENTED_EDGE('',*,*,#2819,.T.);
#4042=ORIENTED_EDGE('',*,*,#2812,.T.);
#4043=ORIENTED_EDGE('',*,*,#2815,.T.);
#4044=ORIENTED_EDGE('',*,*,#2838,.T.);
#4045=ORIENTED_EDGE('',*,*,#2470,.F.);
#4046=ORIENTED_EDGE('',*,*,#2520,.F.);
#4047=ORIENTED_EDGE('',*,*,#2688,.F.);
#4048=ORIENTED_EDGE('',*,*,#2650,.T.);
#4049=ORIENTED_EDGE('',*,*,#2659,.F.);
#4050=ORIENTED_EDGE('',*,*,#2839,.T.);
#4051=ORIENTED_EDGE('',*,*,#2471,.F.);
#4052=ORIENTED_EDGE('',*,*,#2838,.F.);
#4053=ORIENTED_EDGE('',*,*,#2687,.F.);
#4054=ORIENTED_EDGE('',*,*,#2530,.T.);
#4055=ORIENTED_EDGE('',*,*,#2528,.T.);
#4056=ORIENTED_EDGE('',*,*,#2686,.T.);
#4057=ORIENTED_EDGE('',*,*,#2683,.F.);
#4058=ORIENTED_EDGE('',*,*,#2555,.T.);
#4059=ORIENTED_EDGE('',*,*,#2553,.T.);
#4060=ORIENTED_EDGE('',*,*,#2682,.T.);
#4061=ORIENTED_EDGE('',*,*,#2679,.F.);
#4062=ORIENTED_EDGE('',*,*,#2580,.T.);
#4063=ORIENTED_EDGE('',*,*,#2578,.T.);
#4064=ORIENTED_EDGE('',*,*,#2678,.T.);
#4065=ORIENTED_EDGE('',*,*,#2675,.F.);
#4066=ORIENTED_EDGE('',*,*,#2603,.T.);
#4067=ORIENTED_EDGE('',*,*,#2601,.T.);
#4068=ORIENTED_EDGE('',*,*,#2674,.T.);
#4069=ORIENTED_EDGE('',*,*,#2628,.F.);
#4070=ORIENTED_EDGE('',*,*,#2672,.T.);
#4071=ORIENTED_EDGE('',*,*,#2620,.T.);
#4072=ORIENTED_EDGE('',*,*,#2618,.T.);
#4073=ORIENTED_EDGE('',*,*,#2644,.F.);
#4074=ORIENTED_EDGE('',*,*,#2646,.T.);
#4075=ORIENTED_EDGE('',*,*,#2648,.T.);
#4076=ORIENTED_EDGE('',*,*,#2697,.T.);
#4077=ORIENTED_EDGE('',*,*,#2700,.T.);
#4078=ORIENTED_EDGE('',*,*,#2703,.T.);
#4079=ORIENTED_EDGE('',*,*,#2706,.T.);
#4080=ORIENTED_EDGE('',*,*,#2837,.T.);
#4081=ORIENTED_EDGE('',*,*,#2759,.T.);
#4082=ORIENTED_EDGE('',*,*,#2836,.T.);
#4083=ORIENTED_EDGE('',*,*,#2727,.T.);
#4084=ORIENTED_EDGE('',*,*,#2655,.T.);
#4085=ORIENTED_EDGE('',*,*,#2472,.F.);
#4086=ORIENTED_EDGE('',*,*,#2839,.F.);
#4087=ORIENTED_EDGE('',*,*,#2658,.F.);
#4088=PLANE('',#4545);
#4089=PLANE('',#4546);
#4090=PLANE('',#4547);
#4091=PLANE('',#4548);
#4092=PLANE('',#4549);
#4093=PLANE('',#4550);
#4094=PLANE('',#4551);
#4095=PLANE('',#4552);
#4096=PLANE('',#4553);
#4097=PLANE('',#4554);
#4098=PLANE('',#4555);
#4099=PLANE('',#4556);
#4100=PLANE('',#4557);
#4101=PLANE('',#4558);
#4102=PLANE('',#4559);
#4103=PLANE('',#4560);
#4104=PLANE('',#4561);
#4105=PLANE('',#4562);
#4106=PLANE('',#4563);
#4107=PLANE('',#4564);
#4108=PLANE('',#4565);
#4109=PLANE('',#4566);
#4110=PLANE('',#4567);
#4111=PLANE('',#4568);
#4112=PLANE('',#4569);
#4113=PLANE('',#4570);
#4114=PLANE('',#4571);
#4115=PLANE('',#4572);
#4116=PLANE('',#4573);
#4117=PLANE('',#4574);
#4118=PLANE('',#4575);
#4119=PLANE('',#4576);
#4120=PLANE('',#4577);
#4121=PLANE('',#4578);
#4122=PLANE('',#4579);
#4123=PLANE('',#4580);
#4124=PLANE('',#4581);
#4125=PLANE('',#4582);
#4126=PLANE('',#4583);
#4127=PLANE('',#4584);
#4128=PLANE('',#4585);
#4129=PLANE('',#4586);
#4130=PLANE('',#4587);
#4131=PLANE('',#4588);
#4132=PLANE('',#4589);
#4133=PLANE('',#4590);
#4134=PLANE('',#4591);
#4135=PLANE('',#4592);
#4136=PLANE('',#4593);
#4137=PLANE('',#4594);
#4138=PLANE('',#4595);
#4139=PLANE('',#4596);
#4140=PLANE('',#4597);
#4141=PLANE('',#4598);
#4142=PLANE('',#4599);
#4143=PLANE('',#4600);
#4144=PLANE('',#4601);
#4145=PLANE('',#4602);
#4146=PLANE('',#4603);
#4147=PLANE('',#4604);
#4148=PLANE('',#4605);
#4149=PLANE('',#4606);
#4150=PLANE('',#4607);
#4151=PLANE('',#4608);
#4152=PLANE('',#4609);
#4153=PLANE('',#4610);
#4154=PLANE('',#4611);
#4155=PLANE('',#4612);
#4156=PLANE('',#4613);
#4157=PLANE('',#4614);
#4158=PLANE('',#4615);
#4159=PLANE('',#4616);
#4160=PLANE('',#4617);
#4161=PLANE('',#4618);
#4162=PLANE('',#4619);
#4163=PLANE('',#4620);
#4164=PLANE('',#4621);
#4165=PLANE('',#4622);
#4166=PLANE('',#4623);
#4167=PLANE('',#4624);
#4168=PLANE('',#4625);
#4169=PLANE('',#4626);
#4170=PLANE('',#4627);
#4171=PLANE('',#4628);
#4172=PLANE('',#4629);
#4173=PLANE('',#4630);
#4174=PLANE('',#4631);
#4175=PLANE('',#4632);
#4176=PLANE('',#4633);
#4177=PLANE('',#4634);
#4178=PLANE('',#4635);
#4179=PLANE('',#4636);
#4180=PLANE('',#4637);
#4181=PLANE('',#4638);
#4182=PLANE('',#4639);
#4183=PLANE('',#4640);
#4184=PLANE('',#4641);
#4185=PLANE('',#4642);
#4186=PLANE('',#4643);
#4187=PLANE('',#4644);
#4188=PLANE('',#4645);
#4189=PLANE('',#4646);
#4190=PLANE('',#4647);
#4191=PLANE('',#4648);
#4192=PLANE('',#4649);
#4193=PLANE('',#4650);
#4194=PLANE('',#4651);
#4195=PLANE('',#4652);
#4196=PLANE('',#4653);
#4197=PLANE('',#4654);
#4198=PLANE('',#4655);
#4199=PLANE('',#4656);
#4200=PLANE('',#4657);
#4201=PLANE('',#4658);
#4202=PLANE('',#4659);
#4203=PLANE('',#4660);
#4204=PLANE('',#4661);
#4205=PLANE('',#4662);
#4206=PLANE('',#4663);
#4207=PLANE('',#4664);
#4208=PLANE('',#4665);
#4209=PLANE('',#4666);
#4210=PLANE('',#4667);
#4211=PLANE('',#4668);
#4212=PLANE('',#4669);
#4213=PLANE('',#4670);
#4214=PLANE('',#4671);
#4215=PLANE('',#4672);
#4216=PLANE('',#4673);
#4217=PLANE('',#4674);
#4218=PLANE('',#4675);
#4219=PLANE('',#4676);
#4220=PLANE('',#4678);
#4221=PLANE('',#4679);
#4222=PLANE('',#4680);
#4223=PLANE('',#4681);
#4224=PLANE('',#4682);
#4225=PLANE('',#4683);
#4226=PLANE('',#4684);
#4227=PLANE('',#4685);
#4228=PLANE('',#4686);
#4229=PLANE('',#4687);
#4230=PLANE('',#4688);
#4231=PLANE('',#4689);
#4232=PLANE('',#4690);
#4233=PLANE('',#4691);
#4234=PLANE('',#4692);
#4235=PLANE('',#4693);
#4236=PLANE('',#4694);
#4237=PLANE('',#4695);
#4238=PLANE('',#4696);
#4239=PLANE('',#4700);
#4240=PLANE('',#4704);
#4241=PLANE('',#4708);
#4242=PLANE('',#4712);
#4243=PLANE('',#4715);
#4244=PLANE('',#4719);
#4245=PLANE('',#4720);
#4246=PLANE('',#4721);
#4247=PLANE('',#4722);
#4248=PLANE('',#4723);
#4249=PLANE('',#4724);
#4250=PLANE('',#4727);
#4251=PLANE('',#4728);
#4252=PLANE('',#4729);
#4253=PLANE('',#4730);
#4254=PLANE('',#4732);
#4255=PLANE('',#4734);
#4256=PLANE('',#4735);
#4257=PLANE('',#4736);
#4258=PLANE('',#4737);
#4259=PLANE('',#4738);
#4260=PLANE('',#4742);
#4261=PLANE('',#4743);
#4262=PLANE('',#4744);
#4263=PLANE('',#4745);
#4264=PLANE('',#4746);
#4265=PLANE('',#4747);
#4266=PLANE('',#4748);
#4267=PLANE('',#4749);
#4268=PLANE('',#4750);
#4269=PLANE('',#4751);
#4270=PLANE('',#4752);
#4271=PLANE('',#4753);
#4272=PLANE('',#4754);
#4273=PLANE('',#4755);
#4274=PLANE('',#4756);
#4275=PLANE('',#4757);
#4276=PLANE('',#4758);
#4277=PLANE('',#4759);
#4278=PLANE('',#4760);
#4279=PLANE('',#4761);
#4280=PLANE('',#4762);
#4281=PLANE('',#4763);
#4282=PLANE('',#4764);
#4283=PLANE('',#4765);
#4284=PLANE('',#4766);
#4285=PLANE('',#4767);
#4286=PLANE('',#4768);
#4287=PLANE('',#4769);
#4288=PLANE('',#4770);
#4289=PLANE('',#4771);
#4290=PLANE('',#4772);
#4291=PLANE('',#4773);
#4292=PLANE('',#4774);
#4293=PLANE('',#4775);
#4294=PLANE('',#4776);
#4295=PLANE('',#4777);
#4296=PLANE('',#4778);
#4297=PLANE('',#4779);
#4298=PLANE('',#4780);
#4299=PLANE('',#4781);
#4300=ADVANCED_FACE('',(#125),#4088,.F.);
#4301=ADVANCED_FACE('',(#126),#4089,.F.);
#4302=ADVANCED_FACE('',(#127),#4090,.F.);
#4303=ADVANCED_FACE('',(#128),#4091,.F.);
#4304=ADVANCED_FACE('',(#129),#4092,.F.);
#4305=ADVANCED_FACE('',(#130),#4093,.F.);
#4306=ADVANCED_FACE('',(#131),#4094,.F.);
#4307=ADVANCED_FACE('',(#132),#4095,.F.);
#4308=ADVANCED_FACE('',(#133),#4096,.F.);
#4309=ADVANCED_FACE('',(#134),#4097,.F.);
#4310=ADVANCED_FACE('',(#135),#4098,.F.);
#4311=ADVANCED_FACE('',(#136),#4099,.F.);
#4312=ADVANCED_FACE('',(#137),#4100,.T.);
#4313=ADVANCED_FACE('',(#138),#115,.T.);
#4314=ADVANCED_FACE('',(#139),#116,.F.);
#4315=ADVANCED_FACE('',(#140,#54),#4101,.F.);
#4316=ADVANCED_FACE('',(#141),#4102,.T.);
#4317=ADVANCED_FACE('',(#142),#4103,.T.);
#4318=ADVANCED_FACE('',(#143),#117,.T.);
#4319=ADVANCED_FACE('',(#144),#118,.F.);
#4320=ADVANCED_FACE('',(#145),#4104,.F.);
#4321=ADVANCED_FACE('',(#146),#119,.T.);
#4322=ADVANCED_FACE('',(#147),#4105,.T.);
#4323=ADVANCED_FACE('',(#148),#120,.F.);
#4324=ADVANCED_FACE('',(#149),#4106,.F.);
#4325=ADVANCED_FACE('',(#150,#55,#56),#4107,.F.);
#4326=ADVANCED_FACE('',(#151),#4108,.T.);
#4327=ADVANCED_FACE('',(#152),#4109,.T.);
#4328=ADVANCED_FACE('',(#153),#4110,.F.);
#4329=ADVANCED_FACE('',(#154),#4111,.F.);
#4330=ADVANCED_FACE('',(#155),#4112,.F.);
#4331=ADVANCED_FACE('',(#156),#4113,.F.);
#4332=ADVANCED_FACE('',(#157),#4114,.F.);
#4333=ADVANCED_FACE('',(#158),#4115,.F.);
#4334=ADVANCED_FACE('',(#159),#4116,.F.);
#4335=ADVANCED_FACE('',(#160),#4117,.F.);
#4336=ADVANCED_FACE('',(#161),#4118,.F.);
#4337=ADVANCED_FACE('',(#162),#4119,.F.);
#4338=ADVANCED_FACE('',(#163),#4120,.F.);
#4339=ADVANCED_FACE('',(#164),#4121,.F.);
#4340=ADVANCED_FACE('',(#165),#4122,.T.);
#4341=ADVANCED_FACE('',(#166),#4123,.F.);
#4342=ADVANCED_FACE('',(#167),#121,.F.);
#4343=ADVANCED_FACE('',(#168),#4124,.F.);
#4344=ADVANCED_FACE('',(#169),#122,.F.);
#4345=ADVANCED_FACE('',(#170),#4125,.F.);
#4346=ADVANCED_FACE('',(#171),#4126,.F.);
#4347=ADVANCED_FACE('',(#172),#4127,.F.);
#4348=ADVANCED_FACE('',(#173),#4128,.F.);
#4349=ADVANCED_FACE('',(#174),#4129,.F.);
#4350=ADVANCED_FACE('',(#175),#4130,.F.);
#4351=ADVANCED_FACE('',(#176),#4131,.F.);
#4352=ADVANCED_FACE('',(#177),#4132,.F.);
#4353=ADVANCED_FACE('',(#178),#4133,.F.);
#4354=ADVANCED_FACE('',(#179),#4134,.F.);
#4355=ADVANCED_FACE('',(#180),#4135,.F.);
#4356=ADVANCED_FACE('',(#181),#4136,.F.);
#4357=ADVANCED_FACE('',(#182),#4137,.F.);
#4358=ADVANCED_FACE('',(#183),#4138,.T.);
#4359=ADVANCED_FACE('',(#184),#4139,.F.);
#4360=ADVANCED_FACE('',(#185),#4140,.F.);
#4361=ADVANCED_FACE('',(#186),#4141,.F.);
#4362=ADVANCED_FACE('',(#187),#4142,.F.);
#4363=ADVANCED_FACE('',(#188),#4143,.F.);
#4364=ADVANCED_FACE('',(#189),#4144,.F.);
#4365=ADVANCED_FACE('',(#190),#4145,.F.);
#4366=ADVANCED_FACE('',(#191),#4146,.F.);
#4367=ADVANCED_FACE('',(#192),#4147,.F.);
#4368=ADVANCED_FACE('',(#193),#4148,.F.);
#4369=ADVANCED_FACE('',(#194),#4149,.F.);
#4370=ADVANCED_FACE('',(#195),#4150,.F.);
#4371=ADVANCED_FACE('',(#196),#4151,.T.);
#4372=ADVANCED_FACE('',(#197),#4152,.F.);
#4373=ADVANCED_FACE('',(#198),#4153,.F.);
#4374=ADVANCED_FACE('',(#199),#4154,.F.);
#4375=ADVANCED_FACE('',(#200),#4155,.F.);
#4376=ADVANCED_FACE('',(#201),#4156,.F.);
#4377=ADVANCED_FACE('',(#202),#4157,.F.);
#4378=ADVANCED_FACE('',(#203),#4158,.F.);
#4379=ADVANCED_FACE('',(#204),#4159,.F.);
#4380=ADVANCED_FACE('',(#205),#4160,.F.);
#4381=ADVANCED_FACE('',(#206),#4161,.F.);
#4382=ADVANCED_FACE('',(#207),#4162,.F.);
#4383=ADVANCED_FACE('',(#208),#4163,.F.);
#4384=ADVANCED_FACE('',(#209),#4164,.F.);
#4385=ADVANCED_FACE('',(#210),#4165,.F.);
#4386=ADVANCED_FACE('',(#211),#123,.F.);
#4387=ADVANCED_FACE('',(#212),#4166,.F.);
#4388=ADVANCED_FACE('',(#213),#124,.F.);
#4389=ADVANCED_FACE('',(#214),#4167,.T.);
#4390=ADVANCED_FACE('',(#215),#4168,.T.);
#4391=ADVANCED_FACE('',(#216),#4169,.T.);
#4392=ADVANCED_FACE('',(#217),#4170,.T.);
#4393=ADVANCED_FACE('',(#218),#4171,.F.);
#4394=ADVANCED_FACE('',(#219),#4172,.T.);
#4395=ADVANCED_FACE('',(#220,#57,#58,#59,#60,#61,#62),#4173,.F.);
#4396=ADVANCED_FACE('',(#221),#4174,.F.);
#4397=ADVANCED_FACE('',(#222),#4175,.F.);
#4398=ADVANCED_FACE('',(#223),#4176,.T.);
#4399=ADVANCED_FACE('',(#224),#4177,.T.);
#4400=ADVANCED_FACE('',(#225),#4178,.T.);
#4401=ADVANCED_FACE('',(#226),#4179,.T.);
#4402=ADVANCED_FACE('',(#227),#4180,.T.);
#4403=ADVANCED_FACE('',(#228),#4181,.F.);
#4404=ADVANCED_FACE('',(#229),#4182,.T.);
#4405=ADVANCED_FACE('',(#230),#4183,.F.);
#4406=ADVANCED_FACE('',(#231),#4184,.T.);
#4407=ADVANCED_FACE('',(#232),#4185,.T.);
#4408=ADVANCED_FACE('',(#233),#4186,.T.);
#4409=ADVANCED_FACE('',(#234),#4187,.T.);
#4410=ADVANCED_FACE('',(#235),#4188,.T.);
#4411=ADVANCED_FACE('',(#236),#4189,.F.);
#4412=ADVANCED_FACE('',(#237),#4190,.T.);
#4413=ADVANCED_FACE('',(#238),#4191,.F.);
#4414=ADVANCED_FACE('',(#239),#4192,.T.);
#4415=ADVANCED_FACE('',(#240),#4193,.T.);
#4416=ADVANCED_FACE('',(#241),#4194,.T.);
#4417=ADVANCED_FACE('',(#242),#4195,.T.);
#4418=ADVANCED_FACE('',(#243),#4196,.T.);
#4419=ADVANCED_FACE('',(#244),#4197,.F.);
#4420=ADVANCED_FACE('',(#245),#4198,.T.);
#4421=ADVANCED_FACE('',(#246),#4199,.F.);
#4422=ADVANCED_FACE('',(#247),#4200,.T.);
#4423=ADVANCED_FACE('',(#248),#4201,.T.);
#4424=ADVANCED_FACE('',(#249),#4202,.F.);
#4425=ADVANCED_FACE('',(#250),#4203,.T.);
#4426=ADVANCED_FACE('',(#251),#4204,.T.);
#4427=ADVANCED_FACE('',(#252),#4205,.F.);
#4428=ADVANCED_FACE('',(#253),#4206,.T.);
#4429=ADVANCED_FACE('',(#254),#4207,.T.);
#4430=ADVANCED_FACE('',(#255),#4208,.F.);
#4431=ADVANCED_FACE('',(#256),#4209,.T.);
#4432=ADVANCED_FACE('',(#257),#4210,.T.);
#4433=ADVANCED_FACE('',(#258),#4211,.T.);
#4434=ADVANCED_FACE('',(#259),#4212,.F.);
#4435=ADVANCED_FACE('',(#260),#4213,.T.);
#4436=ADVANCED_FACE('',(#261),#4214,.T.);
#4437=ADVANCED_FACE('',(#262),#4215,.T.);
#4438=ADVANCED_FACE('',(#263),#4216,.F.);
#4439=ADVANCED_FACE('',(#264),#4217,.F.);
#4440=ADVANCED_FACE('',(#265),#4218,.T.);
#4441=ADVANCED_FACE('',(#266,#63),#4219,.F.);
#4442=ADVANCED_FACE('',(#267,#64,#65,#66,#67,#68,#69,#70,#71,#72,#73,#74,
#75),#4220,.T.);
#4443=ADVANCED_FACE('',(#268),#4221,.F.);
#4444=ADVANCED_FACE('',(#269),#4222,.T.);
#4445=ADVANCED_FACE('',(#270),#4223,.F.);
#4446=ADVANCED_FACE('',(#271),#4224,.T.);
#4447=ADVANCED_FACE('',(#272),#4225,.T.);
#4448=ADVANCED_FACE('',(#273),#4226,.F.);
#4449=ADVANCED_FACE('',(#274),#4227,.T.);
#4450=ADVANCED_FACE('',(#275),#4228,.T.);
#4451=ADVANCED_FACE('',(#276),#4229,.F.);
#4452=ADVANCED_FACE('',(#277),#4230,.T.);
#4453=ADVANCED_FACE('',(#278),#4231,.T.);
#4454=ADVANCED_FACE('',(#279),#4232,.F.);
#4455=ADVANCED_FACE('',(#280),#4233,.T.);
#4456=ADVANCED_FACE('',(#281),#4234,.T.);
#4457=ADVANCED_FACE('',(#282),#4235,.F.);
#4458=ADVANCED_FACE('',(#283),#4236,.T.);
#4459=ADVANCED_FACE('',(#284),#4237,.T.);
#4460=ADVANCED_FACE('',(#285),#4238,.T.);
#4461=ADVANCED_FACE('',(#286),#20,.F.);
#4462=ADVANCED_FACE('',(#287),#4239,.T.);
#4463=ADVANCED_FACE('',(#288),#21,.F.);
#4464=ADVANCED_FACE('',(#289),#4240,.T.);
#4465=ADVANCED_FACE('',(#290),#22,.F.);
#4466=ADVANCED_FACE('',(#291),#4241,.T.);
#4467=ADVANCED_FACE('',(#292),#23,.F.);
#4468=ADVANCED_FACE('',(#293),#4242,.T.);
#4469=ADVANCED_FACE('',(#294),#24,.F.);
#4470=ADVANCED_FACE('',(#295),#4243,.T.);
#4471=ADVANCED_FACE('',(#296),#25,.F.);
#4472=ADVANCED_FACE('',(#297),#4244,.T.);
#4473=ADVANCED_FACE('',(#298),#4245,.T.);
#4474=ADVANCED_FACE('',(#299,#76),#4246,.T.);
#4475=ADVANCED_FACE('',(#300),#4247,.T.);
#4476=ADVANCED_FACE('',(#301),#4248,.T.);
#4477=ADVANCED_FACE('',(#302,#77),#4249,.T.);
#4478=ADVANCED_FACE('',(#303),#14,.T.);
#4479=ADVANCED_FACE('',(#304),#4250,.T.);
#4480=ADVANCED_FACE('',(#305),#4251,.T.);
#4481=ADVANCED_FACE('',(#306,#78),#4252,.T.);
#4482=ADVANCED_FACE('',(#307,#79),#4253,.T.);
#4483=ADVANCED_FACE('',(#308),#4254,.F.);
#4484=ADVANCED_FACE('',(#309),#15,.T.);
#4485=ADVANCED_FACE('',(#310),#4255,.T.);
#4486=ADVANCED_FACE('',(#311),#4256,.T.);
#4487=ADVANCED_FACE('',(#312),#4257,.T.);
#4488=ADVANCED_FACE('',(#313),#4258,.T.);
#4489=ADVANCED_FACE('',(#314,#80),#4259,.T.);
#4490=ADVANCED_FACE('',(#315),#26,.F.);
#4491=ADVANCED_FACE('',(#316),#4260,.T.);
#4492=ADVANCED_FACE('',(#317),#4261,.T.);
#4493=ADVANCED_FACE('',(#318),#4262,.T.);
#4494=ADVANCED_FACE('',(#319),#4263,.T.);
#4495=ADVANCED_FACE('',(#320),#4264,.F.);
#4496=ADVANCED_FACE('',(#321),#4265,.F.);
#4497=ADVANCED_FACE('',(#322),#4266,.F.);
#4498=ADVANCED_FACE('',(#323),#4267,.T.);
#4499=ADVANCED_FACE('',(#324),#4268,.F.);
#4500=ADVANCED_FACE('',(#325),#4269,.F.);
#4501=ADVANCED_FACE('',(#326),#4270,.F.);
#4502=ADVANCED_FACE('',(#327),#4271,.F.);
#4503=ADVANCED_FACE('',(#328),#4272,.T.);
#4504=ADVANCED_FACE('',(#329),#4273,.T.);
#4505=ADVANCED_FACE('',(#330),#4274,.T.);
#4506=ADVANCED_FACE('',(#331),#4275,.F.);
#4507=ADVANCED_FACE('',(#332),#4276,.T.);
#4508=ADVANCED_FACE('',(#333),#4277,.T.);
#4509=ADVANCED_FACE('',(#334),#4278,.T.);
#4510=ADVANCED_FACE('',(#335),#4279,.F.);
#4511=ADVANCED_FACE('',(#336),#4280,.T.);
#4512=ADVANCED_FACE('',(#337),#4281,.T.);
#4513=ADVANCED_FACE('',(#338),#4282,.T.);
#4514=ADVANCED_FACE('',(#339),#4283,.F.);
#4515=ADVANCED_FACE('',(#340),#4284,.T.);
#4516=ADVANCED_FACE('',(#341),#4285,.T.);
#4517=ADVANCED_FACE('',(#342),#4286,.T.);
#4518=ADVANCED_FACE('',(#343),#4287,.F.);
#4519=ADVANCED_FACE('',(#344),#4288,.T.);
#4520=ADVANCED_FACE('',(#345),#4289,.T.);
#4521=ADVANCED_FACE('',(#346),#4290,.T.);
#4522=ADVANCED_FACE('',(#347),#4291,.F.);
#4523=ADVANCED_FACE('',(#348),#4292,.T.);
#4524=ADVANCED_FACE('',(#349),#4293,.T.);
#4525=ADVANCED_FACE('',(#350),#4294,.T.);
#4526=ADVANCED_FACE('',(#351,#81,#82,#83),#4295,.F.);
#4527=ADVANCED_FACE('',(#352,#84,#85,#86,#87,#88,#89),#4296,.T.);
#4528=ADVANCED_FACE('',(#353),#4297,.F.);
#4529=ADVANCED_FACE('',(#354,#90,#91,#92,#93,#94),#4298,.F.);
#4530=ADVANCED_FACE('',(#355),#4299,.F.);
#4531=CLOSED_SHELL('',(#4300,#4301,#4302,#4303,#4304,#4305,#4306,#4307,
#4308,#4309,#4310,#4311,#4312,#4313,#4314,#4315,#4316,#4317,#4318,#4319,
#4320,#4321,#4322,#4323,#4324,#4325,#4326,#4327,#4328,#4329,#4330,#4331,
#4332,#4333,#4334,#4335,#4336,#4337,#4338,#4339,#4340,#4341,#4342,#4343,
#4344,#4345,#4346,#4347,#4348,#4349,#4350,#4351,#4352,#4353,#4354,#4355,
#4356,#4357,#4358,#4359,#4360,#4361,#4362,#4363,#4364,#4365,#4366,#4367,
#4368,#4369,#4370,#4371,#4372,#4373,#4374,#4375,#4376,#4377,#4378,#4379,
#4380,#4381,#4382,#4383,#4384,#4385,#4386,#4387,#4388,#4389,#4390,#4391,
#4392,#4393,#4394,#4395,#4396,#4397,#4398,#4399,#4400,#4401,#4402,#4403,
#4404,#4405,#4406,#4407,#4408,#4409,#4410,#4411,#4412,#4413,#4414,#4415,
#4416,#4417,#4418,#4419,#4420,#4421,#4422,#4423,#4424,#4425,#4426,#4427,
#4428,#4429,#4430,#4431,#4432,#4433,#4434,#4435,#4436,#4437,#4438,#4439,
#4440,#4441,#4442,#4443,#4444,#4445,#4446,#4447,#4448,#4449,#4450,#4451,
#4452,#4453,#4454,#4455,#4456,#4457,#4458,#4459,#4460,#4461,#4462,#4463,
#4464,#4465,#4466,#4467,#4468,#4469,#4470,#4471,#4472,#4473,#4474,#4475,
#4476,#4477,#4478,#4479,#4480,#4481,#4482,#4483,#4484,#4485,#4486,#4487,
#4488,#4489,#4490,#4491,#4492,#4493,#4494,#4495,#4496,#4497,#4498,#4499,
#4500,#4501,#4502,#4503,#4504,#4505,#4506,#4507,#4508,#4509,#4510,#4511,
#4512,#4513,#4514,#4515,#4516,#4517,#4518,#4519,#4520,#4521,#4522,#4523,
#4524,#4525,#4526,#4527,#4528,#4529,#4530));
#4532=DERIVED_UNIT_ELEMENT(#4534,1.);
#4533=DERIVED_UNIT_ELEMENT(#9073,-3.);
#4534=(
MASS_UNIT()
NAMED_UNIT(*)
SI_UNIT(.KILO.,.GRAM.)
);
#4535=DERIVED_UNIT((#4532,#4533));
#4536=MEASURE_REPRESENTATION_ITEM('density measure',
POSITIVE_RATIO_MEASURE(7850.),#4535);
#4537=PROPERTY_DEFINITION_REPRESENTATION(#4542,#4539);
#4538=PROPERTY_DEFINITION_REPRESENTATION(#4543,#4540);
#4539=REPRESENTATION('material name',(#4541),#9070);
#4540=REPRESENTATION('density',(#4536),#9070);
#4541=DESCRIPTIVE_REPRESENTATION_ITEM('Steel','Steel');
#4542=PROPERTY_DEFINITION('material property','material name',#9080);
#4543=PROPERTY_DEFINITION('material property','density of part',#9080);
#4544=AXIS2_PLACEMENT_3D('',#5844,#4782,#4783);
#4545=AXIS2_PLACEMENT_3D('',#5845,#4784,#4785);
#4546=AXIS2_PLACEMENT_3D('',#5854,#4790,#4791);
#4547=AXIS2_PLACEMENT_3D('',#5860,#4795,#4796);
#4548=AXIS2_PLACEMENT_3D('',#5866,#4800,#4801);
#4549=AXIS2_PLACEMENT_3D('',#5872,#4805,#4806);
#4550=AXIS2_PLACEMENT_3D('',#5878,#4810,#4811);
#4551=AXIS2_PLACEMENT_3D('',#5884,#4815,#4816);
#4552=AXIS2_PLACEMENT_3D('',#5890,#4820,#4821);
#4553=AXIS2_PLACEMENT_3D('',#5896,#4825,#4826);
#4554=AXIS2_PLACEMENT_3D('',#5902,#4830,#4831);
#4555=AXIS2_PLACEMENT_3D('',#5908,#4835,#4836);
#4556=AXIS2_PLACEMENT_3D('',#5914,#4840,#4841);
#4557=AXIS2_PLACEMENT_3D('',#5917,#4844,#4845);
#4558=AXIS2_PLACEMENT_3D('',#6392,#4848,#4849);
#4559=AXIS2_PLACEMENT_3D('',#6393,#4850,#4851);
#4560=AXIS2_PLACEMENT_3D('',#6394,#4852,#4853);
#4561=AXIS2_PLACEMENT_3D('',#6701,#4862,#4863);
#4562=AXIS2_PLACEMENT_3D('',#6829,#4867,#4868);
#4563=AXIS2_PLACEMENT_3D('',#6971,#4872,#4873);
#4564=AXIS2_PLACEMENT_3D('',#6974,#4876,#4877);
#4565=AXIS2_PLACEMENT_3D('',#6975,#4878,#4879);
#4566=AXIS2_PLACEMENT_3D('',#6976,#4880,#4881);
#4567=AXIS2_PLACEMENT_3D('',#6977,#4882,#4883);
#4568=AXIS2_PLACEMENT_3D('',#6986,#4888,#4889);
#4569=AXIS2_PLACEMENT_3D('',#6992,#4893,#4894);
#4570=AXIS2_PLACEMENT_3D('',#6998,#4898,#4899);
#4571=AXIS2_PLACEMENT_3D('',#7004,#4903,#4904);
#4572=AXIS2_PLACEMENT_3D('',#7010,#4908,#4909);
#4573=AXIS2_PLACEMENT_3D('',#7016,#4913,#4914);
#4574=AXIS2_PLACEMENT_3D('',#7022,#4918,#4919);
#4575=AXIS2_PLACEMENT_3D('',#7028,#4923,#4924);
#4576=AXIS2_PLACEMENT_3D('',#7034,#4928,#4929);
#4577=AXIS2_PLACEMENT_3D('',#7040,#4933,#4934);
#4578=AXIS2_PLACEMENT_3D('',#7046,#4938,#4939);
#4579=AXIS2_PLACEMENT_3D('',#7049,#4942,#4943);
#4580=AXIS2_PLACEMENT_3D('',#7050,#4944,#4945);
#4581=AXIS2_PLACEMENT_3D('',#7324,#4951,#4952);
#4582=AXIS2_PLACEMENT_3D('',#7620,#4956,#4957);
#4583=AXIS2_PLACEMENT_3D('',#7621,#4958,#4959);
#4584=AXIS2_PLACEMENT_3D('',#7630,#4964,#4965);
#4585=AXIS2_PLACEMENT_3D('',#7636,#4969,#4970);
#4586=AXIS2_PLACEMENT_3D('',#7642,#4974,#4975);
#4587=AXIS2_PLACEMENT_3D('',#7648,#4979,#4980);
#4588=AXIS2_PLACEMENT_3D('',#7654,#4984,#4985);
#4589=AXIS2_PLACEMENT_3D('',#7660,#4989,#4990);
#4590=AXIS2_PLACEMENT_3D('',#7666,#4994,#4995);
#4591=AXIS2_PLACEMENT_3D('',#7672,#4999,#5000);
#4592=AXIS2_PLACEMENT_3D('',#7678,#5004,#5005);
#4593=AXIS2_PLACEMENT_3D('',#7684,#5009,#5010);
#4594=AXIS2_PLACEMENT_3D('',#7690,#5014,#5015);
#4595=AXIS2_PLACEMENT_3D('',#7693,#5018,#5019);
#4596=AXIS2_PLACEMENT_3D('',#7694,#5020,#5021);
#4597=AXIS2_PLACEMENT_3D('',#7703,#5026,#5027);
#4598=AXIS2_PLACEMENT_3D('',#7709,#5031,#5032);
#4599=AXIS2_PLACEMENT_3D('',#7715,#5036,#5037);
#4600=AXIS2_PLACEMENT_3D('',#7721,#5041,#5042);
#4601=AXIS2_PLACEMENT_3D('',#7727,#5046,#5047);
#4602=AXIS2_PLACEMENT_3D('',#7733,#5051,#5052);
#4603=AXIS2_PLACEMENT_3D('',#7739,#5056,#5057);
#4604=AXIS2_PLACEMENT_3D('',#7745,#5061,#5062);
#4605=AXIS2_PLACEMENT_3D('',#7751,#5066,#5067);
#4606=AXIS2_PLACEMENT_3D('',#7757,#5071,#5072);
#4607=AXIS2_PLACEMENT_3D('',#7763,#5076,#5077);
#4608=AXIS2_PLACEMENT_3D('',#7766,#5080,#5081);
#4609=AXIS2_PLACEMENT_3D('',#7767,#5082,#5083);
#4610=AXIS2_PLACEMENT_3D('',#7776,#5088,#5089);
#4611=AXIS2_PLACEMENT_3D('',#7782,#5093,#5094);
#4612=AXIS2_PLACEMENT_3D('',#7788,#5098,#5099);
#4613=AXIS2_PLACEMENT_3D('',#7794,#5103,#5104);
#4614=AXIS2_PLACEMENT_3D('',#7800,#5108,#5109);
#4615=AXIS2_PLACEMENT_3D('',#7806,#5113,#5114);
#4616=AXIS2_PLACEMENT_3D('',#7812,#5118,#5119);
#4617=AXIS2_PLACEMENT_3D('',#7818,#5123,#5124);
#4618=AXIS2_PLACEMENT_3D('',#7824,#5128,#5129);
#4619=AXIS2_PLACEMENT_3D('',#7830,#5133,#5134);
#4620=AXIS2_PLACEMENT_3D('',#7836,#5138,#5139);
#4621=AXIS2_PLACEMENT_3D('',#7839,#5142,#5143);
#4622=AXIS2_PLACEMENT_3D('',#7840,#5144,#5145);
#4623=AXIS2_PLACEMENT_3D('',#8030,#5151,#5152);
#4624=AXIS2_PLACEMENT_3D('',#8242,#5156,#5157);
#4625=AXIS2_PLACEMENT_3D('',#8243,#5158,#5159);
#4626=AXIS2_PLACEMENT_3D('',#8256,#5166,#5167);
#4627=AXIS2_PLACEMENT_3D('',#8263,#5171,#5172);
#4628=AXIS2_PLACEMENT_3D('',#8270,#5177,#5178);
#4629=AXIS2_PLACEMENT_3D('',#8280,#5184,#5185);
#4630=AXIS2_PLACEMENT_3D('',#8282,#5187,#5188);
#4631=AXIS2_PLACEMENT_3D('',#8380,#5238,#5239);
#4632=AXIS2_PLACEMENT_3D('',#8386,#5243,#5244);
#4633=AXIS2_PLACEMENT_3D('',#8398,#5251,#5252);
#4634=AXIS2_PLACEMENT_3D('',#8404,#5256,#5257);
#4635=AXIS2_PLACEMENT_3D('',#8408,#5260,#5261);
#4636=AXIS2_PLACEMENT_3D('',#8418,#5267,#5268);
#4637=AXIS2_PLACEMENT_3D('',#8422,#5271,#5272);
#4638=AXIS2_PLACEMENT_3D('',#8426,#5275,#5276);
#4639=AXIS2_PLACEMENT_3D('',#8434,#5281,#5282);
#4640=AXIS2_PLACEMENT_3D('',#8436,#5284,#5285);
#4641=AXIS2_PLACEMENT_3D('',#8448,#5292,#5293);
#4642=AXIS2_PLACEMENT_3D('',#8454,#5297,#5298);
#4643=AXIS2_PLACEMENT_3D('',#8458,#5301,#5302);
#4644=AXIS2_PLACEMENT_3D('',#8468,#5308,#5309);
#4645=AXIS2_PLACEMENT_3D('',#8472,#5312,#5313);
#4646=AXIS2_PLACEMENT_3D('',#8476,#5316,#5317);
#4647=AXIS2_PLACEMENT_3D('',#8484,#5322,#5323);
#4648=AXIS2_PLACEMENT_3D('',#8486,#5325,#5326);
#4649=AXIS2_PLACEMENT_3D('',#8498,#5333,#5334);
#4650=AXIS2_PLACEMENT_3D('',#8504,#5338,#5339);
#4651=AXIS2_PLACEMENT_3D('',#8508,#5342,#5343);
#4652=AXIS2_PLACEMENT_3D('',#8518,#5349,#5350);
#4653=AXIS2_PLACEMENT_3D('',#8522,#5353,#5354);
#4654=AXIS2_PLACEMENT_3D('',#8526,#5357,#5358);
#4655=AXIS2_PLACEMENT_3D('',#8534,#5363,#5364);
#4656=AXIS2_PLACEMENT_3D('',#8536,#5366,#5367);
#4657=AXIS2_PLACEMENT_3D('',#8544,#5372,#5373);
#4658=AXIS2_PLACEMENT_3D('',#8550,#5377,#5378);
#4659=AXIS2_PLACEMENT_3D('',#8554,#5381,#5382);
#4660=AXIS2_PLACEMENT_3D('',#8564,#5388,#5389);
#4661=AXIS2_PLACEMENT_3D('',#8572,#5394,#5395);
#4662=AXIS2_PLACEMENT_3D('',#8578,#5399,#5400);
#4663=AXIS2_PLACEMENT_3D('',#8584,#5404,#5405);
#4664=AXIS2_PLACEMENT_3D('',#8588,#5408,#5409);
#4665=AXIS2_PLACEMENT_3D('',#8592,#5412,#5413);
#4666=AXIS2_PLACEMENT_3D('',#8598,#5417,#5418);
#4667=AXIS2_PLACEMENT_3D('',#8604,#5422,#5423);
#4668=AXIS2_PLACEMENT_3D('',#8612,#5428,#5429);
#4669=AXIS2_PLACEMENT_3D('',#8620,#5434,#5435);
#4670=AXIS2_PLACEMENT_3D('',#8628,#5440,#5441);
#4671=AXIS2_PLACEMENT_3D('',#8633,#5445,#5446);
#4672=AXIS2_PLACEMENT_3D('',#8637,#5449,#5450);
#4673=AXIS2_PLACEMENT_3D('',#8641,#5453,#5454);
#4674=AXIS2_PLACEMENT_3D('',#8645,#5457,#5458);
#4675=AXIS2_PLACEMENT_3D('',#8651,#5462,#5463);
#4676=AXIS2_PLACEMENT_3D('',#8653,#5465,#5466);
#4677=AXIS2_PLACEMENT_3D('',#8658,#5469,#5470);
#4678=AXIS2_PLACEMENT_3D('',#8659,#5471,#5472);
#4679=AXIS2_PLACEMENT_3D('',#8687,#5487,#5488);
#4680=AXIS2_PLACEMENT_3D('',#8688,#5489,#5490);
#4681=AXIS2_PLACEMENT_3D('',#8690,#5492,#5493);
#4682=AXIS2_PLACEMENT_3D('',#8693,#5496,#5497);
#4683=AXIS2_PLACEMENT_3D('',#8694,#5498,#5499);
#4684=AXIS2_PLACEMENT_3D('',#8698,#5502,#5503);
#4685=AXIS2_PLACEMENT_3D('',#8701,#5506,#5507);
#4686=AXIS2_PLACEMENT_3D('',#8702,#5508,#5509);
#4687=AXIS2_PLACEMENT_3D('',#8706,#5512,#5513);
#4688=AXIS2_PLACEMENT_3D('',#8709,#5516,#5517);
#4689=AXIS2_PLACEMENT_3D('',#8710,#5518,#5519);
#4690=AXIS2_PLACEMENT_3D('',#8714,#5522,#5523);
#4691=AXIS2_PLACEMENT_3D('',#8717,#5526,#5527);
#4692=AXIS2_PLACEMENT_3D('',#8718,#5528,#5529);
#4693=AXIS2_PLACEMENT_3D('',#8722,#5532,#5533);
#4694=AXIS2_PLACEMENT_3D('',#8728,#5537,#5538);
#4695=AXIS2_PLACEMENT_3D('',#8732,#5541,#5542);
#4696=AXIS2_PLACEMENT_3D('',#8736,#5545,#5546);
#4697=AXIS2_PLACEMENT_3D('',#8738,#5548,#5549);
#4698=AXIS2_PLACEMENT_3D('',#8740,#5550,#5551);
#4699=AXIS2_PLACEMENT_3D('',#8743,#5553,#5554);
#4700=AXIS2_PLACEMENT_3D('',#8744,#5555,#5556);
#4701=AXIS2_PLACEMENT_3D('',#8745,#5557,#5558);
#4702=AXIS2_PLACEMENT_3D('',#8747,#5559,#5560);
#4703=AXIS2_PLACEMENT_3D('',#8750,#5562,#5563);
#4704=AXIS2_PLACEMENT_3D('',#8751,#5564,#5565);
#4705=AXIS2_PLACEMENT_3D('',#8752,#5566,#5567);
#4706=AXIS2_PLACEMENT_3D('',#8754,#5568,#5569);
#4707=AXIS2_PLACEMENT_3D('',#8757,#5571,#5572);
#4708=AXIS2_PLACEMENT_3D('',#8758,#5573,#5574);
#4709=AXIS2_PLACEMENT_3D('',#8759,#5575,#5576);
#4710=AXIS2_PLACEMENT_3D('',#8761,#5577,#5578);
#4711=AXIS2_PLACEMENT_3D('',#8764,#5580,#5581);
#4712=AXIS2_PLACEMENT_3D('',#8765,#5582,#5583);
#4713=AXIS2_PLACEMENT_3D('',#8766,#5584,#5585);
#4714=AXIS2_PLACEMENT_3D('',#8768,#5586,#5587);
#4715=AXIS2_PLACEMENT_3D('',#8770,#5589,#5590);
#4716=AXIS2_PLACEMENT_3D('',#8779,#5595,#5596);
#4717=AXIS2_PLACEMENT_3D('',#8781,#5597,#5598);
#4718=AXIS2_PLACEMENT_3D('',#8784,#5600,#5601);
#4719=AXIS2_PLACEMENT_3D('',#8785,#5602,#5603);
#4720=AXIS2_PLACEMENT_3D('',#8786,#5604,#5605);
#4721=AXIS2_PLACEMENT_3D('',#8792,#5609,#5610);
#4722=AXIS2_PLACEMENT_3D('',#8796,#5613,#5614);
#4723=AXIS2_PLACEMENT_3D('',#8808,#5621,#5622);
#4724=AXIS2_PLACEMENT_3D('',#8817,#5627,#5628);
#4725=AXIS2_PLACEMENT_3D('',#8821,#5631,#5632);
#4726=AXIS2_PLACEMENT_3D('',#8842,#5634,#5635);
#4727=AXIS2_PLACEMENT_3D('',#8843,#5636,#5637);
#4728=AXIS2_PLACEMENT_3D('',#8844,#5638,#5639);
#4729=AXIS2_PLACEMENT_3D('',#8846,#5641,#5642);
#4730=AXIS2_PLACEMENT_3D('',#8864,#5652,#5653);
#4731=AXIS2_PLACEMENT_3D('',#8874,#5658,#5659);
#4732=AXIS2_PLACEMENT_3D('',#8875,#5660,#5661);
#4733=AXIS2_PLACEMENT_3D('',#8898,#5665,#5666);
#4734=AXIS2_PLACEMENT_3D('',#8899,#5667,#5668);
#4735=AXIS2_PLACEMENT_3D('',#8900,#5669,#5670);
#4736=AXIS2_PLACEMENT_3D('',#8902,#5672,#5673);
#4737=AXIS2_PLACEMENT_3D('',#8908,#5677,#5678);
#4738=AXIS2_PLACEMENT_3D('',#8914,#5682,#5683);
#4739=AXIS2_PLACEMENT_3D('',#8921,#5687,#5688);
#4740=AXIS2_PLACEMENT_3D('',#8922,#5689,#5690);
#4741=AXIS2_PLACEMENT_3D('',#8925,#5692,#5693);
#4742=AXIS2_PLACEMENT_3D('',#8926,#5694,#5695);
#4743=AXIS2_PLACEMENT_3D('',#8927,#5696,#5697);
#4744=AXIS2_PLACEMENT_3D('',#8929,#5699,#5700);
#4745=AXIS2_PLACEMENT_3D('',#8931,#5702,#5703);
#4746=AXIS2_PLACEMENT_3D('',#8937,#5707,#5708);
#4747=AXIS2_PLACEMENT_3D('',#8941,#5711,#5712);
#4748=AXIS2_PLACEMENT_3D('',#8945,#5715,#5716);
#4749=AXIS2_PLACEMENT_3D('',#8947,#5718,#5719);
#4750=AXIS2_PLACEMENT_3D('',#8953,#5723,#5724);
#4751=AXIS2_PLACEMENT_3D('',#8957,#5727,#5728);
#4752=AXIS2_PLACEMENT_3D('',#8961,#5731,#5732);
#4753=AXIS2_PLACEMENT_3D('',#8963,#5734,#5735);
#4754=AXIS2_PLACEMENT_3D('',#8969,#5739,#5740);
#4755=AXIS2_PLACEMENT_3D('',#8973,#5743,#5744);
#4756=AXIS2_PLACEMENT_3D('',#8977,#5747,#5748);
#4757=AXIS2_PLACEMENT_3D('',#8979,#5750,#5751);
#4758=AXIS2_PLACEMENT_3D('',#8985,#5755,#5756);
#4759=AXIS2_PLACEMENT_3D('',#8989,#5759,#5760);
#4760=AXIS2_PLACEMENT_3D('',#8993,#5763,#5764);
#4761=AXIS2_PLACEMENT_3D('',#8995,#5766,#5767);
#4762=AXIS2_PLACEMENT_3D('',#9001,#5771,#5772);
#4763=AXIS2_PLACEMENT_3D('',#9005,#5775,#5776);
#4764=AXIS2_PLACEMENT_3D('',#9009,#5779,#5780);
#4765=AXIS2_PLACEMENT_3D('',#9011,#5782,#5783);
#4766=AXIS2_PLACEMENT_3D('',#9017,#5787,#5788);
#4767=AXIS2_PLACEMENT_3D('',#9021,#5791,#5792);
#4768=AXIS2_PLACEMENT_3D('',#9025,#5795,#5796);
#4769=AXIS2_PLACEMENT_3D('',#9027,#5798,#5799);
#4770=AXIS2_PLACEMENT_3D('',#9033,#5803,#5804);
#4771=AXIS2_PLACEMENT_3D('',#9037,#5807,#5808);
#4772=AXIS2_PLACEMENT_3D('',#9041,#5811,#5812);
#4773=AXIS2_PLACEMENT_3D('',#9043,#5814,#5815);
#4774=AXIS2_PLACEMENT_3D('',#9049,#5819,#5820);
#4775=AXIS2_PLACEMENT_3D('',#9053,#5823,#5824);
#4776=AXIS2_PLACEMENT_3D('',#9057,#5827,#5828);
#4777=AXIS2_PLACEMENT_3D('',#9059,#5830,#5831);
#4778=AXIS2_PLACEMENT_3D('',#9061,#5833,#5834);
#4779=AXIS2_PLACEMENT_3D('',#9063,#5836,#5837);
#4780=AXIS2_PLACEMENT_3D('',#9065,#5839,#5840);
#4781=AXIS2_PLACEMENT_3D('',#9067,#5842,#5843);
#4782=DIRECTION('axis',(0.,0.,1.));
#4783=DIRECTION('refdir',(1.,0.,0.));
#4784=DIRECTION('center_axis',(1.22464679914735E-16,1.03907440086362E-16,
-1.));
#4785=DIRECTION('ref_axis',(-1.,-1.10203126520518E-32,-1.22464679914735E-16));
#4786=DIRECTION('',(-1.,4.31356473047989E-32,-1.22464679914735E-16));
#4787=DIRECTION('',(2.37453040429877E-32,-1.,-1.03907440086362E-16));
#4788=DIRECTION('',(-1.,-1.10203126520518E-32,-1.22464679914735E-16));
#4789=DIRECTION('',(2.37453040429877E-32,-1.,-1.03907440086362E-16));
#4790=DIRECTION('center_axis',(-0.818407818178415,5.97091465681176E-17,
-0.574637836506131));
#4791=DIRECTION('ref_axis',(-0.574637836506131,1.47293244705153E-16,0.818407818178415));
#4792=DIRECTION('',(-0.574637836506131,8.62081465178878E-17,0.818407818178415));
#4793=DIRECTION('',(-0.574637836506131,-8.40480402733143E-17,0.818407818178415));
#4794=DIRECTION('',(2.37453040429877E-32,-1.,-1.03907440086362E-16));
#4795=DIRECTION('center_axis',(0.814804463442623,6.0238870840143E-17,-0.579735876373008));
#4796=DIRECTION('ref_axis',(-0.579735876373008,-1.46644729626155E-16,-0.814804463442623));
#4797=DIRECTION('',(-0.579735876373008,-8.58285820438942E-17,-0.814804463442623));
#4798=DIRECTION('',(-0.579735876373008,8.36779864966691E-17,-0.814804463442623));
#4799=DIRECTION('',(2.37453040429877E-32,-1.,-1.03907440086362E-16));
#4800=DIRECTION('center_axis',(1.22464679914735E-16,1.03907440086362E-16,
-1.));
#4801=DIRECTION('ref_axis',(-1.,-1.10203126520518E-32,-1.22464679914735E-16));
#4802=DIRECTION('',(-1.,4.31356473047989E-32,-1.22464679914735E-16));
#4803=DIRECTION('',(-1.,-1.10203126520518E-32,-1.22464679914735E-16));
#4804=DIRECTION('',(2.37453040429877E-32,-1.,-1.03907440086362E-16));
#4805=DIRECTION('center_axis',(-0.809949647103351,-6.09416532997632E-17,
0.586499419571033));
#4806=DIRECTION('ref_axis',(0.586499419571032,1.45770982289955E-16,0.80994964710335));
#4807=DIRECTION('',(0.586499419571033,8.5317193089638E-17,0.809949647103351));
#4808=DIRECTION('',(0.586499419571032,-8.31794113485102E-17,0.80994964710335));
#4809=DIRECTION('',(2.37453040429877E-32,-1.,-1.03907440086362E-16));
#4810=DIRECTION('center_axis',(-0.817602479722308,5.98281485891572E-17,
-0.575783105997331));
#4811=DIRECTION('ref_axis',(-0.575783105997331,1.4714830362364E-16,0.817602479722308));
#4812=DIRECTION('',(-0.575783105997331,8.61233150511319E-17,0.817602479722308));
#4813=DIRECTION('',(-0.575783105997331,-8.39653344175184E-17,0.817602479722308));
#4814=DIRECTION('',(2.37453040429877E-32,-1.,-1.03907440086362E-16));
#4815=DIRECTION('center_axis',(-1.22464679914735E-16,-1.03907440086362E-16,
1.));
#4816=DIRECTION('ref_axis',(1.,1.10203126520518E-32,1.22464679914735E-16));
#4817=DIRECTION('',(1.,-4.31356473047989E-32,1.22464679914735E-16));
#4818=DIRECTION('',(1.,1.10203126520518E-32,1.22464679914735E-16));
#4819=DIRECTION('',(2.37453040429877E-32,-1.,-1.03907440086362E-16));
#4820=DIRECTION('center_axis',(0.83283575125818,-5.75148669822537E-17,0.553520199655102));
#4821=DIRECTION('ref_axis',(0.553520199655101,-1.49889917208157E-16,-0.83283575125818));
#4822=DIRECTION('',(0.553520199655102,-8.77279332809946E-17,-0.83283575125818));
#4823=DIRECTION('',(0.553520199655101,8.55297459384041E-17,-0.83283575125818));
#4824=DIRECTION('',(2.37453040429877E-32,-1.,-1.03907440086362E-16));
#4825=DIRECTION('center_axis',(-0.824356141115176,-5.88190413421503E-17,
0.566071508385377));
#4826=DIRECTION('ref_axis',(0.566071508385377,1.4836379628891E-16,0.824356141115176));
#4827=DIRECTION('',(0.566071508385377,8.68347215381623E-17,0.824356141115176));
#4828=DIRECTION('',(0.566071508385377,-8.46589152853105E-17,0.824356141115176));
#4829=DIRECTION('',(2.37453040429877E-32,-1.,-1.03907440086362E-16));
#4830=DIRECTION('center_axis',(-1.22464679914735E-16,-1.03907440086362E-16,
1.));
#4831=DIRECTION('ref_axis',(1.,1.10203126520518E-32,1.22464679914735E-16));
#4832=DIRECTION('',(1.,-4.31356473047989E-32,1.22464679914735E-16));
#4833=DIRECTION('',(1.,1.10203126520518E-32,1.22464679914735E-16));
#4834=DIRECTION('',(2.37453040429877E-32,-1.,-1.03907440086362E-16));
#4835=DIRECTION('center_axis',(0.818152759298306,5.97468740467347E-17,-0.575000923871056));
#4836=DIRECTION('ref_axis',(-0.575000923871056,-1.47247340390449E-16,-0.818152759298306));
#4837=DIRECTION('',(-0.575000923871056,-8.61812795295493E-17,-0.818152759298306));
#4838=DIRECTION('',(-0.575000923871056,8.40218464875864E-17,-0.818152759298306));
#4839=DIRECTION('',(2.37453040429877E-32,-1.,-1.03907440086362E-16));
#4840=DIRECTION('center_axis',(0.812301047207619,-6.06028070972134E-17,
0.583238380686153));
#4841=DIRECTION('ref_axis',(0.583238380686153,-1.46194176378849E-16,-0.812301047207619));
#4842=DIRECTION('',(0.583238380686153,-8.55648811495616E-17,-0.812301047207619));
#4843=DIRECTION('',(0.583238380686153,8.3420893121133E-17,-0.812301047207619));
#4844=DIRECTION('center_axis',(2.35970697661784E-32,-1.,-1.02697015358902E-16));
#4845=DIRECTION('ref_axis',(-1.22464679914735E-16,-1.02697015358902E-16,
1.));
#4846=DIRECTION('',(2.37453040429877E-32,-1.,-1.03907440086362E-16));
#4847=DIRECTION('',(2.37453040429877E-32,-1.,-1.03907440086362E-16));
#4848=DIRECTION('center_axis',(-2.35970697661784E-32,1.,1.02697015358902E-16));
#4849=DIRECTION('ref_axis',(1.22464679914735E-16,1.02697015358902E-16,-1.));
#4850=DIRECTION('center_axis',(-5.60356377922483E-32,-1.,1.05336416152239E-16));
#4851=DIRECTION('ref_axis',(-1.22464679914735E-16,1.05336416152239E-16,
1.));
#4852=DIRECTION('center_axis',(1.,1.10203126520518E-32,1.22464679914735E-16));
#4853=DIRECTION('ref_axis',(1.22464679914735E-16,-1.79975363667705E-16,
-1.));
#4854=DIRECTION('',(-1.22464679914735E-16,1.05336416152239E-16,1.));
#4855=DIRECTION('',(2.37453040429877E-32,-1.,-1.03907440086362E-16));
#4856=DIRECTION('',(-1.22464679914735E-16,-1.02697015358902E-16,1.));
#4857=DIRECTION('',(2.37453040429877E-32,-1.,-1.03907440086362E-16));
#4858=DIRECTION('',(2.37453040429877E-32,-1.,-1.03907440086362E-16));
#4859=DIRECTION('',(2.37453040429877E-32,-1.,-1.03907440086362E-16));
#4860=DIRECTION('',(2.37453040429877E-32,-1.,-1.03907440086362E-16));
#4861=DIRECTION('',(2.37453040429877E-32,-1.,-1.03907440086362E-16));
#4862=DIRECTION('center_axis',(1.,1.10203126520518E-32,1.22464679914735E-16));
#4863=DIRECTION('ref_axis',(1.22464679914735E-16,-1.79975363667705E-16,
-1.));
#4864=DIRECTION('',(1.22464679914735E-16,-1.05336416152239E-16,-1.));
#4865=DIRECTION('',(1.22464679914735E-16,1.02697015358902E-16,-1.));
#4866=DIRECTION('',(2.37453040429877E-32,-1.,-1.03907440086362E-16));
#4867=DIRECTION('center_axis',(1.,1.10203126520518E-32,1.22464679914735E-16));
#4868=DIRECTION('ref_axis',(1.22464679914735E-16,-1.79975363667705E-16,
-1.));
#4869=DIRECTION('',(-1.22464679914735E-16,1.05336416152239E-16,1.));
#4870=DIRECTION('',(-1.22464679914735E-16,-1.02697015358902E-16,1.));
#4871=DIRECTION('',(2.37453040429877E-32,-1.,-1.03907440086362E-16));
#4872=DIRECTION('center_axis',(-1.,-1.10203126520518E-32,-1.22464679914735E-16));
#4873=DIRECTION('ref_axis',(-1.22464679914735E-16,1.79975363667705E-16,
1.));
#4874=DIRECTION('',(-1.22464679914735E-16,1.05336416152239E-16,1.));
#4875=DIRECTION('',(-1.22464679914735E-16,-1.02697015358902E-16,1.));
#4876=DIRECTION('center_axis',(-2.35970697661784E-32,1.,1.02697015358902E-16));
#4877=DIRECTION('ref_axis',(1.22464679914735E-16,1.02697015358902E-16,-1.));
#4878=DIRECTION('center_axis',(-5.60356377922483E-32,-1.,1.05336416152239E-16));
#4879=DIRECTION('ref_axis',(-1.22464679914735E-16,1.05336416152239E-16,
1.));
#4880=DIRECTION('center_axis',(-5.60356377922483E-32,-1.,1.05336416152239E-16));
#4881=DIRECTION('ref_axis',(-1.22464679914735E-16,1.05336416152239E-16,
1.));
#4882=DIRECTION('center_axis',(1.22464679914735E-16,1.03907440086362E-16,
-1.));
#4883=DIRECTION('ref_axis',(-1.,-1.10203126520518E-32,-1.22464679914735E-16));
#4884=DIRECTION('',(-1.,4.31356473047989E-32,-1.22464679914735E-16));
#4885=DIRECTION('',(2.37453040429877E-32,-1.,-1.03907440086362E-16));
#4886=DIRECTION('',(-1.,-1.10203126520518E-32,-1.22464679914735E-16));
#4887=DIRECTION('',(2.37453040429877E-32,-1.,-1.03907440086362E-16));
#4888=DIRECTION('center_axis',(-1.,-1.10203126520518E-32,-1.22464679914735E-16));
#4889=DIRECTION('ref_axis',(-1.22464679914735E-16,1.79975363667705E-16,
1.));
#4890=DIRECTION('',(-1.22464679914735E-16,1.05336416152239E-16,1.));
#4891=DIRECTION('',(-1.22464679914735E-16,-1.02697015358902E-16,1.));
#4892=DIRECTION('',(2.37453040429877E-32,-1.,-1.03907440086362E-16));
#4893=DIRECTION('center_axis',(-1.22464679914735E-16,-1.03907440086362E-16,
1.));
#4894=DIRECTION('ref_axis',(1.,1.10203126520518E-32,1.22464679914735E-16));
#4895=DIRECTION('',(1.,-4.31356473047989E-32,1.22464679914735E-16));
#4896=DIRECTION('',(1.,1.10203126520518E-32,1.22464679914735E-16));
#4897=DIRECTION('',(2.37453040429877E-32,-1.,-1.03907440086362E-16));
#4898=DIRECTION('center_axis',(-1.,-1.10203126520518E-32,-1.22464679914735E-16));
#4899=DIRECTION('ref_axis',(-1.22464679914735E-16,1.79975363667705E-16,
1.));
#4900=DIRECTION('',(-1.22464679914735E-16,1.05336416152239E-16,1.));
#4901=DIRECTION('',(-1.22464679914735E-16,-1.02697015358902E-16,1.));
#4902=DIRECTION('',(2.37453040429877E-32,-1.,-1.03907440086362E-16));
#4903=DIRECTION('center_axis',(1.22464679914735E-16,1.03907440086362E-16,
-1.));
#4904=DIRECTION('ref_axis',(-1.,-1.10203126520518E-32,-1.22464679914735E-16));
#4905=DIRECTION('',(-1.,4.31356473047989E-32,-1.22464679914735E-16));
#4906=DIRECTION('',(-1.,-1.10203126520518E-32,-1.22464679914735E-16));
#4907=DIRECTION('',(2.37453040429877E-32,-1.,-1.03907440086362E-16));
#4908=DIRECTION('center_axis',(-1.,-1.10203126520518E-32,-1.22464679914735E-16));
#4909=DIRECTION('ref_axis',(-1.22464679914735E-16,1.79975363667705E-16,
1.));
#4910=DIRECTION('',(-1.22464679914735E-16,1.05336416152239E-16,1.));
#4911=DIRECTION('',(-1.22464679914735E-16,-1.02697015358902E-16,1.));
#4912=DIRECTION('',(2.37453040429877E-32,-1.,-1.03907440086362E-16));
#4913=DIRECTION('center_axis',(-1.22464679914735E-16,-1.03907440086362E-16,
1.));
#4914=DIRECTION('ref_axis',(1.,1.10203126520518E-32,1.22464679914735E-16));
#4915=DIRECTION('',(1.,-4.31356473047989E-32,1.22464679914735E-16));
#4916=DIRECTION('',(1.,1.10203126520518E-32,1.22464679914735E-16));
#4917=DIRECTION('',(2.37453040429877E-32,-1.,-1.03907440086362E-16));
#4918=DIRECTION('center_axis',(1.,1.10203126520518E-32,1.22464679914735E-16));
#4919=DIRECTION('ref_axis',(1.22464679914735E-16,-1.79975363667705E-16,
-1.));
#4920=DIRECTION('',(1.22464679914735E-16,-1.05336416152239E-16,-1.));
#4921=DIRECTION('',(1.22464679914735E-16,1.02697015358902E-16,-1.));
#4922=DIRECTION('',(2.37453040429877E-32,-1.,-1.03907440086362E-16));
#4923=DIRECTION('center_axis',(1.22464679914735E-16,1.03907440086362E-16,
-1.));
#4924=DIRECTION('ref_axis',(-1.,-1.10203126520518E-32,-1.22464679914735E-16));
#4925=DIRECTION('',(-1.,4.31356473047989E-32,-1.22464679914735E-16));
#4926=DIRECTION('',(-1.,-1.10203126520518E-32,-1.22464679914735E-16));
#4927=DIRECTION('',(2.37453040429877E-32,-1.,-1.03907440086362E-16));
#4928=DIRECTION('center_axis',(-1.,-1.10203126520518E-32,-1.22464679914735E-16));
#4929=DIRECTION('ref_axis',(-1.22464679914735E-16,1.79975363667705E-16,
1.));
#4930=DIRECTION('',(-1.22464679914735E-16,1.05336416152239E-16,1.));
#4931=DIRECTION('',(-1.22464679914735E-16,-1.02697015358902E-16,1.));
#4932=DIRECTION('',(2.37453040429877E-32,-1.,-1.03907440086362E-16));
#4933=DIRECTION('center_axis',(-1.22464679914735E-16,-1.03907440086362E-16,
1.));
#4934=DIRECTION('ref_axis',(1.,1.10203126520518E-32,1.22464679914735E-16));
#4935=DIRECTION('',(1.,-4.31356473047989E-32,1.22464679914735E-16));
#4936=DIRECTION('',(1.,1.10203126520518E-32,1.22464679914735E-16));
#4937=DIRECTION('',(2.37453040429877E-32,-1.,-1.03907440086362E-16));
#4938=DIRECTION('center_axis',(-1.,-1.10203126520518E-32,-1.22464679914735E-16));
#4939=DIRECTION('ref_axis',(-1.22464679914735E-16,1.79975363667705E-16,
1.));
#4940=DIRECTION('',(-1.22464679914735E-16,1.05336416152239E-16,1.));
#4941=DIRECTION('',(-1.22464679914735E-16,-1.02697015358902E-16,1.));
#4942=DIRECTION('center_axis',(2.35970697661784E-32,-1.,-1.02697015358902E-16));
#4943=DIRECTION('ref_axis',(-1.22464679914735E-16,-1.02697015358902E-16,
1.));
#4944=DIRECTION('center_axis',(-0.893201240880409,-4.67227223035353E-17,
0.449657139707242));
#4945=DIRECTION('ref_axis',(0.449657139707242,1.60754218155897E-16,0.893201240880409));
#4946=DIRECTION('',(0.449657139707242,9.40866176170753E-17,0.893201240880409));
#4947=DIRECTION('',(2.37453040429877E-32,-1.,-1.03907440086362E-16));
#4948=DIRECTION('',(0.449657139707242,-9.17291015532859E-17,0.893201240880409));
#4949=DIRECTION('',(2.37453040429877E-32,-1.,-1.03907440086362E-16));
#4950=DIRECTION('',(2.37453040429877E-32,-1.,-1.03907440086362E-16));
#4951=DIRECTION('center_axis',(1.,1.10203126520518E-32,1.22464679914735E-16));
#4952=DIRECTION('ref_axis',(1.22464679914735E-16,-1.79975363667705E-16,
-1.));
#4953=DIRECTION('',(1.22464679914735E-16,-1.05336416152239E-16,-1.));
#4954=DIRECTION('',(1.22464679914735E-16,1.02697015358902E-16,-1.));
#4955=DIRECTION('',(2.37453040429877E-32,-1.,-1.03907440086362E-16));
#4956=DIRECTION('center_axis',(-2.35970697661784E-32,1.,1.02697015358902E-16));
#4957=DIRECTION('ref_axis',(1.22464679914735E-16,1.02697015358902E-16,-1.));
#4958=DIRECTION('center_axis',(1.22464679914735E-16,1.03907440086362E-16,
-1.));
#4959=DIRECTION('ref_axis',(-1.,-1.10203126520518E-32,-1.22464679914735E-16));
#4960=DIRECTION('',(-1.,4.31356473047989E-32,-1.22464679914735E-16));
#4961=DIRECTION('',(2.37453040429877E-32,-1.,-1.03907440086362E-16));
#4962=DIRECTION('',(-1.,-1.10203126520518E-32,-1.22464679914735E-16));
#4963=DIRECTION('',(2.37453040429877E-32,-1.,-1.03907440086362E-16));
#4964=DIRECTION('center_axis',(-1.,-1.10203126520518E-32,-1.22464679914735E-16));
#4965=DIRECTION('ref_axis',(-1.22464679914735E-16,1.79975363667705E-16,
1.));
#4966=DIRECTION('',(-1.22464679914735E-16,1.05336416152239E-16,1.));
#4967=DIRECTION('',(-1.22464679914735E-16,-1.02697015358902E-16,1.));
#4968=DIRECTION('',(2.37453040429877E-32,-1.,-1.03907440086362E-16));
#4969=DIRECTION('center_axis',(-1.22464679914735E-16,-1.03907440086362E-16,
1.));
#4970=DIRECTION('ref_axis',(1.,1.10203126520518E-32,1.22464679914735E-16));
#4971=DIRECTION('',(1.,-4.31356473047989E-32,1.22464679914735E-16));
#4972=DIRECTION('',(1.,1.10203126520518E-32,1.22464679914735E-16));
#4973=DIRECTION('',(2.37453040429877E-32,-1.,-1.03907440086362E-16));
#4974=DIRECTION('center_axis',(-1.,-1.10203126520518E-32,-1.22464679914735E-16));
#4975=DIRECTION('ref_axis',(-1.22464679914735E-16,1.79975363667705E-16,
1.));
#4976=DIRECTION('',(-1.22464679914735E-16,1.05336416152239E-16,1.));
#4977=DIRECTION('',(-1.22464679914735E-16,-1.02697015358902E-16,1.));
#4978=DIRECTION('',(2.37453040429877E-32,-1.,-1.03907440086362E-16));
#4979=DIRECTION('center_axis',(1.22464679914735E-16,1.03907440086362E-16,
-1.));
#4980=DIRECTION('ref_axis',(-1.,-1.10203126520518E-32,-1.22464679914735E-16));
#4981=DIRECTION('',(-1.,4.31356473047989E-32,-1.22464679914735E-16));
#4982=DIRECTION('',(-1.,-1.10203126520518E-32,-1.22464679914735E-16));
#4983=DIRECTION('',(2.37453040429877E-32,-1.,-1.03907440086362E-16));
#4984=DIRECTION('center_axis',(-1.,-1.10203126520518E-32,-1.22464679914735E-16));
#4985=DIRECTION('ref_axis',(-1.22464679914735E-16,1.79975363667705E-16,
1.));
#4986=DIRECTION('',(-1.22464679914735E-16,1.05336416152239E-16,1.));
#4987=DIRECTION('',(-1.22464679914735E-16,-1.02697015358902E-16,1.));
#4988=DIRECTION('',(2.37453040429877E-32,-1.,-1.03907440086362E-16));
#4989=DIRECTION('center_axis',(-1.22464679914735E-16,-1.03907440086362E-16,
1.));
#4990=DIRECTION('ref_axis',(1.,1.10203126520518E-32,1.22464679914735E-16));
#4991=DIRECTION('',(1.,-4.31356473047989E-32,1.22464679914735E-16));
#4992=DIRECTION('',(1.,1.10203126520518E-32,1.22464679914735E-16));
#4993=DIRECTION('',(2.37453040429877E-32,-1.,-1.03907440086362E-16));
#4994=DIRECTION('center_axis',(1.,1.10203126520518E-32,1.22464679914735E-16));
#4995=DIRECTION('ref_axis',(1.22464679914735E-16,-1.79975363667705E-16,
-1.));
#4996=DIRECTION('',(1.22464679914735E-16,-1.05336416152239E-16,-1.));
#4997=DIRECTION('',(1.22464679914735E-16,1.02697015358902E-16,-1.));
#4998=DIRECTION('',(2.37453040429877E-32,-1.,-1.03907440086362E-16));
#4999=DIRECTION('center_axis',(1.22464679914735E-16,1.03907440086362E-16,
-1.));
#5000=DIRECTION('ref_axis',(-1.,-1.10203126520518E-32,-1.22464679914735E-16));
#5001=DIRECTION('',(-1.,4.31356473047989E-32,-1.22464679914735E-16));
#5002=DIRECTION('',(-1.,-1.10203126520518E-32,-1.22464679914735E-16));
#5003=DIRECTION('',(2.37453040429877E-32,-1.,-1.03907440086362E-16));
#5004=DIRECTION('center_axis',(-1.,-1.10203126520518E-32,-1.22464679914735E-16));
#5005=DIRECTION('ref_axis',(-1.22464679914735E-16,1.79975363667705E-16,
1.));
#5006=DIRECTION('',(-1.22464679914735E-16,1.05336416152239E-16,1.));
#5007=DIRECTION('',(-1.22464679914735E-16,-1.02697015358902E-16,1.));
#5008=DIRECTION('',(2.37453040429877E-32,-1.,-1.03907440086362E-16));
#5009=DIRECTION('center_axis',(-1.22464679914735E-16,-1.03907440086362E-16,
1.));
#5010=DIRECTION('ref_axis',(1.,1.10203126520518E-32,1.22464679914735E-16));
#5011=DIRECTION('',(1.,-4.31356473047989E-32,1.22464679914735E-16));
#5012=DIRECTION('',(1.,1.10203126520518E-32,1.22464679914735E-16));
#5013=DIRECTION('',(2.37453040429877E-32,-1.,-1.03907440086362E-16));
#5014=DIRECTION('center_axis',(-1.,-1.10203126520518E-32,-1.22464679914735E-16));
#5015=DIRECTION('ref_axis',(-1.22464679914735E-16,1.79975363667705E-16,
1.));
#5016=DIRECTION('',(-1.22464679914735E-16,1.05336416152239E-16,1.));
#5017=DIRECTION('',(-1.22464679914735E-16,-1.02697015358902E-16,1.));
#5018=DIRECTION('center_axis',(2.35970697661784E-32,-1.,-1.02697015358902E-16));
#5019=DIRECTION('ref_axis',(-1.22464679914735E-16,-1.02697015358902E-16,
1.));
#5020=DIRECTION('center_axis',(1.22464679914735E-16,1.03907440086362E-16,
-1.));
#5021=DIRECTION('ref_axis',(-1.,-1.10203126520518E-32,-1.22464679914735E-16));
#5022=DIRECTION('',(-1.,4.31356473047989E-32,-1.22464679914735E-16));
#5023=DIRECTION('',(2.37453040429877E-32,-1.,-1.03907440086362E-16));
#5024=DIRECTION('',(-1.,-1.10203126520518E-32,-1.22464679914735E-16));
#5025=DIRECTION('',(2.37453040429877E-32,-1.,-1.03907440086362E-16));
#5026=DIRECTION('center_axis',(-1.,-1.10203126520518E-32,-1.22464679914735E-16));
#5027=DIRECTION('ref_axis',(-1.22464679914735E-16,1.79975363667705E-16,
1.));
#5028=DIRECTION('',(-1.22464679914735E-16,1.05336416152239E-16,1.));
#5029=DIRECTION('',(-1.22464679914735E-16,-1.02697015358902E-16,1.));
#5030=DIRECTION('',(2.37453040429877E-32,-1.,-1.03907440086362E-16));
#5031=DIRECTION('center_axis',(-1.22464679914735E-16,-1.03907440086362E-16,
1.));
#5032=DIRECTION('ref_axis',(1.,1.10203126520518E-32,1.22464679914735E-16));
#5033=DIRECTION('',(1.,-4.31356473047989E-32,1.22464679914735E-16));
#5034=DIRECTION('',(1.,1.10203126520518E-32,1.22464679914735E-16));
#5035=DIRECTION('',(2.37453040429877E-32,-1.,-1.03907440086362E-16));
#5036=DIRECTION('center_axis',(-1.,-1.10203126520518E-32,-1.22464679914735E-16));
#5037=DIRECTION('ref_axis',(-1.22464679914735E-16,1.79975363667705E-16,
1.));
#5038=DIRECTION('',(-1.22464679914735E-16,1.05336416152239E-16,1.));
#5039=DIRECTION('',(-1.22464679914735E-16,-1.02697015358902E-16,1.));
#5040=DIRECTION('',(2.37453040429877E-32,-1.,-1.03907440086362E-16));
#5041=DIRECTION('center_axis',(1.22464679914735E-16,1.03907440086362E-16,
-1.));
#5042=DIRECTION('ref_axis',(-1.,-1.10203126520518E-32,-1.22464679914735E-16));
#5043=DIRECTION('',(-1.,4.31356473047989E-32,-1.22464679914735E-16));
#5044=DIRECTION('',(-1.,-1.10203126520518E-32,-1.22464679914735E-16));
#5045=DIRECTION('',(2.37453040429877E-32,-1.,-1.03907440086362E-16));
#5046=DIRECTION('center_axis',(-1.,-1.10203126520518E-32,-1.22464679914735E-16));
#5047=DIRECTION('ref_axis',(-1.22464679914735E-16,1.79975363667705E-16,
1.));
#5048=DIRECTION('',(-1.22464679914735E-16,1.05336416152239E-16,1.));
#5049=DIRECTION('',(-1.22464679914735E-16,-1.02697015358902E-16,1.));
#5050=DIRECTION('',(2.37453040429877E-32,-1.,-1.03907440086362E-16));
#5051=DIRECTION('center_axis',(-1.22464679914735E-16,-1.03907440086362E-16,
1.));
#5052=DIRECTION('ref_axis',(1.,1.10203126520518E-32,1.22464679914735E-16));
#5053=DIRECTION('',(1.,-4.31356473047989E-32,1.22464679914735E-16));
#5054=DIRECTION('',(1.,1.10203126520518E-32,1.22464679914735E-16));
#5055=DIRECTION('',(2.37453040429877E-32,-1.,-1.03907440086362E-16));
#5056=DIRECTION('center_axis',(1.,1.10203126520518E-32,1.22464679914735E-16));
#5057=DIRECTION('ref_axis',(1.22464679914735E-16,-1.79975363667705E-16,
-1.));
#5058=DIRECTION('',(1.22464679914735E-16,-1.05336416152239E-16,-1.));
#5059=DIRECTION('',(1.22464679914735E-16,1.02697015358902E-16,-1.));
#5060=DIRECTION('',(2.37453040429877E-32,-1.,-1.03907440086362E-16));
#5061=DIRECTION('center_axis',(1.22464679914735E-16,1.03907440086362E-16,
-1.));
#5062=DIRECTION('ref_axis',(-1.,-1.10203126520518E-32,-1.22464679914735E-16));
#5063=DIRECTION('',(-1.,4.31356473047989E-32,-1.22464679914735E-16));
#5064=DIRECTION('',(-1.,-1.10203126520518E-32,-1.22464679914735E-16));
#5065=DIRECTION('',(2.37453040429877E-32,-1.,-1.03907440086362E-16));
#5066=DIRECTION('center_axis',(-1.,-1.10203126520518E-32,-1.22464679914735E-16));
#5067=DIRECTION('ref_axis',(-1.22464679914735E-16,1.79975363667705E-16,
1.));
#5068=DIRECTION('',(-1.22464679914735E-16,1.05336416152239E-16,1.));
#5069=DIRECTION('',(-1.22464679914735E-16,-1.02697015358902E-16,1.));
#5070=DIRECTION('',(2.37453040429877E-32,-1.,-1.03907440086362E-16));
#5071=DIRECTION('center_axis',(-1.22464679914735E-16,-1.03907440086362E-16,
1.));
#5072=DIRECTION('ref_axis',(1.,1.10203126520518E-32,1.22464679914735E-16));
#5073=DIRECTION('',(1.,-4.31356473047989E-32,1.22464679914735E-16));
#5074=DIRECTION('',(1.,1.10203126520518E-32,1.22464679914735E-16));
#5075=DIRECTION('',(2.37453040429877E-32,-1.,-1.03907440086362E-16));
#5076=DIRECTION('center_axis',(-1.,-1.10203126520518E-32,-1.22464679914735E-16));
#5077=DIRECTION('ref_axis',(-1.22464679914735E-16,1.79975363667705E-16,
1.));
#5078=DIRECTION('',(-1.22464679914735E-16,1.05336416152239E-16,1.));
#5079=DIRECTION('',(-1.22464679914735E-16,-1.02697015358902E-16,1.));
#5080=DIRECTION('center_axis',(2.35970697661784E-32,-1.,-1.02697015358902E-16));
#5081=DIRECTION('ref_axis',(-1.22464679914735E-16,-1.02697015358902E-16,
1.));
#5082=DIRECTION('center_axis',(1.22464679914735E-16,1.03907440086362E-16,
-1.));
#5083=DIRECTION('ref_axis',(-1.,-1.10203126520518E-32,-1.22464679914735E-16));
#5084=DIRECTION('',(-1.,4.31356473047989E-32,-1.22464679914735E-16));
#5085=DIRECTION('',(2.37453040429877E-32,-1.,-1.03907440086362E-16));
#5086=DIRECTION('',(-1.,-1.10203126520518E-32,-1.22464679914735E-16));
#5087=DIRECTION('',(2.37453040429877E-32,-1.,-1.03907440086362E-16));
#5088=DIRECTION('center_axis',(-1.,-1.10203126520518E-32,-1.22464679914735E-16));
#5089=DIRECTION('ref_axis',(-1.22464679914735E-16,1.79975363667705E-16,
1.));
#5090=DIRECTION('',(-1.22464679914735E-16,1.05336416152239E-16,1.));
#5091=DIRECTION('',(-1.22464679914735E-16,-1.02697015358902E-16,1.));
#5092=DIRECTION('',(2.37453040429877E-32,-1.,-1.03907440086362E-16));
#5093=DIRECTION('center_axis',(1.22464679914735E-16,1.03907440086362E-16,
-1.));
#5094=DIRECTION('ref_axis',(-1.,-1.10203126520518E-32,-1.22464679914735E-16));
#5095=DIRECTION('',(-1.,4.31356473047989E-32,-1.22464679914735E-16));
#5096=DIRECTION('',(-1.,-1.10203126520518E-32,-1.22464679914735E-16));
#5097=DIRECTION('',(2.37453040429877E-32,-1.,-1.03907440086362E-16));
#5098=DIRECTION('center_axis',(1.,1.10203126520518E-32,1.22464679914735E-16));
#5099=DIRECTION('ref_axis',(1.22464679914735E-16,-1.79975363667705E-16,
-1.));
#5100=DIRECTION('',(1.22464679914735E-16,-1.05336416152239E-16,-1.));
#5101=DIRECTION('',(1.22464679914735E-16,1.02697015358902E-16,-1.));
#5102=DIRECTION('',(2.37453040429877E-32,-1.,-1.03907440086362E-16));
#5103=DIRECTION('center_axis',(1.22464679914735E-16,1.03907440086362E-16,
-1.));
#5104=DIRECTION('ref_axis',(-1.,-1.10203126520518E-32,-1.22464679914735E-16));
#5105=DIRECTION('',(-1.,4.31356473047989E-32,-1.22464679914735E-16));
#5106=DIRECTION('',(-1.,-1.10203126520518E-32,-1.22464679914735E-16));
#5107=DIRECTION('',(2.37453040429877E-32,-1.,-1.03907440086362E-16));
#5108=DIRECTION('center_axis',(-1.,-1.10203126520518E-32,-1.22464679914735E-16));
#5109=DIRECTION('ref_axis',(-1.22464679914735E-16,1.79975363667705E-16,
1.));
#5110=DIRECTION('',(-1.22464679914735E-16,1.05336416152239E-16,1.));
#5111=DIRECTION('',(-1.22464679914735E-16,-1.02697015358902E-16,1.));
#5112=DIRECTION('',(2.37453040429877E-32,-1.,-1.03907440086362E-16));
#5113=DIRECTION('center_axis',(-1.22464679914735E-16,-1.03907440086362E-16,
1.));
#5114=DIRECTION('ref_axis',(1.,1.10203126520518E-32,1.22464679914735E-16));
#5115=DIRECTION('',(1.,-4.31356473047989E-32,1.22464679914735E-16));
#5116=DIRECTION('',(1.,1.10203126520518E-32,1.22464679914735E-16));
#5117=DIRECTION('',(2.37453040429877E-32,-1.,-1.03907440086362E-16));
#5118=DIRECTION('center_axis',(1.,1.10203126520518E-32,1.22464679914735E-16));
#5119=DIRECTION('ref_axis',(1.22464679914735E-16,-1.79975363667705E-16,
-1.));
#5120=DIRECTION('',(1.22464679914735E-16,-1.05336416152239E-16,-1.));
#5121=DIRECTION('',(1.22464679914735E-16,1.02697015358902E-16,-1.));
#5122=DIRECTION('',(2.37453040429877E-32,-1.,-1.03907440086362E-16));
#5123=DIRECTION('center_axis',(-1.22464679914735E-16,-1.03907440086362E-16,
1.));
#5124=DIRECTION('ref_axis',(1.,1.10203126520518E-32,1.22464679914735E-16));
#5125=DIRECTION('',(1.,-4.31356473047989E-32,1.22464679914735E-16));
#5126=DIRECTION('',(1.,1.10203126520518E-32,1.22464679914735E-16));
#5127=DIRECTION('',(2.37453040429877E-32,-1.,-1.03907440086362E-16));
#5128=DIRECTION('center_axis',(-1.,-1.10203126520518E-32,-1.22464679914735E-16));
#5129=DIRECTION('ref_axis',(-1.22464679914735E-16,1.79975363667705E-16,
1.));
#5130=DIRECTION('',(-1.22464679914735E-16,1.05336416152239E-16,1.));
#5131=DIRECTION('',(-1.22464679914735E-16,-1.02697015358902E-16,1.));
#5132=DIRECTION('',(2.37453040429877E-32,-1.,-1.03907440086362E-16));
#5133=DIRECTION('center_axis',(-1.22464679914735E-16,-1.03907440086362E-16,
1.));
#5134=DIRECTION('ref_axis',(1.,1.10203126520518E-32,1.22464679914735E-16));
#5135=DIRECTION('',(1.,-4.31356473047989E-32,1.22464679914735E-16));
#5136=DIRECTION('',(1.,1.10203126520518E-32,1.22464679914735E-16));
#5137=DIRECTION('',(2.37453040429877E-32,-1.,-1.03907440086362E-16));
#5138=DIRECTION('center_axis',(1.,1.10203126520518E-32,1.22464679914735E-16));
#5139=DIRECTION('ref_axis',(1.22464679914735E-16,-1.79975363667705E-16,
-1.));
#5140=DIRECTION('',(1.22464679914735E-16,-1.05336416152239E-16,-1.));
#5141=DIRECTION('',(1.22464679914735E-16,1.02697015358902E-16,-1.));
#5142=DIRECTION('center_axis',(-2.35970697661784E-32,1.,1.02697015358902E-16));
#5143=DIRECTION('ref_axis',(1.22464679914735E-16,1.02697015358902E-16,-1.));
#5144=DIRECTION('center_axis',(-0.860168286262782,-5.29938660355039E-17,
0.510010312942541));
#5145=DIRECTION('ref_axis',(0.510010312942541,1.54809100135571E-16,0.860168286262782));
#5146=DIRECTION('',(0.510010312942541,9.0607044562735E-17,0.860168286262782));
#5147=DIRECTION('',(2.37453040429877E-32,-1.,-1.03907440086362E-16));
#5148=DIRECTION('',(0.510010312942541,-8.83367157055695E-17,0.860168286262782));
#5149=DIRECTION('',(2.37453040429877E-32,-1.,-1.03907440086362E-16));
#5150=DIRECTION('',(2.37453040429877E-32,-1.,-1.03907440086362E-16));
#5151=DIRECTION('center_axis',(-1.,-1.10203126520518E-32,-1.22464679914735E-16));
#5152=DIRECTION('ref_axis',(-1.22464679914735E-16,1.79975363667705E-16,
1.));
#5153=DIRECTION('',(-1.22464679914735E-16,1.05336416152239E-16,1.));
#5154=DIRECTION('',(-1.22464679914735E-16,-1.02697015358902E-16,1.));
#5155=DIRECTION('',(2.37453040429877E-32,-1.,-1.03907440086362E-16));
#5156=DIRECTION('center_axis',(2.35970697661784E-32,-1.,-1.02697015358902E-16));
#5157=DIRECTION('ref_axis',(-1.22464679914735E-16,-1.02697015358902E-16,
1.));
#5158=DIRECTION('center_axis',(5.9058991082696E-16,3.5399540522987E-17,
-1.));
#5159=DIRECTION('ref_axis',(-1.,-9.52713213275078E-32,-5.9058991082696E-16));
#5160=DIRECTION('',(-1.,-6.17498682993429E-33,-5.9058991082696E-16));
#5161=DIRECTION('',(-4.26677253355793E-17,-1.,-3.5399540522987E-17));
#5162=DIRECTION('',(-1.,-1.96750525664645E-31,-5.9058991082696E-16));
#5163=DIRECTION('',(-1.36551233362999E-17,-1.,-3.5399540522987E-17));
#5164=DIRECTION('',(1.,-3.26911314118988E-16,5.9058991082696E-16));
#5165=DIRECTION('',(4.26677253355793E-17,1.,3.5399540522987E-17));
#5166=DIRECTION('center_axis',(-2.64347758522728E-31,1.,1.14457141273259E-16));
#5167=DIRECTION('ref_axis',(1.22464679914735E-16,1.14457141273259E-16,-1.));
#5168=DIRECTION('',(1.,2.08279929842787E-31,4.89858719658941E-16));
#5169=DIRECTION('',(-2.32069142841008E-16,-1.14457141273259E-16,1.));
#5170=DIRECTION('',(-0.382820886327186,-1.05738092149756E-16,0.923822585235752));
#5171=DIRECTION('center_axis',(1.,-4.26677253355793E-17,2.32069142841008E-16));
#5172=DIRECTION('ref_axis',(2.32069142841008E-16,-1.79975363667705E-16,
-1.));
#5173=DIRECTION('',(2.32069142841008E-16,-1.05336416152239E-16,-1.));
#5174=DIRECTION('',(-2.32069142841008E-16,-2.22816289022613E-16,1.));
#5175=DIRECTION('',(4.26677253355793E-17,1.,-3.46136116864849E-17));
#5176=DIRECTION('',(-4.26677253355793E-17,-1.,-1.66333148312668E-17));
#5177=DIRECTION('center_axis',(1.,-4.26677253355793E-17,2.32069142841008E-16));
#5178=DIRECTION('ref_axis',(2.32069142841008E-16,-1.79975363667705E-16,
-1.));
#5179=DIRECTION('',(-2.32069142841008E-16,1.05336416152239E-16,1.));
#5180=DIRECTION('',(4.26677253355793E-17,1.,1.66333148312668E-17));
#5181=DIRECTION('',(2.32069142841008E-16,2.22816289022613E-16,-1.));
#5182=DIRECTION('',(4.26677253355793E-17,1.,-3.46136116864849E-17));
#5183=DIRECTION('',(2.32069142841008E-16,1.14457141273259E-16,-1.));
#5184=DIRECTION('center_axis',(-2.64347758522728E-31,1.,1.14457141273259E-16));
#5185=DIRECTION('ref_axis',(1.22464679914735E-16,1.14457141273259E-16,-1.));
#5186=DIRECTION('',(0.382820886327186,1.05738092149756E-16,-0.923822585235752));
#5187=DIRECTION('center_axis',(-5.60356377922483E-32,-1.,1.05336416152239E-16));
#5188=DIRECTION('ref_axis',(-1.22464679914735E-16,1.05336416152239E-16,
1.));
#5189=DIRECTION('',(-1.,4.43567584245088E-33,-4.89858719658941E-16));
#5190=DIRECTION('',(-4.89858719658941E-16,1.05336416152239E-16,1.));
#5191=DIRECTION('',(1.,-4.43567584245088E-33,4.89858719658941E-16));
#5192=DIRECTION('',(4.89858719658941E-16,-1.05336416152239E-16,-1.));
#5193=DIRECTION('',(-1.,4.43567584245088E-33,-4.89858719658941E-16));
#5194=DIRECTION('',(-2.32069142841008E-16,1.05336416152239E-16,1.));
#5195=DIRECTION('',(-1.,-6.17498682993429E-33,-5.9058991082696E-16));
#5196=DIRECTION('',(2.32069142841008E-16,-1.05336416152239E-16,-1.));
#5197=DIRECTION('',(-1.,4.43567584245088E-33,-4.89858719658941E-16));
#5198=DIRECTION('',(-2.32069142841008E-16,1.05336416152239E-16,1.));
#5199=DIRECTION('',(-1.,-6.17498682993428E-33,-5.9058991082696E-16));
#5200=DIRECTION('',(2.32069142841008E-16,-1.05336416152239E-16,-1.));
#5201=DIRECTION('',(-1.,4.43567584245088E-33,-4.89858719658941E-16));
#5202=DIRECTION('',(-2.32069142841008E-16,1.05336416152239E-16,1.));
#5203=DIRECTION('',(-1.,-6.17498682993427E-33,-5.9058991082696E-16));
#5204=DIRECTION('',(2.32069142841008E-16,-1.05336416152239E-16,-1.));
#5205=DIRECTION('',(-1.,4.43567584245088E-33,-4.89858719658941E-16));
#5206=DIRECTION('',(-2.32069142841008E-16,1.05336416152239E-16,1.));
#5207=DIRECTION('',(-1.,-6.17498682993428E-33,-5.9058991082696E-16));
#5208=DIRECTION('',(2.32069142841008E-16,-1.05336416152239E-16,-1.));
#5209=DIRECTION('',(-1.,4.43567584245088E-33,-4.89858719658941E-16));
#5210=DIRECTION('',(-2.32069142841008E-16,1.05336416152239E-16,1.));
#5211=DIRECTION('',(-1.,-6.17498682993428E-33,-5.9058991082696E-16));
#5212=DIRECTION('',(2.32069142841008E-16,-1.05336416152239E-16,-1.));
#5213=DIRECTION('',(-1.,4.43567584245088E-33,-4.89858719658941E-16));
#5214=DIRECTION('',(-1.,4.26043457858728E-33,-4.91522353853694E-16));
#5215=DIRECTION('',(4.88202584776435E-16,-1.05336416152239E-16,-1.));
#5216=DIRECTION('',(1.,-4.26043457858728E-33,4.91522353853694E-16));
#5217=DIRECTION('',(-4.88202584776435E-16,1.05336416152239E-16,1.));
#5218=DIRECTION('',(-1.,4.43567584245088E-33,-4.89858719658941E-16));
#5219=DIRECTION('',(4.89858719658941E-16,-1.05336416152239E-16,-1.));
#5220=DIRECTION('',(1.,-4.43567584245088E-33,4.89858719658941E-16));
#5221=DIRECTION('',(-4.89858719658941E-16,1.05336416152239E-16,1.));
#5222=DIRECTION('',(-1.,4.39218186852966E-33,-4.90271625048264E-16));
#5223=DIRECTION('',(4.89446277803173E-16,-1.05336416152239E-16,-1.));
#5224=DIRECTION('',(1.,-4.39218186852966E-33,4.90271625048264E-16));
#5225=DIRECTION('',(-4.89446277803173E-16,1.05336416152239E-16,1.));
#5226=DIRECTION('',(-1.,4.4391686420597E-33,-4.89825561139443E-16));
#5227=DIRECTION('',(4.89891881171375E-16,-1.05336416152239E-16,-1.));
#5228=DIRECTION('',(1.,-4.4391686420597E-33,4.89825561139443E-16));
#5229=DIRECTION('',(-4.89891881171375E-16,1.05336416152239E-16,1.));
#5230=DIRECTION('',(-1.,4.39189031019838E-33,-4.90274392926097E-16));
#5231=DIRECTION('',(4.89443516157153E-16,-1.05336416152239E-16,-1.));
#5232=DIRECTION('',(1.,-4.39189031019838E-33,4.90274392926097E-16));
#5233=DIRECTION('',(-4.89443516157153E-16,1.05336416152239E-16,1.));
#5234=DIRECTION('',(-1.,4.43268260189895E-33,-4.89887135667965E-16));
#5235=DIRECTION('',(4.89830305847577E-16,-1.05336416152239E-16,-1.));
#5236=DIRECTION('',(1.,-4.43268260189895E-33,4.89887135667965E-16));
#5237=DIRECTION('',(-4.89830305847577E-16,1.05336416152239E-16,1.));
#5238=DIRECTION('center_axis',(-4.89858719658941E-16,-1.66333148312668E-17,
1.));
#5239=DIRECTION('ref_axis',(1.,7.71421885643626E-32,4.89858719658941E-16));
#5240=DIRECTION('',(-2.14316198921695E-17,-1.,-1.66333148312668E-17));
#5241=DIRECTION('',(1.,-4.43567584245088E-33,4.89858719658941E-16));
#5242=DIRECTION('',(-3.71229846447752E-33,1.,1.66333148312667E-17));
#5243=DIRECTION('center_axis',(-4.89858719658941E-16,-1.66333148312668E-17,
1.));
#5244=DIRECTION('ref_axis',(1.,7.71421885643626E-32,4.89858719658941E-16));
#5245=DIRECTION('',(-4.37980849262861E-17,-1.,-1.66333148312668E-17));
#5246=DIRECTION('',(1.,2.19162859881615E-31,4.89858719658941E-16));
#5247=DIRECTION('',(-2.14316198921694E-17,-1.,-1.66333148312668E-17));
#5248=DIRECTION('',(1.,-4.43567584245088E-33,4.89858719658941E-16));
#5249=DIRECTION('',(2.14316198921695E-17,1.,1.66333148312668E-17));
#5250=DIRECTION('',(-1.,3.26911314118988E-16,-4.89858719658941E-16));
#5251=DIRECTION('center_axis',(-3.26911314118988E-16,-1.,-2.22816289022613E-16));
#5252=DIRECTION('ref_axis',(-1.22464679914735E-16,-2.22816289022613E-16,
1.));
#5253=DIRECTION('',(-0.382820886327186,-8.0694241136091E-17,0.923822585235752));
#5254=DIRECTION('',(1.,-3.26911314118988E-16,4.89858719658941E-16));
#5255=DIRECTION('',(0.382820886327186,8.0694241136091E-17,-0.923822585235752));
#5256=DIRECTION('center_axis',(0.923822585235752,-2.61665948208386E-17,
0.382820886327186));
#5257=DIRECTION('ref_axis',(0.382820886327186,-1.66265305742244E-16,-0.923822585235752));
#5258=DIRECTION('',(2.14316198921695E-17,1.,1.66333148312668E-17));
#5259=DIRECTION('',(-0.382820886327186,9.73121602892308E-17,0.923822585235752));
#5260=DIRECTION('center_axis',(5.9058991082696E-16,3.52178457679313E-17,
-1.));
#5261=DIRECTION('ref_axis',(-1.,-9.52713213275078E-32,-5.9058991082696E-16));
#5262=DIRECTION('',(-4.37980849262861E-17,-1.,-3.52178457679313E-17));
#5263=DIRECTION('',(-1.,-2.0782194376988E-31,-5.9058991082696E-16));
#5264=DIRECTION('',(-1.37304154413891E-17,-1.,-3.52178457679313E-17));
#5265=DIRECTION('',(1.,-3.26911314118988E-16,5.9058991082696E-16));
#5266=DIRECTION('',(4.37980849262861E-17,1.,3.52178457679313E-17));
#5267=DIRECTION('center_axis',(-2.74314065598896E-31,1.,1.1258594264828E-16));
#5268=DIRECTION('ref_axis',(1.22464679914735E-16,1.1258594264828E-16,-1.));
#5269=DIRECTION('',(-2.32069142841008E-16,-1.12585942648279E-16,1.));
#5270=DIRECTION('',(-0.382820886327186,-1.04009436598538E-16,0.923822585235752));
#5271=DIRECTION('center_axis',(1.,-4.37980849262861E-17,2.32069142841008E-16));
#5272=DIRECTION('ref_axis',(2.32069142841008E-16,-1.79975363667705E-16,
-1.));
#5273=DIRECTION('',(-2.32069142841008E-16,-2.22816289022613E-16,1.));
#5274=DIRECTION('',(4.37980849262861E-17,1.,-3.73413931546056E-17));
#5275=DIRECTION('center_axis',(1.,-4.37980849262861E-17,2.32069142841008E-16));
#5276=DIRECTION('ref_axis',(2.32069142841008E-16,-1.79975363667705E-16,
-1.));
#5277=DIRECTION('',(4.37980849262861E-17,1.,1.66333148312668E-17));
#5278=DIRECTION('',(2.32069142841008E-16,2.22816289022613E-16,-1.));
#5279=DIRECTION('',(4.37980849262861E-17,1.,-3.73413931546056E-17));
#5280=DIRECTION('',(2.32069142841008E-16,1.12585942648279E-16,-1.));
#5281=DIRECTION('center_axis',(-2.74314065598896E-31,1.,1.1258594264828E-16));
#5282=DIRECTION('ref_axis',(1.22464679914735E-16,1.1258594264828E-16,-1.));
#5283=DIRECTION('',(0.382820886327186,1.04009436598538E-16,-0.923822585235752));
#5284=DIRECTION('center_axis',(-4.89858719658941E-16,-1.66333148312668E-17,
1.));
#5285=DIRECTION('ref_axis',(1.,7.71421885643626E-32,4.89858719658941E-16));
#5286=DIRECTION('',(-4.41009852241451E-17,-1.,-1.66333148312668E-17));
#5287=DIRECTION('',(1.,2.28466894439355E-31,4.89858719658941E-16));
#5288=DIRECTION('',(-2.14316198921692E-17,-1.,-1.66333148312668E-17));
#5289=DIRECTION('',(1.,-4.43567584245088E-33,4.89858719658941E-16));
#5290=DIRECTION('',(2.14316198921694E-17,1.,1.66333148312668E-17));
#5291=DIRECTION('',(-1.,3.26911314118988E-16,-4.89858719658941E-16));
#5292=DIRECTION('center_axis',(-3.26911314118988E-16,-1.,-2.22816289022614E-16));
#5293=DIRECTION('ref_axis',(-1.22464679914735E-16,-2.22816289022614E-16,
1.));
#5294=DIRECTION('',(-0.382820886327186,-8.06942411360912E-17,0.923822585235752));
#5295=DIRECTION('',(1.,-3.26911314118988E-16,4.89858719658941E-16));
#5296=DIRECTION('',(0.382820886327186,8.06942411360912E-17,-0.923822585235752));
#5297=DIRECTION('center_axis',(0.923822585235752,-2.61665948208386E-17,
0.382820886327186));
#5298=DIRECTION('ref_axis',(0.382820886327186,-1.66265305742244E-16,-0.923822585235752));
#5299=DIRECTION('',(2.14316198921694E-17,1.,1.66333148312668E-17));
#5300=DIRECTION('',(-0.382820886327186,9.73121602892308E-17,0.923822585235752));
#5301=DIRECTION('center_axis',(5.9058991082696E-16,3.51691573718861E-17,
-1.));
#5302=DIRECTION('ref_axis',(-1.,-9.52713213275078E-32,-5.9058991082696E-16));
#5303=DIRECTION('',(-4.41009852241451E-17,-1.,-3.51691573718861E-17));
#5304=DIRECTION('',(-1.,-2.17174844765843E-31,-5.9058991082696E-16));
#5305=DIRECTION('',(-1.37505913228035E-17,-1.,-3.51691573718861E-17));
#5306=DIRECTION('',(1.,-3.26911314118988E-16,5.9058991082696E-16));
#5307=DIRECTION('',(4.41009852241451E-17,1.,3.51691573718861E-17));
#5308=DIRECTION('center_axis',(-2.83380461242762E-31,1.,1.12100825400515E-16));
#5309=DIRECTION('ref_axis',(1.22464679914735E-16,1.12100825400515E-16,-1.));
#5310=DIRECTION('',(-2.32069142841008E-16,-1.12100825400515E-16,1.));
#5311=DIRECTION('',(-0.382820886327186,-1.03561274328566E-16,0.923822585235752));
#5312=DIRECTION('center_axis',(1.,-4.41009852241451E-17,2.32069142841008E-16));
#5313=DIRECTION('ref_axis',(2.32069142841008E-16,-1.79975363667705E-16,
-1.));
#5314=DIRECTION('',(-2.32069142841008E-16,-2.22816289022614E-16,1.));
#5315=DIRECTION('',(4.41009852241451E-17,1.,-3.80723515380984E-17));
#5316=DIRECTION('center_axis',(1.,-4.41009852241451E-17,2.32069142841008E-16));
#5317=DIRECTION('ref_axis',(2.32069142841008E-16,-1.79975363667705E-16,
-1.));
#5318=DIRECTION('',(4.41009852241451E-17,1.,1.66333148312668E-17));
#5319=DIRECTION('',(2.32069142841008E-16,2.22816289022614E-16,-1.));
#5320=DIRECTION('',(4.41009852241451E-17,1.,-3.80723515380984E-17));
#5321=DIRECTION('',(2.32069142841008E-16,1.12100825400515E-16,-1.));
#5322=DIRECTION('center_axis',(-2.83380461242762E-31,1.,1.12100825400515E-16));
#5323=DIRECTION('ref_axis',(1.22464679914735E-16,1.12100825400515E-16,-1.));
#5324=DIRECTION('',(0.382820886327186,1.03561274328566E-16,-0.923822585235752));
#5325=DIRECTION('center_axis',(-4.89858719658941E-16,-1.66333148312668E-17,
1.));
#5326=DIRECTION('ref_axis',(1.,7.71421885643626E-32,4.89858719658941E-16));
#5327=DIRECTION('',(-4.38411014018513E-17,-1.,-1.66333148312668E-17));
#5328=DIRECTION('',(1.,2.29847258966339E-31,4.89858719658941E-16));
#5329=DIRECTION('',(-2.14316198921692E-17,-1.,-1.66333148312668E-17));
#5330=DIRECTION('',(1.,-4.43567584245088E-33,4.89858719658941E-16));
#5331=DIRECTION('',(2.14316198921692E-17,1.,1.66333148312668E-17));
#5332=DIRECTION('',(-1.,3.26911314118988E-16,-4.89858719658941E-16));
#5333=DIRECTION('center_axis',(-3.26911314118988E-16,-1.,-2.22816289022614E-16));
#5334=DIRECTION('ref_axis',(-1.22464679914735E-16,-2.22816289022614E-16,
1.));
#5335=DIRECTION('',(-0.382820886327186,-8.06942411360914E-17,0.923822585235752));
#5336=DIRECTION('',(1.,-3.26911314118988E-16,4.89858719658941E-16));
#5337=DIRECTION('',(0.382820886327186,8.06942411360914E-17,-0.923822585235752));
#5338=DIRECTION('center_axis',(0.923822585235752,-2.61665948208384E-17,
0.382820886327186));
#5339=DIRECTION('ref_axis',(0.382820886327186,-1.66265305742244E-16,-0.923822585235752));
#5340=DIRECTION('',(2.14316198921692E-17,1.,1.66333148312668E-17));
#5341=DIRECTION('',(-0.382820886327186,9.73121602892308E-17,0.923822585235752));
#5342=DIRECTION('center_axis',(5.9058991082696E-16,3.52109312709381E-17,
-1.));
#5343=DIRECTION('ref_axis',(-1.,-9.52713213275078E-32,-5.9058991082696E-16));
#5344=DIRECTION('',(-4.38411014018513E-17,-1.,-3.52109312709381E-17));
#5345=DIRECTION('',(-1.,-2.18513323796063E-31,-5.9058991082696E-16));
#5346=DIRECTION('',(-1.37332807251671E-17,-1.,-3.52109312709381E-17));
#5347=DIRECTION('',(1.,-3.26911314118988E-16,5.90589910826959E-16));
#5348=DIRECTION('',(4.38411014018513E-17,1.,3.52109312709381E-17));
#5349=DIRECTION('center_axis',(-2.84964516161758E-31,1.,1.12516639968753E-16));
#5350=DIRECTION('ref_axis',(1.22464679914735E-16,1.12516639968753E-16,-1.));
#5351=DIRECTION('',(-2.32069142841008E-16,-1.12516639968753E-16,1.));
#5352=DIRECTION('',(-0.382820886327186,-1.03945413217974E-16,0.923822585235752));
#5353=DIRECTION('center_axis',(1.,-4.38411014018513E-17,2.32069142841008E-16));
#5354=DIRECTION('ref_axis',(2.32069142841008E-16,-1.79975363667705E-16,
-1.));
#5355=DIRECTION('',(-2.32069142841008E-16,-2.22816289022614E-16,1.));
#5356=DIRECTION('',(4.38411014018513E-17,1.,-3.7445200426058E-17));
#5357=DIRECTION('center_axis',(1.,-4.38411014018513E-17,2.32069142841008E-16));
#5358=DIRECTION('ref_axis',(2.32069142841008E-16,-1.79975363667705E-16,
-1.));
#5359=DIRECTION('',(4.38411014018513E-17,1.,1.66333148312668E-17));
#5360=DIRECTION('',(2.32069142841008E-16,2.22816289022614E-16,-1.));
#5361=DIRECTION('',(4.38411014018513E-17,1.,-3.7445200426058E-17));
#5362=DIRECTION('',(2.32069142841008E-16,1.12516639968753E-16,-1.));
#5363=DIRECTION('center_axis',(-2.84964516161758E-31,1.,1.12516639968753E-16));
#5364=DIRECTION('ref_axis',(1.22464679914735E-16,1.12516639968753E-16,-1.));
#5365=DIRECTION('',(0.382820886327186,1.03945413217974E-16,-0.923822585235752));
#5366=DIRECTION('center_axis',(-4.89858719658941E-16,-1.66333148312668E-17,
1.));
#5367=DIRECTION('ref_axis',(1.,7.71421885643626E-32,4.89858719658941E-16));
#5368=DIRECTION('',(-3.911572702956E-17,-1.,-1.66333148312668E-17));
#5369=DIRECTION('',(1.,-4.43567584245088E-33,4.89858719658941E-16));
#5370=DIRECTION('',(2.14316198921692E-17,1.,1.66333148312668E-17));
#5371=DIRECTION('',(-1.,3.26911314118988E-16,-4.89858719658941E-16));
#5372=DIRECTION('center_axis',(-3.26911314118988E-16,-1.,-2.22816289022614E-16));
#5373=DIRECTION('ref_axis',(-1.22464679914735E-16,-2.22816289022614E-16,
1.));
#5374=DIRECTION('',(-0.382820886327186,-8.06942411360914E-17,0.923822585235752));
#5375=DIRECTION('',(1.,-3.26911314118988E-16,4.89858719658941E-16));
#5376=DIRECTION('',(0.382820886327186,8.06942411360914E-17,-0.923822585235752));
#5377=DIRECTION('center_axis',(0.923822585235752,-2.61665948208384E-17,
0.382820886327186));
#5378=DIRECTION('ref_axis',(0.382820886327186,-1.66265305742244E-16,-0.923822585235752));
#5379=DIRECTION('',(2.14316198921692E-17,1.,1.66333148312668E-17));
#5380=DIRECTION('',(-0.382820886327186,9.73121602892308E-17,0.923822585235752));
#5381=DIRECTION('center_axis',(1.,-3.911572702956E-17,2.32069142841008E-16));
#5382=DIRECTION('ref_axis',(2.32069142841008E-16,-1.79975363667705E-16,
-1.));
#5383=DIRECTION('',(2.32069142841008E-16,-1.05336416152239E-16,-1.));
#5384=DIRECTION('',(-3.911572702956E-17,-1.,-3.59704911014372E-17));
#5385=DIRECTION('',(3.911572702956E-17,1.,1.66333148312668E-17));
#5386=DIRECTION('',(2.32069142841008E-16,2.22816289022614E-16,-1.));
#5387=DIRECTION('',(3.911572702956E-17,1.,-2.60419365898054E-17));
#5388=DIRECTION('center_axis',(1.,-3.911572702956E-17,2.32069142841008E-16));
#5389=DIRECTION('ref_axis',(2.32069142841008E-16,-1.79975363667705E-16,
-1.));
#5390=DIRECTION('',(3.911572702956E-17,1.,3.59704911014372E-17));
#5391=DIRECTION('',(-2.32069142841008E-16,-2.22816289022614E-16,1.));
#5392=DIRECTION('',(3.911572702956E-17,1.,-2.60419365898054E-17));
#5393=DIRECTION('',(-2.32069142841008E-16,1.05336416152239E-16,1.));
#5394=DIRECTION('center_axis',(5.9058991082696E-16,3.59704911014372E-17,
-1.));
#5395=DIRECTION('ref_axis',(-1.,-9.52713213275078E-32,-5.9058991082696E-16));
#5396=DIRECTION('',(1.,6.17498682993428E-33,5.9058991082696E-16));
#5397=DIRECTION('',(-1.34185283342024E-17,-1.,-3.59704911014372E-17));
#5398=DIRECTION('',(1.,-3.26911314118988E-16,5.9058991082696E-16));
#5399=DIRECTION('center_axis',(0.923822585235752,-2.61665948208384E-17,
0.382820886327186));
#5400=DIRECTION('ref_axis',(0.382820886327186,-1.66265305742244E-16,-0.923822585235752));
#5401=DIRECTION('',(0.382820886327186,-9.73121602892308E-17,-0.923822585235752));
#5402=DIRECTION('',(-2.14316198921692E-17,-1.,-1.66333148312668E-17));
#5403=DIRECTION('',(-0.382820886327186,-8.06942411360914E-17,0.923822585235752));
#5404=DIRECTION('center_axis',(-3.26911314118988E-16,-1.,-2.22816289022614E-16));
#5405=DIRECTION('ref_axis',(-1.22464679914735E-16,-2.22816289022614E-16,
1.));
#5406=DIRECTION('',(1.,-3.26911314118988E-16,4.89858719658941E-16));
#5407=DIRECTION('',(0.382820886327186,8.06942411360914E-17,-0.923822585235752));
#5408=DIRECTION('center_axis',(-3.26911314118988E-16,-1.,-2.22816289022614E-16));
#5409=DIRECTION('ref_axis',(-1.22464679914735E-16,-2.22816289022614E-16,
1.));
#5410=DIRECTION('',(-1.,3.26911314118988E-16,-4.89858719658941E-16));
#5411=DIRECTION('',(-0.382820886327186,-8.06942411360914E-17,0.923822585235752));
#5412=DIRECTION('center_axis',(-4.89858719658941E-16,-1.66333148312668E-17,
1.));
#5413=DIRECTION('ref_axis',(1.,7.71421885643626E-32,4.89858719658941E-16));
#5414=DIRECTION('',(-4.19460182248353E-17,-1.,-1.66333148312668E-17));
#5415=DIRECTION('',(1.,-4.43567584245088E-33,4.89858719658941E-16));
#5416=DIRECTION('',(2.14316198921692E-17,1.,1.66333148312668E-17));
#5417=DIRECTION('center_axis',(-5.60356377922483E-32,-1.,1.05336416152239E-16));
#5418=DIRECTION('ref_axis',(-1.22464679914735E-16,1.05336416152239E-16,
1.));
#5419=DIRECTION('',(-0.382820886327186,9.73121602892308E-17,0.923822585235752));
#5420=DIRECTION('',(-1.,4.43567584245088E-33,-4.89858719658941E-16));
#5421=DIRECTION('',(0.382820886327186,-9.73121602892308E-17,-0.923822585235752));
#5422=DIRECTION('center_axis',(1.,-4.19460182248353E-17,2.32069142841008E-16));
#5423=DIRECTION('ref_axis',(2.32069142841008E-16,-1.79975363667705E-16,
-1.));
#5424=DIRECTION('',(4.19460182248353E-17,1.,3.55155482056632E-17));
#5425=DIRECTION('',(-2.32069142841008E-16,-2.22816289022614E-16,1.));
#5426=DIRECTION('',(4.19460182248353E-17,1.,-3.28719895528889E-17));
#5427=DIRECTION('',(-2.32069142841008E-16,1.05336416152239E-16,1.));
#5428=DIRECTION('center_axis',(5.9058991082696E-16,3.55155482056632E-17,
-1.));
#5429=DIRECTION('ref_axis',(-1.,-9.52713213275078E-32,-5.9058991082696E-16));
#5430=DIRECTION('',(-4.19460182248353E-17,-1.,-3.55155482056632E-17));
#5431=DIRECTION('',(1.,6.17498682993429E-33,5.9058991082696E-16));
#5432=DIRECTION('',(-1.36070511581427E-17,-1.,-3.55155482056632E-17));
#5433=DIRECTION('',(1.,-3.26911314118988E-16,5.9058991082696E-16));
#5434=DIRECTION('center_axis',(1.,-4.19460182248353E-17,2.32069142841008E-16));
#5435=DIRECTION('ref_axis',(2.32069142841008E-16,-1.79975363667705E-16,
-1.));
#5436=DIRECTION('',(4.19460182248353E-17,1.,1.66333148312668E-17));
#5437=DIRECTION('',(2.32069142841008E-16,2.22816289022614E-16,-1.));
#5438=DIRECTION('',(4.19460182248353E-17,1.,-3.28719895528889E-17));
#5439=DIRECTION('',(2.32069142841008E-16,-1.05336416152239E-16,-1.));
#5440=DIRECTION('center_axis',(-5.60356377922483E-32,-1.,1.05336416152239E-16));
#5441=DIRECTION('ref_axis',(-1.22464679914735E-16,1.05336416152239E-16,
1.));
#5442=DIRECTION('',(0.382820886327186,-9.73121602892308E-17,-0.923822585235752));
#5443=DIRECTION('',(-0.382820886327186,9.73121602892308E-17,0.923822585235752));
#5444=DIRECTION('',(-1.,4.43567584245088E-33,-4.89858719658941E-16));
#5445=DIRECTION('center_axis',(0.923822585235752,-2.61665948208384E-17,
0.382820886327186));
#5446=DIRECTION('ref_axis',(0.382820886327186,-1.66265305742244E-16,-0.923822585235752));
#5447=DIRECTION('',(0.382820886327186,8.06942411360914E-17,-0.923822585235752));
#5448=DIRECTION('',(2.14316198921692E-17,1.,1.66333148312668E-17));
#5449=DIRECTION('center_axis',(-3.26911314118988E-16,-1.,-2.22816289022614E-16));
#5450=DIRECTION('ref_axis',(-1.22464679914735E-16,-2.22816289022614E-16,
1.));
#5451=DIRECTION('',(-0.382820886327186,-8.06942411360914E-17,0.923822585235752));
#5452=DIRECTION('',(1.,-3.26911314118988E-16,4.89858719658941E-16));
#5453=DIRECTION('center_axis',(0.923822585235752,-2.61665948208384E-17,
0.382820886327186));
#5454=DIRECTION('ref_axis',(0.382820886327186,-1.66265305742244E-16,-0.923822585235752));
#5455=DIRECTION('',(0.382820886327186,-9.73121602892308E-17,-0.923822585235752));
#5456=DIRECTION('',(-2.14316198921692E-17,-1.,-1.66333148312668E-17));
#5457=DIRECTION('center_axis',(0.923822585235752,-2.61665948208384E-17,
0.382820886327186));
#5458=DIRECTION('ref_axis',(0.382820886327186,-1.66265305742244E-16,-0.923822585235752));
#5459=DIRECTION('',(-0.382820886327186,-8.06942411360914E-17,0.923822585235752));
#5460=DIRECTION('',(2.14316198921692E-17,1.,1.66333148312668E-17));
#5461=DIRECTION('',(0.382820886327186,-9.73121602892308E-17,-0.923822585235752));
#5462=DIRECTION('center_axis',(-3.26911314118988E-16,-1.,-2.22816289022614E-16));
#5463=DIRECTION('ref_axis',(-1.22464679914735E-16,-2.22816289022614E-16,
1.));
#5464=DIRECTION('',(-1.,3.26911314118988E-16,-4.89858719658941E-16));
#5465=DIRECTION('center_axis',(-4.89858719658941E-16,-1.66333148312668E-17,
1.));
#5466=DIRECTION('ref_axis',(1.,7.71421885643626E-32,4.89858719658941E-16));
#5467=DIRECTION('',(-3.71229846447752E-33,1.,1.66333148312667E-17));
#5468=DIRECTION('',(1.,-4.43567584245088E-33,4.89858719658941E-16));
#5469=DIRECTION('center_axis',(-4.89858719658941E-16,-1.66333148312668E-17,
1.));
#5470=DIRECTION('ref_axis',(-1.,-7.03844773666233E-34,-3.67324721652758E-16));
#5471=DIRECTION('center_axis',(-5.60356377922483E-32,-1.,1.05336416152239E-16));
#5472=DIRECTION('ref_axis',(-1.22464679914735E-16,1.05336416152239E-16,
1.));
#5473=DIRECTION('',(-4.89858719658941E-16,1.05336416152239E-16,1.));
#5474=DIRECTION('',(-1.,4.43567584245088E-33,-4.89858719658941E-16));
#5475=DIRECTION('',(1.,-4.43916864205974E-33,4.89825561139443E-16));
#5476=DIRECTION('',(4.89891881171375E-16,-1.05336416152239E-16,-1.));
#5477=DIRECTION('',(-1.,4.43916864205974E-33,-4.89825561139443E-16));
#5478=DIRECTION('',(-4.89891881171375E-16,1.05336416152239E-16,1.));
#5479=DIRECTION('',(1.,-4.36999754407214E-33,4.90482229559675E-16));
#5480=DIRECTION('',(4.89236266133363E-16,-1.05336416152239E-16,-1.));
#5481=DIRECTION('',(-1.,4.36999754407214E-33,-4.90482229559675E-16));
#5482=DIRECTION('',(-4.89236266133363E-16,1.05336416152239E-16,1.));
#5483=DIRECTION('',(-1.,1.73356663299002E-32,-3.67394039744206E-16));
#5484=DIRECTION('',(-3.67394039744206E-16,1.05336416152239E-16,1.));
#5485=DIRECTION('',(1.,-1.73356663299002E-32,3.67394039744206E-16));
#5486=DIRECTION('',(3.67394039744206E-16,-1.05336416152239E-16,-1.));
#5487=DIRECTION('center_axis',(0.923822585235752,-2.61665948208384E-17,
0.382820886327186));
#5488=DIRECTION('ref_axis',(0.382820886327186,-1.66265305742244E-16,-0.923822585235752));
#5489=DIRECTION('center_axis',(0.923822585235752,-2.61665948208384E-17,
0.382820886327186));
#5490=DIRECTION('ref_axis',(0.382820886327186,-1.66265305742244E-16,-0.923822585235752));
#5491=DIRECTION('',(2.14316198921692E-17,1.,1.66333148312668E-17));
#5492=DIRECTION('center_axis',(0.923822585235752,-2.61665948208384E-17,
0.382820886327186));
#5493=DIRECTION('ref_axis',(0.382820886327186,-1.66265305742244E-16,-0.923822585235752));
#5494=DIRECTION('',(-0.382820886327186,-8.06942411360914E-17,0.923822585235752));
#5495=DIRECTION('',(-2.14316198921692E-17,-1.,-1.66333148312668E-17));
#5496=DIRECTION('center_axis',(-3.26911314118988E-16,-1.,-2.22816289022614E-16));
#5497=DIRECTION('ref_axis',(-1.22464679914735E-16,-2.22816289022614E-16,
1.));
#5498=DIRECTION('center_axis',(-5.60356377922483E-32,-1.,1.05336416152239E-16));
#5499=DIRECTION('ref_axis',(-1.22464679914735E-16,1.05336416152239E-16,
1.));
#5500=DIRECTION('',(-1.,4.43567584245088E-33,-4.89858719658941E-16));
#5501=DIRECTION('',(0.382820886327186,-9.73121602892308E-17,-0.923822585235752));
#5502=DIRECTION('center_axis',(0.923822585235752,-2.61665948208384E-17,
0.382820886327186));
#5503=DIRECTION('ref_axis',(0.382820886327186,-1.66265305742244E-16,-0.923822585235752));
#5504=DIRECTION('',(-0.382820886327186,-8.06942411360914E-17,0.923822585235752));
#5505=DIRECTION('',(-2.14316198921692E-17,-1.,-1.66333148312668E-17));
#5506=DIRECTION('center_axis',(-3.26911314118988E-16,-1.,-2.22816289022614E-16));
#5507=DIRECTION('ref_axis',(-1.22464679914735E-16,-2.22816289022614E-16,
1.));
#5508=DIRECTION('center_axis',(-5.60356377922483E-32,-1.,1.05336416152239E-16));
#5509=DIRECTION('ref_axis',(-1.22464679914735E-16,1.05336416152239E-16,
1.));
#5510=DIRECTION('',(-1.,4.43567584245088E-33,-4.89858719658941E-16));
#5511=DIRECTION('',(0.382820886327186,-9.73121602892308E-17,-0.923822585235752));
#5512=DIRECTION('center_axis',(0.923822585235752,-2.61665948208386E-17,
0.382820886327186));
#5513=DIRECTION('ref_axis',(0.382820886327186,-1.66265305742244E-16,-0.923822585235752));
#5514=DIRECTION('',(-0.382820886327186,-8.06942411360912E-17,0.923822585235752));
#5515=DIRECTION('',(-2.14316198921694E-17,-1.,-1.66333148312668E-17));
#5516=DIRECTION('center_axis',(-3.26911314118988E-16,-1.,-2.22816289022614E-16));
#5517=DIRECTION('ref_axis',(-1.22464679914735E-16,-2.22816289022614E-16,
1.));
#5518=DIRECTION('center_axis',(-5.60356377922483E-32,-1.,1.05336416152239E-16));
#5519=DIRECTION('ref_axis',(-1.22464679914735E-16,1.05336416152239E-16,
1.));
#5520=DIRECTION('',(-1.,4.43567584245088E-33,-4.89858719658941E-16));
#5521=DIRECTION('',(0.382820886327186,-9.73121602892308E-17,-0.923822585235752));
#5522=DIRECTION('center_axis',(0.923822585235752,-2.61665948208386E-17,
0.382820886327186));
#5523=DIRECTION('ref_axis',(0.382820886327186,-1.66265305742244E-16,-0.923822585235752));
#5524=DIRECTION('',(-0.382820886327186,-8.0694241136091E-17,0.923822585235752));
#5525=DIRECTION('',(-2.14316198921695E-17,-1.,-1.66333148312668E-17));
#5526=DIRECTION('center_axis',(-3.26911314118988E-16,-1.,-2.22816289022613E-16));
#5527=DIRECTION('ref_axis',(-1.22464679914735E-16,-2.22816289022613E-16,
1.));
#5528=DIRECTION('center_axis',(-5.60356377922483E-32,-1.,1.05336416152239E-16));
#5529=DIRECTION('ref_axis',(-1.22464679914735E-16,1.05336416152239E-16,
1.));
#5530=DIRECTION('',(-1.,4.43567584245088E-33,-4.89858719658941E-16));
#5531=DIRECTION('',(4.89858719658941E-16,-1.05336416152239E-16,-1.));
#5532=DIRECTION('center_axis',(-3.67394039744206E-16,8.10945904134867E-17,
1.));
#5533=DIRECTION('ref_axis',(1.,5.5101563260259E-32,3.67394039744206E-16));
#5534=DIRECTION('',(-1.,1.85923428987968E-32,-3.67394039744206E-16));
#5535=DIRECTION('',(2.94095847801487E-32,1.,-8.10945904134867E-17));
#5536=DIRECTION('',(-2.94095847801487E-32,-1.,8.10945904134867E-17));
#5537=DIRECTION('center_axis',(1.,3.84084393263941E-34,3.67394039744206E-16));
#5538=DIRECTION('ref_axis',(3.67394039744206E-16,-1.79975363667705E-16,
-1.));
#5539=DIRECTION('',(3.67394039744206E-16,-1.15622618047E-16,-1.));
#5540=DIRECTION('',(2.94095847801487E-32,1.,-8.10945904134867E-17));
#5541=DIRECTION('center_axis',(-3.67394039744206E-16,8.10945904134867E-17,
1.));
#5542=DIRECTION('ref_axis',(1.,5.5101563260259E-32,3.67394039744206E-16));
#5543=DIRECTION('',(1.,-1.85923428987968E-32,3.67394039744206E-16));
#5544=DIRECTION('',(-2.94095847801487E-32,-1.,8.10945904134867E-17));
#5545=DIRECTION('center_axis',(-1.,-3.84084393263941E-34,-3.67394039744206E-16));
#5546=DIRECTION('ref_axis',(-3.67394039744206E-16,1.79975363667705E-16,
1.));
#5547=DIRECTION('',(-3.67394039744206E-16,1.15622618047E-16,1.));
#5548=DIRECTION('center_axis',(4.92383242823946E-16,6.14059059696752E-17,
-1.));
#5549=DIRECTION('ref_axis',(1.,-4.88692707499634E-33,4.87351425197358E-16));
#5550=DIRECTION('center_axis',(4.89858719658941E-16,1.66333148312668E-17,
-1.));
#5551=DIRECTION('ref_axis',(1.,-4.88692707499634E-33,4.87351425197358E-16));
#5552=DIRECTION('',(4.92383242823946E-16,6.14059059696752E-17,-1.));
#5553=DIRECTION('center_axis',(-4.87351425197358E-16,-1.49250657683929E-15,
1.));
#5554=DIRECTION('ref_axis',(1.,-4.88692707499634E-33,4.87351425197358E-16));
#5555=DIRECTION('center_axis',(-4.87351425197358E-16,-1.49250657683929E-15,
1.));
#5556=DIRECTION('ref_axis',(1.,7.66909373318171E-32,4.87351425197358E-16));
#5557=DIRECTION('center_axis',(4.92383242823946E-16,6.14059059696752E-17,
-1.));
#5558=DIRECTION('ref_axis',(1.,-4.88692707499634E-33,4.87351425197358E-16));
#5559=DIRECTION('center_axis',(4.89858719658941E-16,1.66333148312668E-17,
-1.));
#5560=DIRECTION('ref_axis',(1.,-4.88692707499634E-33,4.87351425197358E-16));
#5561=DIRECTION('',(4.92383242823946E-16,6.14059059696752E-17,-1.));
#5562=DIRECTION('center_axis',(-4.87351425197358E-16,-1.49250657683929E-15,
1.));
#5563=DIRECTION('ref_axis',(1.,-4.88692707499634E-33,4.87351425197358E-16));
#5564=DIRECTION('center_axis',(-4.87351425197358E-16,-1.49250657683929E-15,
1.));
#5565=DIRECTION('ref_axis',(1.,7.66909373318171E-32,4.87351425197358E-16));
#5566=DIRECTION('center_axis',(4.92383242823946E-16,6.14059059696752E-17,
-1.));
#5567=DIRECTION('ref_axis',(1.,-4.88692707499634E-33,4.87351425197358E-16));
#5568=DIRECTION('center_axis',(4.89858719658941E-16,1.66333148312668E-17,
-1.));
#5569=DIRECTION('ref_axis',(1.,-4.88692707499634E-33,4.87351425197358E-16));
#5570=DIRECTION('',(4.92383242823946E-16,6.14059059696752E-17,-1.));
#5571=DIRECTION('center_axis',(-4.87351425197358E-16,-1.49250657683929E-15,
1.));
#5572=DIRECTION('ref_axis',(1.,-4.88692707499634E-33,4.87351425197358E-16));
#5573=DIRECTION('center_axis',(-4.87351425197358E-16,-1.49250657683929E-15,
1.));
#5574=DIRECTION('ref_axis',(1.,7.66909373318171E-32,4.87351425197358E-16));
#5575=DIRECTION('center_axis',(4.92383242823946E-16,6.14059059696752E-17,
-1.));
#5576=DIRECTION('ref_axis',(1.,-4.88692707499634E-33,4.87351425197358E-16));
#5577=DIRECTION('center_axis',(4.89858719658941E-16,1.66333148312668E-17,
-1.));
#5578=DIRECTION('ref_axis',(1.,-4.88692707499634E-33,4.87351425197358E-16));
#5579=DIRECTION('',(4.92383242823946E-16,6.14059059696752E-17,-1.));
#5580=DIRECTION('center_axis',(-4.87351425197358E-16,-1.49250657683929E-15,
1.));
#5581=DIRECTION('ref_axis',(1.,-4.88692707499634E-33,4.87351425197358E-16));
#5582=DIRECTION('center_axis',(-4.87351425197358E-16,-1.49250657683929E-15,
1.));
#5583=DIRECTION('ref_axis',(1.,7.66909373318171E-32,4.87351425197358E-16));
#5584=DIRECTION('center_axis',(3.674633774591E-16,-7.85112418449451E-17,
-1.));
#5585=DIRECTION('ref_axis',(-1.,-7.03844773666233E-34,-3.67324721652758E-16));
#5586=DIRECTION('center_axis',(4.89988973136677E-16,1.83469471370717E-17,
-1.));
#5587=DIRECTION('ref_axis',(-1.,-7.03844773666233E-34,-3.67324721652758E-16));
#5588=DIRECTION('',(3.674633774591E-16,-7.85112418449451E-17,-1.));
#5589=DIRECTION('center_axis',(1.,-4.43567584245089E-33,4.89858719658941E-16));
#5590=DIRECTION('ref_axis',(4.89858719658941E-16,-1.79975363667705E-16,
-1.));
#5591=DIRECTION('',(-4.89858719658941E-16,1.15622618047E-16,1.));
#5592=DIRECTION('',(4.55173619176533E-33,-1.,-1.83469471370717E-17));
#5593=DIRECTION('',(-4.89858719658941E-16,-7.77774032932777E-17,1.));
#5594=DIRECTION('',(-6.76080566293213E-32,1.,1.47070429861761E-16));
#5595=DIRECTION('center_axis',(4.92383242823946E-16,6.14059059696751E-17,
-1.));
#5596=DIRECTION('ref_axis',(1.,-4.88692707499632E-33,4.87351425197358E-16));
#5597=DIRECTION('center_axis',(4.89858719658941E-16,1.47070429861761E-16,
-1.));
#5598=DIRECTION('ref_axis',(1.,-4.88692707499632E-33,4.87351425197358E-16));
#5599=DIRECTION('',(4.92383242823946E-16,6.14059059696751E-17,-1.));
#5600=DIRECTION('center_axis',(-4.87351425197358E-16,-1.49250657683929E-15,
1.));
#5601=DIRECTION('ref_axis',(1.,-4.88692707499632E-33,4.87351425197358E-16));
#5602=DIRECTION('center_axis',(-4.87351425197358E-16,-1.49250657683929E-15,
1.));
#5603=DIRECTION('ref_axis',(1.,7.66909373318171E-32,4.87351425197358E-16));
#5604=DIRECTION('center_axis',(-3.36642633531912E-32,1.,7.77774032932776E-17));
#5605=DIRECTION('ref_axis',(1.22464679914735E-16,7.77774032932776E-17,-1.));
#5606=DIRECTION('',(4.89728512344055E-16,7.77774032932776E-17,-1.));
#5607=DIRECTION('',(-1.,4.43567584245089E-33,-4.89858719658941E-16));
#5608=DIRECTION('',(1.,-4.44580661971907E-33,4.89988973136677E-16));
#5609=DIRECTION('center_axis',(-4.89858719658941E-16,-1.47070429861761E-16,
1.));
#5610=DIRECTION('ref_axis',(1.,7.71421885643626E-32,4.89858719658941E-16));
#5611=DIRECTION('',(-1.,4.43265598876727E-33,-4.89858719658941E-16));
#5612=DIRECTION('',(-6.75708348374811E-32,1.,1.47070429861761E-16));
#5613=DIRECTION('center_axis',(1.,-4.4537479885196E-33,4.89728512344055E-16));
#5614=DIRECTION('ref_axis',(4.89728512344055E-16,-1.79975363667705E-16,
-1.));
#5615=DIRECTION('',(-4.53127513897356E-33,1.,1.83469471370717E-17));
#5616=DIRECTION('',(-4.89728512344055E-16,-4.20692412573263E-17,1.));
#5617=DIRECTION('',(-1.61487589478739E-32,1.,4.20692412573262E-17));
#5618=DIRECTION('',(-4.89728512344055E-16,1.15622618047E-16,1.));
#5619=DIRECTION('',(-3.69206053914697E-33,1.,1.66333148312668E-17));
#5620=DIRECTION('',(4.89728512344055E-16,-1.15622618047E-16,-1.));
#5621=DIRECTION('center_axis',(1.,4.85700233200482E-17,5.25566881694893E-16));
#5622=DIRECTION('ref_axis',(5.25566881694893E-16,-1.79975363667705E-16,
-1.));
#5623=DIRECTION('',(4.85700233200482E-17,-1.,-1.83469471370717E-17));
#5624=DIRECTION('',(5.25566881694893E-16,-1.15622618047E-16,-1.));
#5625=DIRECTION('',(-4.85700233200483E-17,1.,4.20692412573262E-17));
#5626=DIRECTION('',(-5.25566881694893E-16,-4.20692412573263E-17,1.));
#5627=DIRECTION('center_axis',(-5.94859908263376E-16,-4.20692412573262E-17,
1.));
#5628=DIRECTION('ref_axis',(1.,9.6039815668987E-32,5.94859908263376E-16));
#5629=DIRECTION('',(1.,7.70785633572423E-33,5.94859908263376E-16));
#5630=DIRECTION('',(1.,7.71957516254065E-17,5.94859908263376E-16));
#5631=DIRECTION('center_axis',(5.94859908263376E-16,4.20692412573262E-17,
-1.));
#5632=DIRECTION('ref_axis',(5.96912292555996E-17,-1.,-4.05967784393618E-17));
#5633=DIRECTION('',(5.10194143130351E-16,4.3551533724355E-17,-1.));
#5634=DIRECTION('center_axis',(-1.93930411254861E-15,-4.05967784393619E-17,
1.));
#5635=DIRECTION('ref_axis',(5.96912292555996E-17,-1.,-4.05967784393618E-17));
#5636=DIRECTION('center_axis',(-1.93930411254861E-15,-4.05967784393619E-17,
1.));
#5637=DIRECTION('ref_axis',(1.,3.3800665026616E-31,1.93930411254861E-15));
#5638=DIRECTION('center_axis',(7.71957516254065E-17,-1.,-4.20692412573263E-17));
#5639=DIRECTION('ref_axis',(-1.22464679914735E-16,-4.20692412573263E-17,
1.));
#5640=DIRECTION('',(-1.,-7.71957516254065E-17,-4.89988973136677E-16));
#5641=DIRECTION('center_axis',(-4.89988973136677E-16,-1.83469471370717E-17,
1.));
#5642=DIRECTION('ref_axis',(1.,7.7165630981387E-32,4.89988973136677E-16));
#5643=DIRECTION('',(1.,-4.41759574066176E-33,4.89988973136677E-16));
#5644=DIRECTION('',(-4.55173619176533E-33,1.,1.83469471370717E-17));
#5645=DIRECTION('',(1.,-4.44580661971907E-33,4.89988973136677E-16));
#5646=DIRECTION('',(4.55173619176533E-33,-1.,-1.83469471370717E-17));
#5647=DIRECTION('',(1.,-4.41759574066176E-33,4.89988973136677E-16));
#5648=DIRECTION('',(-4.53127513897356E-33,1.,1.83469471370717E-17));
#5649=DIRECTION('',(-1.,-6.36020343704422E-17,-4.89988973136677E-16));
#5650=DIRECTION('',(-5.89509359844802E-17,1.,1.83469471370717E-17));
#5651=DIRECTION('',(-1.,4.41759574066176E-33,-4.89988973136677E-16));
#5652=DIRECTION('center_axis',(-5.76369817302799E-16,-4.20692412573262E-17,
1.));
#5653=DIRECTION('ref_axis',(1.,9.27120548241082E-32,5.76369817302799E-16));
#5654=DIRECTION('',(1.61487589478739E-32,-1.,-4.20692412573262E-17));
#5655=DIRECTION('',(1.,5.56998361093518E-33,5.76369817302799E-16));
#5656=DIRECTION('',(5.89509359844802E-17,-1.,-4.20692412573262E-17));
#5657=DIRECTION('',(1.,6.36020343704421E-17,5.76369817302799E-16));
#5658=DIRECTION('center_axis',(5.76369817302799E-16,4.20692412573262E-17,
-1.));
#5659=DIRECTION('ref_axis',(5.96912292555996E-17,-1.,-4.05967784393618E-17));
#5660=DIRECTION('center_axis',(1.,5.89509359844802E-17,5.33198817736183E-16));
#5661=DIRECTION('ref_axis',(5.33198817736183E-16,-1.79975363667705E-16,
-1.));
#5662=DIRECTION('',(-5.33198817736183E-16,1.15622618047E-16,1.));
#5663=DIRECTION('',(5.33198817736183E-16,4.20692412573262E-17,-1.));
#5664=DIRECTION('',(5.10194143130351E-16,4.35515337243549E-17,-1.));
#5665=DIRECTION('center_axis',(-1.93930411254861E-15,-4.05967784393619E-17,
1.));
#5666=DIRECTION('ref_axis',(5.96912292555996E-17,-1.,-4.05967784393618E-17));
#5667=DIRECTION('center_axis',(-1.93930411254861E-15,-4.05967784393619E-17,
1.));
#5668=DIRECTION('ref_axis',(1.,3.3800665026616E-31,1.93930411254861E-15));
#5669=DIRECTION('center_axis',(6.36020343704422E-17,-1.,-4.20692412573262E-17));
#5670=DIRECTION('ref_axis',(-1.22464679914735E-16,-4.20692412573262E-17,
1.));
#5671=DIRECTION('',(4.89728512344055E-16,4.20692412573262E-17,-1.));
#5672=DIRECTION('center_axis',(-1.,4.4537479885196E-33,-4.89728512344055E-16));
#5673=DIRECTION('ref_axis',(-4.89728512344055E-16,1.79975363667705E-16,
1.));
#5674=DIRECTION('',(-4.89728512344055E-16,1.15622618047E-16,1.));
#5675=DIRECTION('',(3.69206053914697E-33,-1.,-1.66333148312668E-17));
#5676=DIRECTION('',(4.89728512344055E-16,-1.15622618047E-16,-1.));
#5677=DIRECTION('center_axis',(-1.,4.43567584245089E-33,-4.89858719658941E-16));
#5678=DIRECTION('ref_axis',(-4.89858719658941E-16,1.79975363667705E-16,
1.));
#5679=DIRECTION('',(4.89858719658941E-16,-1.15622618047E-16,-1.));
#5680=DIRECTION('',(-6.76080566293213E-32,1.,1.47070429861761E-16));
#5681=DIRECTION('',(4.89858719658941E-16,7.77774032932777E-17,-1.));
#5682=DIRECTION('center_axis',(-4.89858719658941E-16,-1.47070429861761E-16,
1.));
#5683=DIRECTION('ref_axis',(1.,7.71421885643626E-32,4.89858719658941E-16));
#5684=DIRECTION('',(-1.,4.43265598876727E-33,-4.89858719658941E-16));
#5685=DIRECTION('',(-6.76080566293213E-32,1.,1.47070429861761E-16));
#5686=DIRECTION('',(-1.,4.43567584245089E-33,-4.89858719658941E-16));
#5687=DIRECTION('center_axis',(4.89858719658941E-16,1.47070429861761E-16,
-1.));
#5688=DIRECTION('ref_axis',(1.,-4.88692707499632E-33,4.87351425197358E-16));
#5689=DIRECTION('center_axis',(4.92383242823946E-16,6.14059059696751E-17,
-1.));
#5690=DIRECTION('ref_axis',(1.,-4.88692707499632E-33,4.87351425197358E-16));
#5691=DIRECTION('',(4.92383242823946E-16,6.14059059696751E-17,-1.));
#5692=DIRECTION('center_axis',(-4.87351425197358E-16,-1.49250657683929E-15,
1.));
#5693=DIRECTION('ref_axis',(1.,-4.88692707499632E-33,4.87351425197358E-16));
#5694=DIRECTION('center_axis',(-4.87351425197358E-16,-1.49250657683929E-15,
1.));
#5695=DIRECTION('ref_axis',(1.,7.66909373318171E-32,4.87351425197358E-16));
#5696=DIRECTION('center_axis',(-3.36642633531912E-32,1.,7.77774032932776E-17));
#5697=DIRECTION('ref_axis',(1.22464679914735E-16,7.77774032932776E-17,-1.));
#5698=DIRECTION('',(-4.89858719658941E-16,-7.77774032932777E-17,1.));
#5699=DIRECTION('center_axis',(1.,-4.43567584245089E-33,4.89858719658941E-16));
#5700=DIRECTION('ref_axis',(4.89858719658941E-16,-1.79975363667705E-16,
-1.));
#5701=DIRECTION('',(-4.89858719658941E-16,1.15622618047E-16,1.));
#5702=DIRECTION('center_axis',(-4.91522353853694E-16,-7.2940799916082E-17,
1.));
#5703=DIRECTION('ref_axis',(1.,7.74416017335733E-32,4.91522353853694E-16));
#5704=DIRECTION('',(-1.,4.24030224769742E-33,-4.91522353853694E-16));
#5705=DIRECTION('',(2.33220620573887E-16,1.,7.29407999160821E-17));
#5706=DIRECTION('',(-2.33220620573887E-16,-1.,-7.29407999160821E-17));
#5707=DIRECTION('center_axis',(-1.,2.33220620573887E-16,-4.88202584776435E-16));
#5708=DIRECTION('ref_axis',(-4.88202584776435E-16,1.79975363667705E-16,
1.));
#5709=DIRECTION('',(-4.88202584776435E-16,1.15622618047E-16,1.));
#5710=DIRECTION('',(2.33220620573887E-16,1.,7.29407999160821E-17));
#5711=DIRECTION('center_axis',(-4.91522353853694E-16,-7.2940799916082E-17,
1.));
#5712=DIRECTION('ref_axis',(1.,7.74416017335733E-32,4.91522353853694E-16));
#5713=DIRECTION('',(1.,-4.24030224769742E-33,4.91522353853694E-16));
#5714=DIRECTION('',(-2.33220620573887E-16,-1.,-7.29407999160821E-17));
#5715=DIRECTION('center_axis',(1.,-2.33220620573887E-16,4.88202584776435E-16));
#5716=DIRECTION('ref_axis',(4.88202584776435E-16,-1.79975363667705E-16,
-1.));
#5717=DIRECTION('',(4.88202584776435E-16,-1.15622618047E-16,-1.));
#5718=DIRECTION('center_axis',(-4.89858719658941E-16,-1.02136019165825E-16,
1.));
#5719=DIRECTION('ref_axis',(1.,7.71421885643626E-32,4.89858719658941E-16));
#5720=DIRECTION('',(-1.,4.43265598876727E-33,-4.89858719658941E-16));
#5721=DIRECTION('',(9.34466587196558E-17,1.,1.02136019165825E-16));
#5722=DIRECTION('',(-9.34466587196558E-17,-1.,-1.02136019165825E-16));
#5723=DIRECTION('center_axis',(-1.,9.34466587196558E-17,-4.89858719658941E-16));
#5724=DIRECTION('ref_axis',(-4.89858719658941E-16,1.79975363667705E-16,
1.));
#5725=DIRECTION('',(-4.89858719658941E-16,1.15622618047E-16,1.));
#5726=DIRECTION('',(9.34466587196558E-17,1.,1.02136019165825E-16));
#5727=DIRECTION('center_axis',(-4.89858719658941E-16,-1.02136019165825E-16,
1.));
#5728=DIRECTION('ref_axis',(1.,7.71421885643626E-32,4.89858719658941E-16));
#5729=DIRECTION('',(1.,-4.43265598876727E-33,4.89858719658941E-16));
#5730=DIRECTION('',(-9.34466587196558E-17,-1.,-1.02136019165825E-16));
#5731=DIRECTION('center_axis',(1.,-9.34466587196558E-17,4.89858719658941E-16));
#5732=DIRECTION('ref_axis',(4.89858719658941E-16,-1.79975363667705E-16,
-1.));
#5733=DIRECTION('',(4.89858719658941E-16,-1.15622618047E-16,-1.));
#5734=DIRECTION('center_axis',(4.90271625048264E-16,3.10961379970905E-18,
-1.));
#5735=DIRECTION('ref_axis',(-1.,-7.72165013619663E-32,-4.90271625048264E-16));
#5736=DIRECTION('',(-1.,4.38491478664805E-33,-4.90271625048264E-16));
#5737=DIRECTION('',(1.30139990958961E-16,-1.,-3.10961379970896E-18));
#5738=DIRECTION('',(-1.30139990958961E-16,1.,3.10961379970896E-18));
#5739=DIRECTION('center_axis',(1.,1.30139990958961E-16,4.89446277803172E-16));
#5740=DIRECTION('ref_axis',(4.89446277803173E-16,-1.79975363667705E-16,
-1.));
#5741=DIRECTION('',(-4.89446277803173E-16,1.15622618047E-16,1.));
#5742=DIRECTION('',(1.30139990958961E-16,-1.,-3.10961379970896E-18));
#5743=DIRECTION('center_axis',(4.90271625048264E-16,3.10961379970905E-18,
-1.));
#5744=DIRECTION('ref_axis',(-1.,-7.72165013619663E-32,-4.90271625048264E-16));
#5745=DIRECTION('',(1.,-4.38491478664805E-33,4.90271625048264E-16));
#5746=DIRECTION('',(-1.30139990958961E-16,1.,3.10961379970896E-18));
#5747=DIRECTION('center_axis',(-1.,-1.30139990958961E-16,-4.89446277803172E-16));
#5748=DIRECTION('ref_axis',(-4.89446277803173E-16,1.79975363667705E-16,
1.));
#5749=DIRECTION('',(4.89446277803173E-16,-1.15622618047E-16,-1.));
#5750=DIRECTION('center_axis',(4.89825561139443E-16,-4.3587733825191E-17,
-1.));
#5751=DIRECTION('ref_axis',(-1.,-7.71362208477572E-32,-4.89825561139443E-16));
#5752=DIRECTION('',(-1.,4.43648986360218E-33,-4.89825561139443E-16));
#5753=DIRECTION('',(1.2249234501908E-16,-1.,4.3587733825191E-17));
#5754=DIRECTION('',(-1.2249234501908E-16,1.,-4.3587733825191E-17));
#5755=DIRECTION('center_axis',(1.,1.2249234501908E-16,4.89891881171375E-16));
#5756=DIRECTION('ref_axis',(4.89891881171375E-16,-1.79975363667705E-16,
-1.));
#5757=DIRECTION('',(-4.89891881171375E-16,1.15622618047E-16,1.));
#5758=DIRECTION('',(1.2249234501908E-16,-1.,4.3587733825191E-17));
#5759=DIRECTION('center_axis',(4.89825561139443E-16,-4.3587733825191E-17,
-1.));
#5760=DIRECTION('ref_axis',(-1.,-7.71362208477572E-32,-4.89825561139443E-16));
#5761=DIRECTION('',(1.,-4.43648986360218E-33,4.89825561139443E-16));
#5762=DIRECTION('',(-1.2249234501908E-16,1.,-4.3587733825191E-17));
#5763=DIRECTION('center_axis',(-1.,-1.2249234501908E-16,-4.89891881171375E-16));
#5764=DIRECTION('ref_axis',(-4.89891881171375E-16,1.79975363667705E-16,
1.));
#5765=DIRECTION('',(4.89891881171375E-16,-1.15622618047E-16,-1.));
#5766=DIRECTION('center_axis',(4.90274392926097E-16,1.30573372768799E-17,
-1.));
#5767=DIRECTION('ref_axis',(-1.,-7.72169995117859E-32,-4.90274392926097E-16));
#5768=DIRECTION('',(-1.,4.38459475736655E-33,-4.90274392926097E-16));
#5769=DIRECTION('',(7.66064693797915E-17,-1.,-1.30573372768798E-17));
#5770=DIRECTION('',(-7.66064693797915E-17,1.,1.30573372768798E-17));
#5771=DIRECTION('center_axis',(1.,7.66064693797915E-17,4.89443516157153E-16));
#5772=DIRECTION('ref_axis',(4.89443516157153E-16,-1.79975363667705E-16,
-1.));
#5773=DIRECTION('',(-4.89443516157153E-16,1.15622618047E-16,1.));
#5774=DIRECTION('',(7.66064693797915E-17,-1.,-1.30573372768798E-17));
#5775=DIRECTION('center_axis',(4.90274392926097E-16,1.30573372768799E-17,
-1.));
#5776=DIRECTION('ref_axis',(-1.,-7.72169995117859E-32,-4.90274392926097E-16));
#5777=DIRECTION('',(1.,-4.38459475736655E-33,4.90274392926097E-16));
#5778=DIRECTION('',(-7.66064693797915E-17,1.,1.30573372768798E-17));
#5779=DIRECTION('center_axis',(-1.,-7.66064693797915E-17,-4.89443516157153E-16));
#5780=DIRECTION('ref_axis',(-4.89443516157153E-16,1.79975363667705E-16,
1.));
#5781=DIRECTION('',(4.89443516157153E-16,-1.15622618047E-16,-1.));
#5782=DIRECTION('center_axis',(4.89887135667965E-16,-4.35877338251917E-17,
-1.));
#5783=DIRECTION('ref_axis',(-1.,-7.71473027459207E-32,-4.89887135667965E-16));
#5784=DIRECTION('',(-1.,4.42937045540948E-33,-4.89887135667965E-16));
#5785=DIRECTION('',(1.45435282838725E-16,-1.,4.35877338251917E-17));
#5786=DIRECTION('',(-1.45435282838725E-16,1.,-4.35877338251917E-17));
#5787=DIRECTION('center_axis',(1.,1.45435282838725E-16,4.89830305847577E-16));
#5788=DIRECTION('ref_axis',(4.89830305847577E-16,-1.79975363667705E-16,
-1.));
#5789=DIRECTION('',(-4.89830305847577E-16,1.15622618047E-16,1.));
#5790=DIRECTION('',(1.45435282838725E-16,-1.,4.35877338251917E-17));
#5791=DIRECTION('center_axis',(4.89887135667965E-16,-4.35877338251917E-17,
-1.));
#5792=DIRECTION('ref_axis',(-1.,-7.71473027459207E-32,-4.89887135667965E-16));
#5793=DIRECTION('',(1.,-4.42937045540948E-33,4.89887135667965E-16));
#5794=DIRECTION('',(-1.45435282838725E-16,1.,-4.35877338251917E-17));
#5795=DIRECTION('center_axis',(-1.,-1.45435282838725E-16,-4.89830305847577E-16));
#5796=DIRECTION('ref_axis',(-4.89830305847577E-16,1.79975363667705E-16,
1.));
#5797=DIRECTION('',(4.89830305847577E-16,-1.15622618047E-16,-1.));
#5798=DIRECTION('center_axis',(4.90482229559675E-16,6.71976504265723E-17,
-1.));
#5799=DIRECTION('ref_axis',(-1.,-7.72544049854976E-32,-4.90482229559675E-16));
#5800=DIRECTION('',(1.,-4.3605641416662E-33,4.90482229559675E-16));
#5801=DIRECTION('',(-2.8257434357302E-32,1.,6.71976504265723E-17));
#5802=DIRECTION('',(2.8257434357302E-32,-1.,-6.71976504265723E-17));
#5803=DIRECTION('center_axis',(-1.,4.61809323032918E-33,-4.89236266133363E-16));
#5804=DIRECTION('ref_axis',(-4.89236266133363E-16,1.79975363667705E-16,
1.));
#5805=DIRECTION('',(-4.89236266133363E-16,1.15622618047E-16,1.));
#5806=DIRECTION('',(-2.8257434357302E-32,1.,6.71976504265723E-17));
#5807=DIRECTION('center_axis',(4.90482229559675E-16,6.71976504265723E-17,
-1.));
#5808=DIRECTION('ref_axis',(-1.,-7.72544049854976E-32,-4.90482229559675E-16));
#5809=DIRECTION('',(-1.,4.3605641416662E-33,-4.90482229559675E-16));
#5810=DIRECTION('',(2.8257434357302E-32,-1.,-6.71976504265723E-17));
#5811=DIRECTION('center_axis',(1.,-4.61809323032918E-33,4.89236266133363E-16));
#5812=DIRECTION('ref_axis',(4.89236266133363E-16,-1.79975363667705E-16,
-1.));
#5813=DIRECTION('',(4.89236266133363E-16,-1.15622618047E-16,-1.));
#5814=DIRECTION('center_axis',(4.89825561139443E-16,1.27786447735498E-16,
-1.));
#5815=DIRECTION('ref_axis',(-1.,-7.71362208477572E-32,-4.89825561139443E-16));
#5816=DIRECTION('',(1.,-4.43648986360222E-33,4.89825561139443E-16));
#5817=DIRECTION('',(-5.81534070206663E-32,1.,1.27786447735498E-16));
#5818=DIRECTION('',(5.81534070206663E-32,-1.,-1.27786447735498E-16));
#5819=DIRECTION('center_axis',(-1.,4.44813624868443E-33,-4.89891881171375E-16));
#5820=DIRECTION('ref_axis',(-4.89891881171375E-16,1.79975363667705E-16,
1.));
#5821=DIRECTION('',(-4.89891881171375E-16,1.15622618047E-16,1.));
#5822=DIRECTION('',(-5.81534070206663E-32,1.,1.27786447735498E-16));
#5823=DIRECTION('center_axis',(4.89825561139443E-16,1.27786447735498E-16,
-1.));
#5824=DIRECTION('ref_axis',(-1.,-7.71362208477572E-32,-4.89825561139443E-16));
#5825=DIRECTION('',(-1.,4.43648986360222E-33,-4.89825561139443E-16));
#5826=DIRECTION('',(5.81534070206663E-32,-1.,-1.27786447735498E-16));
#5827=DIRECTION('center_axis',(1.,-4.44813624868443E-33,4.89891881171375E-16));
#5828=DIRECTION('ref_axis',(4.89891881171375E-16,-1.79975363667705E-16,
-1.));
#5829=DIRECTION('',(4.89891881171375E-16,-1.15622618047E-16,-1.));
#5830=DIRECTION('center_axis',(-6.10714036288854E-32,-1.,1.15622618047E-16));
#5831=DIRECTION('ref_axis',(-1.22464679914735E-16,1.15622618047E-16,1.));
#5832=DIRECTION('',(-1.,4.43265598876727E-33,-4.89858719658941E-16));
#5833=DIRECTION('center_axis',(-6.10714036288854E-32,-1.,1.15622618047E-16));
#5834=DIRECTION('ref_axis',(-1.22464679914735E-16,1.15622618047E-16,1.));
#5835=DIRECTION('',(1.,-4.43265598876727E-33,4.89858719658941E-16));
#5836=DIRECTION('center_axis',(1.,-4.43567584245089E-33,4.89858719658941E-16));
#5837=DIRECTION('ref_axis',(4.89858719658941E-16,-1.79975363667705E-16,
-1.));
#5838=DIRECTION('',(-3.71229846447752E-33,1.,1.66333148312667E-17));
#5839=DIRECTION('center_axis',(4.89858719658941E-16,1.66333148312668E-17,
-1.));
#5840=DIRECTION('ref_axis',(-1.,-7.71421885643626E-32,-4.89858719658941E-16));
#5841=DIRECTION('',(-3.71229846447752E-33,1.,1.66333148312667E-17));
#5842=DIRECTION('center_axis',(-1.,4.43567584245089E-33,-4.89858719658941E-16));
#5843=DIRECTION('ref_axis',(-4.89858719658941E-16,1.79975363667705E-16,
1.));
#5844=CARTESIAN_POINT('',(0.,0.,0.));
#5845=CARTESIAN_POINT('Origin',(19.0962321559022,-4.13915,3.2882416451936));
#5846=CARTESIAN_POINT('',(19.1658702567142,-4.37750011444092,3.2882416451936));
#5847=CARTESIAN_POINT('',(19.0962321559022,-4.37750011444092,3.2882416451936));
#5848=CARTESIAN_POINT('',(17.365616230539,-4.37750011444092,3.2882416451936));
#5849=CARTESIAN_POINT('',(19.1658702567142,-4.13915,3.2882416451936));
#5850=CARTESIAN_POINT('',(19.1658702567142,-4.13915,3.2882416451936));
#5851=CARTESIAN_POINT('',(19.0962321559022,-4.13915,3.2882416451936));
#5852=CARTESIAN_POINT('',(19.1658702567142,-4.13915,3.2882416451936));
#5853=CARTESIAN_POINT('',(19.0962321559022,-4.13915,3.2882416451936));
#5854=CARTESIAN_POINT('Origin',(18.9801686545489,-4.13915,3.45354102312914));
#5855=CARTESIAN_POINT('',(18.9801686545489,-4.37750011444092,3.45354102312914));
#5856=CARTESIAN_POINT('',(18.7543740620743,-4.37750011444092,3.77512106545144));
#5857=CARTESIAN_POINT('',(18.9801686545489,-4.13915,3.45354102312914));
#5858=CARTESIAN_POINT('',(19.0962321559022,-4.13915,3.2882416451936));
#5859=CARTESIAN_POINT('',(18.9801686545489,-4.13915,3.45354102312914));
#5860=CARTESIAN_POINT('Origin',(18.8625576398443,-4.13915,3.28824164519361));
#5861=CARTESIAN_POINT('',(18.8625576398443,-4.37750011444092,3.28824164519361));
#5862=CARTESIAN_POINT('',(18.0312646467654,-4.37750011444092,2.11987986391682));
#5863=CARTESIAN_POINT('',(18.8625576398443,-4.13915,3.28824164519361));
#5864=CARTESIAN_POINT('',(18.9801686545489,-4.13915,3.45354102312914));
#5865=CARTESIAN_POINT('',(18.8625576398443,-4.13915,3.28824164519361));
#5866=CARTESIAN_POINT('Origin',(18.7960145657351,-4.13915,3.2882416451936));
#5867=CARTESIAN_POINT('',(18.7960145657351,-4.37750011444092,3.2882416451936));
#5868=CARTESIAN_POINT('',(17.2155074354554,-4.37750011444092,3.2882416451936));
#5869=CARTESIAN_POINT('',(18.7960145657351,-4.13915,3.2882416451936));
#5870=CARTESIAN_POINT('',(18.8625576398443,-4.13915,3.2882416451936));
#5871=CARTESIAN_POINT('',(18.7960145657351,-4.13915,3.2882416451936));
#5872=CARTESIAN_POINT('Origin',(18.9440600096835,-4.13915,3.49269087579808));
#5873=CARTESIAN_POINT('',(18.9440600096835,-4.37750011444092,3.49269087579808));
#5874=CARTESIAN_POINT('',(18.0358306687889,-4.37750011444092,2.23843552685931));
#5875=CARTESIAN_POINT('',(18.9440600096835,-4.13915,3.49269087579808));
#5876=CARTESIAN_POINT('',(18.7960145657351,-4.13915,3.2882416451936));
#5877=CARTESIAN_POINT('',(18.9440600096835,-4.13915,3.49269087579808));
#5878=CARTESIAN_POINT('Origin',(18.7841502967078,-4.13915,3.71976002127795));
#5879=CARTESIAN_POINT('',(18.7841502967078,-4.37750011444092,3.71976002127795));
#5880=CARTESIAN_POINT('',(18.6516362715466,-4.37750011444092,3.90792774353527));
#5881=CARTESIAN_POINT('',(18.7841502967078,-4.13915,3.71976002127795));
#5882=CARTESIAN_POINT('',(18.9440600096835,-4.13915,3.49269087579808));
#5883=CARTESIAN_POINT('',(18.7841502967078,-4.13915,3.71976002127795));
#5884=CARTESIAN_POINT('Origin',(18.8579150997901,-4.13915,3.71976002127795));
#5885=CARTESIAN_POINT('',(18.8579150997901,-4.37750011444092,3.71976002127795));
#5886=CARTESIAN_POINT('',(17.246457702483,-4.37750011444092,3.71976002127795));
#5887=CARTESIAN_POINT('',(18.8579150997901,-4.13915,3.71976002127795));
#5888=CARTESIAN_POINT('',(18.7841502967078,-4.13915,3.71976002127795));
#5889=CARTESIAN_POINT('',(18.8579150997901,-4.13915,3.71976002127795));
#5890=CARTESIAN_POINT('Origin',(18.9822320056841,-4.13915,3.532710725193));
#5891=CARTESIAN_POINT('',(18.9822320056841,-4.37750011444092,3.532710725193));
#5892=CARTESIAN_POINT('',(18.8077628830326,-4.37750011444092,3.79521988551873));
#5893=CARTESIAN_POINT('',(18.9822320056841,-4.13915,3.532710725193));
#5894=CARTESIAN_POINT('',(18.8579150997901,-4.13915,3.71976002127795));
#5895=CARTESIAN_POINT('',(18.9822320056841,-4.13915,3.532710725193));
#5896=CARTESIAN_POINT('Origin',(19.1106756138484,-4.13915,3.71976002127795));
#5897=CARTESIAN_POINT('',(19.1106756138484,-4.37750011444092,3.71976002127795));
#5898=CARTESIAN_POINT('',(18.1677158603327,-4.37750011444092,2.34655071446729));
#5899=CARTESIAN_POINT('',(19.1106756138484,-4.13915,3.71976002127795));
#5900=CARTESIAN_POINT('',(18.9822320056841,-4.13915,3.532710725193));
#5901=CARTESIAN_POINT('',(19.1106756138484,-4.13915,3.71976002127795));
#5902=CARTESIAN_POINT('Origin',(19.17618701239,-4.13915,3.71976002127795));
#5903=CARTESIAN_POINT('',(19.17618701239,-4.37750011444092,3.71976002127795));
#5904=CARTESIAN_POINT('',(17.4055936587829,-4.37750011444092,3.71976002127795));
#5905=CARTESIAN_POINT('',(19.17618701239,-4.13915,3.71976002127795));
#5906=CARTESIAN_POINT('',(19.1106756138484,-4.13915,3.71976002127795));
#5907=CARTESIAN_POINT('',(19.17618701239,-4.13915,3.71976002127795));
#5908=CARTESIAN_POINT('Origin',(19.0178248127658,-4.13915,3.49443086925003));
#5909=CARTESIAN_POINT('',(19.0178248127658,-4.37750011444092,3.49443086925003));
#5910=CARTESIAN_POINT('',(18.1223701162321,-4.37750011444092,2.22031338459718));
#5911=CARTESIAN_POINT('',(19.0178248127658,-4.13915,3.49443086925003));
#5912=CARTESIAN_POINT('',(19.17618701239,-4.13915,3.71976002127795));
#5913=CARTESIAN_POINT('',(19.0178248127658,-4.13915,3.49443086925003));
#5914=CARTESIAN_POINT('Origin',(19.1658702567142,-4.13915,3.2882416451936));
#5915=CARTESIAN_POINT('',(18.8550921511152,-4.37750011444092,3.72107560980727));
#5916=CARTESIAN_POINT('',(19.0178248127658,-4.13915,3.49443086925003));
#5917=CARTESIAN_POINT('Origin',(18.7841502967078,-4.13915,3.71976002127795));
#5918=CARTESIAN_POINT('Ctrl Pts',(19.5955631306132,-4.13915,3.50356583487279));
#5919=CARTESIAN_POINT('Ctrl Pts',(19.5955631306132,-4.21860003814697,3.50356583487279));
#5920=CARTESIAN_POINT('Ctrl Pts',(19.5955631306132,-4.29805007629395,3.50356583487279));
#5921=CARTESIAN_POINT('Ctrl Pts',(19.5955631306132,-4.37750011444092,3.50356583487279));
#5922=CARTESIAN_POINT('Ctrl Pts',(19.5955631306132,-4.13915,3.53053573337806));
#5923=CARTESIAN_POINT('Ctrl Pts',(19.5955631306132,-4.21860003814697,3.53053573337806));
#5924=CARTESIAN_POINT('Ctrl Pts',(19.5955631306132,-4.29805007629395,3.53053573337806));
#5925=CARTESIAN_POINT('Ctrl Pts',(19.5955631306132,-4.37750011444092,3.53053573337806));
#5926=CARTESIAN_POINT('Ctrl Pts',(19.5924681039104,-4.13915,3.55475064225107));
#5927=CARTESIAN_POINT('Ctrl Pts',(19.5924681039104,-4.21860003814697,3.55475064225107));
#5928=CARTESIAN_POINT('Ctrl Pts',(19.5924681039104,-4.29805007629395,3.55475064225107));
#5929=CARTESIAN_POINT('Ctrl Pts',(19.5924681039104,-4.37750011444092,3.55475064225107));
#5930=CARTESIAN_POINT('Ctrl Pts',(19.580027459836,-4.13914999999999,3.5978803536849));
#5931=CARTESIAN_POINT('Ctrl Pts',(19.580027459836,-4.21860003814697,3.5978803536849));
#5932=CARTESIAN_POINT('Ctrl Pts',(19.580027459836,-4.29805007629395,3.5978803536849));
#5933=CARTESIAN_POINT('Ctrl Pts',(19.580027459836,-4.37750011444092,3.5978803536849));
#5934=CARTESIAN_POINT('Ctrl Pts',(19.571146808847,-4.13914999999999,3.61623041088674));
#5935=CARTESIAN_POINT('Ctrl Pts',(19.571146808847,-4.21860003814697,3.61623041088674));
#5936=CARTESIAN_POINT('Ctrl Pts',(19.571146808847,-4.29805007629394,3.61623041088674));
#5937=CARTESIAN_POINT('Ctrl Pts',(19.571146808847,-4.37750011444092,3.61623041088674));
#5938=CARTESIAN_POINT('Ctrl Pts',(19.5456508264329,-4.13914999999999,3.64586607579934));
#5939=CARTESIAN_POINT('Ctrl Pts',(19.5456508264329,-4.21860003814697,3.64586607579934));
#5940=CARTESIAN_POINT('Ctrl Pts',(19.5456508264329,-4.29805007629395,3.64586607579934));
#5941=CARTESIAN_POINT('Ctrl Pts',(19.5456508264329,-4.37750011444092,3.64586607579934));
#5942=CARTESIAN_POINT('Ctrl Pts',(19.5302236779995,-4.13915,3.65770025482495));
#5943=CARTESIAN_POINT('Ctrl Pts',(19.5302236779995,-4.21860003814697,3.65770025482495));
#5944=CARTESIAN_POINT('Ctrl Pts',(19.5302236779995,-4.29805007629394,3.65770025482495));
#5945=CARTESIAN_POINT('Ctrl Pts',(19.5302236779995,-4.37750011444092,3.65770025482495));
#5946=CARTESIAN_POINT('Ctrl Pts',(19.4918433677541,-4.13915,3.67388302841416));
#5947=CARTESIAN_POINT('Ctrl Pts',(19.4918433677541,-4.21860003814697,3.67388302841416));
#5948=CARTESIAN_POINT('Ctrl Pts',(19.4918433677541,-4.29805007629394,3.67388302841416));
#5949=CARTESIAN_POINT('Ctrl Pts',(19.4918433677541,-4.37750011444092,3.67388302841416));
#5950=CARTESIAN_POINT('Ctrl Pts',(19.4688389817282,-4.13915,3.67756518006808));
#5951=CARTESIAN_POINT('Ctrl Pts',(19.4688389817282,-4.21860003814697,3.67756518006808));
#5952=CARTESIAN_POINT('Ctrl Pts',(19.4688389817282,-4.29805007629394,3.67756518006808));
#5953=CARTESIAN_POINT('Ctrl Pts',(19.4688389817282,-4.37750011444092,3.67756518006808));
#5954=CARTESIAN_POINT('Ctrl Pts',(19.4155357440697,-4.13915,3.67756518006809));
#5955=CARTESIAN_POINT('Ctrl Pts',(19.4155357440697,-4.21860003814697,3.67756518006809));
#5956=CARTESIAN_POINT('Ctrl Pts',(19.4155357440697,-4.29805007629394,3.67756518006809));
#5957=CARTESIAN_POINT('Ctrl Pts',(19.4155357440697,-4.37750011444092,3.67756518006809));
#5958=CARTESIAN_POINT('Ctrl Pts',(19.3926669356549,-4.13915,3.67365019480119));
#5959=CARTESIAN_POINT('Ctrl Pts',(19.3926669356549,-4.21860003814697,3.67365019480119));
#5960=CARTESIAN_POINT('Ctrl Pts',(19.3926669356549,-4.29805007629395,3.67365019480119));
#5961=CARTESIAN_POINT('Ctrl Pts',(19.3926669356549,-4.37750011444092,3.67365019480119));
#5962=CARTESIAN_POINT('Ctrl Pts',(19.3544251700644,-4.13915,3.65781900767179));
#5963=CARTESIAN_POINT('Ctrl Pts',(19.3544251700644,-4.21860003814697,3.65781900767179));
#5964=CARTESIAN_POINT('Ctrl Pts',(19.3544251700644,-4.29805007629394,3.65781900767179));
#5965=CARTESIAN_POINT('Ctrl Pts',(19.3544251700644,-4.37750011444092,3.65781900767179));
#5966=CARTESIAN_POINT('Ctrl Pts',(19.3385039683567,-4.13914999999999,3.6461002984786));
#5967=CARTESIAN_POINT('Ctrl Pts',(19.3385039683567,-4.21860003814697,3.6461002984786));
#5968=CARTESIAN_POINT('Ctrl Pts',(19.3385039683567,-4.29805007629395,3.6461002984786));
#5969=CARTESIAN_POINT('Ctrl Pts',(19.3385039683567,-4.37750011444092,3.6461002984786));
#5970=CARTESIAN_POINT('Ctrl Pts',(19.3133339176428,-4.13914999999999,3.61626982251677));
#5971=CARTESIAN_POINT('Ctrl Pts',(19.3133339176428,-4.21860003814697,3.61626982251677));
#5972=CARTESIAN_POINT('Ctrl Pts',(19.3133339176428,-4.29805007629394,3.61626982251677));
#5973=CARTESIAN_POINT('Ctrl Pts',(19.3133339176428,-4.37750011444092,3.61626982251677));
#5974=CARTESIAN_POINT('Ctrl Pts',(19.3042867286984,-4.13914999999999,3.59796047964123));
#5975=CARTESIAN_POINT('Ctrl Pts',(19.3042867286984,-4.21860003814697,3.59796047964123));
#5976=CARTESIAN_POINT('Ctrl Pts',(19.3042867286984,-4.29805007629394,3.59796047964123));
#5977=CARTESIAN_POINT('Ctrl Pts',(19.3042867286984,-4.37750011444092,3.59796047964123));
#5978=CARTESIAN_POINT('Ctrl Pts',(19.2926685208239,-4.13915,3.55473637983356));
#5979=CARTESIAN_POINT('Ctrl Pts',(19.2926685208239,-4.21860003814697,3.55473637983356));
#5980=CARTESIAN_POINT('Ctrl Pts',(19.2926685208239,-4.29805007629395,3.55473637983356));
#5981=CARTESIAN_POINT('Ctrl Pts',(19.2926685208239,-4.37750011444092,3.55473637983356));
#5982=CARTESIAN_POINT('Ctrl Pts',(19.2896713248243,-4.13914999999999,3.53053573337806));
#5983=CARTESIAN_POINT('Ctrl Pts',(19.2896713248243,-4.21860003814697,3.53053573337806));
#5984=CARTESIAN_POINT('Ctrl Pts',(19.2896713248243,-4.29805007629394,3.53053573337806));
#5985=CARTESIAN_POINT('Ctrl Pts',(19.2896713248243,-4.37750011444092,3.53053573337806));
#5986=CARTESIAN_POINT('Ctrl Pts',(19.2896713248243,-4.13915,3.47659593636751));
#5987=CARTESIAN_POINT('Ctrl Pts',(19.2896713248243,-4.21860003814697,3.47659593636751));
#5988=CARTESIAN_POINT('Ctrl Pts',(19.2896713248243,-4.29805007629395,3.47659593636751));
#5989=CARTESIAN_POINT('Ctrl Pts',(19.2896713248243,-4.37750011444092,3.47659593636751));
#5990=CARTESIAN_POINT('Ctrl Pts',(19.2925944055992,-4.13915,3.4523810274945));
#5991=CARTESIAN_POINT('Ctrl Pts',(19.2925944055992,-4.21860003814697,3.4523810274945));
#5992=CARTESIAN_POINT('Ctrl Pts',(19.2925944055992,-4.29805007629394,3.4523810274945));
#5993=CARTESIAN_POINT('Ctrl Pts',(19.2925944055992,-4.37750011444092,3.4523810274945));
#5994=CARTESIAN_POINT('Ctrl Pts',(19.3042867286985,-4.13915,3.409461189013));
#5995=CARTESIAN_POINT('Ctrl Pts',(19.3042867286985,-4.21860003814697,3.409461189013));
#5996=CARTESIAN_POINT('Ctrl Pts',(19.3042867286985,-4.29805007629395,3.409461189013));
#5997=CARTESIAN_POINT('Ctrl Pts',(19.3042867286985,-4.37750011444092,3.409461189013));
#5998=CARTESIAN_POINT('Ctrl Pts',(19.3133998628788,-4.13915,3.39133625722182));
#5999=CARTESIAN_POINT('Ctrl Pts',(19.3133998628788,-4.21860003814697,3.39133625722182));
#6000=CARTESIAN_POINT('Ctrl Pts',(19.3133998628788,-4.29805007629394,3.39133625722182));
#6001=CARTESIAN_POINT('Ctrl Pts',(19.3133998628788,-4.37750011444092,3.39133625722182));
#6002=CARTESIAN_POINT('Ctrl Pts',(19.3381600765008,-4.13915,3.36175636853862));
#6003=CARTESIAN_POINT('Ctrl Pts',(19.3381600765008,-4.21860003814697,3.36175636853862));
#6004=CARTESIAN_POINT('Ctrl Pts',(19.3381600765008,-4.29805007629395,3.36175636853862));
#6005=CARTESIAN_POINT('Ctrl Pts',(19.3381600765008,-4.37750011444092,3.36175636853862));
#6006=CARTESIAN_POINT('Ctrl Pts',(19.3539093322806,-4.13915,3.35018265879976));
#6007=CARTESIAN_POINT('Ctrl Pts',(19.3539093322806,-4.21860003814697,3.35018265879976));
#6008=CARTESIAN_POINT('Ctrl Pts',(19.3539093322806,-4.29805007629394,3.35018265879976));
#6009=CARTESIAN_POINT('Ctrl Pts',(19.3539093322806,-4.37750011444092,3.35018265879976));
#6010=CARTESIAN_POINT('Ctrl Pts',(19.3921510978711,-4.13915,3.33435147167036));
#6011=CARTESIAN_POINT('Ctrl Pts',(19.3921510978711,-4.21860003814697,3.33435147167036));
#6012=CARTESIAN_POINT('Ctrl Pts',(19.3921510978711,-4.29805007629394,3.33435147167036));
#6013=CARTESIAN_POINT('Ctrl Pts',(19.3921510978711,-4.37750011444092,3.33435147167036));
#6014=CARTESIAN_POINT('Ctrl Pts',(19.414847960358,-4.13915,3.33043648640346));
#6015=CARTESIAN_POINT('Ctrl Pts',(19.414847960358,-4.21860003814697,3.33043648640346));
#6016=CARTESIAN_POINT('Ctrl Pts',(19.414847960358,-4.29805007629395,3.33043648640346));
#6017=CARTESIAN_POINT('Ctrl Pts',(19.414847960358,-4.37750011444092,3.33043648640346));
#6018=CARTESIAN_POINT('Ctrl Pts',(19.4681511980165,-4.13914999999999,3.33043648640346));
#6019=CARTESIAN_POINT('Ctrl Pts',(19.4681511980165,-4.21860003814697,3.33043648640346));
#6020=CARTESIAN_POINT('Ctrl Pts',(19.4681511980165,-4.29805007629394,3.33043648640346));
#6021=CARTESIAN_POINT('Ctrl Pts',(19.4681511980165,-4.37750011444092,3.33043648640346));
#6022=CARTESIAN_POINT('Ctrl Pts',(19.4911919523592,-4.13915,3.33435147167036));
#6023=CARTESIAN_POINT('Ctrl Pts',(19.4911919523592,-4.21860003814697,3.33435147167036));
#6024=CARTESIAN_POINT('Ctrl Pts',(19.4911919523592,-4.29805007629394,3.33435147167036));
#6025=CARTESIAN_POINT('Ctrl Pts',(19.4911919523592,-4.37750011444092,3.33435147167036));
#6026=CARTESIAN_POINT('Ctrl Pts',(19.5298443790723,-4.13915,3.35006692724289));
#6027=CARTESIAN_POINT('Ctrl Pts',(19.5298443790723,-4.21860003814697,3.35006692724289));
#6028=CARTESIAN_POINT('Ctrl Pts',(19.5298443790723,-4.29805007629394,3.35006692724289));
#6029=CARTESIAN_POINT('Ctrl Pts',(19.5298443790723,-4.37750011444092,3.35006692724289));
#6030=CARTESIAN_POINT('Ctrl Pts',(19.5456988115133,-4.13915,3.36175636853862));
#6031=CARTESIAN_POINT('Ctrl Pts',(19.5456988115133,-4.21860003814697,3.36175636853862));
#6032=CARTESIAN_POINT('Ctrl Pts',(19.5456988115133,-4.29805007629394,3.36175636853862));
#6033=CARTESIAN_POINT('Ctrl Pts',(19.5456988115133,-4.37750011444092,3.36175636853862));
#6034=CARTESIAN_POINT('Ctrl Pts',(19.571146808847,-4.13915,3.39133625722182));
#6035=CARTESIAN_POINT('Ctrl Pts',(19.571146808847,-4.21860003814697,3.39133625722182));
#6036=CARTESIAN_POINT('Ctrl Pts',(19.571146808847,-4.29805007629395,3.39133625722182));
#6037=CARTESIAN_POINT('Ctrl Pts',(19.571146808847,-4.37750011444092,3.39133625722182));
#6038=CARTESIAN_POINT('Ctrl Pts',(19.5804318889553,-4.13915,3.409461189013));
#6039=CARTESIAN_POINT('Ctrl Pts',(19.5804318889553,-4.21860003814697,3.409461189013));
#6040=CARTESIAN_POINT('Ctrl Pts',(19.5804318889553,-4.29805007629394,3.409461189013));
#6041=CARTESIAN_POINT('Ctrl Pts',(19.5804318889553,-4.37750011444092,3.409461189013));
#6042=CARTESIAN_POINT('Ctrl Pts',(19.5921419315716,-4.13915,3.45244607178078));
#6043=CARTESIAN_POINT('Ctrl Pts',(19.5921419315716,-4.21860003814697,3.45244607178078));
#6044=CARTESIAN_POINT('Ctrl Pts',(19.5921419315716,-4.29805007629394,3.45244607178078));
#6045=CARTESIAN_POINT('Ctrl Pts',(19.5921419315716,-4.37750011444092,3.45244607178078));
#6046=CARTESIAN_POINT('Ctrl Pts',(19.5955631306132,-4.13915,3.47659593636751));
#6047=CARTESIAN_POINT('Ctrl Pts',(19.5955631306132,-4.21860003814697,3.47659593636751));
#6048=CARTESIAN_POINT('Ctrl Pts',(19.5955631306132,-4.29805007629394,3.47659593636751));
#6049=CARTESIAN_POINT('Ctrl Pts',(19.5955631306132,-4.37750011444092,3.47659593636751));
#6050=CARTESIAN_POINT('Ctrl Pts',(19.5955631306132,-4.13915,3.50356583487279));
#6051=CARTESIAN_POINT('Ctrl Pts',(19.5955631306132,-4.21860003814697,3.50356583487279));
#6052=CARTESIAN_POINT('Ctrl Pts',(19.5955631306132,-4.29805007629395,3.50356583487279));
#6053=CARTESIAN_POINT('Ctrl Pts',(19.5955631306132,-4.37750011444092,3.50356583487279));
#6054=CARTESIAN_POINT('',(19.5955631306132,-4.37750011444092,3.50356583487279));
#6055=CARTESIAN_POINT('Ctrl Pts',(19.5955631306132,-4.37750011444092,3.50356583487279));
#6056=CARTESIAN_POINT('Ctrl Pts',(19.5955631306132,-4.37750011444092,3.53053573337806));
#6057=CARTESIAN_POINT('Ctrl Pts',(19.5924681039104,-4.37750011444092,3.55475064225107));
#6058=CARTESIAN_POINT('Ctrl Pts',(19.5862780505049,-4.37750011444092,3.57621056149182));
#6059=CARTESIAN_POINT('Ctrl Pts',(19.580027459836,-4.37750011444092,3.5978803536849));
#6060=CARTESIAN_POINT('Ctrl Pts',(19.571146808847,-4.37750011444092,3.61623041088674));
#6061=CARTESIAN_POINT('Ctrl Pts',(19.5584228101802,-4.37750011444092,3.63102035522834));
#6062=CARTESIAN_POINT('Ctrl Pts',(19.5456508264329,-4.37750011444092,3.64586607579934));
#6063=CARTESIAN_POINT('Ctrl Pts',(19.5302236779995,-4.37750011444092,3.65770025482495));
#6064=CARTESIAN_POINT('Ctrl Pts',(19.5109657340713,-4.37750011444092,3.6658202242674));
#6065=CARTESIAN_POINT('Ctrl Pts',(19.4918433677541,-4.37750011444092,3.67388302841416));
#6066=CARTESIAN_POINT('Ctrl Pts',(19.4688389817282,-4.37750011444092,3.67756518006808));
#6067=CARTESIAN_POINT('Ctrl Pts',(19.4423593088269,-4.37750011444092,3.67756518006809));
#6068=CARTESIAN_POINT('Ctrl Pts',(19.4155357440697,-4.37750011444092,3.67756518006809));
#6069=CARTESIAN_POINT('Ctrl Pts',(19.3926669356549,-4.37750011444092,3.67365019480119));
#6070=CARTESIAN_POINT('Ctrl Pts',(19.3737528835825,-4.37750011444092,3.6658202242674));
#6071=CARTESIAN_POINT('Ctrl Pts',(19.3544251700644,-4.37750011444092,3.65781900767179));
#6072=CARTESIAN_POINT('Ctrl Pts',(19.3385039683567,-4.37750011444092,3.6461002984786));
#6073=CARTESIAN_POINT('Ctrl Pts',(19.3257799696898,-4.37750011444092,3.63102035522834));
#6074=CARTESIAN_POINT('Ctrl Pts',(19.3133339176428,-4.37750011444092,3.61626982251677));
#6075=CARTESIAN_POINT('Ctrl Pts',(19.3042867286984,-4.37750011444092,3.59796047964123));
#6076=CARTESIAN_POINT('Ctrl Pts',(19.2984405671488,-4.37750011444092,3.57621056149182));
#6077=CARTESIAN_POINT('Ctrl Pts',(19.2926685208239,-4.37750011444092,3.55473637983356));
#6078=CARTESIAN_POINT('Ctrl Pts',(19.2896713248243,-4.37750011444092,3.53053573337806));
#6079=CARTESIAN_POINT('Ctrl Pts',(19.2896713248243,-4.37750011444092,3.50356583487279));
#6080=CARTESIAN_POINT('Ctrl Pts',(19.2896713248243,-4.37750011444092,3.47659593636751));
#6081=CARTESIAN_POINT('Ctrl Pts',(19.2925944055992,-4.37750011444092,3.4523810274945));
#6082=CARTESIAN_POINT('Ctrl Pts',(19.2984405671488,-4.37750011444092,3.43092110825375));
#6083=CARTESIAN_POINT('Ctrl Pts',(19.3042867286985,-4.37750011444092,3.409461189013));
#6084=CARTESIAN_POINT('Ctrl Pts',(19.3133998628788,-4.37750011444092,3.39133625722182));
#6085=CARTESIAN_POINT('Ctrl Pts',(19.3257799696898,-4.37750011444092,3.37654631288022));
#6086=CARTESIAN_POINT('Ctrl Pts',(19.3381600765008,-4.37750011444092,3.36175636853862));
#6087=CARTESIAN_POINT('Ctrl Pts',(19.3539093322806,-4.37750011444092,3.35018265879976));
#6088=CARTESIAN_POINT('Ctrl Pts',(19.3732370457987,-4.37750011444092,3.34218144220415));
#6089=CARTESIAN_POINT('Ctrl Pts',(19.3921510978711,-4.37750011444092,3.33435147167036));
#6090=CARTESIAN_POINT('Ctrl Pts',(19.414847960358,-4.37750011444092,3.33043648640346));
#6091=CARTESIAN_POINT('Ctrl Pts',(19.4413276332593,-4.37750011444092,3.33043648640346));
#6092=CARTESIAN_POINT('Ctrl Pts',(19.4681511980165,-4.37750011444092,3.33043648640346));
#6093=CARTESIAN_POINT('Ctrl Pts',(19.4911919523592,-4.37750011444092,3.33435147167036));
#6094=CARTESIAN_POINT('Ctrl Pts',(19.5104498962875,-4.37750011444092,3.34218144220415));
#6095=CARTESIAN_POINT('Ctrl Pts',(19.5298443790723,-4.37750011444092,3.35006692724289));
#6096=CARTESIAN_POINT('Ctrl Pts',(19.5456988115133,-4.37750011444092,3.36175636853862));
#6097=CARTESIAN_POINT('Ctrl Pts',(19.5584228101801,-4.37750011444092,3.37654631288022));
#6098=CARTESIAN_POINT('Ctrl Pts',(19.571146808847,-4.37750011444092,3.39133625722182));
#6099=CARTESIAN_POINT('Ctrl Pts',(19.5804318889553,-4.37750011444092,3.409461189013));
#6100=CARTESIAN_POINT('Ctrl Pts',(19.5862780505049,-4.37750011444092,3.43092110825375));
#6101=CARTESIAN_POINT('Ctrl Pts',(19.5921419315716,-4.37750011444092,3.45244607178078));
#6102=CARTESIAN_POINT('Ctrl Pts',(19.5955631306132,-4.37750011444092,3.47659593636751));
#6103=CARTESIAN_POINT('Ctrl Pts',(19.5955631306132,-4.37750011444092,3.50356583487279));
#6104=CARTESIAN_POINT('',(19.5955631306132,-4.13915,3.50356583487279));
#6105=CARTESIAN_POINT('',(19.5955631306132,-4.13915,3.50356583487279));
#6106=CARTESIAN_POINT('Ctrl Pts',(19.5955631306132,-4.13915,3.50356583487279));
#6107=CARTESIAN_POINT('Ctrl Pts',(19.5955631306132,-4.13915,3.53053573337806));
#6108=CARTESIAN_POINT('Ctrl Pts',(19.5924681039104,-4.13915,3.55475064225107));
#6109=CARTESIAN_POINT('Ctrl Pts',(19.5862780505049,-4.13915,3.57621056149182));
#6110=CARTESIAN_POINT('Ctrl Pts',(19.580027459836,-4.13915,3.5978803536849));
#6111=CARTESIAN_POINT('Ctrl Pts',(19.571146808847,-4.13915,3.61623041088674));
#6112=CARTESIAN_POINT('Ctrl Pts',(19.5584228101802,-4.13915,3.63102035522834));
#6113=CARTESIAN_POINT('Ctrl Pts',(19.5456508264329,-4.13915,3.64586607579934));
#6114=CARTESIAN_POINT('Ctrl Pts',(19.5302236779995,-4.13915,3.65770025482496));
#6115=CARTESIAN_POINT('Ctrl Pts',(19.5109657340713,-4.13915,3.6658202242674));
#6116=CARTESIAN_POINT('Ctrl Pts',(19.4918433677541,-4.13915,3.67388302841416));
#6117=CARTESIAN_POINT('Ctrl Pts',(19.4688389817282,-4.13915,3.67756518006809));
#6118=CARTESIAN_POINT('Ctrl Pts',(19.4423593088269,-4.13915,3.67756518006809));
#6119=CARTESIAN_POINT('Ctrl Pts',(19.4155357440697,-4.13915,3.67756518006809));
#6120=CARTESIAN_POINT('Ctrl Pts',(19.3926669356549,-4.13915,3.67365019480119));
#6121=CARTESIAN_POINT('Ctrl Pts',(19.3737528835825,-4.13915,3.6658202242674));
#6122=CARTESIAN_POINT('Ctrl Pts',(19.3544251700644,-4.13915,3.65781900767179));
#6123=CARTESIAN_POINT('Ctrl Pts',(19.3385039683567,-4.13915,3.6461002984786));
#6124=CARTESIAN_POINT('Ctrl Pts',(19.3257799696898,-4.13915,3.63102035522834));
#6125=CARTESIAN_POINT('Ctrl Pts',(19.3133339176429,-4.13915,3.61626982251677));
#6126=CARTESIAN_POINT('Ctrl Pts',(19.3042867286985,-4.13915,3.59796047964124));
#6127=CARTESIAN_POINT('Ctrl Pts',(19.2984405671488,-4.13915,3.57621056149182));
#6128=CARTESIAN_POINT('Ctrl Pts',(19.2926685208239,-4.13915,3.55473637983356));
#6129=CARTESIAN_POINT('Ctrl Pts',(19.2896713248243,-4.13915,3.53053573337806));
#6130=CARTESIAN_POINT('Ctrl Pts',(19.2896713248243,-4.13915,3.50356583487279));
#6131=CARTESIAN_POINT('Ctrl Pts',(19.2896713248243,-4.13915,3.47659593636752));
#6132=CARTESIAN_POINT('Ctrl Pts',(19.2925944055992,-4.13915,3.4523810274945));
#6133=CARTESIAN_POINT('Ctrl Pts',(19.2984405671488,-4.13915,3.43092110825375));
#6134=CARTESIAN_POINT('Ctrl Pts',(19.3042867286985,-4.13915,3.409461189013));
#6135=CARTESIAN_POINT('Ctrl Pts',(19.3133998628788,-4.13915,3.39133625722182));
#6136=CARTESIAN_POINT('Ctrl Pts',(19.3257799696898,-4.13915,3.37654631288022));
#6137=CARTESIAN_POINT('Ctrl Pts',(19.3381600765008,-4.13915,3.36175636853862));
#6138=CARTESIAN_POINT('Ctrl Pts',(19.3539093322806,-4.13915,3.35018265879976));
#6139=CARTESIAN_POINT('Ctrl Pts',(19.3732370457987,-4.13915,3.34218144220415));
#6140=CARTESIAN_POINT('Ctrl Pts',(19.3921510978711,-4.13915,3.33435147167036));
#6141=CARTESIAN_POINT('Ctrl Pts',(19.4148479603579,-4.13915,3.33043648640346));
#6142=CARTESIAN_POINT('Ctrl Pts',(19.4413276332593,-4.13915,3.33043648640346));
#6143=CARTESIAN_POINT('Ctrl Pts',(19.4681511980165,-4.13915,3.33043648640346));
#6144=CARTESIAN_POINT('Ctrl Pts',(19.4911919523592,-4.13915,3.33435147167036));
#6145=CARTESIAN_POINT('Ctrl Pts',(19.5104498962875,-4.13915,3.34218144220415));
#6146=CARTESIAN_POINT('Ctrl Pts',(19.5298443790723,-4.13915,3.35006692724289));
#6147=CARTESIAN_POINT('Ctrl Pts',(19.5456988115133,-4.13915,3.36175636853862));
#6148=CARTESIAN_POINT('Ctrl Pts',(19.5584228101802,-4.13915,3.37654631288022));
#6149=CARTESIAN_POINT('Ctrl Pts',(19.571146808847,-4.13915,3.39133625722182));
#6150=CARTESIAN_POINT('Ctrl Pts',(19.5804318889553,-4.13915,3.409461189013));
#6151=CARTESIAN_POINT('Ctrl Pts',(19.5862780505049,-4.13915,3.43092110825375));
#6152=CARTESIAN_POINT('Ctrl Pts',(19.5921419315717,-4.13915,3.45244607178079));
#6153=CARTESIAN_POINT('Ctrl Pts',(19.5955631306132,-4.13915,3.47659593636752));
#6154=CARTESIAN_POINT('Ctrl Pts',(19.5955631306132,-4.13915,3.50356583487279));
#6155=CARTESIAN_POINT('Ctrl Pts',(19.2205490617962,-4.13915,3.50400083323577));
#6156=CARTESIAN_POINT('Ctrl Pts',(19.2205490617962,-4.21860003814697,3.50400083323577));
#6157=CARTESIAN_POINT('Ctrl Pts',(19.2205490617962,-4.29805007629395,3.50400083323577));
#6158=CARTESIAN_POINT('Ctrl Pts',(19.2205490617962,-4.37750011444092,3.50400083323577));
#6159=CARTESIAN_POINT('Ctrl Pts',(19.2205490617962,-4.13915,3.47036095983135));
#6160=CARTESIAN_POINT('Ctrl Pts',(19.2205490617962,-4.21860003814697,3.47036095983135));
#6161=CARTESIAN_POINT('Ctrl Pts',(19.2205490617962,-4.29805007629395,3.47036095983135));
#6162=CARTESIAN_POINT('Ctrl Pts',(19.2205490617962,-4.37750011444092,3.47036095983135));
#6163=CARTESIAN_POINT('Ctrl Pts',(19.2253635477782,-4.13915,3.43991107442217));
#6164=CARTESIAN_POINT('Ctrl Pts',(19.2253635477782,-4.21860003814697,3.43991107442217));
#6165=CARTESIAN_POINT('Ctrl Pts',(19.2253635477782,-4.29805007629394,3.43991107442217));
#6166=CARTESIAN_POINT('Ctrl Pts',(19.2253635477782,-4.37750011444092,3.43991107442217));
#6167=CARTESIAN_POINT('Ctrl Pts',(19.2445939266033,-4.13915,3.3854693171966));
#6168=CARTESIAN_POINT('Ctrl Pts',(19.2445939266033,-4.21860003814697,3.3854693171966));
#6169=CARTESIAN_POINT('Ctrl Pts',(19.2445939266033,-4.29805007629394,3.3854693171966));
#6170=CARTESIAN_POINT('Ctrl Pts',(19.2445939266033,-4.37750011444092,3.3854693171966));
#6171=CARTESIAN_POINT('Ctrl Pts',(19.2583771659409,-4.13915,3.36204636744728));
#6172=CARTESIAN_POINT('Ctrl Pts',(19.2583771659409,-4.21860003814697,3.36204636744728));
#6173=CARTESIAN_POINT('Ctrl Pts',(19.2583771659409,-4.29805007629394,3.36204636744728));
#6174=CARTESIAN_POINT('Ctrl Pts',(19.2583771659409,-4.37750011444092,3.36204636744728));
#6175=CARTESIAN_POINT('Ctrl Pts',(19.2960675828991,-4.13915,3.32332795624821));
#6176=CARTESIAN_POINT('Ctrl Pts',(19.2960675828991,-4.21860003814697,3.32332795624821));
#6177=CARTESIAN_POINT('Ctrl Pts',(19.2960675828991,-4.29805007629395,3.32332795624821));
#6178=CARTESIAN_POINT('Ctrl Pts',(19.2960675828991,-4.37750011444092,3.32332795624821));
#6179=CARTESIAN_POINT('Ctrl Pts',(19.3189021325726,-4.13915,3.30825156989106));
#6180=CARTESIAN_POINT('Ctrl Pts',(19.3189021325726,-4.21860003814697,3.30825156989106));
#6181=CARTESIAN_POINT('Ctrl Pts',(19.3189021325726,-4.29805007629394,3.30825156989106));
#6182=CARTESIAN_POINT('Ctrl Pts',(19.3189021325726,-4.37750011444092,3.30825156989106));
#6183=CARTESIAN_POINT('Ctrl Pts',(19.3737706830129,-4.13914999999999,3.28743014372384));
#6184=CARTESIAN_POINT('Ctrl Pts',(19.3737706830129,-4.21860003814697,3.28743014372384));
#6185=CARTESIAN_POINT('Ctrl Pts',(19.3737706830129,-4.29805007629394,3.28743014372384));
#6186=CARTESIAN_POINT('Ctrl Pts',(19.3737706830129,-4.37750011444092,3.28743014372384));
#6187=CARTESIAN_POINT('Ctrl Pts',(19.4052189883938,-4.13914999999999,3.28171666974878));
#6188=CARTESIAN_POINT('Ctrl Pts',(19.4052189883938,-4.21860003814697,3.28171666974878));
#6189=CARTESIAN_POINT('Ctrl Pts',(19.4052189883938,-4.29805007629394,3.28171666974878));
#6190=CARTESIAN_POINT('Ctrl Pts',(19.4052189883938,-4.37750011444092,3.28171666974878));
#6191=CARTESIAN_POINT('Ctrl Pts',(19.4794996292599,-4.13914999999999,3.28171666974878));
#6192=CARTESIAN_POINT('Ctrl Pts',(19.4794996292599,-4.21860003814697,3.28171666974878));
#6193=CARTESIAN_POINT('Ctrl Pts',(19.4794996292599,-4.29805007629394,3.28171666974878));
#6194=CARTESIAN_POINT('Ctrl Pts',(19.4794996292599,-4.37750011444092,3.28171666974878));
#6195=CARTESIAN_POINT('Ctrl Pts',(19.512328026529,-4.13914999999999,3.28743039207014));
#6196=CARTESIAN_POINT('Ctrl Pts',(19.512328026529,-4.21860003814697,3.28743039207014));
#6197=CARTESIAN_POINT('Ctrl Pts',(19.512328026529,-4.29805007629395,3.28743039207014));
#6198=CARTESIAN_POINT('Ctrl Pts',(19.512328026529,-4.37750011444092,3.28743039207014));
#6199=CARTESIAN_POINT('Ctrl Pts',(19.5685676199281,-4.13914999999999,3.30825156989106));
#6200=CARTESIAN_POINT('Ctrl Pts',(19.5685676199281,-4.21860003814697,3.30825156989106));
#6201=CARTESIAN_POINT('Ctrl Pts',(19.5685676199281,-4.29805007629394,3.30825156989106));
#6202=CARTESIAN_POINT('Ctrl Pts',(19.5685676199281,-4.37750011444092,3.30825156989106));
#6203=CARTESIAN_POINT('Ctrl Pts',(19.591403260482,-4.13915,3.32344232708189));
#6204=CARTESIAN_POINT('Ctrl Pts',(19.591403260482,-4.21860003814697,3.32344232708189));
#6205=CARTESIAN_POINT('Ctrl Pts',(19.591403260482,-4.29805007629394,3.32344232708189));
#6206=CARTESIAN_POINT('Ctrl Pts',(19.591403260482,-4.37750011444092,3.32344232708189));
#6207=CARTESIAN_POINT('Ctrl Pts',(19.6285767487759,-4.13914999999999,3.36175636853862));
#6208=CARTESIAN_POINT('Ctrl Pts',(19.6285767487759,-4.21860003814697,3.36175636853862));
#6209=CARTESIAN_POINT('Ctrl Pts',(19.6285767487759,-4.29805007629394,3.36175636853862));
#6210=CARTESIAN_POINT('Ctrl Pts',(19.6285767487759,-4.37750011444092,3.36175636853862));
#6211=CARTESIAN_POINT('Ctrl Pts',(19.6426531739289,-4.13914999999999,3.38488290705094));
#6212=CARTESIAN_POINT('Ctrl Pts',(19.6426531739289,-4.21860003814697,3.38488290705094));
#6213=CARTESIAN_POINT('Ctrl Pts',(19.6426531739289,-4.29805007629394,3.38488290705094));
#6214=CARTESIAN_POINT('Ctrl Pts',(19.6426531739289,-4.37750011444092,3.38488290705094));
#6215=CARTESIAN_POINT('Ctrl Pts',(19.6598709076593,-4.13915,3.43947607605918));
#6216=CARTESIAN_POINT('Ctrl Pts',(19.6598709076593,-4.21860003814697,3.43947607605918));
#6217=CARTESIAN_POINT('Ctrl Pts',(19.6598709076593,-4.29805007629395,3.43947607605918));
#6218=CARTESIAN_POINT('Ctrl Pts',(19.6598709076593,-4.37750011444092,3.43947607605918));
#6219=CARTESIAN_POINT('Ctrl Pts',(19.6641695558576,-4.13915,3.46978096201403));
#6220=CARTESIAN_POINT('Ctrl Pts',(19.6641695558576,-4.21860003814697,3.46978096201403));
#6221=CARTESIAN_POINT('Ctrl Pts',(19.6641695558576,-4.29805007629394,3.46978096201403));
#6222=CARTESIAN_POINT('Ctrl Pts',(19.6641695558576,-4.37750011444092,3.46978096201403));
#6223=CARTESIAN_POINT('Ctrl Pts',(19.6641695558576,-4.13915,3.53677070991422));
#6224=CARTESIAN_POINT('Ctrl Pts',(19.6641695558576,-4.21860003814697,3.53677070991422));
#6225=CARTESIAN_POINT('Ctrl Pts',(19.6641695558576,-4.29805007629394,3.53677070991422));
#6226=CARTESIAN_POINT('Ctrl Pts',(19.6641695558576,-4.37750011444092,3.53677070991422));
#6227=CARTESIAN_POINT('Ctrl Pts',(19.6601035056235,-4.13915,3.56727351897617));
#6228=CARTESIAN_POINT('Ctrl Pts',(19.6601035056235,-4.21860003814697,3.56727351897617));
#6229=CARTESIAN_POINT('Ctrl Pts',(19.6601035056235,-4.29805007629395,3.56727351897617));
#6230=CARTESIAN_POINT('Ctrl Pts',(19.6601035056235,-4.37750011444092,3.56727351897617));
#6231=CARTESIAN_POINT('Ctrl Pts',(19.6423324230104,-4.13914999999999,3.62203038905992));
#6232=CARTESIAN_POINT('Ctrl Pts',(19.6423324230104,-4.21860003814697,3.62203038905992));
#6233=CARTESIAN_POINT('Ctrl Pts',(19.6423324230104,-4.29805007629395,3.62203038905992));
#6234=CARTESIAN_POINT('Ctrl Pts',(19.6423324230104,-4.37750011444092,3.62203038905992));
#6235=CARTESIAN_POINT('Ctrl Pts',(19.6289579317732,-4.13915,3.64566118973414));
#6236=CARTESIAN_POINT('Ctrl Pts',(19.6289579317732,-4.21860003814697,3.64566118973414));
#6237=CARTESIAN_POINT('Ctrl Pts',(19.6289579317732,-4.29805007629394,3.64566118973414));
#6238=CARTESIAN_POINT('Ctrl Pts',(19.6289579317732,-4.37750011444092,3.64566118973414));
#6239=CARTESIAN_POINT('Ctrl Pts',(19.5919522661267,-4.13915,3.68438015442157));
#6240=CARTESIAN_POINT('Ctrl Pts',(19.5919522661267,-4.21860003814697,3.68438015442157));
#6241=CARTESIAN_POINT('Ctrl Pts',(19.5919522661267,-4.29805007629395,3.68438015442157));
#6242=CARTESIAN_POINT('Ctrl Pts',(19.5919522661267,-4.37750011444092,3.68438015442157));
#6243=CARTESIAN_POINT('Ctrl Pts',(19.5688686692774,-4.13915,3.69970170946799));
#6244=CARTESIAN_POINT('Ctrl Pts',(19.5688686692774,-4.21860003814697,3.69970170946799));
#6245=CARTESIAN_POINT('Ctrl Pts',(19.5688686692774,-4.29805007629394,3.69970170946799));
#6246=CARTESIAN_POINT('Ctrl Pts',(19.5688686692774,-4.37750011444092,3.69970170946799));
#6247=CARTESIAN_POINT('Ctrl Pts',(19.5130290852064,-4.13914999999999,3.72063001800392));
#6248=CARTESIAN_POINT('Ctrl Pts',(19.5130290852064,-4.21860003814697,3.72063001800392));
#6249=CARTESIAN_POINT('Ctrl Pts',(19.5130290852064,-4.29805007629395,3.72063001800392));
#6250=CARTESIAN_POINT('Ctrl Pts',(19.5130290852064,-4.37750011444092,3.72063001800392));
#6251=CARTESIAN_POINT('Ctrl Pts',(19.4801874129716,-4.13914999999999,3.72584999835978));
#6252=CARTESIAN_POINT('Ctrl Pts',(19.4801874129716,-4.21860003814697,3.72584999835978));
#6253=CARTESIAN_POINT('Ctrl Pts',(19.4801874129716,-4.29805007629394,3.72584999835978));
#6254=CARTESIAN_POINT('Ctrl Pts',(19.4801874129716,-4.37750011444092,3.72584999835978));
#6255=CARTESIAN_POINT('Ctrl Pts',(19.4062506639614,-4.13914999999999,3.72584999835978));
#6256=CARTESIAN_POINT('Ctrl Pts',(19.4062506639614,-4.21860003814697,3.72584999835978));
#6257=CARTESIAN_POINT('Ctrl Pts',(19.4062506639614,-4.29805007629394,3.72584999835978));
#6258=CARTESIAN_POINT('Ctrl Pts',(19.4062506639614,-4.37750011444092,3.72584999835978));
#6259=CARTESIAN_POINT('Ctrl Pts',(19.3742687213663,-4.13914999999999,3.72063001800392));
#6260=CARTESIAN_POINT('Ctrl Pts',(19.3742687213663,-4.21860003814697,3.72063001800392));
#6261=CARTESIAN_POINT('Ctrl Pts',(19.3742687213663,-4.29805007629394,3.72063001800392));
#6262=CARTESIAN_POINT('Ctrl Pts',(19.3742687213663,-4.37750011444092,3.72063001800392));
#6263=CARTESIAN_POINT('Ctrl Pts',(19.3187146721481,-4.13915,3.69980872605124));
#6264=CARTESIAN_POINT('Ctrl Pts',(19.3187146721481,-4.21860003814697,3.69980872605124));
#6265=CARTESIAN_POINT('Ctrl Pts',(19.3187146721481,-4.29805007629395,3.69980872605124));
#6266=CARTESIAN_POINT('Ctrl Pts',(19.3187146721481,-4.37750011444092,3.69980872605124));
#6267=CARTESIAN_POINT('Ctrl Pts',(19.2958613782298,-4.13915,3.68438015442157));
#6268=CARTESIAN_POINT('Ctrl Pts',(19.2958613782298,-4.21860003814697,3.68438015442157));
#6269=CARTESIAN_POINT('Ctrl Pts',(19.2958613782298,-4.29805007629395,3.68438015442157));
#6270=CARTESIAN_POINT('Ctrl Pts',(19.2958613782298,-4.37750011444092,3.68438015442157));
#6271=CARTESIAN_POINT('Ctrl Pts',(19.2585848827102,-4.13915,3.64537782090099));
#6272=CARTESIAN_POINT('Ctrl Pts',(19.2585848827102,-4.21860003814697,3.64537782090099));
#6273=CARTESIAN_POINT('Ctrl Pts',(19.2585848827102,-4.29805007629395,3.64537782090099));
#6274=CARTESIAN_POINT('Ctrl Pts',(19.2585848827102,-4.37750011444092,3.64537782090099));
#6275=CARTESIAN_POINT('Ctrl Pts',(19.2442775998506,-4.13915,3.62217538851425));
#6276=CARTESIAN_POINT('Ctrl Pts',(19.2442775998506,-4.21860003814697,3.62217538851425));
#6277=CARTESIAN_POINT('Ctrl Pts',(19.2442775998506,-4.29805007629395,3.62217538851425));
#6278=CARTESIAN_POINT('Ctrl Pts',(19.2442775998506,-4.37750011444092,3.62217538851425));
#6279=CARTESIAN_POINT('Ctrl Pts',(19.2255897557592,-4.13915,3.56731008774347));
#6280=CARTESIAN_POINT('Ctrl Pts',(19.2255897557592,-4.21860003814697,3.56731008774347));
#6281=CARTESIAN_POINT('Ctrl Pts',(19.2255897557592,-4.29805007629394,3.56731008774347));
#6282=CARTESIAN_POINT('Ctrl Pts',(19.2255897557592,-4.37750011444092,3.56731008774347));
#6283=CARTESIAN_POINT('Ctrl Pts',(19.2205490617962,-4.13915,3.53706070882288));
#6284=CARTESIAN_POINT('Ctrl Pts',(19.2205490617962,-4.21860003814697,3.53706070882288));
#6285=CARTESIAN_POINT('Ctrl Pts',(19.2205490617962,-4.29805007629395,3.53706070882288));
#6286=CARTESIAN_POINT('Ctrl Pts',(19.2205490617962,-4.37750011444092,3.53706070882288));
#6287=CARTESIAN_POINT('Ctrl Pts',(19.2205490617962,-4.13915,3.50400083323577));
#6288=CARTESIAN_POINT('Ctrl Pts',(19.2205490617962,-4.21860003814697,3.50400083323577));
#6289=CARTESIAN_POINT('Ctrl Pts',(19.2205490617962,-4.29805007629395,3.50400083323577));
#6290=CARTESIAN_POINT('Ctrl Pts',(19.2205490617962,-4.37750011444092,3.50400083323577));
#6291=CARTESIAN_POINT('',(19.2205490617962,-4.37750011444092,3.50400083323577));
#6292=CARTESIAN_POINT('Ctrl Pts',(19.2205490617962,-4.37750011444092,3.50400083323577));
#6293=CARTESIAN_POINT('Ctrl Pts',(19.2205490617962,-4.37750011444092,3.53706070882288));
#6294=CARTESIAN_POINT('Ctrl Pts',(19.2255897557592,-4.37750011444092,3.56731008774347));
#6295=CARTESIAN_POINT('Ctrl Pts',(19.2349925197423,-4.37750011444092,3.59491549110032));
#6296=CARTESIAN_POINT('Ctrl Pts',(19.2442775998506,-4.37750011444092,3.62217538851425));
#6297=CARTESIAN_POINT('Ctrl Pts',(19.2585848827102,-4.37750011444092,3.64537782090099));
#6298=CARTESIAN_POINT('Ctrl Pts',(19.2772912180133,-4.37750011444092,3.66495022754143));
#6299=CARTESIAN_POINT('Ctrl Pts',(19.2958613782298,-4.37750011444092,3.68438015442157));
#6300=CARTESIAN_POINT('Ctrl Pts',(19.3187146721481,-4.37750011444092,3.69980872605124));
#6301=CARTESIAN_POINT('Ctrl Pts',(19.3464134810415,-4.37750011444092,3.7101900572922));
#6302=CARTESIAN_POINT('Ctrl Pts',(19.3742687213663,-4.37750011444092,3.72063001800392));
#6303=CARTESIAN_POINT('Ctrl Pts',(19.4062506639614,-4.37750011444092,3.72584999835978));
#6304=CARTESIAN_POINT('Ctrl Pts',(19.4423593088269,-4.37750011444092,3.72584999835978));
#6305=CARTESIAN_POINT('Ctrl Pts',(19.4801874129716,-4.37750011444092,3.72584999835978));
#6306=CARTESIAN_POINT('Ctrl Pts',(19.5130290852064,-4.37750011444092,3.72063001800392));
#6307=CARTESIAN_POINT('Ctrl Pts',(19.5408843255312,-4.37750011444092,3.7101900572922));
#6308=CARTESIAN_POINT('Ctrl Pts',(19.5688686692774,-4.37750011444092,3.69970170946799));
#6309=CARTESIAN_POINT('Ctrl Pts',(19.5919522661267,-4.37750011444092,3.68438015442157));
#6310=CARTESIAN_POINT('Ctrl Pts',(19.6105224263432,-4.37750011444092,3.66495022754143));
#6311=CARTESIAN_POINT('Ctrl Pts',(19.6289579317732,-4.37750011444092,3.64566118973414));
#6312=CARTESIAN_POINT('Ctrl Pts',(19.6423324230104,-4.37750011444092,3.62203038905992));
#6313=CARTESIAN_POINT('Ctrl Pts',(19.6512736112628,-4.37750011444092,3.59448049273733));
#6314=CARTESIAN_POINT('Ctrl Pts',(19.6601035056235,-4.37750011444092,3.56727351897617));
#6315=CARTESIAN_POINT('Ctrl Pts',(19.6641695558576,-4.37750011444092,3.53677070991422));
#6316=CARTESIAN_POINT('Ctrl Pts',(19.6641695558576,-4.37750011444092,3.5031308365098));
#6317=CARTESIAN_POINT('Ctrl Pts',(19.6641695558576,-4.37750011444092,3.46978096201403));
#6318=CARTESIAN_POINT('Ctrl Pts',(19.6598709076593,-4.37750011444092,3.43947607605918));
#6319=CARTESIAN_POINT('Ctrl Pts',(19.6512736112628,-4.37750011444092,3.41221617864525));
#6320=CARTESIAN_POINT('Ctrl Pts',(19.6426531739289,-4.37750011444092,3.38488290705094));
#6321=CARTESIAN_POINT('Ctrl Pts',(19.6285767487759,-4.37750011444092,3.36175636853862));
#6322=CARTESIAN_POINT('Ctrl Pts',(19.6100065885594,-4.37750011444092,3.34261644056713));
#6323=CARTESIAN_POINT('Ctrl Pts',(19.591403260482,-4.37750011444092,3.32344232708189));
#6324=CARTESIAN_POINT('Ctrl Pts',(19.5685676199281,-4.37750011444092,3.30825156989106));
#6325=CARTESIAN_POINT('Ctrl Pts',(19.5403684877474,-4.37750011444092,3.29781160917934));
#6326=CARTESIAN_POINT('Ctrl Pts',(19.512328026529,-4.37750011444092,3.28743039207014));
#6327=CARTESIAN_POINT('Ctrl Pts',(19.4794996292599,-4.37750011444092,3.28171666974878));
#6328=CARTESIAN_POINT('Ctrl Pts',(19.4413276332593,-4.37750011444092,3.28171666974878));
#6329=CARTESIAN_POINT('Ctrl Pts',(19.4052189883938,-4.37750011444092,3.28171666974878));
#6330=CARTESIAN_POINT('Ctrl Pts',(19.3737706830129,-4.37750011444092,3.28743014372384));
#6331=CARTESIAN_POINT('Ctrl Pts',(19.3464134810415,-4.37750011444092,3.29781160917934));
#6332=CARTESIAN_POINT('Ctrl Pts',(19.3189021325726,-4.37750011444092,3.30825156989106));
#6333=CARTESIAN_POINT('Ctrl Pts',(19.2960675828991,-4.37750011444092,3.32332795624821));
#6334=CARTESIAN_POINT('Ctrl Pts',(19.2772912180133,-4.37750011444092,3.34261644056713));
#6335=CARTESIAN_POINT('Ctrl Pts',(19.2583771659409,-4.37750011444092,3.36204636744728));
#6336=CARTESIAN_POINT('Ctrl Pts',(19.2445939266033,-4.37750011444092,3.3854693171966));
#6337=CARTESIAN_POINT('Ctrl Pts',(19.2349925197423,-4.37750011444092,3.41265117700824));
#6338=CARTESIAN_POINT('Ctrl Pts',(19.2253635477782,-4.37750011444092,3.43991107442217));
#6339=CARTESIAN_POINT('Ctrl Pts',(19.2205490617962,-4.37750011444092,3.47036095983135));
#6340=CARTESIAN_POINT('Ctrl Pts',(19.2205490617962,-4.37750011444092,3.50400083323577));
#6341=CARTESIAN_POINT('',(19.2205490617962,-4.13915,3.50400083323577));
#6342=CARTESIAN_POINT('',(19.2205490617962,-4.13915,3.50400083323577));
#6343=CARTESIAN_POINT('Ctrl Pts',(19.2205490617962,-4.13915,3.50400083323577));
#6344=CARTESIAN_POINT('Ctrl Pts',(19.2205490617962,-4.13915,3.53706070882288));
#6345=CARTESIAN_POINT('Ctrl Pts',(19.2255897557592,-4.13915,3.56731008774347));
#6346=CARTESIAN_POINT('Ctrl Pts',(19.2349925197423,-4.13915,3.59491549110032));
#6347=CARTESIAN_POINT('Ctrl Pts',(19.2442775998506,-4.13915,3.62217538851425));
#6348=CARTESIAN_POINT('Ctrl Pts',(19.2585848827102,-4.13915,3.64537782090099));
#6349=CARTESIAN_POINT('Ctrl Pts',(19.2772912180133,-4.13915,3.66495022754143));
#6350=CARTESIAN_POINT('Ctrl Pts',(19.2958613782298,-4.13915,3.68438015442157));
#6351=CARTESIAN_POINT('Ctrl Pts',(19.3187146721481,-4.13915,3.69980872605124));
#6352=CARTESIAN_POINT('Ctrl Pts',(19.3464134810415,-4.13915,3.7101900572922));
#6353=CARTESIAN_POINT('Ctrl Pts',(19.3742687213663,-4.13915,3.72063001800392));
#6354=CARTESIAN_POINT('Ctrl Pts',(19.4062506639614,-4.13915,3.72584999835978));
#6355=CARTESIAN_POINT('Ctrl Pts',(19.4423593088269,-4.13915,3.72584999835978));
#6356=CARTESIAN_POINT('Ctrl Pts',(19.4801874129716,-4.13915,3.72584999835978));
#6357=CARTESIAN_POINT('Ctrl Pts',(19.5130290852064,-4.13915,3.72063001800392));
#6358=CARTESIAN_POINT('Ctrl Pts',(19.5408843255312,-4.13915,3.7101900572922));
#6359=CARTESIAN_POINT('Ctrl Pts',(19.5688686692774,-4.13915,3.69970170946799));
#6360=CARTESIAN_POINT('Ctrl Pts',(19.5919522661267,-4.13915,3.68438015442157));
#6361=CARTESIAN_POINT('Ctrl Pts',(19.6105224263432,-4.13915,3.66495022754143));
#6362=CARTESIAN_POINT('Ctrl Pts',(19.6289579317732,-4.13915,3.64566118973414));
#6363=CARTESIAN_POINT('Ctrl Pts',(19.6423324230104,-4.13915,3.62203038905992));
#6364=CARTESIAN_POINT('Ctrl Pts',(19.6512736112628,-4.13915,3.59448049273733));
#6365=CARTESIAN_POINT('Ctrl Pts',(19.6601035056235,-4.13915,3.56727351897617));
#6366=CARTESIAN_POINT('Ctrl Pts',(19.6641695558576,-4.13915,3.53677070991422));
#6367=CARTESIAN_POINT('Ctrl Pts',(19.6641695558576,-4.13915,3.5031308365098));
#6368=CARTESIAN_POINT('Ctrl Pts',(19.6641695558576,-4.13915,3.46978096201403));
#6369=CARTESIAN_POINT('Ctrl Pts',(19.6598709076593,-4.13915,3.43947607605919));
#6370=CARTESIAN_POINT('Ctrl Pts',(19.6512736112628,-4.13915,3.41221617864525));
#6371=CARTESIAN_POINT('Ctrl Pts',(19.6426531739289,-4.13915,3.38488290705094));
#6372=CARTESIAN_POINT('Ctrl Pts',(19.6285767487759,-4.13915,3.36175636853862));
#6373=CARTESIAN_POINT('Ctrl Pts',(19.6100065885594,-4.13915,3.34261644056713));
#6374=CARTESIAN_POINT('Ctrl Pts',(19.591403260482,-4.13915,3.32344232708189));
#6375=CARTESIAN_POINT('Ctrl Pts',(19.5685676199281,-4.13915,3.30825156989106));
#6376=CARTESIAN_POINT('Ctrl Pts',(19.5403684877474,-4.13915,3.29781160917935));
#6377=CARTESIAN_POINT('Ctrl Pts',(19.512328026529,-4.13915,3.28743039207014));
#6378=CARTESIAN_POINT('Ctrl Pts',(19.4794996292599,-4.13915,3.28171666974878));
#6379=CARTESIAN_POINT('Ctrl Pts',(19.4413276332593,-4.13915,3.28171666974878));
#6380=CARTESIAN_POINT('Ctrl Pts',(19.4052189883938,-4.13915,3.28171666974878));
#6381=CARTESIAN_POINT('Ctrl Pts',(19.3737706830129,-4.13915,3.28743014372384));
#6382=CARTESIAN_POINT('Ctrl Pts',(19.3464134810415,-4.13915,3.29781160917935));
#6383=CARTESIAN_POINT('Ctrl Pts',(19.3189021325726,-4.13915,3.30825156989106));
#6384=CARTESIAN_POINT('Ctrl Pts',(19.2960675828991,-4.13915,3.32332795624821));
#6385=CARTESIAN_POINT('Ctrl Pts',(19.2772912180133,-4.13915,3.34261644056713));
#6386=CARTESIAN_POINT('Ctrl Pts',(19.2583771659409,-4.13915,3.36204636744728));
#6387=CARTESIAN_POINT('Ctrl Pts',(19.2445939266033,-4.13915,3.3854693171966));
#6388=CARTESIAN_POINT('Ctrl Pts',(19.2349925197423,-4.13915,3.41265117700824));
#6389=CARTESIAN_POINT('Ctrl Pts',(19.2253635477782,-4.13915,3.43991107442217));
#6390=CARTESIAN_POINT('Ctrl Pts',(19.2205490617962,-4.13915,3.47036095983135));
#6391=CARTESIAN_POINT('Ctrl Pts',(19.2205490617962,-4.13915,3.50400083323577));
#6392=CARTESIAN_POINT('Origin',(19.4386589327944,-4.13915,3.5037600224788));
#6393=CARTESIAN_POINT('Origin',(15.6350003051758,-4.37750011444092,2.065));
#6394=CARTESIAN_POINT('Origin',(20.0185501133229,-4.13915,3.33522146839634));
#6395=CARTESIAN_POINT('',(20.0185501133229,-4.37750011444092,3.33522146839634));
#6396=CARTESIAN_POINT('',(20.0185501133229,-4.37750011444092,3.47094095764867));
#6397=CARTESIAN_POINT('',(20.0185501133229,-4.37750011444092,2.70011073419817));
#6398=CARTESIAN_POINT('',(20.0185501133229,-4.13915,3.33522146839634));
#6399=CARTESIAN_POINT('',(20.0185501133229,-4.13915,3.33522146839634));
#6400=CARTESIAN_POINT('',(20.0185501133229,-4.13915,3.47094095764867));
#6401=CARTESIAN_POINT('',(20.0185501133229,-4.13915,3.31173155679497));
#6402=CARTESIAN_POINT('',(20.0185501133229,-4.13915,3.47094095764867));
#6403=CARTESIAN_POINT('Ctrl Pts',(20.0185501133229,-4.13915,3.6732151964382));
#6404=CARTESIAN_POINT('Ctrl Pts',(20.0185501133229,-4.21860003814697,3.6732151964382));
#6405=CARTESIAN_POINT('Ctrl Pts',(20.0185501133229,-4.29805007629394,3.6732151964382));
#6406=CARTESIAN_POINT('Ctrl Pts',(20.0185501133229,-4.37750011444092,3.6732151964382));
#6407=CARTESIAN_POINT('Ctrl Pts',(19.9875998462954,-4.13915,3.6732151964382));
#6408=CARTESIAN_POINT('Ctrl Pts',(19.9875998462954,-4.21860003814697,3.6732151964382));
#6409=CARTESIAN_POINT('Ctrl Pts',(19.9875998462954,-4.29805007629394,3.6732151964382));
#6410=CARTESIAN_POINT('Ctrl Pts',(19.9875998462954,-4.37750011444092,3.6732151964382));
#6411=CARTESIAN_POINT('Ctrl Pts',(19.9566495792679,-4.13915,3.6732151964382));
#6412=CARTESIAN_POINT('Ctrl Pts',(19.9566495792679,-4.21860003814697,3.6732151964382));
#6413=CARTESIAN_POINT('Ctrl Pts',(19.9566495792679,-4.29805007629395,3.6732151964382));
#6414=CARTESIAN_POINT('Ctrl Pts',(19.9566495792679,-4.37750011444092,3.6732151964382));
#6415=CARTESIAN_POINT('Ctrl Pts',(19.9054096927445,-4.13915,3.6732151964382));
#6416=CARTESIAN_POINT('Ctrl Pts',(19.9054096927445,-4.21860003814697,3.6732151964382));
#6417=CARTESIAN_POINT('Ctrl Pts',(19.9054096927445,-4.29805007629394,3.6732151964382));
#6418=CARTESIAN_POINT('Ctrl Pts',(19.9054096927445,-4.37750011444092,3.6732151964382));
#6419=CARTESIAN_POINT('Ctrl Pts',(19.8882848895388,-4.13915,3.67100858188501));
#6420=CARTESIAN_POINT('Ctrl Pts',(19.8882848895388,-4.21860003814697,3.67100858188501));
#6421=CARTESIAN_POINT('Ctrl Pts',(19.8882848895388,-4.29805007629394,3.67100858188501));
#6422=CARTESIAN_POINT('Ctrl Pts',(19.8882848895388,-4.37750011444092,3.67100858188501));
#6423=CARTESIAN_POINT('Ctrl Pts',(19.8603598596266,-4.13915,3.6633552335438));
#6424=CARTESIAN_POINT('Ctrl Pts',(19.8603598596266,-4.21860003814697,3.6633552335438));
#6425=CARTESIAN_POINT('Ctrl Pts',(19.8603598596266,-4.29805007629395,3.6633552335438));
#6426=CARTESIAN_POINT('Ctrl Pts',(19.8603598596266,-4.37750011444092,3.6633552335438));
#6427=CARTESIAN_POINT('Ctrl Pts',(19.8491833743111,-4.13915,3.65784525427929));
#6428=CARTESIAN_POINT('Ctrl Pts',(19.8491833743111,-4.21860003814697,3.65784525427929));
#6429=CARTESIAN_POINT('Ctrl Pts',(19.8491833743111,-4.29805007629395,3.65784525427929));
#6430=CARTESIAN_POINT('Ctrl Pts',(19.8491833743111,-4.37750011444092,3.65784525427929));
#6431=CARTESIAN_POINT('Ctrl Pts',(19.8323326733739,-4.13915,3.643635307755));
#6432=CARTESIAN_POINT('Ctrl Pts',(19.8323326733739,-4.21860003814697,3.643635307755));
#6433=CARTESIAN_POINT('Ctrl Pts',(19.8323326733739,-4.29805007629395,3.643635307755));
#6434=CARTESIAN_POINT('Ctrl Pts',(19.8323326733739,-4.37750011444092,3.643635307755));
#6435=CARTESIAN_POINT('Ctrl Pts',(19.8263145658963,-4.13915,3.6352253394039));
#6436=CARTESIAN_POINT('Ctrl Pts',(19.8263145658963,-4.21860003814697,3.6352253394039));
#6437=CARTESIAN_POINT('Ctrl Pts',(19.8263145658963,-4.29805007629395,3.6352253394039));
#6438=CARTESIAN_POINT('Ctrl Pts',(19.8263145658963,-4.37750011444092,3.6352253394039));
#6439=CARTESIAN_POINT('Ctrl Pts',(19.8187489450674,-4.13915,3.6155054136151));
#6440=CARTESIAN_POINT('Ctrl Pts',(19.8187489450674,-4.21860003814697,3.6155054136151));
#6441=CARTESIAN_POINT('Ctrl Pts',(19.8187489450674,-4.29805007629394,3.6155054136151));
#6442=CARTESIAN_POINT('Ctrl Pts',(19.8187489450674,-4.37750011444092,3.6155054136151));
#6443=CARTESIAN_POINT('Ctrl Pts',(19.8168575398601,-4.13915,3.60463045454039));
#6444=CARTESIAN_POINT('Ctrl Pts',(19.8168575398601,-4.21860003814697,3.60463045454039));
#6445=CARTESIAN_POINT('Ctrl Pts',(19.8168575398601,-4.29805007629395,3.60463045454039));
#6446=CARTESIAN_POINT('Ctrl Pts',(19.8168575398601,-4.37750011444092,3.60463045454039));
#6447=CARTESIAN_POINT('Ctrl Pts',(19.8168575398601,-4.13915,3.58172054075634));
#6448=CARTESIAN_POINT('Ctrl Pts',(19.8168575398601,-4.21860003814697,3.58172054075634));
#6449=CARTESIAN_POINT('Ctrl Pts',(19.8168575398601,-4.29805007629394,3.58172054075634));
#6450=CARTESIAN_POINT('Ctrl Pts',(19.8168575398601,-4.37750011444092,3.58172054075634));
#6451=CARTESIAN_POINT('Ctrl Pts',(19.8186403750652,-4.13914999999999,3.57153860001893));
#6452=CARTESIAN_POINT('Ctrl Pts',(19.8186403750652,-4.21860003814697,3.57153860001893));
#6453=CARTESIAN_POINT('Ctrl Pts',(19.8186403750652,-4.29805007629394,3.57153860001893));
#6454=CARTESIAN_POINT('Ctrl Pts',(19.8186403750652,-4.37750011444092,3.57153860001893));
#6455=CARTESIAN_POINT('Ctrl Pts',(19.8263145658963,-4.13915,3.55330064770778));
#6456=CARTESIAN_POINT('Ctrl Pts',(19.8263145658963,-4.21860003814697,3.55330064770778));
#6457=CARTESIAN_POINT('Ctrl Pts',(19.8263145658963,-4.29805007629394,3.55330064770778));
#6458=CARTESIAN_POINT('Ctrl Pts',(19.8263145658963,-4.37750011444092,3.55330064770778));
#6459=CARTESIAN_POINT('Ctrl Pts',(19.8328325359705,-4.13914999999999,3.5456164705796));
#6460=CARTESIAN_POINT('Ctrl Pts',(19.8328325359705,-4.21860003814697,3.5456164705796));
#6461=CARTESIAN_POINT('Ctrl Pts',(19.8328325359705,-4.29805007629394,3.5456164705796));
#6462=CARTESIAN_POINT('Ctrl Pts',(19.8328325359705,-4.37750011444092,3.5456164705796));
#6463=CARTESIAN_POINT('Ctrl Pts',(19.8502150498787,-4.13914999999999,3.53213072737568));
#6464=CARTESIAN_POINT('Ctrl Pts',(19.8502150498787,-4.21860003814697,3.53213072737568));
#6465=CARTESIAN_POINT('Ctrl Pts',(19.8502150498787,-4.29805007629394,3.53213072737568));
#6466=CARTESIAN_POINT('Ctrl Pts',(19.8502150498787,-4.37750011444092,3.53213072737568));
#6467=CARTESIAN_POINT('Ctrl Pts',(19.8618291315422,-4.13914999999999,3.52732128693198));
#6468=CARTESIAN_POINT('Ctrl Pts',(19.8618291315422,-4.21860003814697,3.52732128693198));
#6469=CARTESIAN_POINT('Ctrl Pts',(19.8618291315422,-4.29805007629394,3.52732128693198));
#6470=CARTESIAN_POINT('Ctrl Pts',(19.8618291315422,-4.37750011444092,3.52732128693198));
#6471=CARTESIAN_POINT('Ctrl Pts',(19.8906223429424,-4.13914999999999,3.51980577375768));
#6472=CARTESIAN_POINT('Ctrl Pts',(19.8906223429424,-4.21860003814697,3.51980577375768));
#6473=CARTESIAN_POINT('Ctrl Pts',(19.8906223429424,-4.29805007629394,3.51980577375768));
#6474=CARTESIAN_POINT('Ctrl Pts',(19.8906223429424,-4.37750011444092,3.51980577375768));
#6475=CARTESIAN_POINT('Ctrl Pts',(19.9085047194472,-4.13914999999999,3.5179207808514));
#6476=CARTESIAN_POINT('Ctrl Pts',(19.9085047194472,-4.21860003814697,3.5179207808514));
#6477=CARTESIAN_POINT('Ctrl Pts',(19.9085047194472,-4.29805007629394,3.5179207808514));
#6478=CARTESIAN_POINT('Ctrl Pts',(19.9085047194472,-4.37750011444092,3.5179207808514));
#6479=CARTESIAN_POINT('Ctrl Pts',(19.9594007141147,-4.13915,3.5179207808514));
#6480=CARTESIAN_POINT('Ctrl Pts',(19.9594007141147,-4.21860003814697,3.5179207808514));
#6481=CARTESIAN_POINT('Ctrl Pts',(19.9594007141147,-4.29805007629394,3.5179207808514));
#6482=CARTESIAN_POINT('Ctrl Pts',(19.9594007141147,-4.37750011444092,3.5179207808514));
#6483=CARTESIAN_POINT('Ctrl Pts',(19.9889754137188,-4.13915,3.5179207808514));
#6484=CARTESIAN_POINT('Ctrl Pts',(19.9889754137188,-4.21860003814697,3.5179207808514));
#6485=CARTESIAN_POINT('Ctrl Pts',(19.9889754137188,-4.29805007629394,3.5179207808514));
#6486=CARTESIAN_POINT('Ctrl Pts',(19.9889754137188,-4.37750011444092,3.5179207808514));
#6487=CARTESIAN_POINT('Ctrl Pts',(20.0185501133229,-4.13915,3.5179207808514));
#6488=CARTESIAN_POINT('Ctrl Pts',(20.0185501133229,-4.21860003814697,3.5179207808514));
#6489=CARTESIAN_POINT('Ctrl Pts',(20.0185501133229,-4.29805007629394,3.5179207808514));
#6490=CARTESIAN_POINT('Ctrl Pts',(20.0185501133229,-4.37750011444092,3.5179207808514));
#6491=CARTESIAN_POINT('',(20.0185501133229,-4.37750011444092,3.6732151964382));
#6492=CARTESIAN_POINT('',(20.0185501133229,-4.37750011444092,3.5179207808514));
#6493=CARTESIAN_POINT('Ctrl Pts',(20.0185501133229,-4.37750011444092,3.6732151964382));
#6494=CARTESIAN_POINT('Ctrl Pts',(19.9875998462954,-4.37750011444092,3.6732151964382));
#6495=CARTESIAN_POINT('Ctrl Pts',(19.9566495792679,-4.37750011444092,3.6732151964382));
#6496=CARTESIAN_POINT('Ctrl Pts',(19.9256993122403,-4.37750011444092,3.6732151964382));
#6497=CARTESIAN_POINT('Ctrl Pts',(19.9054096927445,-4.37750011444092,3.6732151964382));
#6498=CARTESIAN_POINT('Ctrl Pts',(19.8882848895388,-4.37750011444092,3.67100858188501));
#6499=CARTESIAN_POINT('Ctrl Pts',(19.8741155338611,-4.37750011444092,3.66712521935637));
#6500=CARTESIAN_POINT('Ctrl Pts',(19.8603598596266,-4.37750011444092,3.6633552335438));
#6501=CARTESIAN_POINT('Ctrl Pts',(19.8491833743111,-4.37750011444092,3.65784525427929));
#6502=CARTESIAN_POINT('Ctrl Pts',(19.8405860779146,-4.37750011444092,3.65059528156281));
#6503=CARTESIAN_POINT('Ctrl Pts',(19.8323326733739,-4.37750011444092,3.643635307755));
#6504=CARTESIAN_POINT('Ctrl Pts',(19.8263145658963,-4.37750011444092,3.6352253394039));
#6505=CARTESIAN_POINT('Ctrl Pts',(19.8225317554818,-4.37750011444092,3.6253653765095));
#6506=CARTESIAN_POINT('Ctrl Pts',(19.8187489450674,-4.37750011444092,3.6155054136151));
#6507=CARTESIAN_POINT('Ctrl Pts',(19.8168575398601,-4.37750011444092,3.60463045454039));
#6508=CARTESIAN_POINT('Ctrl Pts',(19.8168575398601,-4.37750011444092,3.59274049928538));
#6509=CARTESIAN_POINT('Ctrl Pts',(19.8168575398601,-4.37750011444092,3.58172054075634));
#6510=CARTESIAN_POINT('Ctrl Pts',(19.8186403750652,-4.37750011444092,3.57153860001893));
#6511=CARTESIAN_POINT('Ctrl Pts',(19.8225317554818,-4.37750011444092,3.5622906138762));
#6512=CARTESIAN_POINT('Ctrl Pts',(19.8263145658963,-4.37750011444092,3.55330064770778));
#6513=CARTESIAN_POINT('Ctrl Pts',(19.8328325359705,-4.37750011444092,3.5456164705796));
#6514=CARTESIAN_POINT('Ctrl Pts',(19.8416177534821,-4.37750011444092,3.53880070227483));
#6515=CARTESIAN_POINT('Ctrl Pts',(19.8502150498787,-4.37750011444092,3.53213072737568));
#6516=CARTESIAN_POINT('Ctrl Pts',(19.8618291315422,-4.37750011444092,3.52732128693198));
#6517=CARTESIAN_POINT('Ctrl Pts',(19.8761788849962,-4.37750011444092,3.52357575957025));
#6518=CARTESIAN_POINT('Ctrl Pts',(19.8906223429424,-4.37750011444092,3.51980577375768));
#6519=CARTESIAN_POINT('Ctrl Pts',(19.9085047194472,-4.37750011444092,3.5179207808514));
#6520=CARTESIAN_POINT('Ctrl Pts',(19.9298260145106,-4.37750011444092,3.5179207808514));
#6521=CARTESIAN_POINT('Ctrl Pts',(19.9594007141147,-4.37750011444092,3.5179207808514));
#6522=CARTESIAN_POINT('Ctrl Pts',(19.9889754137188,-4.37750011444092,3.5179207808514));
#6523=CARTESIAN_POINT('Ctrl Pts',(20.0185501133229,-4.37750011444092,3.5179207808514));
#6524=CARTESIAN_POINT('',(20.0185501133229,-4.13915,3.6732151964382));
#6525=CARTESIAN_POINT('',(20.0185501133229,-4.13915,3.6732151964382));
#6526=CARTESIAN_POINT('',(20.0185501133229,-4.13915,3.5179207808514));
#6527=CARTESIAN_POINT('Ctrl Pts',(20.0185501133229,-4.13915,3.6732151964382));
#6528=CARTESIAN_POINT('Ctrl Pts',(19.9875998462954,-4.13915,3.6732151964382));
#6529=CARTESIAN_POINT('Ctrl Pts',(19.9566495792678,-4.13915,3.6732151964382));
#6530=CARTESIAN_POINT('Ctrl Pts',(19.9256993122403,-4.13915,3.6732151964382));
#6531=CARTESIAN_POINT('Ctrl Pts',(19.9054096927445,-4.13915,3.6732151964382));
#6532=CARTESIAN_POINT('Ctrl Pts',(19.8882848895388,-4.13915,3.67100858188501));
#6533=CARTESIAN_POINT('Ctrl Pts',(19.8741155338611,-4.13915,3.66712521935637));
#6534=CARTESIAN_POINT('Ctrl Pts',(19.8603598596266,-4.13915,3.6633552335438));
#6535=CARTESIAN_POINT('Ctrl Pts',(19.8491833743111,-4.13915,3.65784525427929));
#6536=CARTESIAN_POINT('Ctrl Pts',(19.8405860779146,-4.13915,3.65059528156281));
#6537=CARTESIAN_POINT('Ctrl Pts',(19.8323326733739,-4.13915,3.643635307755));
#6538=CARTESIAN_POINT('Ctrl Pts',(19.8263145658963,-4.13915,3.6352253394039));
#6539=CARTESIAN_POINT('Ctrl Pts',(19.8225317554818,-4.13915,3.6253653765095));
#6540=CARTESIAN_POINT('Ctrl Pts',(19.8187489450674,-4.13915,3.6155054136151));
#6541=CARTESIAN_POINT('Ctrl Pts',(19.8168575398601,-4.13915,3.60463045454039));
#6542=CARTESIAN_POINT('Ctrl Pts',(19.8168575398601,-4.13915,3.59274049928538));
#6543=CARTESIAN_POINT('Ctrl Pts',(19.8168575398601,-4.13915,3.58172054075634));
#6544=CARTESIAN_POINT('Ctrl Pts',(19.8186403750652,-4.13915,3.57153860001893));
#6545=CARTESIAN_POINT('Ctrl Pts',(19.8225317554818,-4.13915,3.5622906138762));
#6546=CARTESIAN_POINT('Ctrl Pts',(19.8263145658963,-4.13915,3.55330064770778));
#6547=CARTESIAN_POINT('Ctrl Pts',(19.8328325359705,-4.13915,3.5456164705796));
#6548=CARTESIAN_POINT('Ctrl Pts',(19.8416177534822,-4.13915,3.53880070227483));
#6549=CARTESIAN_POINT('Ctrl Pts',(19.8502150498787,-4.13915,3.53213072737568));
#6550=CARTESIAN_POINT('Ctrl Pts',(19.8618291315422,-4.13915,3.52732128693198));
#6551=CARTESIAN_POINT('Ctrl Pts',(19.8761788849962,-4.13915,3.52357575957025));
#6552=CARTESIAN_POINT('Ctrl Pts',(19.8906223429424,-4.13915,3.51980577375768));
#6553=CARTESIAN_POINT('Ctrl Pts',(19.9085047194472,-4.13915,3.5179207808514));
#6554=CARTESIAN_POINT('Ctrl Pts',(19.9298260145106,-4.13915,3.5179207808514));
#6555=CARTESIAN_POINT('Ctrl Pts',(19.9594007141147,-4.13915,3.5179207808514));
#6556=CARTESIAN_POINT('Ctrl Pts',(19.9889754137188,-4.13915,3.5179207808514));
#6557=CARTESIAN_POINT('Ctrl Pts',(20.0185501133229,-4.13915,3.5179207808514));
#6558=CARTESIAN_POINT('',(20.0185501133229,-4.13915,3.5179207808514));
#6559=CARTESIAN_POINT('Ctrl Pts',(20.0835456740808,-4.13915,3.71976002127795));
#6560=CARTESIAN_POINT('Ctrl Pts',(20.0835456740808,-4.21860003814697,3.71976002127795));
#6561=CARTESIAN_POINT('Ctrl Pts',(20.0835456740808,-4.29805007629394,3.71976002127795));
#6562=CARTESIAN_POINT('Ctrl Pts',(20.0835456740808,-4.37750011444092,3.71976002127795));
#6563=CARTESIAN_POINT('Ctrl Pts',(20.0271474097195,-4.13915,3.71976002127795));
#6564=CARTESIAN_POINT('Ctrl Pts',(20.0271474097195,-4.21860003814697,3.71976002127795));
#6565=CARTESIAN_POINT('Ctrl Pts',(20.0271474097195,-4.29805007629394,3.71976002127795));
#6566=CARTESIAN_POINT('Ctrl Pts',(20.0271474097195,-4.37750011444092,3.71976002127795));
#6567=CARTESIAN_POINT('Ctrl Pts',(19.9707491453582,-4.13915,3.71976002127795));
#6568=CARTESIAN_POINT('Ctrl Pts',(19.9707491453582,-4.21860003814697,3.71976002127795));
#6569=CARTESIAN_POINT('Ctrl Pts',(19.9707491453582,-4.29805007629395,3.71976002127795));
#6570=CARTESIAN_POINT('Ctrl Pts',(19.9707491453582,-4.37750011444092,3.71976002127795));
#6571=CARTESIAN_POINT('Ctrl Pts',(19.8882150999514,-4.13914999999999,3.71976002127794));
#6572=CARTESIAN_POINT('Ctrl Pts',(19.8882150999514,-4.21860003814697,3.71976002127794));
#6573=CARTESIAN_POINT('Ctrl Pts',(19.8882150999514,-4.29805007629394,3.71976002127794));
#6574=CARTESIAN_POINT('Ctrl Pts',(19.8882150999514,-4.37750011444092,3.71976002127794));
#6575=CARTESIAN_POINT('Ctrl Pts',(19.8649346740123,-4.13915,3.71717932690043));
#6576=CARTESIAN_POINT('Ctrl Pts',(19.8649346740123,-4.21860003814697,3.71717932690043));
#6577=CARTESIAN_POINT('Ctrl Pts',(19.8649346740123,-4.29805007629394,3.71717932690043));
#6578=CARTESIAN_POINT('Ctrl Pts',(19.8649346740123,-4.37750011444092,3.71717932690043));
#6579=CARTESIAN_POINT('Ctrl Pts',(19.8240792688332,-4.13915,3.70569507420799));
#6580=CARTESIAN_POINT('Ctrl Pts',(19.8240792688332,-4.21860003814697,3.70569507420799));
#6581=CARTESIAN_POINT('Ctrl Pts',(19.8240792688332,-4.29805007629394,3.70569507420799));
#6582=CARTESIAN_POINT('Ctrl Pts',(19.8240792688332,-4.37750011444092,3.70569507420799));
#6583=CARTESIAN_POINT('Ctrl Pts',(19.8063874511605,-4.13914999999999,3.69757512314797));
#6584=CARTESIAN_POINT('Ctrl Pts',(19.8063874511605,-4.21860003814697,3.69757512314797));
#6585=CARTESIAN_POINT('Ctrl Pts',(19.8063874511605,-4.29805007629394,3.69757512314797));
#6586=CARTESIAN_POINT('Ctrl Pts',(19.8063874511605,-4.37750011444092,3.69757512314797));
#6587=CARTESIAN_POINT('Ctrl Pts',(19.7779977601478,-4.13915,3.67597018607046));
#6588=CARTESIAN_POINT('Ctrl Pts',(19.7779977601478,-4.21860003814697,3.67597018607046));
#6589=CARTESIAN_POINT('Ctrl Pts',(19.7779977601478,-4.29805007629394,3.67597018607046));
#6590=CARTESIAN_POINT('Ctrl Pts',(19.7779977601478,-4.37750011444092,3.67597018607046));
#6591=CARTESIAN_POINT('Ctrl Pts',(19.7674555630672,-4.13915,3.66281628157239));
#6592=CARTESIAN_POINT('Ctrl Pts',(19.7674555630672,-4.21860003814697,3.66281628157239));
#6593=CARTESIAN_POINT('Ctrl Pts',(19.7674555630672,-4.29805007629394,3.66281628157239));
#6594=CARTESIAN_POINT('Ctrl Pts',(19.7674555630672,-4.37750011444092,3.66281628157239));
#6595=CARTESIAN_POINT('Ctrl Pts',(19.7516900331744,-4.13915,3.63218035086298));
#6596=CARTESIAN_POINT('Ctrl Pts',(19.7516900331744,-4.21860003814697,3.63218035086298));
#6597=CARTESIAN_POINT('Ctrl Pts',(19.7516900331744,-4.29805007629394,3.63218035086298));
#6598=CARTESIAN_POINT('Ctrl Pts',(19.7516900331744,-4.37750011444092,3.63218035086298));
#6599=CARTESIAN_POINT('Ctrl Pts',(19.7477352768319,-4.13915,3.61463541688912));
#6600=CARTESIAN_POINT('Ctrl Pts',(19.7477352768319,-4.21860003814697,3.61463541688912));
#6601=CARTESIAN_POINT('Ctrl Pts',(19.7477352768319,-4.29805007629394,3.61463541688912));
#6602=CARTESIAN_POINT('Ctrl Pts',(19.7477352768319,-4.37750011444092,3.61463541688912));
#6603=CARTESIAN_POINT('Ctrl Pts',(19.7477352768319,-4.13914999999999,3.57809555439811));
#6604=CARTESIAN_POINT('Ctrl Pts',(19.7477352768319,-4.21860003814697,3.57809555439811));
#6605=CARTESIAN_POINT('Ctrl Pts',(19.7477352768319,-4.29805007629394,3.57809555439811));
#6606=CARTESIAN_POINT('Ctrl Pts',(19.7477352768319,-4.37750011444092,3.57809555439811));
#6607=CARTESIAN_POINT('Ctrl Pts',(19.7511224911233,-4.13914999999999,3.5638457648404));
#6608=CARTESIAN_POINT('Ctrl Pts',(19.7511224911233,-4.21860003814697,3.5638457648404));
#6609=CARTESIAN_POINT('Ctrl Pts',(19.7511224911233,-4.29805007629394,3.5638457648404));
#6610=CARTESIAN_POINT('Ctrl Pts',(19.7511224911233,-4.37750011444092,3.5638457648404));
#6611=CARTESIAN_POINT('Ctrl Pts',(19.7628665184898,-4.13914999999999,3.53996069790947));
#6612=CARTESIAN_POINT('Ctrl Pts',(19.7628665184898,-4.21860003814697,3.53996069790947));
#6613=CARTESIAN_POINT('Ctrl Pts',(19.7628665184898,-4.29805007629394,3.53996069790947));
#6614=CARTESIAN_POINT('Ctrl Pts',(19.7628665184898,-4.37750011444092,3.53996069790947));
#6615=CARTESIAN_POINT('Ctrl Pts',(19.7710971975703,-4.13915,3.53007867733204));
#6616=CARTESIAN_POINT('Ctrl Pts',(19.7710971975703,-4.21860003814697,3.53007867733204));
#6617=CARTESIAN_POINT('Ctrl Pts',(19.7710971975703,-4.29805007629394,3.53007867733204));
#6618=CARTESIAN_POINT('Ctrl Pts',(19.7710971975703,-4.37750011444092,3.53007867733204));
#6619=CARTESIAN_POINT('Ctrl Pts',(19.7920973262381,-4.13915,3.51473079285615));
#6620=CARTESIAN_POINT('Ctrl Pts',(19.7920973262381,-4.21860003814697,3.51473079285615));
#6621=CARTESIAN_POINT('Ctrl Pts',(19.7920973262381,-4.29805007629394,3.51473079285615));
#6622=CARTESIAN_POINT('Ctrl Pts',(19.7920973262381,-4.37750011444092,3.51473079285615));
#6623=CARTESIAN_POINT('Ctrl Pts',(19.8041335411932,-4.13915,3.50864081577432));
#6624=CARTESIAN_POINT('Ctrl Pts',(19.8041335411932,-4.21860003814697,3.50864081577432));
#6625=CARTESIAN_POINT('Ctrl Pts',(19.8041335411932,-4.29805007629394,3.50864081577432));
#6626=CARTESIAN_POINT('Ctrl Pts',(19.8041335411932,-4.37750011444092,3.50864081577432));
#6627=CARTESIAN_POINT('Ctrl Pts',(19.8318289448645,-4.13915,3.4992987662868));
#6628=CARTESIAN_POINT('Ctrl Pts',(19.8318289448645,-4.21860003814697,3.4992987662868));
#6629=CARTESIAN_POINT('Ctrl Pts',(19.8318289448645,-4.29805007629394,3.4992987662868));
#6630=CARTESIAN_POINT('Ctrl Pts',(19.8318289448645,-4.37750011444092,3.4992987662868));
#6631=CARTESIAN_POINT('Ctrl Pts',(19.846948077248,-4.13915,3.49631586215632));
#6632=CARTESIAN_POINT('Ctrl Pts',(19.846948077248,-4.21860003814697,3.49631586215632));
#6633=CARTESIAN_POINT('Ctrl Pts',(19.846948077248,-4.29805007629394,3.49631586215632));
#6634=CARTESIAN_POINT('Ctrl Pts',(19.846948077248,-4.37750011444092,3.49631586215632));
#6635=CARTESIAN_POINT('Ctrl Pts',(19.8627671026176,-4.13915,3.49399587088704));
#6636=CARTESIAN_POINT('Ctrl Pts',(19.8627671026176,-4.21860003814697,3.49399587088704));
#6637=CARTESIAN_POINT('Ctrl Pts',(19.8627671026176,-4.29805007629394,3.49399587088704));
#6638=CARTESIAN_POINT('Ctrl Pts',(19.8627671026176,-4.37750011444092,3.49399587088704));
#6639=CARTESIAN_POINT('',(19.8627671026176,-4.37750011444092,3.49399587088705));
#6640=CARTESIAN_POINT('',(20.0835456740808,-4.37750011444092,3.71976002127795));
#6641=CARTESIAN_POINT('Ctrl Pts',(19.8627671026176,-4.37750011444092,3.49399587088704));
#6642=CARTESIAN_POINT('Ctrl Pts',(19.846948077248,-4.37750011444092,3.49631586215632));
#6643=CARTESIAN_POINT('Ctrl Pts',(19.8318289448645,-4.37750011444092,3.4992987662868));
#6644=CARTESIAN_POINT('Ctrl Pts',(19.8178892154277,-4.37750011444092,3.50400083323577));
#6645=CARTESIAN_POINT('Ctrl Pts',(19.8041335411932,-4.37750011444092,3.50864081577432));
#6646=CARTESIAN_POINT('Ctrl Pts',(19.7920973262381,-4.37750011444092,3.51473079285615));
#6647=CARTESIAN_POINT('Ctrl Pts',(19.7817805705622,-4.37750011444092,3.52227076448128));
#6648=CARTESIAN_POINT('Ctrl Pts',(19.7710971975703,-4.37750011444092,3.53007867733204));
#6649=CARTESIAN_POINT('Ctrl Pts',(19.7628665184898,-4.37750011444092,3.53996069790947));
#6650=CARTESIAN_POINT('Ctrl Pts',(19.7570203569402,-4.37750011444092,3.55185065316448));
#6651=CARTESIAN_POINT('Ctrl Pts',(19.7511224911233,-4.37750011444092,3.5638457648404));
#6652=CARTESIAN_POINT('Ctrl Pts',(19.7477352768319,-4.37750011444092,3.57809555439811));
#6653=CARTESIAN_POINT('Ctrl Pts',(19.7477352768319,-4.37750011444092,3.59491549110032));
#6654=CARTESIAN_POINT('Ctrl Pts',(19.7477352768319,-4.37750011444092,3.61463541688912));
#6655=CARTESIAN_POINT('Ctrl Pts',(19.7516900331744,-4.37750011444092,3.63218035086298));
#6656=CARTESIAN_POINT('Ctrl Pts',(19.7595995458592,-4.37750011444092,3.6475502930219));
#6657=CARTESIAN_POINT('Ctrl Pts',(19.7674555630672,-4.37750011444092,3.66281628157239));
#6658=CARTESIAN_POINT('Ctrl Pts',(19.7779977601478,-4.37750011444092,3.67597018607046));
#6659=CARTESIAN_POINT('Ctrl Pts',(19.7920973262381,-4.37750011444092,3.68670014569084));
#6660=CARTESIAN_POINT('Ctrl Pts',(19.8063874511605,-4.37750011444092,3.69757512314797));
#6661=CARTESIAN_POINT('Ctrl Pts',(19.8240792688332,-4.37750011444092,3.70569507420799));
#6662=CARTESIAN_POINT('Ctrl Pts',(19.8447127801849,-4.37750011444092,3.71149505238117));
#6663=CARTESIAN_POINT('Ctrl Pts',(19.8649346740123,-4.37750011444092,3.71717932690043));
#6664=CARTESIAN_POINT('Ctrl Pts',(19.8882150999514,-4.37750011444092,3.71976002127794));
#6665=CARTESIAN_POINT('Ctrl Pts',(19.9143508809969,-4.37750011444092,3.71976002127795));
#6666=CARTESIAN_POINT('Ctrl Pts',(19.9707491453582,-4.37750011444092,3.71976002127795));
#6667=CARTESIAN_POINT('Ctrl Pts',(20.0271474097195,-4.37750011444092,3.71976002127795));
#6668=CARTESIAN_POINT('Ctrl Pts',(20.0835456740808,-4.37750011444092,3.71976002127795));
#6669=CARTESIAN_POINT('',(19.8627671026176,-4.13915,3.49399587088705));
#6670=CARTESIAN_POINT('',(19.8627671026176,-4.13915,3.49399587088705));
#6671=CARTESIAN_POINT('',(20.0835456740808,-4.13915,3.71976002127795));
#6672=CARTESIAN_POINT('Ctrl Pts',(19.8627671026176,-4.13915,3.49399587088705));
#6673=CARTESIAN_POINT('Ctrl Pts',(19.846948077248,-4.13915,3.49631586215632));
#6674=CARTESIAN_POINT('Ctrl Pts',(19.8318289448645,-4.13915,3.4992987662868));
#6675=CARTESIAN_POINT('Ctrl Pts',(19.8178892154277,-4.13915,3.50400083323577));
#6676=CARTESIAN_POINT('Ctrl Pts',(19.8041335411932,-4.13915,3.50864081577432));
#6677=CARTESIAN_POINT('Ctrl Pts',(19.7920973262381,-4.13915,3.51473079285615));
#6678=CARTESIAN_POINT('Ctrl Pts',(19.7817805705622,-4.13915,3.52227076448128));
#6679=CARTESIAN_POINT('Ctrl Pts',(19.7710971975703,-4.13915,3.53007867733204));
#6680=CARTESIAN_POINT('Ctrl Pts',(19.7628665184899,-4.13915,3.53996069790947));
#6681=CARTESIAN_POINT('Ctrl Pts',(19.7570203569402,-4.13915,3.55185065316448));
#6682=CARTESIAN_POINT('Ctrl Pts',(19.7511224911233,-4.13915,3.56384576484041));
#6683=CARTESIAN_POINT('Ctrl Pts',(19.7477352768319,-4.13915,3.57809555439811));
#6684=CARTESIAN_POINT('Ctrl Pts',(19.7477352768319,-4.13915,3.59491549110032));
#6685=CARTESIAN_POINT('Ctrl Pts',(19.7477352768319,-4.13915,3.61463541688912));
#6686=CARTESIAN_POINT('Ctrl Pts',(19.7516900331744,-4.13915,3.63218035086298));
#6687=CARTESIAN_POINT('Ctrl Pts',(19.7595995458592,-4.13915,3.6475502930219));
#6688=CARTESIAN_POINT('Ctrl Pts',(19.7674555630672,-4.13915,3.66281628157239));
#6689=CARTESIAN_POINT('Ctrl Pts',(19.7779977601478,-4.13915,3.67597018607046));
#6690=CARTESIAN_POINT('Ctrl Pts',(19.7920973262381,-4.13915,3.68670014569084));
#6691=CARTESIAN_POINT('Ctrl Pts',(19.8063874511605,-4.13915,3.69757512314797));
#6692=CARTESIAN_POINT('Ctrl Pts',(19.8240792688332,-4.13915,3.70569507420799));
#6693=CARTESIAN_POINT('Ctrl Pts',(19.8447127801849,-4.13915,3.71149505238117));
#6694=CARTESIAN_POINT('Ctrl Pts',(19.8649346740123,-4.13915,3.71717932690043));
#6695=CARTESIAN_POINT('Ctrl Pts',(19.8882150999514,-4.13915,3.71976002127795));
#6696=CARTESIAN_POINT('Ctrl Pts',(19.9143508809969,-4.13915,3.71976002127795));
#6697=CARTESIAN_POINT('Ctrl Pts',(19.9707491453582,-4.13915,3.71976002127795));
#6698=CARTESIAN_POINT('Ctrl Pts',(20.0271474097195,-4.13915,3.71976002127795));
#6699=CARTESIAN_POINT('Ctrl Pts',(20.0835456740808,-4.13915,3.71976002127795));
#6700=CARTESIAN_POINT('',(20.0835456740808,-4.13915,3.71976002127795));
#6701=CARTESIAN_POINT('Origin',(20.0835456740808,-4.13915,3.2882416451936));
#6702=CARTESIAN_POINT('',(20.0835456740808,-4.37750011444092,3.2882416451936));
#6703=CARTESIAN_POINT('',(20.0835456740808,-4.37750011444092,2.6766208225968));
#6704=CARTESIAN_POINT('',(20.0835456740808,-4.13915,3.2882416451936));
#6705=CARTESIAN_POINT('',(20.0835456740808,-4.13915,3.71976002127795));
#6706=CARTESIAN_POINT('',(20.0835456740808,-4.13915,3.2882416451936));
#6707=CARTESIAN_POINT('Ctrl Pts',(20.0185501133229,-4.13915,3.47094095764867));
#6708=CARTESIAN_POINT('Ctrl Pts',(20.0185501133229,-4.21860003814697,3.47094095764867));
#6709=CARTESIAN_POINT('Ctrl Pts',(20.0185501133229,-4.29805007629395,3.47094095764867));
#6710=CARTESIAN_POINT('Ctrl Pts',(20.0185501133229,-4.37750011444092,3.47094095764867));
#6711=CARTESIAN_POINT('Ctrl Pts',(19.9900070892864,-4.13915,3.47094095764867));
#6712=CARTESIAN_POINT('Ctrl Pts',(19.9900070892864,-4.21860003814697,3.47094095764867));
#6713=CARTESIAN_POINT('Ctrl Pts',(19.9900070892864,-4.29805007629395,3.47094095764867));
#6714=CARTESIAN_POINT('Ctrl Pts',(19.9900070892864,-4.37750011444092,3.47094095764867));
#6715=CARTESIAN_POINT('Ctrl Pts',(19.9614640652499,-4.13915,3.47094095764867));
#6716=CARTESIAN_POINT('Ctrl Pts',(19.9614640652499,-4.21860003814697,3.47094095764867));
#6717=CARTESIAN_POINT('Ctrl Pts',(19.9614640652499,-4.29805007629395,3.47094095764867));
#6718=CARTESIAN_POINT('Ctrl Pts',(19.9614640652499,-4.37750011444092,3.47094095764867));
#6719=CARTESIAN_POINT('Ctrl Pts',(19.9129753135734,-4.13915,3.47094095764867));
#6720=CARTESIAN_POINT('Ctrl Pts',(19.9129753135734,-4.21860003814697,3.47094095764867));
#6721=CARTESIAN_POINT('Ctrl Pts',(19.9129753135734,-4.29805007629395,3.47094095764867));
#6722=CARTESIAN_POINT('Ctrl Pts',(19.9129753135734,-4.37750011444092,3.47094095764867));
#6723=CARTESIAN_POINT('Ctrl Pts',(19.8964685044921,-4.13915,3.46949096310538));
#6724=CARTESIAN_POINT('Ctrl Pts',(19.8964685044921,-4.21860003814697,3.46949096310538));
#6725=CARTESIAN_POINT('Ctrl Pts',(19.8964685044921,-4.29805007629395,3.46949096310538));
#6726=CARTESIAN_POINT('Ctrl Pts',(19.8964685044921,-4.37750011444092,3.46949096310538));
#6727=CARTESIAN_POINT('Ctrl Pts',(19.8700108368833,-4.13915,3.46361955278184));
#6728=CARTESIAN_POINT('Ctrl Pts',(19.8700108368833,-4.21860003814697,3.46361955278184));
#6729=CARTESIAN_POINT('Ctrl Pts',(19.8700108368833,-4.29805007629395,3.46361955278183));
#6730=CARTESIAN_POINT('Ctrl Pts',(19.8700108368833,-4.37750011444092,3.46361955278183));
#6731=CARTESIAN_POINT('Ctrl Pts',(19.8591562381311,-4.13915,3.45934100130232));
#6732=CARTESIAN_POINT('Ctrl Pts',(19.8591562381311,-4.21860003814697,3.45934100130232));
#6733=CARTESIAN_POINT('Ctrl Pts',(19.8591562381311,-4.29805007629395,3.45934100130232));
#6734=CARTESIAN_POINT('Ctrl Pts',(19.8591562381311,-4.37750011444092,3.45934100130232));
#6735=CARTESIAN_POINT('Ctrl Pts',(19.8426494290498,-4.13915,3.44774104495596));
#6736=CARTESIAN_POINT('Ctrl Pts',(19.8426494290498,-4.21860003814697,3.44774104495596));
#6737=CARTESIAN_POINT('Ctrl Pts',(19.8426494290498,-4.29805007629395,3.44774104495596));
#6738=CARTESIAN_POINT('Ctrl Pts',(19.8426494290498,-4.37750011444092,3.44774104495596));
#6739=CARTESIAN_POINT('Ctrl Pts',(19.8366313215722,-4.13915,3.44049107223949));
#6740=CARTESIAN_POINT('Ctrl Pts',(19.8366313215722,-4.21860003814697,3.44049107223949));
#6741=CARTESIAN_POINT('Ctrl Pts',(19.8366313215722,-4.29805007629395,3.44049107223949));
#6742=CARTESIAN_POINT('Ctrl Pts',(19.8366313215722,-4.37750011444092,3.44049107223949));
#6743=CARTESIAN_POINT('Ctrl Pts',(19.8291048054205,-4.13915,3.42318107334328));
#6744=CARTESIAN_POINT('Ctrl Pts',(19.8291048054205,-4.21860003814697,3.42318107334328));
#6745=CARTESIAN_POINT('Ctrl Pts',(19.8291048054205,-4.29805007629395,3.42318107334328));
#6746=CARTESIAN_POINT('Ctrl Pts',(19.8291048054205,-4.37750011444092,3.42318107334328));
#6747=CARTESIAN_POINT('Ctrl Pts',(19.8276901333198,-4.13915,3.4129411759169));
#6748=CARTESIAN_POINT('Ctrl Pts',(19.8276901333198,-4.21860003814697,3.4129411759169));
#6749=CARTESIAN_POINT('Ctrl Pts',(19.8276901333198,-4.29805007629394,3.4129411759169));
#6750=CARTESIAN_POINT('Ctrl Pts',(19.8276901333198,-4.37750011444092,3.4129411759169));
#6751=CARTESIAN_POINT('Ctrl Pts',(19.8276901333198,-4.13914999999999,3.37785130796918));
#6752=CARTESIAN_POINT('Ctrl Pts',(19.8276901333198,-4.21860003814697,3.37785130796918));
#6753=CARTESIAN_POINT('Ctrl Pts',(19.8276901333198,-4.29805007629394,3.37785130796918));
#6754=CARTESIAN_POINT('Ctrl Pts',(19.8276901333198,-4.37750011444092,3.37785130796918));
#6755=CARTESIAN_POINT('Ctrl Pts',(19.8366313215722,-4.13915,3.36103137126697));
#6756=CARTESIAN_POINT('Ctrl Pts',(19.8366313215722,-4.21860003814697,3.36103137126697));
#6757=CARTESIAN_POINT('Ctrl Pts',(19.8366313215722,-4.29805007629394,3.36103137126697));
#6758=CARTESIAN_POINT('Ctrl Pts',(19.8366313215722,-4.37750011444092,3.36103137126697));
#6759=CARTESIAN_POINT('Ctrl Pts',(19.8727922085039,-4.13915,3.34050660371029));
#6760=CARTESIAN_POINT('Ctrl Pts',(19.8727922085039,-4.21860003814697,3.34050660371029));
#6761=CARTESIAN_POINT('Ctrl Pts',(19.8727922085039,-4.29805007629395,3.34050660371029));
#6762=CARTESIAN_POINT('Ctrl Pts',(19.8727922085039,-4.37750011444092,3.34050660371029));
#6763=CARTESIAN_POINT('Ctrl Pts',(19.9012829904741,-4.13915,3.33522146839633));
#6764=CARTESIAN_POINT('Ctrl Pts',(19.9012829904741,-4.21860003814697,3.33522146839633));
#6765=CARTESIAN_POINT('Ctrl Pts',(19.9012829904741,-4.29805007629394,3.33522146839633));
#6766=CARTESIAN_POINT('Ctrl Pts',(19.9012829904741,-4.37750011444092,3.33522146839633));
#6767=CARTESIAN_POINT('Ctrl Pts',(19.966278551232,-4.13915,3.33522146839633));
#6768=CARTESIAN_POINT('Ctrl Pts',(19.966278551232,-4.21860003814697,3.33522146839633));
#6769=CARTESIAN_POINT('Ctrl Pts',(19.966278551232,-4.29805007629394,3.33522146839633));
#6770=CARTESIAN_POINT('Ctrl Pts',(19.966278551232,-4.37750011444092,3.33522146839633));
#6771=CARTESIAN_POINT('Ctrl Pts',(19.9924143322775,-4.13915,3.33522146839633));
#6772=CARTESIAN_POINT('Ctrl Pts',(19.9924143322775,-4.21860003814697,3.33522146839633));
#6773=CARTESIAN_POINT('Ctrl Pts',(19.9924143322775,-4.29805007629394,3.33522146839633));
#6774=CARTESIAN_POINT('Ctrl Pts',(19.9924143322775,-4.37750011444092,3.33522146839633));
#6775=CARTESIAN_POINT('Ctrl Pts',(20.0185501133229,-4.13915,3.33522146839633));
#6776=CARTESIAN_POINT('Ctrl Pts',(20.0185501133229,-4.21860003814697,3.33522146839633));
#6777=CARTESIAN_POINT('Ctrl Pts',(20.0185501133229,-4.29805007629394,3.33522146839633));
#6778=CARTESIAN_POINT('Ctrl Pts',(20.0185501133229,-4.37750011444092,3.33522146839633));
#6779=CARTESIAN_POINT('Ctrl Pts',(20.0185501133229,-4.37750011444092,3.47094095764867));
#6780=CARTESIAN_POINT('Ctrl Pts',(19.9900070892864,-4.37750011444092,3.47094095764867));
#6781=CARTESIAN_POINT('Ctrl Pts',(19.9614640652499,-4.37750011444092,3.47094095764867));
#6782=CARTESIAN_POINT('Ctrl Pts',(19.9329210412134,-4.37750011444092,3.47094095764867));
#6783=CARTESIAN_POINT('Ctrl Pts',(19.9129753135734,-4.37750011444092,3.47094095764867));
#6784=CARTESIAN_POINT('Ctrl Pts',(19.8964685044921,-4.37750011444092,3.46949096310538));
#6785=CARTESIAN_POINT('Ctrl Pts',(19.8834006139693,-4.37750011444092,3.46659097401879));
#6786=CARTESIAN_POINT('Ctrl Pts',(19.8700108368833,-4.37750011444092,3.46361955278183));
#6787=CARTESIAN_POINT('Ctrl Pts',(19.8591562381311,-4.37750011444092,3.45934100130232));
#6788=CARTESIAN_POINT('Ctrl Pts',(19.8509028335904,-4.37750011444092,3.45354102312914));
#6789=CARTESIAN_POINT('Ctrl Pts',(19.8426494290498,-4.37750011444092,3.44774104495596));
#6790=CARTESIAN_POINT('Ctrl Pts',(19.8366313215722,-4.37750011444092,3.44049107223949));
#6791=CARTESIAN_POINT('Ctrl Pts',(19.8328485111577,-4.37750011444092,3.43179110497973));
#6792=CARTESIAN_POINT('Ctrl Pts',(19.8291048054205,-4.37750011444092,3.42318107334328));
#6793=CARTESIAN_POINT('Ctrl Pts',(19.8276901333198,-4.37750011444092,3.4129411759169));
#6794=CARTESIAN_POINT('Ctrl Pts',(19.8276901333198,-4.37750011444092,3.40134121957055));
#6795=CARTESIAN_POINT('Ctrl Pts',(19.8276901333198,-4.37750011444092,3.37785130796918));
#6796=CARTESIAN_POINT('Ctrl Pts',(19.8366313215722,-4.37750011444092,3.36103137126697));
#6797=CARTESIAN_POINT('Ctrl Pts',(19.854513698077,-4.37750011444092,3.35088140946391));
#6798=CARTESIAN_POINT('Ctrl Pts',(19.8727922085039,-4.37750011444092,3.34050660371029));
#6799=CARTESIAN_POINT('Ctrl Pts',(19.9012829904741,-4.37750011444092,3.33522146839633));
#6800=CARTESIAN_POINT('Ctrl Pts',(19.9401427701865,-4.37750011444092,3.33522146839633));
#6801=CARTESIAN_POINT('Ctrl Pts',(19.966278551232,-4.37750011444092,3.33522146839633));
#6802=CARTESIAN_POINT('Ctrl Pts',(19.9924143322775,-4.37750011444092,3.33522146839633));
#6803=CARTESIAN_POINT('Ctrl Pts',(20.0185501133229,-4.37750011444092,3.33522146839633));
#6804=CARTESIAN_POINT('Ctrl Pts',(20.0185501133229,-4.13915,3.47094095764867));
#6805=CARTESIAN_POINT('Ctrl Pts',(19.9900070892864,-4.13915,3.47094095764867));
#6806=CARTESIAN_POINT('Ctrl Pts',(19.9614640652499,-4.13915,3.47094095764867));
#6807=CARTESIAN_POINT('Ctrl Pts',(19.9329210412134,-4.13915,3.47094095764867));
#6808=CARTESIAN_POINT('Ctrl Pts',(19.9129753135734,-4.13915,3.47094095764867));
#6809=CARTESIAN_POINT('Ctrl Pts',(19.8964685044921,-4.13915,3.46949096310537));
#6810=CARTESIAN_POINT('Ctrl Pts',(19.8834006139693,-4.13915,3.46659097401879));
#6811=CARTESIAN_POINT('Ctrl Pts',(19.8700108368833,-4.13915,3.46361955278183));
#6812=CARTESIAN_POINT('Ctrl Pts',(19.8591562381311,-4.13915,3.45934100130231));
#6813=CARTESIAN_POINT('Ctrl Pts',(19.8509028335904,-4.13915,3.45354102312914));
#6814=CARTESIAN_POINT('Ctrl Pts',(19.8426494290497,-4.13915,3.44774104495596));
#6815=CARTESIAN_POINT('Ctrl Pts',(19.8366313215722,-4.13915,3.44049107223949));
#6816=CARTESIAN_POINT('Ctrl Pts',(19.8328485111577,-4.13915,3.43179110497973));
#6817=CARTESIAN_POINT('Ctrl Pts',(19.8291048054205,-4.13915,3.42318107334328));
#6818=CARTESIAN_POINT('Ctrl Pts',(19.8276901333198,-4.13915,3.4129411759169));
#6819=CARTESIAN_POINT('Ctrl Pts',(19.8276901333198,-4.13915,3.40134121957055));
#6820=CARTESIAN_POINT('Ctrl Pts',(19.8276901333198,-4.13915,3.37785130796918));
#6821=CARTESIAN_POINT('Ctrl Pts',(19.8366313215722,-4.13915,3.36103137126697));
#6822=CARTESIAN_POINT('Ctrl Pts',(19.854513698077,-4.13915,3.35088140946391));
#6823=CARTESIAN_POINT('Ctrl Pts',(19.8727922085039,-4.13915,3.34050660371029));
#6824=CARTESIAN_POINT('Ctrl Pts',(19.9012829904741,-4.13915,3.33522146839634));
#6825=CARTESIAN_POINT('Ctrl Pts',(19.9401427701865,-4.13915,3.33522146839634));
#6826=CARTESIAN_POINT('Ctrl Pts',(19.966278551232,-4.13915,3.33522146839634));
#6827=CARTESIAN_POINT('Ctrl Pts',(19.9924143322775,-4.13915,3.33522146839634));
#6828=CARTESIAN_POINT('Ctrl Pts',(20.0185501133229,-4.13915,3.33522146839634));
#6829=CARTESIAN_POINT('Origin',(20.0185501133229,-4.13915,3.5179207808514));
#6830=CARTESIAN_POINT('',(20.0185501133229,-4.37750011444092,2.7914603904257));
#6831=CARTESIAN_POINT('',(20.0185501133229,-4.13915,3.4030812130225));
#6832=CARTESIAN_POINT('Ctrl Pts',(19.8627671026176,-4.13915,3.49095088234613));
#6833=CARTESIAN_POINT('Ctrl Pts',(19.8627671026176,-4.21860003814697,3.49095088234613));
#6834=CARTESIAN_POINT('Ctrl Pts',(19.8627671026176,-4.29805007629395,3.49095088234613));
#6835=CARTESIAN_POINT('Ctrl Pts',(19.8627671026176,-4.37750011444092,3.49095088234613));
#6836=CARTESIAN_POINT('Ctrl Pts',(19.846948077248,-4.13915,3.48921088889417));
#6837=CARTESIAN_POINT('Ctrl Pts',(19.846948077248,-4.21860003814697,3.48921088889417));
#6838=CARTESIAN_POINT('Ctrl Pts',(19.846948077248,-4.29805007629395,3.48921088889417));
#6839=CARTESIAN_POINT('Ctrl Pts',(19.846948077248,-4.37750011444092,3.48921088889417));
#6840=CARTESIAN_POINT('Ctrl Pts',(19.8328485111577,-4.13914999999999,3.48558590253594));
#6841=CARTESIAN_POINT('Ctrl Pts',(19.8328485111577,-4.21860003814697,3.48558590253594));
#6842=CARTESIAN_POINT('Ctrl Pts',(19.8328485111577,-4.29805007629394,3.48558590253594));
#6843=CARTESIAN_POINT('Ctrl Pts',(19.8328485111577,-4.37750011444092,3.48558590253594));
#6844=CARTESIAN_POINT('Ctrl Pts',(19.8079545349958,-4.13914999999999,3.47450641069011));
#6845=CARTESIAN_POINT('Ctrl Pts',(19.8079545349958,-4.21860003814697,3.47450641069011));
#6846=CARTESIAN_POINT('Ctrl Pts',(19.8079545349958,-4.29805007629394,3.47450641069011));
#6847=CARTESIAN_POINT('Ctrl Pts',(19.8079545349958,-4.37750011444092,3.47450641069011));
#6848=CARTESIAN_POINT('Ctrl Pts',(19.7970837581481,-4.13914999999999,3.46818596801641));
#6849=CARTESIAN_POINT('Ctrl Pts',(19.7970837581481,-4.21860003814697,3.46818596801641));
#6850=CARTESIAN_POINT('Ctrl Pts',(19.7970837581481,-4.29805007629394,3.46818596801641));
#6851=CARTESIAN_POINT('Ctrl Pts',(19.7970837581481,-4.37750011444092,3.46818596801641));
#6852=CARTESIAN_POINT('Ctrl Pts',(19.7800399798239,-4.13914999999999,3.45208847029234));
#6853=CARTESIAN_POINT('Ctrl Pts',(19.7800399798239,-4.21860003814697,3.45208847029234));
#6854=CARTESIAN_POINT('Ctrl Pts',(19.7800399798239,-4.29805007629394,3.45208847029234));
#6855=CARTESIAN_POINT('Ctrl Pts',(19.7800399798239,-4.37750011444092,3.45208847029234));
#6856=CARTESIAN_POINT('Ctrl Pts',(19.7738710578774,-4.13914999999999,3.4425210646001));
#6857=CARTESIAN_POINT('Ctrl Pts',(19.7738710578774,-4.21860003814697,3.4425210646001));
#6858=CARTESIAN_POINT('Ctrl Pts',(19.7738710578774,-4.29805007629394,3.4425210646001));
#6859=CARTESIAN_POINT('Ctrl Pts',(19.7738710578774,-4.37750011444092,3.4425210646001));
#6860=CARTESIAN_POINT('Ctrl Pts',(19.7649972325766,-4.13914999999999,3.42122282448523));
#6861=CARTESIAN_POINT('Ctrl Pts',(19.7649972325766,-4.21860003814697,3.42122282448523));
#6862=CARTESIAN_POINT('Ctrl Pts',(19.7649972325766,-4.29805007629394,3.42122282448523));
#6863=CARTESIAN_POINT('Ctrl Pts',(19.7649972325766,-4.37750011444091,3.42122282448523));
#6864=CARTESIAN_POINT('Ctrl Pts',(19.7621787347781,-4.13914999999999,3.41004118683031));
#6865=CARTESIAN_POINT('Ctrl Pts',(19.7621787347781,-4.21860003814697,3.41004118683031));
#6866=CARTESIAN_POINT('Ctrl Pts',(19.7621787347781,-4.29805007629394,3.41004118683031));
#6867=CARTESIAN_POINT('Ctrl Pts',(19.7621787347781,-4.37750011444092,3.41004118683031));
#6868=CARTESIAN_POINT('Ctrl Pts',(19.7621787347781,-4.13914999999999,3.37756130906052));
#6869=CARTESIAN_POINT('Ctrl Pts',(19.7621787347781,-4.21860003814697,3.37756130906052));
#6870=CARTESIAN_POINT('Ctrl Pts',(19.7621787347781,-4.29805007629394,3.37756130906052));
#6871=CARTESIAN_POINT('Ctrl Pts',(19.7621787347781,-4.37750011444092,3.37756130906052));
#6872=CARTESIAN_POINT('Ctrl Pts',(19.7664165705419,-4.13914999999999,3.36056326194121));
#6873=CARTESIAN_POINT('Ctrl Pts',(19.7664165705419,-4.21860003814697,3.36056326194121));
#6874=CARTESIAN_POINT('Ctrl Pts',(19.7664165705419,-4.29805007629394,3.36056326194121));
#6875=CARTESIAN_POINT('Ctrl Pts',(19.7664165705419,-4.37750011444092,3.36056326194121));
#6876=CARTESIAN_POINT('Ctrl Pts',(19.7816086246343,-4.13914999999999,3.3326114782184));
#6877=CARTESIAN_POINT('Ctrl Pts',(19.7816086246343,-4.21860003814697,3.3326114782184));
#6878=CARTESIAN_POINT('Ctrl Pts',(19.7816086246343,-4.29805007629394,3.3326114782184));
#6879=CARTESIAN_POINT('Ctrl Pts',(19.7816086246343,-4.37750011444092,3.3326114782184));
#6880=CARTESIAN_POINT('Ctrl Pts',(19.7930749181762,-4.13915,3.32123271728428));
#6881=CARTESIAN_POINT('Ctrl Pts',(19.7930749181762,-4.21860003814697,3.32123271728428));
#6882=CARTESIAN_POINT('Ctrl Pts',(19.7930749181762,-4.29805007629394,3.32123271728428));
#6883=CARTESIAN_POINT('Ctrl Pts',(19.7930749181762,-4.37750011444092,3.32123271728428));
#6884=CARTESIAN_POINT('Ctrl Pts',(19.8237353769773,-4.13914999999999,3.30419158516984));
#6885=CARTESIAN_POINT('Ctrl Pts',(19.8237353769773,-4.21860003814697,3.30419158516984));
#6886=CARTESIAN_POINT('Ctrl Pts',(19.8237353769773,-4.29805007629394,3.30419158516984));
#6887=CARTESIAN_POINT('Ctrl Pts',(19.8237353769773,-4.37750011444092,3.30419158516984));
#6888=CARTESIAN_POINT('Ctrl Pts',(19.8426494290497,-4.13914999999999,3.298101608088));
#6889=CARTESIAN_POINT('Ctrl Pts',(19.8426494290497,-4.21860003814697,3.298101608088));
#6890=CARTESIAN_POINT('Ctrl Pts',(19.8426494290497,-4.29805007629394,3.298101608088));
#6891=CARTESIAN_POINT('Ctrl Pts',(19.8426494290497,-4.37750011444092,3.298101608088));
#6892=CARTESIAN_POINT('Ctrl Pts',(19.8881107677096,-4.13915,3.29055040571952));
#6893=CARTESIAN_POINT('Ctrl Pts',(19.8881107677096,-4.21860003814697,3.29055040571952));
#6894=CARTESIAN_POINT('Ctrl Pts',(19.8881107677096,-4.29805007629395,3.29055040571952));
#6895=CARTESIAN_POINT('Ctrl Pts',(19.8881107677096,-4.37750011444092,3.29055040571952));
#6896=CARTESIAN_POINT('Ctrl Pts',(19.9143508809969,-4.13915,3.2882416451936));
#6897=CARTESIAN_POINT('Ctrl Pts',(19.9143508809969,-4.21860003814697,3.2882416451936));
#6898=CARTESIAN_POINT('Ctrl Pts',(19.9143508809969,-4.29805007629395,3.2882416451936));
#6899=CARTESIAN_POINT('Ctrl Pts',(19.9143508809969,-4.37750011444092,3.2882416451936));
#6900=CARTESIAN_POINT('Ctrl Pts',(19.9906948729982,-4.13915,3.2882416451936));
#6901=CARTESIAN_POINT('Ctrl Pts',(19.9906948729982,-4.21860003814697,3.2882416451936));
#6902=CARTESIAN_POINT('Ctrl Pts',(19.9906948729982,-4.29805007629395,3.2882416451936));
#6903=CARTESIAN_POINT('Ctrl Pts',(19.9906948729982,-4.37750011444092,3.2882416451936));
#6904=CARTESIAN_POINT('Ctrl Pts',(20.0371202735395,-4.13915,3.2882416451936));
#6905=CARTESIAN_POINT('Ctrl Pts',(20.0371202735395,-4.21860003814697,3.2882416451936));
#6906=CARTESIAN_POINT('Ctrl Pts',(20.0371202735395,-4.29805007629395,3.2882416451936));
#6907=CARTESIAN_POINT('Ctrl Pts',(20.0371202735395,-4.37750011444092,3.2882416451936));
#6908=CARTESIAN_POINT('Ctrl Pts',(20.0835456740808,-4.13915,3.2882416451936));
#6909=CARTESIAN_POINT('Ctrl Pts',(20.0835456740808,-4.21860003814697,3.2882416451936));
#6910=CARTESIAN_POINT('Ctrl Pts',(20.0835456740808,-4.29805007629395,3.2882416451936));
#6911=CARTESIAN_POINT('Ctrl Pts',(20.0835456740808,-4.37750011444092,3.2882416451936));
#6912=CARTESIAN_POINT('',(19.8627671026176,-4.37750011444092,3.49095088234613));
#6913=CARTESIAN_POINT('Ctrl Pts',(20.0835456740808,-4.37750011444092,3.2882416451936));
#6914=CARTESIAN_POINT('Ctrl Pts',(20.0371202735395,-4.37750011444092,3.2882416451936));
#6915=CARTESIAN_POINT('Ctrl Pts',(19.9906948729982,-4.37750011444092,3.2882416451936));
#6916=CARTESIAN_POINT('Ctrl Pts',(19.9442694724568,-4.37750011444092,3.2882416451936));
#6917=CARTESIAN_POINT('Ctrl Pts',(19.9143508809969,-4.37750011444092,3.2882416451936));
#6918=CARTESIAN_POINT('Ctrl Pts',(19.8881107677096,-4.37750011444092,3.29055040571952));
#6919=CARTESIAN_POINT('Ctrl Pts',(19.8653462915366,-4.37750011444092,3.29433162227544));
#6920=CARTESIAN_POINT('Ctrl Pts',(19.8426494290497,-4.37750011444092,3.298101608088));
#6921=CARTESIAN_POINT('Ctrl Pts',(19.8237353769773,-4.37750011444092,3.30419158516984));
#6922=CARTESIAN_POINT('Ctrl Pts',(19.8086041353194,-4.37750011444092,3.31260155352094));
#6923=CARTESIAN_POINT('Ctrl Pts',(19.7930749181762,-4.37750011444092,3.32123271728428));
#6924=CARTESIAN_POINT('Ctrl Pts',(19.7816086246343,-4.37750011444092,3.3326114782184));
#6925=CARTESIAN_POINT('Ctrl Pts',(19.7740430038053,-4.37750011444092,3.34653142583403));
#6926=CARTESIAN_POINT('Ctrl Pts',(19.7664165705419,-4.37750011444092,3.36056326194121));
#6927=CARTESIAN_POINT('Ctrl Pts',(19.7621787347781,-4.37750011444092,3.37756130906052));
#6928=CARTESIAN_POINT('Ctrl Pts',(19.7621787347781,-4.37750011444092,3.39786123266664));
#6929=CARTESIAN_POINT('Ctrl Pts',(19.7621787347781,-4.37750011444092,3.41004118683031));
#6930=CARTESIAN_POINT('Ctrl Pts',(19.7649972325766,-4.37750011444091,3.42122282448523));
#6931=CARTESIAN_POINT('Ctrl Pts',(19.7694004637512,-4.37750011444092,3.43179110497972));
#6932=CARTESIAN_POINT('Ctrl Pts',(19.7738710578774,-4.37750011444092,3.4425210646001));
#6933=CARTESIAN_POINT('Ctrl Pts',(19.7800399798239,-4.37750011444092,3.45208847029234));
#6934=CARTESIAN_POINT('Ctrl Pts',(19.7884864617515,-4.37750011444092,3.46006599857396));
#6935=CARTESIAN_POINT('Ctrl Pts',(19.7970837581481,-4.37750011444092,3.46818596801641));
#6936=CARTESIAN_POINT('Ctrl Pts',(19.8079545349958,-4.37750011444092,3.47450641069011));
#6937=CARTESIAN_POINT('Ctrl Pts',(19.8204684043467,-4.37750011444092,3.48007592327142));
#6938=CARTESIAN_POINT('Ctrl Pts',(19.8328485111577,-4.37750011444092,3.48558590253594));
#6939=CARTESIAN_POINT('Ctrl Pts',(19.846948077248,-4.37750011444092,3.48921088889417));
#6940=CARTESIAN_POINT('Ctrl Pts',(19.8627671026176,-4.37750011444092,3.49095088234613));
#6941=CARTESIAN_POINT('',(19.8627671026176,-4.13915,3.49095088234613));
#6942=CARTESIAN_POINT('Ctrl Pts',(20.0835456740808,-4.13915,3.2882416451936));
#6943=CARTESIAN_POINT('Ctrl Pts',(20.0371202735395,-4.13915,3.2882416451936));
#6944=CARTESIAN_POINT('Ctrl Pts',(19.9906948729981,-4.13915,3.2882416451936));
#6945=CARTESIAN_POINT('Ctrl Pts',(19.9442694724568,-4.13915,3.2882416451936));
#6946=CARTESIAN_POINT('Ctrl Pts',(19.9143508809969,-4.13915,3.2882416451936));
#6947=CARTESIAN_POINT('Ctrl Pts',(19.8881107677096,-4.13915,3.29055040571952));
#6948=CARTESIAN_POINT('Ctrl Pts',(19.8653462915366,-4.13915,3.29433162227544));
#6949=CARTESIAN_POINT('Ctrl Pts',(19.8426494290497,-4.13915,3.298101608088));
#6950=CARTESIAN_POINT('Ctrl Pts',(19.8237353769774,-4.13915,3.30419158516984));
#6951=CARTESIAN_POINT('Ctrl Pts',(19.8086041353194,-4.13915,3.31260155352095));
#6952=CARTESIAN_POINT('Ctrl Pts',(19.7930749181762,-4.13915,3.32123271728428));
#6953=CARTESIAN_POINT('Ctrl Pts',(19.7816086246343,-4.13915,3.3326114782184));
#6954=CARTESIAN_POINT('Ctrl Pts',(19.7740430038054,-4.13915,3.34653142583403));
#6955=CARTESIAN_POINT('Ctrl Pts',(19.7664165705419,-4.13915,3.36056326194121));
#6956=CARTESIAN_POINT('Ctrl Pts',(19.7621787347781,-4.13915,3.37756130906052));
#6957=CARTESIAN_POINT('Ctrl Pts',(19.7621787347781,-4.13915,3.39786123266664));
#6958=CARTESIAN_POINT('Ctrl Pts',(19.7621787347781,-4.13915,3.41004118683031));
#6959=CARTESIAN_POINT('Ctrl Pts',(19.7649972325766,-4.13915,3.42122282448523));
#6960=CARTESIAN_POINT('Ctrl Pts',(19.7694004637512,-4.13915,3.43179110497973));
#6961=CARTESIAN_POINT('Ctrl Pts',(19.7738710578774,-4.13915,3.4425210646001));
#6962=CARTESIAN_POINT('Ctrl Pts',(19.7800399798239,-4.13915,3.45208847029235));
#6963=CARTESIAN_POINT('Ctrl Pts',(19.7884864617515,-4.13915,3.46006599857396));
#6964=CARTESIAN_POINT('Ctrl Pts',(19.7970837581481,-4.13915,3.46818596801641));
#6965=CARTESIAN_POINT('Ctrl Pts',(19.8079545349959,-4.13915,3.47450641069012));
#6966=CARTESIAN_POINT('Ctrl Pts',(19.8204684043467,-4.13915,3.48007592327142));
#6967=CARTESIAN_POINT('Ctrl Pts',(19.8328485111577,-4.13915,3.48558590253594));
#6968=CARTESIAN_POINT('Ctrl Pts',(19.846948077248,-4.13915,3.48921088889417));
#6969=CARTESIAN_POINT('Ctrl Pts',(19.8627671026176,-4.13915,3.49095088234613));
#6970=CARTESIAN_POINT('',(19.8627671026176,-4.13915,3.49095088234613));
#6971=CARTESIAN_POINT('Origin',(19.8627671026176,-4.13915,3.49399587088705));
#6972=CARTESIAN_POINT('',(19.8627671026176,-4.37750011444092,2.77949793544352));
#6973=CARTESIAN_POINT('',(19.8627671026176,-4.13915,3.49095088234613));
#6974=CARTESIAN_POINT('Origin',(20.0835456740808,-4.13915,3.2882416451936));
#6975=CARTESIAN_POINT('Origin',(15.6350003051758,-4.37750011444092,2.065));
#6976=CARTESIAN_POINT('Origin',(15.6350003051758,-4.37750011444092,2.065));
#6977=CARTESIAN_POINT('Origin',(20.2094100933261,-4.13915,3.47007096092269));
#6978=CARTESIAN_POINT('',(20.3966592088427,-4.37750011444092,3.47007096092269));
#6979=CARTESIAN_POINT('',(20.2094100933261,-4.37750011444092,3.47007096092269));
#6980=CARTESIAN_POINT('',(17.9222051992509,-4.37750011444092,3.47007096092269));
#6981=CARTESIAN_POINT('',(20.3966592088427,-4.13915,3.47007096092269));
#6982=CARTESIAN_POINT('',(20.3966592088427,-4.13915,3.47007096092269));
#6983=CARTESIAN_POINT('',(20.2094100933261,-4.13915,3.47007096092269));
#6984=CARTESIAN_POINT('',(20.3966592088427,-4.13915,3.47007096092269));
#6985=CARTESIAN_POINT('',(20.2094100933261,-4.13915,3.47007096092269));
#6986=CARTESIAN_POINT('Origin',(20.2094100933261,-4.13915,3.51879077757738));
#6987=CARTESIAN_POINT('',(20.2094100933261,-4.37750011444092,3.51879077757738));
#6988=CARTESIAN_POINT('',(20.2094100933261,-4.37750011444092,2.79189538878869));
#6989=CARTESIAN_POINT('',(20.2094100933261,-4.13915,3.51879077757738));
#6990=CARTESIAN_POINT('',(20.2094100933261,-4.13915,3.47007096092269));
#6991=CARTESIAN_POINT('',(20.2094100933261,-4.13915,3.51879077757738));
#6992=CARTESIAN_POINT('Origin',(20.3966592088427,-4.13915,3.51879077757738));
#6993=CARTESIAN_POINT('',(20.3966592088427,-4.37750011444092,3.51879077757738));
#6994=CARTESIAN_POINT('',(18.0158297570093,-4.37750011444092,3.51879077757738));
#6995=CARTESIAN_POINT('',(20.3966592088427,-4.13915,3.51879077757738));
#6996=CARTESIAN_POINT('',(20.2094100933261,-4.13915,3.51879077757738));
#6997=CARTESIAN_POINT('',(20.3966592088427,-4.13915,3.51879077757738));
#6998=CARTESIAN_POINT('Origin',(20.3966592088427,-4.13915,3.67147520298625));
#6999=CARTESIAN_POINT('',(20.3966592088427,-4.37750011444092,3.67147520298625));
#7000=CARTESIAN_POINT('',(20.3966592088427,-4.37750011444092,2.86823760149313));
#7001=CARTESIAN_POINT('',(20.3966592088427,-4.13915,3.67147520298625));
#7002=CARTESIAN_POINT('',(20.3966592088427,-4.13915,3.51879077757738));
#7003=CARTESIAN_POINT('',(20.3966592088427,-4.13915,3.67147520298625));
#7004=CARTESIAN_POINT('Origin',(20.1959983109475,-4.13915,3.67147520298625));
#7005=CARTESIAN_POINT('',(20.1959983109475,-4.37750011444092,3.67147520298625));
#7006=CARTESIAN_POINT('',(17.9154993080616,-4.37750011444092,3.67147520298625));
#7007=CARTESIAN_POINT('',(20.1959983109475,-4.13915,3.67147520298625));
#7008=CARTESIAN_POINT('',(20.3966592088427,-4.13915,3.67147520298625));
#7009=CARTESIAN_POINT('',(20.1959983109475,-4.13915,3.67147520298625));
#7010=CARTESIAN_POINT('Origin',(20.1959983109475,-4.13915,3.71976002127795));
#7011=CARTESIAN_POINT('',(20.1959983109475,-4.37750011444092,3.71976002127795));
#7012=CARTESIAN_POINT('',(20.1959983109475,-4.37750011444092,2.89238001063897));
#7013=CARTESIAN_POINT('',(20.1959983109475,-4.13915,3.71976002127795));
#7014=CARTESIAN_POINT('',(20.1959983109475,-4.13915,3.67147520298625));
#7015=CARTESIAN_POINT('',(20.1959983109475,-4.13915,3.71976002127795));
#7016=CARTESIAN_POINT('Origin',(20.4616547696006,-4.13915,3.71976002127795));
#7017=CARTESIAN_POINT('',(20.4616547696006,-4.37750011444092,3.71976002127795));
#7018=CARTESIAN_POINT('',(18.0483275373882,-4.37750011444092,3.71976002127795));
#7019=CARTESIAN_POINT('',(20.4616547696006,-4.13915,3.71976002127795));
#7020=CARTESIAN_POINT('',(20.1959983109475,-4.13915,3.71976002127795));
#7021=CARTESIAN_POINT('',(20.4616547696006,-4.13915,3.71976002127795));
#7022=CARTESIAN_POINT('Origin',(20.4616547696006,-4.13915,3.2882416451936));
#7023=CARTESIAN_POINT('',(20.4616547696006,-4.37750011444092,3.2882416451936));
#7024=CARTESIAN_POINT('',(20.4616547696006,-4.37750011444092,2.6766208225968));
#7025=CARTESIAN_POINT('',(20.4616547696006,-4.13915,3.2882416451936));
#7026=CARTESIAN_POINT('',(20.4616547696006,-4.13915,3.71976002127795));
#7027=CARTESIAN_POINT('',(20.4616547696006,-4.13915,3.2882416451936));
#7028=CARTESIAN_POINT('Origin',(20.1959983109475,-4.13915,3.2882416451936));
#7029=CARTESIAN_POINT('',(20.1959983109475,-4.37750011444092,3.2882416451936));
#7030=CARTESIAN_POINT('',(17.9154993080616,-4.37750011444092,3.2882416451936));
#7031=CARTESIAN_POINT('',(20.1959983109475,-4.13915,3.2882416451936));
#7032=CARTESIAN_POINT('',(20.4616547696006,-4.13915,3.2882416451936));
#7033=CARTESIAN_POINT('',(20.1959983109475,-4.13915,3.2882416451936));
#7034=CARTESIAN_POINT('Origin',(20.1959983109475,-4.13915,3.33696146184829));
#7035=CARTESIAN_POINT('',(20.1959983109475,-4.37750011444092,3.33696146184829));
#7036=CARTESIAN_POINT('',(20.1959983109475,-4.37750011444092,2.70098073092415));
#7037=CARTESIAN_POINT('',(20.1959983109475,-4.13915,3.33696146184829));
#7038=CARTESIAN_POINT('',(20.1959983109475,-4.13915,3.2882416451936));
#7039=CARTESIAN_POINT('',(20.1959983109475,-4.13915,3.33696146184829));
#7040=CARTESIAN_POINT('Origin',(20.3966592088427,-4.13915,3.33696146184829));
#7041=CARTESIAN_POINT('',(20.3966592088427,-4.37750011444092,3.33696146184829));
#7042=CARTESIAN_POINT('',(18.0158297570093,-4.37750011444092,3.33696146184829));
#7043=CARTESIAN_POINT('',(20.3966592088427,-4.13915,3.33696146184829));
#7044=CARTESIAN_POINT('',(20.1959983109475,-4.13915,3.33696146184829));
#7045=CARTESIAN_POINT('',(20.3966592088427,-4.13915,3.33696146184829));
#7046=CARTESIAN_POINT('Origin',(20.3966592088427,-4.13915,3.47007096092269));
#7047=CARTESIAN_POINT('',(20.3966592088427,-4.37750011444092,2.76753548046135));
#7048=CARTESIAN_POINT('',(20.3966592088427,-4.13915,3.33696146184829));
#7049=CARTESIAN_POINT('Origin',(20.1959983109475,-4.13915,3.71976002127795));
#7050=CARTESIAN_POINT('Origin',(20.5962884311704,-4.13915,3.35218640455288));
#7051=CARTESIAN_POINT('',(20.5730757308997,-4.37750011444092,3.30607657807612));
#7052=CARTESIAN_POINT('',(20.5962884311704,-4.37750011444092,3.35218640455288));
#7053=CARTESIAN_POINT('',(19.8362340646844,-4.37750011444092,1.84241052570467));
#7054=CARTESIAN_POINT('',(20.5730757308997,-4.13915,3.30607657807612));
#7055=CARTESIAN_POINT('',(20.5730757308997,-4.13915,3.30607657807612));
#7056=CARTESIAN_POINT('',(20.5962884311704,-4.13915,3.35218640455288));
#7057=CARTESIAN_POINT('',(20.5730757308997,-4.13915,3.30607657807612));
#7058=CARTESIAN_POINT('',(20.5962884311704,-4.13915,3.35218640455288));
#7059=CARTESIAN_POINT('Ctrl Pts',(20.8671032676613,-4.13915,3.70584007366232));
#7060=CARTESIAN_POINT('Ctrl Pts',(20.8671032676613,-4.21860003814697,3.70584007366232));
#7061=CARTESIAN_POINT('Ctrl Pts',(20.8671032676613,-4.29805007629395,3.70584007366232));
#7062=CARTESIAN_POINT('Ctrl Pts',(20.8671032676613,-4.37750011444092,3.70584007366232));
#7063=CARTESIAN_POINT('Ctrl Pts',(20.8519720260034,-4.13915,3.71251004856147));
#7064=CARTESIAN_POINT('Ctrl Pts',(20.8519720260034,-4.21860003814697,3.71251004856147));
#7065=CARTESIAN_POINT('Ctrl Pts',(20.8519720260034,-4.29805007629395,3.71251004856147));
#7066=CARTESIAN_POINT('Ctrl Pts',(20.8519720260034,-4.37750011444092,3.71251004856147));
#7067=CARTESIAN_POINT('Ctrl Pts',(20.833229919859,-4.13915,3.71744003000868));
#7068=CARTESIAN_POINT('Ctrl Pts',(20.833229919859,-4.21860003814697,3.71744003000868));
#7069=CARTESIAN_POINT('Ctrl Pts',(20.833229919859,-4.29805007629394,3.71744003000868));
#7070=CARTESIAN_POINT('Ctrl Pts',(20.833229919859,-4.37750011444092,3.71744003000868));
#7071=CARTESIAN_POINT('Ctrl Pts',(20.7881313887202,-4.13915,3.72387603242244));
#7072=CARTESIAN_POINT('Ctrl Pts',(20.7881313887202,-4.21860003814697,3.72387603242244));
#7073=CARTESIAN_POINT('Ctrl Pts',(20.7881313887202,-4.29805007629395,3.72387603242244));
#7074=CARTESIAN_POINT('Ctrl Pts',(20.7881313887202,-4.37750011444092,3.72387603242244));
#7075=CARTESIAN_POINT('Ctrl Pts',(20.7639357109029,-4.13915,3.72584999835978));
#7076=CARTESIAN_POINT('Ctrl Pts',(20.7639357109029,-4.21860003814697,3.72584999835978));
#7077=CARTESIAN_POINT('Ctrl Pts',(20.7639357109029,-4.29805007629395,3.72584999835978));
#7078=CARTESIAN_POINT('Ctrl Pts',(20.7639357109029,-4.37750011444092,3.72584999835978));
#7079=CARTESIAN_POINT('Ctrl Pts',(20.7113202569561,-4.13915,3.72584999835978));
#7080=CARTESIAN_POINT('Ctrl Pts',(20.7113202569561,-4.21860003814697,3.72584999835978));
#7081=CARTESIAN_POINT('Ctrl Pts',(20.7113202569561,-4.29805007629394,3.72584999835978));
#7082=CARTESIAN_POINT('Ctrl Pts',(20.7113202569561,-4.37750011444092,3.72584999835978));
#7083=CARTESIAN_POINT('Ctrl Pts',(20.6872478270457,-4.13914999999999,3.72324000818185));
#7084=CARTESIAN_POINT('Ctrl Pts',(20.6872478270457,-4.21860003814697,3.72324000818185));
#7085=CARTESIAN_POINT('Ctrl Pts',(20.6872478270457,-4.29805007629394,3.72324000818185));
#7086=CARTESIAN_POINT('Ctrl Pts',(20.6872478270457,-4.37750011444092,3.72324000818185));
#7087=CARTESIAN_POINT('Ctrl Pts',(20.6441948333681,-4.13915,3.71269957053069));
#7088=CARTESIAN_POINT('Ctrl Pts',(20.6441948333681,-4.21860003814697,3.71269957053069));
#7089=CARTESIAN_POINT('Ctrl Pts',(20.6441948333681,-4.29805007629395,3.71269957053069));
#7090=CARTESIAN_POINT('Ctrl Pts',(20.6441948333681,-4.37750011444092,3.71269957053069));
#7091=CARTESIAN_POINT('Ctrl Pts',(20.6260350767024,-4.13915,3.70453507857336));
#7092=CARTESIAN_POINT('Ctrl Pts',(20.6260350767024,-4.21860003814697,3.70453507857336));
#7093=CARTESIAN_POINT('Ctrl Pts',(20.6260350767024,-4.29805007629395,3.70453507857336));
#7094=CARTESIAN_POINT('Ctrl Pts',(20.6260350767024,-4.37750011444092,3.70453507857336));
#7095=CARTESIAN_POINT('Ctrl Pts',(20.5962572414368,-4.13915,3.6835117421125));
#7096=CARTESIAN_POINT('Ctrl Pts',(20.5962572414368,-4.21860003814697,3.6835117421125));
#7097=CARTESIAN_POINT('Ctrl Pts',(20.5962572414368,-4.29805007629395,3.6835117421125));
#7098=CARTESIAN_POINT('Ctrl Pts',(20.5962572414368,-4.37750011444092,3.6835117421125));
#7099=CARTESIAN_POINT('Ctrl Pts',(20.5845961080711,-4.13915,3.67089520516893));
#7100=CARTESIAN_POINT('Ctrl Pts',(20.5845961080711,-4.21860003814697,3.67089520516893));
#7101=CARTESIAN_POINT('Ctrl Pts',(20.5845961080711,-4.29805007629395,3.67089520516893));
#7102=CARTESIAN_POINT('Ctrl Pts',(20.5845961080711,-4.37750011444092,3.67089520516893));
#7103=CARTESIAN_POINT('Ctrl Pts',(20.5687197975557,-4.13915,3.64062610122583));
#7104=CARTESIAN_POINT('Ctrl Pts',(20.5687197975557,-4.21860003814697,3.64062610122583));
#7105=CARTESIAN_POINT('Ctrl Pts',(20.5687197975557,-4.29805007629394,3.64062610122583));
#7106=CARTESIAN_POINT('Ctrl Pts',(20.5687197975557,-4.37750011444092,3.64062610122583));
#7107=CARTESIAN_POINT('Ctrl Pts',(20.5643064885752,-4.13915,3.62377038251187));
#7108=CARTESIAN_POINT('Ctrl Pts',(20.5643064885752,-4.21860003814697,3.62377038251187));
#7109=CARTESIAN_POINT('Ctrl Pts',(20.5643064885752,-4.29805007629394,3.62377038251187));
#7110=CARTESIAN_POINT('Ctrl Pts',(20.5643064885752,-4.37750011444092,3.62377038251187));
#7111=CARTESIAN_POINT('Ctrl Pts',(20.5643064885752,-4.13915,3.58781051783818));
#7112=CARTESIAN_POINT('Ctrl Pts',(20.5643064885752,-4.21860003814697,3.58781051783818));
#7113=CARTESIAN_POINT('Ctrl Pts',(20.5643064885752,-4.29805007629394,3.58781051783818));
#7114=CARTESIAN_POINT('Ctrl Pts',(20.5643064885752,-4.37750011444092,3.58781051783818));
#7115=CARTESIAN_POINT('Ctrl Pts',(20.5670576234221,-4.13915,3.57302057349658));
#7116=CARTESIAN_POINT('Ctrl Pts',(20.5670576234221,-4.21860003814697,3.57302057349658));
#7117=CARTESIAN_POINT('Ctrl Pts',(20.5670576234221,-4.29805007629395,3.57302057349658));
#7118=CARTESIAN_POINT('Ctrl Pts',(20.5670576234221,-4.37750011444092,3.57302057349658));
#7119=CARTESIAN_POINT('Ctrl Pts',(20.5779499271589,-4.13915,3.54833503025608));
#7120=CARTESIAN_POINT('Ctrl Pts',(20.5779499271589,-4.21860003814697,3.54833503025608));
#7121=CARTESIAN_POINT('Ctrl Pts',(20.5779499271589,-4.29805007629394,3.54833503025608));
#7122=CARTESIAN_POINT('Ctrl Pts',(20.5779499271589,-4.37750011444092,3.54833503025608));
#7123=CARTESIAN_POINT('Ctrl Pts',(20.5861436214225,-4.13915,3.53749570718587));
#7124=CARTESIAN_POINT('Ctrl Pts',(20.5861436214225,-4.21860003814697,3.53749570718587));
#7125=CARTESIAN_POINT('Ctrl Pts',(20.5861436214225,-4.29805007629395,3.53749570718587));
#7126=CARTESIAN_POINT('Ctrl Pts',(20.5861436214225,-4.37750011444092,3.53749570718587));
#7127=CARTESIAN_POINT('Ctrl Pts',(20.6072945448347,-4.13914999999999,3.5185087202586));
#7128=CARTESIAN_POINT('Ctrl Pts',(20.6072945448347,-4.21860003814697,3.5185087202586));
#7129=CARTESIAN_POINT('Ctrl Pts',(20.6072945448347,-4.29805007629394,3.5185087202586));
#7130=CARTESIAN_POINT('Ctrl Pts',(20.6072945448347,-4.37750011444092,3.5185087202586));
#7131=CARTESIAN_POINT('Ctrl Pts',(20.6207047529365,-4.13915,3.51023580977194));
#7132=CARTESIAN_POINT('Ctrl Pts',(20.6207047529365,-4.21860003814697,3.51023580977194));
#7133=CARTESIAN_POINT('Ctrl Pts',(20.6207047529365,-4.29805007629394,3.51023580977194));
#7134=CARTESIAN_POINT('Ctrl Pts',(20.6207047529365,-4.37750011444092,3.51023580977194));
#7135=CARTESIAN_POINT('Ctrl Pts',(20.6523428036758,-4.13915,3.49515586652168));
#7136=CARTESIAN_POINT('Ctrl Pts',(20.6523428036758,-4.21860003814697,3.49515586652168));
#7137=CARTESIAN_POINT('Ctrl Pts',(20.6523428036758,-4.29805007629394,3.49515586652168));
#7138=CARTESIAN_POINT('Ctrl Pts',(20.6523428036758,-4.37750011444092,3.49515586652168));
#7139=CARTESIAN_POINT('Ctrl Pts',(20.6707410179644,-4.13915,3.48790589380521));
#7140=CARTESIAN_POINT('Ctrl Pts',(20.6707410179644,-4.21860003814697,3.48790589380521));
#7141=CARTESIAN_POINT('Ctrl Pts',(20.6707410179644,-4.29805007629394,3.48790589380521));
#7142=CARTESIAN_POINT('Ctrl Pts',(20.6707410179644,-4.37750011444092,3.48790589380521));
#7143=CARTESIAN_POINT('Ctrl Pts',(20.7113882248739,-4.13914999999999,3.47441978722415));
#7144=CARTESIAN_POINT('Ctrl Pts',(20.7113882248739,-4.21860003814697,3.47441978722415));
#7145=CARTESIAN_POINT('Ctrl Pts',(20.7113882248739,-4.29805007629394,3.47441978722415));
#7146=CARTESIAN_POINT('Ctrl Pts',(20.7113882248739,-4.37750011444092,3.47441978722415));
#7147=CARTESIAN_POINT('Ctrl Pts',(20.7276551201095,-4.13914999999999,3.46804096856208));
#7148=CARTESIAN_POINT('Ctrl Pts',(20.7276551201095,-4.21860003814697,3.46804096856208));
#7149=CARTESIAN_POINT('Ctrl Pts',(20.7276551201095,-4.29805007629394,3.46804096856208));
#7150=CARTESIAN_POINT('Ctrl Pts',(20.7276551201095,-4.37750011444092,3.46804096856208));
#7151=CARTESIAN_POINT('Ctrl Pts',(20.7540609491617,-4.13915,3.45632115564499));
#7152=CARTESIAN_POINT('Ctrl Pts',(20.7540609491617,-4.21860003814697,3.45632115564499));
#7153=CARTESIAN_POINT('Ctrl Pts',(20.7540609491617,-4.29805007629394,3.45632115564499));
#7154=CARTESIAN_POINT('Ctrl Pts',(20.7540609491617,-4.37750011444092,3.45632115564499));
#7155=CARTESIAN_POINT('Ctrl Pts',(20.7649673864705,-4.13915,3.45020603567956));
#7156=CARTESIAN_POINT('Ctrl Pts',(20.7649673864705,-4.21860003814697,3.45020603567956));
#7157=CARTESIAN_POINT('Ctrl Pts',(20.7649673864705,-4.29805007629395,3.45020603567956));
#7158=CARTESIAN_POINT('Ctrl Pts',(20.7649673864705,-4.37750011444092,3.45020603567956));
#7159=CARTESIAN_POINT('Ctrl Pts',(20.7811231492958,-4.13915,3.43714978331845));
#7160=CARTESIAN_POINT('Ctrl Pts',(20.7811231492958,-4.21860003814697,3.43714978331845));
#7161=CARTESIAN_POINT('Ctrl Pts',(20.7811231492958,-4.29805007629395,3.43714978331845));
#7162=CARTESIAN_POINT('Ctrl Pts',(20.7811231492958,-4.37750011444092,3.43714978331845));
#7163=CARTESIAN_POINT('Ctrl Pts',(20.7868045193177,-4.13915,3.42976111261911));
#7164=CARTESIAN_POINT('Ctrl Pts',(20.7868045193177,-4.21860003814697,3.42976111261911));
#7165=CARTESIAN_POINT('Ctrl Pts',(20.7868045193177,-4.29805007629395,3.42976111261911));
#7166=CARTESIAN_POINT('Ctrl Pts',(20.7868045193177,-4.37750011444092,3.42976111261911));
#7167=CARTESIAN_POINT('Ctrl Pts',(20.7935765752376,-4.13915,3.41319986669609));
#7168=CARTESIAN_POINT('Ctrl Pts',(20.7935765752376,-4.21860003814697,3.41319986669609));
#7169=CARTESIAN_POINT('Ctrl Pts',(20.7935765752376,-4.29805007629394,3.41319986669609));
#7170=CARTESIAN_POINT('Ctrl Pts',(20.7935765752376,-4.37750011444092,3.41319986669609));
#7171=CARTESIAN_POINT('Ctrl Pts',(20.7954018157142,-4.13915,3.40366121083982));
#7172=CARTESIAN_POINT('Ctrl Pts',(20.7954018157142,-4.21860003814697,3.40366121083982));
#7173=CARTESIAN_POINT('Ctrl Pts',(20.7954018157142,-4.29805007629395,3.40366121083982));
#7174=CARTESIAN_POINT('Ctrl Pts',(20.7954018157142,-4.37750011444092,3.40366121083982));
#7175=CARTESIAN_POINT('Ctrl Pts',(20.7954018157142,-4.13915,3.3735013243393));
#7176=CARTESIAN_POINT('Ctrl Pts',(20.7954018157142,-4.21860003814697,3.3735013243393));
#7177=CARTESIAN_POINT('Ctrl Pts',(20.7954018157142,-4.29805007629394,3.3735013243393));
#7178=CARTESIAN_POINT('Ctrl Pts',(20.7954018157142,-4.37750011444092,3.3735013243393));
#7179=CARTESIAN_POINT('Ctrl Pts',(20.7876642489573,-4.13915,3.35842138108904));
#7180=CARTESIAN_POINT('Ctrl Pts',(20.7876642489573,-4.21860003814697,3.35842138108904));
#7181=CARTESIAN_POINT('Ctrl Pts',(20.7876642489573,-4.29805007629395,3.35842138108904));
#7182=CARTESIAN_POINT('Ctrl Pts',(20.7876642489573,-4.37750011444092,3.35842138108904));
#7183=CARTESIAN_POINT('Ctrl Pts',(20.7567139819298,-4.13915,3.33638146403097));
#7184=CARTESIAN_POINT('Ctrl Pts',(20.7567139819298,-4.21860003814697,3.33638146403097));
#7185=CARTESIAN_POINT('Ctrl Pts',(20.7567139819298,-4.29805007629394,3.33638146403097));
#7186=CARTESIAN_POINT('Ctrl Pts',(20.7567139819298,-4.37750011444092,3.33638146403097));
#7187=CARTESIAN_POINT('Ctrl Pts',(20.7348768490826,-4.13915,3.33087148476645));
#7188=CARTESIAN_POINT('Ctrl Pts',(20.7348768490826,-4.21860003814697,3.33087148476645));
#7189=CARTESIAN_POINT('Ctrl Pts',(20.7348768490826,-4.29805007629394,3.33087148476645));
#7190=CARTESIAN_POINT('Ctrl Pts',(20.7348768490826,-4.37750011444092,3.33087148476645));
#7191=CARTESIAN_POINT('Ctrl Pts',(20.6863880974061,-4.13915,3.33087148476645));
#7192=CARTESIAN_POINT('Ctrl Pts',(20.6863880974061,-4.21860003814697,3.33087148476645));
#7193=CARTESIAN_POINT('Ctrl Pts',(20.6863880974061,-4.29805007629395,3.33087148476645));
#7194=CARTESIAN_POINT('Ctrl Pts',(20.6863880974061,-4.37750011444092,3.33087148476645));
#7195=CARTESIAN_POINT('Ctrl Pts',(20.666786261622,-4.13915,3.33290147712706));
#7196=CARTESIAN_POINT('Ctrl Pts',(20.666786261622,-4.21860003814697,3.33290147712706));
#7197=CARTESIAN_POINT('Ctrl Pts',(20.666786261622,-4.29805007629394,3.33290147712706));
#7198=CARTESIAN_POINT('Ctrl Pts',(20.666786261622,-4.37750011444092,3.33290147712706));
#7199=CARTESIAN_POINT('Ctrl Pts',(20.628551482097,-4.13915,3.34110874123401));
#7200=CARTESIAN_POINT('Ctrl Pts',(20.628551482097,-4.21860003814697,3.34110874123401));
#7201=CARTESIAN_POINT('Ctrl Pts',(20.628551482097,-4.29805007629394,3.34110874123401));
#7202=CARTESIAN_POINT('Ctrl Pts',(20.628551482097,-4.37750011444092,3.34110874123401));
#7203=CARTESIAN_POINT('Ctrl Pts',(20.6114196728283,-4.13915,3.3463864263797));
#7204=CARTESIAN_POINT('Ctrl Pts',(20.6114196728283,-4.21860003814697,3.3463864263797));
#7205=CARTESIAN_POINT('Ctrl Pts',(20.6114196728283,-4.29805007629394,3.3463864263797));
#7206=CARTESIAN_POINT('Ctrl Pts',(20.6114196728283,-4.37750011444092,3.3463864263797));
#7207=CARTESIAN_POINT('Ctrl Pts',(20.5962884311704,-4.13915,3.35218640455288));
#7208=CARTESIAN_POINT('Ctrl Pts',(20.5962884311704,-4.21860003814697,3.35218640455288));
#7209=CARTESIAN_POINT('Ctrl Pts',(20.5962884311704,-4.29805007629394,3.35218640455288));
#7210=CARTESIAN_POINT('Ctrl Pts',(20.5962884311704,-4.37750011444092,3.35218640455288));
#7211=CARTESIAN_POINT('',(20.8671032676613,-4.37750011444092,3.70584007366232));
#7212=CARTESIAN_POINT('Ctrl Pts',(20.5962884311704,-4.37750011444092,3.35218640455288));
#7213=CARTESIAN_POINT('Ctrl Pts',(20.6114196728283,-4.37750011444092,3.3463864263797));
#7214=CARTESIAN_POINT('Ctrl Pts',(20.628551482097,-4.37750011444092,3.34110874123401));
#7215=CARTESIAN_POINT('Ctrl Pts',(20.6478722095496,-4.37750011444092,3.33696146184829));
#7216=CARTESIAN_POINT('Ctrl Pts',(20.666786261622,-4.37750011444092,3.33290147712706));
#7217=CARTESIAN_POINT('Ctrl Pts',(20.6863880974061,-4.37750011444092,3.33087148476645));
#7218=CARTESIAN_POINT('Ctrl Pts',(20.7066777169019,-4.37750011444092,3.33087148476645));
#7219=CARTESIAN_POINT('Ctrl Pts',(20.7348768490826,-4.37750011444092,3.33087148476645));
#7220=CARTESIAN_POINT('Ctrl Pts',(20.7567139819298,-4.37750011444092,3.33638146403097));
#7221=CARTESIAN_POINT('Ctrl Pts',(20.7721891154436,-4.37750011444092,3.34740142256001));
#7222=CARTESIAN_POINT('Ctrl Pts',(20.7876642489573,-4.37750011444092,3.35842138108904));
#7223=CARTESIAN_POINT('Ctrl Pts',(20.7954018157142,-4.37750011444092,3.3735013243393));
#7224=CARTESIAN_POINT('Ctrl Pts',(20.7954018157142,-4.37750011444092,3.39264125231078));
#7225=CARTESIAN_POINT('Ctrl Pts',(20.7954018157142,-4.37750011444092,3.40366121083982));
#7226=CARTESIAN_POINT('Ctrl Pts',(20.7935765752376,-4.37750011444092,3.41319986669609));
#7227=CARTESIAN_POINT('Ctrl Pts',(20.7902434378763,-4.37750011444092,3.42135114426801));
#7228=CARTESIAN_POINT('Ctrl Pts',(20.7868045193177,-4.37750011444092,3.42976111261911));
#7229=CARTESIAN_POINT('Ctrl Pts',(20.7811231492958,-4.37750011444092,3.43714978331845));
#7230=CARTESIAN_POINT('Ctrl Pts',(20.7732207910111,-4.37750011444092,3.44353606078041));
#7231=CARTESIAN_POINT('Ctrl Pts',(20.7649673864705,-4.37750011444092,3.45020603567956));
#7232=CARTESIAN_POINT('Ctrl Pts',(20.7540609491617,-4.37750011444092,3.45632115564499));
#7233=CARTESIAN_POINT('Ctrl Pts',(20.7407230106322,-4.37750011444092,3.4622409903889));
#7234=CARTESIAN_POINT('Ctrl Pts',(20.7276551201095,-4.37750011444092,3.46804096856208));
#7235=CARTESIAN_POINT('Ctrl Pts',(20.7113882248739,-4.37750011444092,3.47441978722415));
#7236=CARTESIAN_POINT('Ctrl Pts',(20.6917184211719,-4.37750011444092,3.4809459199974));
#7237=CARTESIAN_POINT('Ctrl Pts',(20.6707410179644,-4.37750011444092,3.48790589380521));
#7238=CARTESIAN_POINT('Ctrl Pts',(20.6523428036758,-4.37750011444092,3.49515586652168));
#7239=CARTESIAN_POINT('Ctrl Pts',(20.6365237783062,-4.37750011444092,3.50269583814681));
#7240=CARTESIAN_POINT('Ctrl Pts',(20.6207047529365,-4.37750011444092,3.51023580977194));
#7241=CARTESIAN_POINT('Ctrl Pts',(20.6072945448347,-4.37750011444092,3.5185087202586));
#7242=CARTESIAN_POINT('Ctrl Pts',(20.5968042689542,-4.37750011444092,3.52792574320013));
#7243=CARTESIAN_POINT('Ctrl Pts',(20.5861436214225,-4.37750011444092,3.53749570718587));
#7244=CARTESIAN_POINT('Ctrl Pts',(20.5779499271589,-4.37750011444092,3.54833503025608));
#7245=CARTESIAN_POINT('Ctrl Pts',(20.5725598931159,-4.37750011444092,3.56055062042425));
#7246=CARTESIAN_POINT('Ctrl Pts',(20.5670576234221,-4.37750011444092,3.57302057349658));
#7247=CARTESIAN_POINT('Ctrl Pts',(20.5643064885752,-4.37750011444092,3.58781051783818));
#7248=CARTESIAN_POINT('Ctrl Pts',(20.5643064885752,-4.37750011444092,3.60492045344905));
#7249=CARTESIAN_POINT('Ctrl Pts',(20.5643064885752,-4.37750011444092,3.62377038251187));
#7250=CARTESIAN_POINT('Ctrl Pts',(20.5687197975557,-4.37750011444092,3.64062610122583));
#7251=CARTESIAN_POINT('Ctrl Pts',(20.5766865953863,-4.37750011444092,3.65581526191867));
#7252=CARTESIAN_POINT('Ctrl Pts',(20.5845961080711,-4.37750011444092,3.67089520516893));
#7253=CARTESIAN_POINT('Ctrl Pts',(20.5962572414368,-4.37750011444092,3.6835117421125));
#7254=CARTESIAN_POINT('Ctrl Pts',(20.6112477269003,-4.37750011444092,3.69409511786164));
#7255=CARTESIAN_POINT('Ctrl Pts',(20.6260350767024,-4.37750011444092,3.70453507857336));
#7256=CARTESIAN_POINT('Ctrl Pts',(20.6441948333681,-4.37750011444092,3.71269957053069));
#7257=CARTESIAN_POINT('Ctrl Pts',(20.6659265319823,-4.37750011444092,3.71802002782599));
#7258=CARTESIAN_POINT('Ctrl Pts',(20.6872478270457,-4.37750011444092,3.72324000818185));
#7259=CARTESIAN_POINT('Ctrl Pts',(20.7113202569561,-4.37750011444092,3.72584999835978));
#7260=CARTESIAN_POINT('Ctrl Pts',(20.7381438217133,-4.37750011444092,3.72584999835978));
#7261=CARTESIAN_POINT('Ctrl Pts',(20.7639357109029,-4.37750011444092,3.72584999835978));
#7262=CARTESIAN_POINT('Ctrl Pts',(20.7881313887202,-4.37750011444092,3.72387603242244));
#7263=CARTESIAN_POINT('Ctrl Pts',(20.810876949228,-4.37750011444092,3.72063001800392));
#7264=CARTESIAN_POINT('Ctrl Pts',(20.833229919859,-4.37750011444092,3.71744003000868));
#7265=CARTESIAN_POINT('Ctrl Pts',(20.8519720260034,-4.37750011444092,3.71251004856147));
#7266=CARTESIAN_POINT('Ctrl Pts',(20.8671032676613,-4.37750011444092,3.70584007366232));
#7267=CARTESIAN_POINT('',(20.8671032676613,-4.13915,3.70584007366232));
#7268=CARTESIAN_POINT('Ctrl Pts',(20.5962884311704,-4.13915,3.35218640455288));
#7269=CARTESIAN_POINT('Ctrl Pts',(20.6114196728283,-4.13915,3.3463864263797));
#7270=CARTESIAN_POINT('Ctrl Pts',(20.628551482097,-4.13915,3.34110874123401));
#7271=CARTESIAN_POINT('Ctrl Pts',(20.6478722095496,-4.13915,3.33696146184829));
#7272=CARTESIAN_POINT('Ctrl Pts',(20.666786261622,-4.13915,3.33290147712706));
#7273=CARTESIAN_POINT('Ctrl Pts',(20.6863880974061,-4.13915,3.33087148476645));
#7274=CARTESIAN_POINT('Ctrl Pts',(20.7066777169019,-4.13915,3.33087148476645));
#7275=CARTESIAN_POINT('Ctrl Pts',(20.7348768490826,-4.13915,3.33087148476645));
#7276=CARTESIAN_POINT('Ctrl Pts',(20.7567139819298,-4.13915,3.33638146403097));
#7277=CARTESIAN_POINT('Ctrl Pts',(20.7721891154436,-4.13915,3.34740142256001));
#7278=CARTESIAN_POINT('Ctrl Pts',(20.7876642489573,-4.13915,3.35842138108904));
#7279=CARTESIAN_POINT('Ctrl Pts',(20.7954018157142,-4.13915,3.3735013243393));
#7280=CARTESIAN_POINT('Ctrl Pts',(20.7954018157142,-4.13915,3.39264125231078));
#7281=CARTESIAN_POINT('Ctrl Pts',(20.7954018157142,-4.13915,3.40366121083982));
#7282=CARTESIAN_POINT('Ctrl Pts',(20.7935765752376,-4.13915,3.41319986669609));
#7283=CARTESIAN_POINT('Ctrl Pts',(20.7902434378763,-4.13915,3.42135114426801));
#7284=CARTESIAN_POINT('Ctrl Pts',(20.7868045193177,-4.13915,3.42976111261911));
#7285=CARTESIAN_POINT('Ctrl Pts',(20.7811231492958,-4.13915,3.43714978331845));
#7286=CARTESIAN_POINT('Ctrl Pts',(20.7732207910111,-4.13915,3.44353606078041));
#7287=CARTESIAN_POINT('Ctrl Pts',(20.7649673864705,-4.13915,3.45020603567956));
#7288=CARTESIAN_POINT('Ctrl Pts',(20.7540609491617,-4.13915,3.456321155645));
#7289=CARTESIAN_POINT('Ctrl Pts',(20.7407230106322,-4.13915,3.4622409903889));
#7290=CARTESIAN_POINT('Ctrl Pts',(20.7276551201095,-4.13915,3.46804096856208));
#7291=CARTESIAN_POINT('Ctrl Pts',(20.7113882248739,-4.13915,3.47441978722415));
#7292=CARTESIAN_POINT('Ctrl Pts',(20.6917184211719,-4.13915,3.4809459199974));
#7293=CARTESIAN_POINT('Ctrl Pts',(20.6707410179644,-4.13915,3.48790589380521));
#7294=CARTESIAN_POINT('Ctrl Pts',(20.6523428036758,-4.13915,3.49515586652168));
#7295=CARTESIAN_POINT('Ctrl Pts',(20.6365237783062,-4.13915,3.50269583814681));
#7296=CARTESIAN_POINT('Ctrl Pts',(20.6207047529365,-4.13915,3.51023580977194));
#7297=CARTESIAN_POINT('Ctrl Pts',(20.6072945448347,-4.13915,3.5185087202586));
#7298=CARTESIAN_POINT('Ctrl Pts',(20.5968042689542,-4.13915,3.52792574320013));
#7299=CARTESIAN_POINT('Ctrl Pts',(20.5861436214224,-4.13915,3.53749570718587));
#7300=CARTESIAN_POINT('Ctrl Pts',(20.5779499271589,-4.13915,3.54833503025608));
#7301=CARTESIAN_POINT('Ctrl Pts',(20.5725598931159,-4.13915,3.56055062042425));
#7302=CARTESIAN_POINT('Ctrl Pts',(20.5670576234221,-4.13915,3.57302057349658));
#7303=CARTESIAN_POINT('Ctrl Pts',(20.5643064885752,-4.13915,3.58781051783818));
#7304=CARTESIAN_POINT('Ctrl Pts',(20.5643064885752,-4.13915,3.60492045344905));
#7305=CARTESIAN_POINT('Ctrl Pts',(20.5643064885752,-4.13915,3.62377038251187));
#7306=CARTESIAN_POINT('Ctrl Pts',(20.5687197975557,-4.13915,3.64062610122583));
#7307=CARTESIAN_POINT('Ctrl Pts',(20.5766865953863,-4.13915,3.65581526191867));
#7308=CARTESIAN_POINT('Ctrl Pts',(20.5845961080711,-4.13915,3.67089520516893));
#7309=CARTESIAN_POINT('Ctrl Pts',(20.5962572414368,-4.13915,3.6835117421125));
#7310=CARTESIAN_POINT('Ctrl Pts',(20.6112477269003,-4.13915,3.69409511786164));
#7311=CARTESIAN_POINT('Ctrl Pts',(20.6260350767024,-4.13915,3.70453507857336));
#7312=CARTESIAN_POINT('Ctrl Pts',(20.6441948333681,-4.13915,3.71269957053069));
#7313=CARTESIAN_POINT('Ctrl Pts',(20.6659265319823,-4.13915,3.71802002782599));
#7314=CARTESIAN_POINT('Ctrl Pts',(20.6872478270457,-4.13915,3.72324000818185));
#7315=CARTESIAN_POINT('Ctrl Pts',(20.7113202569561,-4.13915,3.72584999835978));
#7316=CARTESIAN_POINT('Ctrl Pts',(20.7381438217133,-4.13915,3.72584999835978));
#7317=CARTESIAN_POINT('Ctrl Pts',(20.7639357109029,-4.13915,3.72584999835978));
#7318=CARTESIAN_POINT('Ctrl Pts',(20.7881313887202,-4.13915,3.72387603242244));
#7319=CARTESIAN_POINT('Ctrl Pts',(20.810876949228,-4.13915,3.72063001800392));
#7320=CARTESIAN_POINT('Ctrl Pts',(20.833229919859,-4.13915,3.71744003000868));
#7321=CARTESIAN_POINT('Ctrl Pts',(20.8519720260034,-4.13915,3.71251004856147));
#7322=CARTESIAN_POINT('Ctrl Pts',(20.8671032676613,-4.13915,3.70584007366232));
#7323=CARTESIAN_POINT('',(20.8671032676613,-4.13915,3.70584007366232));
#7324=CARTESIAN_POINT('Origin',(20.8671032676613,-4.13915,3.65320527174074));
#7325=CARTESIAN_POINT('',(20.8671032676613,-4.37750011444092,3.65320527174074));
#7326=CARTESIAN_POINT('',(20.8671032676613,-4.37750011444092,2.85910263587037));
#7327=CARTESIAN_POINT('',(20.8671032676613,-4.13915,3.65320527174074));
#7328=CARTESIAN_POINT('',(20.8671032676613,-4.13915,3.70584007366232));
#7329=CARTESIAN_POINT('',(20.8671032676613,-4.13915,3.65320527174074));
#7330=CARTESIAN_POINT('Ctrl Pts',(20.5730757308997,-4.13915,3.30607657807612));
#7331=CARTESIAN_POINT('Ctrl Pts',(20.5730757308997,-4.21860003814697,3.30607657807612));
#7332=CARTESIAN_POINT('Ctrl Pts',(20.5730757308997,-4.29805007629394,3.30607657807612));
#7333=CARTESIAN_POINT('Ctrl Pts',(20.5730757308997,-4.37750011444092,3.30607657807612));
#7334=CARTESIAN_POINT('Ctrl Pts',(20.5906142155486,-4.13915,3.29911660426831));
#7335=CARTESIAN_POINT('Ctrl Pts',(20.5906142155486,-4.21860003814697,3.29911660426831));
#7336=CARTESIAN_POINT('Ctrl Pts',(20.5906142155486,-4.29805007629394,3.29911660426831));
#7337=CARTESIAN_POINT('Ctrl Pts',(20.5906142155486,-4.37750011444092,3.29911660426831));
#7338=CARTESIAN_POINT('Ctrl Pts',(20.6104468039108,-4.13914999999999,3.29366803315087));
#7339=CARTESIAN_POINT('Ctrl Pts',(20.6104468039108,-4.21860003814697,3.29366803315087));
#7340=CARTESIAN_POINT('Ctrl Pts',(20.6104468039108,-4.29805007629395,3.29366803315087));
#7341=CARTESIAN_POINT('Ctrl Pts',(20.6104468039108,-4.37750011444092,3.29366803315087));
#7342=CARTESIAN_POINT('Ctrl Pts',(20.6547500466668,-4.13915,3.28447165938104));
#7343=CARTESIAN_POINT('Ctrl Pts',(20.6547500466668,-4.21860003814697,3.28447165938104));
#7344=CARTESIAN_POINT('Ctrl Pts',(20.6547500466668,-4.29805007629394,3.28447165938104));
#7345=CARTESIAN_POINT('Ctrl Pts',(20.6547500466668,-4.37750011444092,3.28447165938104));
#7346=CARTESIAN_POINT('Ctrl Pts',(20.6796822062168,-4.13915,3.28215166811177));
#7347=CARTESIAN_POINT('Ctrl Pts',(20.6796822062168,-4.21860003814697,3.28215166811177));
#7348=CARTESIAN_POINT('Ctrl Pts',(20.6796822062168,-4.29805007629395,3.28215166811177));
#7349=CARTESIAN_POINT('Ctrl Pts',(20.6796822062168,-4.37750011444092,3.28215166811177));
#7350=CARTESIAN_POINT('Ctrl Pts',(20.7298904171726,-4.13915,3.28215166811177));
#7351=CARTESIAN_POINT('Ctrl Pts',(20.7298904171726,-4.21860003814697,3.28215166811177));
#7352=CARTESIAN_POINT('Ctrl Pts',(20.7298904171726,-4.29805007629394,3.28215166811177));
#7353=CARTESIAN_POINT('Ctrl Pts',(20.7298904171726,-4.37750011444092,3.28215166811177));
#7354=CARTESIAN_POINT('Ctrl Pts',(20.750726626831,-4.13915,3.2845335269833));
#7355=CARTESIAN_POINT('Ctrl Pts',(20.750726626831,-4.21860003814697,3.2845335269833));
#7356=CARTESIAN_POINT('Ctrl Pts',(20.750726626831,-4.29805007629395,3.2845335269833));
#7357=CARTESIAN_POINT('Ctrl Pts',(20.750726626831,-4.37750011444092,3.2845335269833));
#7358=CARTESIAN_POINT('Ctrl Pts',(20.7881800867411,-4.13915,3.29447662172977));
#7359=CARTESIAN_POINT('Ctrl Pts',(20.7881800867411,-4.21860003814697,3.29447662172977));
#7360=CARTESIAN_POINT('Ctrl Pts',(20.7881800867411,-4.29805007629395,3.29447662172977));
#7361=CARTESIAN_POINT('Ctrl Pts',(20.7881800867411,-4.37750011444092,3.29447662172977));
#7362=CARTESIAN_POINT('Ctrl Pts',(20.8043126867239,-4.13915,3.30175766823454));
#7363=CARTESIAN_POINT('Ctrl Pts',(20.8043126867239,-4.21860003814697,3.30175766823454));
#7364=CARTESIAN_POINT('Ctrl Pts',(20.8043126867239,-4.29805007629394,3.30175766823454));
#7365=CARTESIAN_POINT('Ctrl Pts',(20.8043126867239,-4.37750011444092,3.30175766823454));
#7366=CARTESIAN_POINT('Ctrl Pts',(20.8315104605797,-4.13915,3.32057652350906));
#7367=CARTESIAN_POINT('Ctrl Pts',(20.8315104605797,-4.21860003814697,3.32057652350906));
#7368=CARTESIAN_POINT('Ctrl Pts',(20.8315104605797,-4.29805007629394,3.32057652350906));
#7369=CARTESIAN_POINT('Ctrl Pts',(20.8315104605797,-4.37750011444092,3.32057652350906));
#7370=CARTESIAN_POINT('Ctrl Pts',(20.8422846984263,-4.13915,3.33192134278517));
#7371=CARTESIAN_POINT('Ctrl Pts',(20.8422846984263,-4.21860003814697,3.33192134278517));
#7372=CARTESIAN_POINT('Ctrl Pts',(20.8422846984263,-4.29805007629394,3.33192134278517));
#7373=CARTESIAN_POINT('Ctrl Pts',(20.8422846984263,-4.37750011444092,3.33192134278517));
#7374=CARTESIAN_POINT('Ctrl Pts',(20.8567865119855,-4.13914999999999,3.35929137781502));
#7375=CARTESIAN_POINT('Ctrl Pts',(20.8567865119855,-4.21860003814697,3.35929137781502));
#7376=CARTESIAN_POINT('Ctrl Pts',(20.8567865119855,-4.29805007629394,3.35929137781502));
#7377=CARTESIAN_POINT('Ctrl Pts',(20.8567865119855,-4.37750011444092,3.35929137781502));
#7378=CARTESIAN_POINT('Ctrl Pts',(20.8603973764721,-4.13915,3.37466131997394));
#7379=CARTESIAN_POINT('Ctrl Pts',(20.8603973764721,-4.21860003814697,3.37466131997394));
#7380=CARTESIAN_POINT('Ctrl Pts',(20.8603973764721,-4.29805007629394,3.37466131997394));
#7381=CARTESIAN_POINT('Ctrl Pts',(20.8603973764721,-4.37750011444092,3.37466131997394));
#7382=CARTESIAN_POINT('Ctrl Pts',(20.860397376472,-4.13914999999999,3.40830119337836));
#7383=CARTESIAN_POINT('Ctrl Pts',(20.860397376472,-4.21860003814697,3.40830119337836));
#7384=CARTESIAN_POINT('Ctrl Pts',(20.860397376472,-4.29805007629394,3.40830119337836));
#7385=CARTESIAN_POINT('Ctrl Pts',(20.860397376472,-4.37750011444092,3.40830119337836));
#7386=CARTESIAN_POINT('Ctrl Pts',(20.8584766176839,-4.13915,3.42317070234872));
#7387=CARTESIAN_POINT('Ctrl Pts',(20.8584766176839,-4.21860003814697,3.42317070234872));
#7388=CARTESIAN_POINT('Ctrl Pts',(20.8584766176839,-4.29805007629394,3.42317070234872));
#7389=CARTESIAN_POINT('Ctrl Pts',(20.8584766176839,-4.37750011444092,3.42317070234872));
#7390=CARTESIAN_POINT('Ctrl Pts',(20.8488769993007,-4.13914999999999,3.44919103949925));
#7391=CARTESIAN_POINT('Ctrl Pts',(20.8488769993007,-4.21860003814697,3.44919103949925));
#7392=CARTESIAN_POINT('Ctrl Pts',(20.8488769993007,-4.29805007629394,3.44919103949925));
#7393=CARTESIAN_POINT('Ctrl Pts',(20.8488769993007,-4.37750011444092,3.44919103949925));
#7394=CARTESIAN_POINT('Ctrl Pts',(20.8414833243997,-4.13914999999999,3.46079099584561));
#7395=CARTESIAN_POINT('Ctrl Pts',(20.8414833243997,-4.21860003814697,3.46079099584561));
#7396=CARTESIAN_POINT('Ctrl Pts',(20.8414833243997,-4.29805007629394,3.46079099584561));
#7397=CARTESIAN_POINT('Ctrl Pts',(20.8414833243997,-4.37750011444092,3.46079099584561));
#7398=CARTESIAN_POINT('Ctrl Pts',(20.8215375967597,-4.13915,3.48109091945173));
#7399=CARTESIAN_POINT('Ctrl Pts',(20.8215375967597,-4.21860003814697,3.48109091945173));
#7400=CARTESIAN_POINT('Ctrl Pts',(20.8215375967597,-4.29805007629395,3.48109091945173));
#7401=CARTESIAN_POINT('Ctrl Pts',(20.8215375967597,-4.37750011444092,3.48109091945173));
#7402=CARTESIAN_POINT('Ctrl Pts',(20.8091432662628,-4.13914999999999,3.49057624399977));
#7403=CARTESIAN_POINT('Ctrl Pts',(20.8091432662628,-4.21860003814697,3.49057624399977));
#7404=CARTESIAN_POINT('Ctrl Pts',(20.8091432662628,-4.29805007629394,3.49057624399977));
#7405=CARTESIAN_POINT('Ctrl Pts',(20.8091432662628,-4.37750011444092,3.49057624399977));
#7406=CARTESIAN_POINT('Ctrl Pts',(20.7787230607049,-4.13915,3.50690082232236));
#7407=CARTESIAN_POINT('Ctrl Pts',(20.7787230607049,-4.21860003814697,3.50690082232236));
#7408=CARTESIAN_POINT('Ctrl Pts',(20.7787230607049,-4.29805007629395,3.50690082232236));
#7409=CARTESIAN_POINT('Ctrl Pts',(20.7787230607049,-4.37750011444092,3.50690082232236));
#7410=CARTESIAN_POINT('Ctrl Pts',(20.7608632187443,-4.13914999999999,3.51448849094304));
#7411=CARTESIAN_POINT('Ctrl Pts',(20.7608632187443,-4.21860003814697,3.51448849094304));
#7412=CARTESIAN_POINT('Ctrl Pts',(20.7608632187443,-4.29805007629394,3.51448849094304));
#7413=CARTESIAN_POINT('Ctrl Pts',(20.7608632187443,-4.37750011444092,3.51448849094304));
#7414=CARTESIAN_POINT('Ctrl Pts',(20.7185419859292,-4.13915,3.52865074047178));
#7415=CARTESIAN_POINT('Ctrl Pts',(20.7185419859292,-4.21860003814697,3.52865074047178));
#7416=CARTESIAN_POINT('Ctrl Pts',(20.7185419859292,-4.29805007629395,3.52865074047178));
#7417=CARTESIAN_POINT('Ctrl Pts',(20.7185419859292,-4.37750011444092,3.52865074047178));
#7418=CARTESIAN_POINT('Ctrl Pts',(20.7006596094244,-4.13915,3.53532071537093));
#7419=CARTESIAN_POINT('Ctrl Pts',(20.7006596094244,-4.21860003814697,3.53532071537093));
#7420=CARTESIAN_POINT('Ctrl Pts',(20.7006596094244,-4.29805007629395,3.53532071537093));
#7421=CARTESIAN_POINT('Ctrl Pts',(20.7006596094244,-4.37750011444092,3.53532071537093));
#7422=CARTESIAN_POINT('Ctrl Pts',(20.6724604772437,-4.13915,3.5475006695346));
#7423=CARTESIAN_POINT('Ctrl Pts',(20.6724604772437,-4.21860003814697,3.5475006695346));
#7424=CARTESIAN_POINT('Ctrl Pts',(20.6724604772437,-4.29805007629394,3.5475006695346));
#7425=CARTESIAN_POINT('Ctrl Pts',(20.6724604772437,-4.37750011444092,3.5475006695346));
#7426=CARTESIAN_POINT('Ctrl Pts',(20.6611120460003,-4.13915,3.55388064552509));
#7427=CARTESIAN_POINT('Ctrl Pts',(20.6611120460003,-4.21860003814697,3.55388064552509));
#7428=CARTESIAN_POINT('Ctrl Pts',(20.6611120460003,-4.29805007629394,3.55388064552509));
#7429=CARTESIAN_POINT('Ctrl Pts',(20.6611120460003,-4.37750011444092,3.55388064552509));
#7430=CARTESIAN_POINT('Ctrl Pts',(20.6439174532072,-4.13914999999999,3.5672205953234));
#7431=CARTESIAN_POINT('Ctrl Pts',(20.6439174532072,-4.21860003814697,3.5672205953234));
#7432=CARTESIAN_POINT('Ctrl Pts',(20.6439174532072,-4.29805007629394,3.5672205953234));
#7433=CARTESIAN_POINT('Ctrl Pts',(20.6439174532072,-4.37750011444092,3.5672205953234));
#7434=CARTESIAN_POINT('Ctrl Pts',(20.6375915431617,-4.13915,3.57437926735396));
#7435=CARTESIAN_POINT('Ctrl Pts',(20.6375915431617,-4.21860003814697,3.57437926735396));
#7436=CARTESIAN_POINT('Ctrl Pts',(20.6375915431617,-4.29805007629394,3.57437926735396));
#7437=CARTESIAN_POINT('Ctrl Pts',(20.6375915431617,-4.37750011444092,3.57437926735396));
#7438=CARTESIAN_POINT('Ctrl Pts',(20.6313654004682,-4.13914999999999,3.59013050910745));
#7439=CARTESIAN_POINT('Ctrl Pts',(20.6313654004682,-4.21860003814697,3.59013050910745));
#7440=CARTESIAN_POINT('Ctrl Pts',(20.6313654004682,-4.29805007629394,3.59013050910745));
#7441=CARTESIAN_POINT('Ctrl Pts',(20.6313654004682,-4.37750011444092,3.59013050910745));
#7442=CARTESIAN_POINT('Ctrl Pts',(20.6298178871169,-4.13914999999999,3.59941047418453));
#7443=CARTESIAN_POINT('Ctrl Pts',(20.6298178871169,-4.21860003814697,3.59941047418453));
#7444=CARTESIAN_POINT('Ctrl Pts',(20.6298178871169,-4.29805007629394,3.59941047418453));
#7445=CARTESIAN_POINT('Ctrl Pts',(20.6298178871169,-4.37750011444092,3.59941047418453));
#7446=CARTESIAN_POINT('Ctrl Pts',(20.6298178871169,-4.13915,3.63218035086298));
#7447=CARTESIAN_POINT('Ctrl Pts',(20.6298178871169,-4.21860003814697,3.63218035086298));
#7448=CARTESIAN_POINT('Ctrl Pts',(20.6298178871169,-4.29805007629395,3.63218035086298));
#7449=CARTESIAN_POINT('Ctrl Pts',(20.6298178871169,-4.37750011444092,3.63218035086298));
#7450=CARTESIAN_POINT('Ctrl Pts',(20.6382840649823,-4.13914999999999,3.64960743143449));
#7451=CARTESIAN_POINT('Ctrl Pts',(20.6382840649823,-4.21860003814697,3.64960743143449));
#7452=CARTESIAN_POINT('Ctrl Pts',(20.6382840649823,-4.29805007629394,3.64960743143449));
#7453=CARTESIAN_POINT('Ctrl Pts',(20.6382840649823,-4.37750011444092,3.64960743143449));
#7454=CARTESIAN_POINT('Ctrl Pts',(20.6740079905951,-4.13915,3.67336019589253));
#7455=CARTESIAN_POINT('Ctrl Pts',(20.6740079905951,-4.21860003814697,3.67336019589253));
#7456=CARTESIAN_POINT('Ctrl Pts',(20.6740079905951,-4.29805007629395,3.67336019589253));
#7457=CARTESIAN_POINT('Ctrl Pts',(20.6740079905951,-4.37750011444092,3.67336019589253));
#7458=CARTESIAN_POINT('Ctrl Pts',(20.701519339064,-4.13914999999999,3.67930517352004));
#7459=CARTESIAN_POINT('Ctrl Pts',(20.701519339064,-4.21860003814697,3.67930517352004));
#7460=CARTESIAN_POINT('Ctrl Pts',(20.701519339064,-4.29805007629395,3.67930517352004));
#7461=CARTESIAN_POINT('Ctrl Pts',(20.701519339064,-4.37750011444092,3.67930517352004));
#7462=CARTESIAN_POINT('Ctrl Pts',(20.7503519825963,-4.13915,3.67930517352004));
#7463=CARTESIAN_POINT('Ctrl Pts',(20.7503519825963,-4.21860003814697,3.67930517352004));
#7464=CARTESIAN_POINT('Ctrl Pts',(20.7503519825963,-4.29805007629394,3.67930517352004));
#7465=CARTESIAN_POINT('Ctrl Pts',(20.7503519825963,-4.37750011444092,3.67930517352004));
#7466=CARTESIAN_POINT('Ctrl Pts',(20.7620443056956,-4.13914999999999,3.67843517679406));
#7467=CARTESIAN_POINT('Ctrl Pts',(20.7620443056956,-4.21860003814697,3.67843517679406));
#7468=CARTESIAN_POINT('Ctrl Pts',(20.7620443056956,-4.29805007629394,3.67843517679406));
#7469=CARTESIAN_POINT('Ctrl Pts',(20.7620443056956,-4.37750011444092,3.67843517679406));
#7470=CARTESIAN_POINT('Ctrl Pts',(20.7857100341799,-4.13915,3.67491336062044));
#7471=CARTESIAN_POINT('Ctrl Pts',(20.7857100341799,-4.21860003814697,3.67491336062044));
#7472=CARTESIAN_POINT('Ctrl Pts',(20.7857100341799,-4.29805007629394,3.67491336062044));
#7473=CARTESIAN_POINT('Ctrl Pts',(20.7857100341799,-4.37750011444092,3.67491336062044));
#7474=CARTESIAN_POINT('Ctrl Pts',(20.7972932209215,-4.13915,3.67336019589253));
#7475=CARTESIAN_POINT('Ctrl Pts',(20.7972932209215,-4.21860003814697,3.67336019589253));
#7476=CARTESIAN_POINT('Ctrl Pts',(20.7972932209215,-4.29805007629395,3.67336019589253));
#7477=CARTESIAN_POINT('Ctrl Pts',(20.7972932209215,-4.37750011444092,3.67336019589253));
#7478=CARTESIAN_POINT('Ctrl Pts',(20.8196262516008,-4.13915,3.6686519173933));
#7479=CARTESIAN_POINT('Ctrl Pts',(20.8196262516008,-4.21860003814697,3.6686519173933));
#7480=CARTESIAN_POINT('Ctrl Pts',(20.8196262516008,-4.29805007629394,3.6686519173933));
#7481=CARTESIAN_POINT('Ctrl Pts',(20.8196262516008,-4.37750011444092,3.6686519173933));
#7482=CARTESIAN_POINT('Ctrl Pts',(20.8303068390842,-4.13915,3.66596522372173));
#7483=CARTESIAN_POINT('Ctrl Pts',(20.8303068390842,-4.21860003814697,3.66596522372173));
#7484=CARTESIAN_POINT('Ctrl Pts',(20.8303068390842,-4.29805007629395,3.66596522372173));
#7485=CARTESIAN_POINT('Ctrl Pts',(20.8303068390842,-4.37750011444092,3.66596522372173));
#7486=CARTESIAN_POINT('Ctrl Pts',(20.8502525667241,-4.13915,3.65958524773124));
#7487=CARTESIAN_POINT('Ctrl Pts',(20.8502525667241,-4.21860003814697,3.65958524773124));
#7488=CARTESIAN_POINT('Ctrl Pts',(20.8502525667241,-4.29805007629395,3.65958524773124));
#7489=CARTESIAN_POINT('Ctrl Pts',(20.8502525667241,-4.37750011444092,3.65958524773124));
#7490=CARTESIAN_POINT('Ctrl Pts',(20.8591937549765,-4.13915,3.65639525973599));
#7491=CARTESIAN_POINT('Ctrl Pts',(20.8591937549765,-4.21860003814697,3.65639525973599));
#7492=CARTESIAN_POINT('Ctrl Pts',(20.8591937549765,-4.29805007629394,3.65639525973599));
#7493=CARTESIAN_POINT('Ctrl Pts',(20.8591937549765,-4.37750011444092,3.65639525973599));
#7494=CARTESIAN_POINT('Ctrl Pts',(20.8671032676613,-4.13915,3.65320527174074));
#7495=CARTESIAN_POINT('Ctrl Pts',(20.8671032676613,-4.21860003814697,3.65320527174074));
#7496=CARTESIAN_POINT('Ctrl Pts',(20.8671032676613,-4.29805007629394,3.65320527174074));
#7497=CARTESIAN_POINT('Ctrl Pts',(20.8671032676613,-4.37750011444092,3.65320527174074));
#7498=CARTESIAN_POINT('Ctrl Pts',(20.8671032676613,-4.37750011444092,3.65320527174074));
#7499=CARTESIAN_POINT('Ctrl Pts',(20.8591937549765,-4.37750011444092,3.65639525973599));
#7500=CARTESIAN_POINT('Ctrl Pts',(20.8502525667241,-4.37750011444092,3.65958524773124));
#7501=CARTESIAN_POINT('Ctrl Pts',(20.8402797029042,-4.37750011444092,3.66277523572649));
#7502=CARTESIAN_POINT('Ctrl Pts',(20.8303068390842,-4.37750011444092,3.66596522372173));
#7503=CARTESIAN_POINT('Ctrl Pts',(20.8196262516008,-4.37750011444092,3.6686519173933));
#7504=CARTESIAN_POINT('Ctrl Pts',(20.808297760309,-4.37750011444092,3.67104020462326));
#7505=CARTESIAN_POINT('Ctrl Pts',(20.7972932209215,-4.37750011444092,3.67336019589253));
#7506=CARTESIAN_POINT('Ctrl Pts',(20.7857100341799,-4.37750011444092,3.67491336062044));
#7507=CARTESIAN_POINT('Ctrl Pts',(20.7737366287949,-4.37750011444092,3.67669518334211));
#7508=CARTESIAN_POINT('Ctrl Pts',(20.7620443056956,-4.37750011444092,3.67843517679406));
#7509=CARTESIAN_POINT('Ctrl Pts',(20.7503519825963,-4.37750011444092,3.67930517352004));
#7510=CARTESIAN_POINT('Ctrl Pts',(20.738659659497,-4.37750011444092,3.67930517352004));
#7511=CARTESIAN_POINT('Ctrl Pts',(20.701519339064,-4.37750011444092,3.67930517352004));
#7512=CARTESIAN_POINT('Ctrl Pts',(20.6740079905951,-4.37750011444092,3.67336019589253));
#7513=CARTESIAN_POINT('Ctrl Pts',(20.6561256140903,-4.37750011444092,3.66147024063752));
#7514=CARTESIAN_POINT('Ctrl Pts',(20.6382840649823,-4.37750011444091,3.64960743143449));
#7515=CARTESIAN_POINT('Ctrl Pts',(20.6298178871169,-4.37750011444092,3.63218035086298));
#7516=CARTESIAN_POINT('Ctrl Pts',(20.6298178871169,-4.37750011444092,3.61014043380491));
#7517=CARTESIAN_POINT('Ctrl Pts',(20.6298178871169,-4.37750011444092,3.59941047418453));
#7518=CARTESIAN_POINT('Ctrl Pts',(20.6313654004682,-4.37750011444092,3.59013050910745));
#7519=CARTESIAN_POINT('Ctrl Pts',(20.634460427171,-4.37750011444092,3.58230053857366));
#7520=CARTESIAN_POINT('Ctrl Pts',(20.6375915431617,-4.37750011444092,3.57437926735396));
#7521=CARTESIAN_POINT('Ctrl Pts',(20.6439174532072,-4.37750011444092,3.5672205953234));
#7522=CARTESIAN_POINT('Ctrl Pts',(20.6525147496037,-4.37750011444092,3.56055062042425));
#7523=CARTESIAN_POINT('Ctrl Pts',(20.6611120460003,-4.37750011444092,3.55388064552509));
#7524=CARTESIAN_POINT('Ctrl Pts',(20.6724604772437,-4.37750011444092,3.5475006695346));
#7525=CARTESIAN_POINT('Ctrl Pts',(20.686560043334,-4.37750011444092,3.54141069245276));
#7526=CARTESIAN_POINT('Ctrl Pts',(20.7006596094244,-4.37750011444092,3.53532071537093));
#7527=CARTESIAN_POINT('Ctrl Pts',(20.7185419859292,-4.37750011444092,3.52865074047178));
#7528=CARTESIAN_POINT('Ctrl Pts',(20.7402071728484,-4.37750011444092,3.5214007677553));
#7529=CARTESIAN_POINT('Ctrl Pts',(20.7608632187443,-4.37750011444092,3.51448849094304));
#7530=CARTESIAN_POINT('Ctrl Pts',(20.7787230607049,-4.37750011444092,3.50690082232236));
#7531=CARTESIAN_POINT('Ctrl Pts',(20.7938543023628,-4.37750011444092,3.49878085287992));
#7532=CARTESIAN_POINT('Ctrl Pts',(20.8091432662628,-4.37750011444092,3.49057624399977));
#7533=CARTESIAN_POINT('Ctrl Pts',(20.8215375967597,-4.37750011444092,3.48109091945173));
#7534=CARTESIAN_POINT('Ctrl Pts',(20.8315104605797,-4.37750011444092,3.47094095764867));
#7535=CARTESIAN_POINT('Ctrl Pts',(20.8414833243997,-4.37750011444092,3.46079099584561));
#7536=CARTESIAN_POINT('Ctrl Pts',(20.8488769993007,-4.37750011444092,3.44919103949925));
#7537=CARTESIAN_POINT('Ctrl Pts',(20.8536914852827,-4.37750011444092,3.43614108860961));
#7538=CARTESIAN_POINT('Ctrl Pts',(20.8584766176839,-4.37750011444092,3.42317070234872));
#7539=CARTESIAN_POINT('Ctrl Pts',(20.860397376472,-4.37750011444092,3.40830119337836));
#7540=CARTESIAN_POINT('Ctrl Pts',(20.860397376472,-4.37750011444092,3.39177125558481));
#7541=CARTESIAN_POINT('Ctrl Pts',(20.8603973764721,-4.37750011444092,3.37466131997394));
#7542=CARTESIAN_POINT('Ctrl Pts',(20.8567865119855,-4.37750011444092,3.35929137781502));
#7543=CARTESIAN_POINT('Ctrl Pts',(20.8495647830124,-4.37750011444092,3.34566142910805));
#7544=CARTESIAN_POINT('Ctrl Pts',(20.8422846984263,-4.37750011444092,3.33192134278517));
#7545=CARTESIAN_POINT('Ctrl Pts',(20.8315104605797,-4.37750011444092,3.32057652350906));
#7546=CARTESIAN_POINT('Ctrl Pts',(20.8180986782011,-4.37750011444092,3.31129655843198));
#7547=CARTESIAN_POINT('Ctrl Pts',(20.8043126867239,-4.37750011444092,3.30175766823454));
#7548=CARTESIAN_POINT('Ctrl Pts',(20.7881800867411,-4.37750011444092,3.29447662172977));
#7549=CARTESIAN_POINT('Ctrl Pts',(20.7696099265246,-4.37750011444092,3.28954664028257));
#7550=CARTESIAN_POINT('Ctrl Pts',(20.750726626831,-4.37750011444092,3.2845335269833));
#7551=CARTESIAN_POINT('Ctrl Pts',(20.7298904171726,-4.37750011444092,3.28215166811177));
#7552=CARTESIAN_POINT('Ctrl Pts',(20.7071935546857,-4.37750011444092,3.28215166811177));
#7553=CARTESIAN_POINT('Ctrl Pts',(20.6796822062168,-4.37750011444092,3.28215166811177));
#7554=CARTESIAN_POINT('Ctrl Pts',(20.6547500466668,-4.37750011444092,3.28447165938104));
#7555=CARTESIAN_POINT('Ctrl Pts',(20.6323970760358,-4.37750011444092,3.28911164191958));
#7556=CARTESIAN_POINT('Ctrl Pts',(20.6104468039108,-4.37750011444092,3.29366803315087));
#7557=CARTESIAN_POINT('Ctrl Pts',(20.5906142155486,-4.37750011444092,3.29911660426831));
#7558=CARTESIAN_POINT('Ctrl Pts',(20.5730757308997,-4.37750011444092,3.30607657807612));
#7559=CARTESIAN_POINT('Ctrl Pts',(20.8671032676613,-4.13915,3.65320527174074));
#7560=CARTESIAN_POINT('Ctrl Pts',(20.8591937549765,-4.13915,3.65639525973599));
#7561=CARTESIAN_POINT('Ctrl Pts',(20.8502525667241,-4.13915,3.65958524773124));
#7562=CARTESIAN_POINT('Ctrl Pts',(20.8402797029041,-4.13915,3.66277523572648));
#7563=CARTESIAN_POINT('Ctrl Pts',(20.8303068390842,-4.13915,3.66596522372173));
#7564=CARTESIAN_POINT('Ctrl Pts',(20.8196262516008,-4.13915,3.6686519173933));
#7565=CARTESIAN_POINT('Ctrl Pts',(20.808297760309,-4.13915,3.67104020462326));
#7566=CARTESIAN_POINT('Ctrl Pts',(20.7972932209214,-4.13915,3.67336019589253));
#7567=CARTESIAN_POINT('Ctrl Pts',(20.7857100341799,-4.13915,3.67491336062044));
#7568=CARTESIAN_POINT('Ctrl Pts',(20.7737366287949,-4.13915,3.67669518334211));
#7569=CARTESIAN_POINT('Ctrl Pts',(20.7620443056956,-4.13915,3.67843517679406));
#7570=CARTESIAN_POINT('Ctrl Pts',(20.7503519825963,-4.13915,3.67930517352004));
#7571=CARTESIAN_POINT('Ctrl Pts',(20.7386596594971,-4.13915,3.67930517352004));
#7572=CARTESIAN_POINT('Ctrl Pts',(20.701519339064,-4.13915,3.67930517352004));
#7573=CARTESIAN_POINT('Ctrl Pts',(20.6740079905951,-4.13915,3.67336019589253));
#7574=CARTESIAN_POINT('Ctrl Pts',(20.6561256140903,-4.13915,3.66147024063752));
#7575=CARTESIAN_POINT('Ctrl Pts',(20.6382840649824,-4.13915,3.64960743143449));
#7576=CARTESIAN_POINT('Ctrl Pts',(20.6298178871169,-4.13915,3.63218035086298));
#7577=CARTESIAN_POINT('Ctrl Pts',(20.6298178871169,-4.13915,3.61014043380491));
#7578=CARTESIAN_POINT('Ctrl Pts',(20.6298178871169,-4.13915,3.59941047418453));
#7579=CARTESIAN_POINT('Ctrl Pts',(20.6313654004682,-4.13915,3.59013050910745));
#7580=CARTESIAN_POINT('Ctrl Pts',(20.634460427171,-4.13915,3.58230053857366));
#7581=CARTESIAN_POINT('Ctrl Pts',(20.6375915431617,-4.13915,3.57437926735396));
#7582=CARTESIAN_POINT('Ctrl Pts',(20.6439174532072,-4.13915,3.5672205953234));
#7583=CARTESIAN_POINT('Ctrl Pts',(20.6525147496037,-4.13915,3.56055062042425));
#7584=CARTESIAN_POINT('Ctrl Pts',(20.6611120460003,-4.13915,3.55388064552509));
#7585=CARTESIAN_POINT('Ctrl Pts',(20.6724604772437,-4.13915,3.5475006695346));
#7586=CARTESIAN_POINT('Ctrl Pts',(20.686560043334,-4.13915,3.54141069245276));
#7587=CARTESIAN_POINT('Ctrl Pts',(20.7006596094243,-4.13915,3.53532071537093));
#7588=CARTESIAN_POINT('Ctrl Pts',(20.7185419859291,-4.13915,3.52865074047178));
#7589=CARTESIAN_POINT('Ctrl Pts',(20.7402071728484,-4.13915,3.5214007677553));
#7590=CARTESIAN_POINT('Ctrl Pts',(20.7608632187443,-4.13915,3.51448849094304));
#7591=CARTESIAN_POINT('Ctrl Pts',(20.7787230607049,-4.13915,3.50690082232236));
#7592=CARTESIAN_POINT('Ctrl Pts',(20.7938543023628,-4.13915,3.49878085287992));
#7593=CARTESIAN_POINT('Ctrl Pts',(20.8091432662628,-4.13915,3.49057624399976));
#7594=CARTESIAN_POINT('Ctrl Pts',(20.8215375967597,-4.13915,3.48109091945173));
#7595=CARTESIAN_POINT('Ctrl Pts',(20.8315104605797,-4.13915,3.47094095764867));
#7596=CARTESIAN_POINT('Ctrl Pts',(20.8414833243997,-4.13915,3.46079099584561));
#7597=CARTESIAN_POINT('Ctrl Pts',(20.8488769993007,-4.13915,3.44919103949926));
#7598=CARTESIAN_POINT('Ctrl Pts',(20.8536914852827,-4.13915,3.43614108860961));
#7599=CARTESIAN_POINT('Ctrl Pts',(20.8584766176839,-4.13915,3.42317070234872));
#7600=CARTESIAN_POINT('Ctrl Pts',(20.860397376472,-4.13915,3.40830119337836));
#7601=CARTESIAN_POINT('Ctrl Pts',(20.860397376472,-4.13915,3.39177125558481));
#7602=CARTESIAN_POINT('Ctrl Pts',(20.860397376472,-4.13915,3.37466131997394));
#7603=CARTESIAN_POINT('Ctrl Pts',(20.8567865119855,-4.13915,3.35929137781502));
#7604=CARTESIAN_POINT('Ctrl Pts',(20.8495647830124,-4.13915,3.34566142910805));
#7605=CARTESIAN_POINT('Ctrl Pts',(20.8422846984263,-4.13915,3.33192134278517));
#7606=CARTESIAN_POINT('Ctrl Pts',(20.8315104605797,-4.13915,3.32057652350906));
#7607=CARTESIAN_POINT('Ctrl Pts',(20.8180986782011,-4.13915,3.31129655843198));
#7608=CARTESIAN_POINT('Ctrl Pts',(20.8043126867239,-4.13915,3.30175766823454));
#7609=CARTESIAN_POINT('Ctrl Pts',(20.7881800867411,-4.13915,3.29447662172977));
#7610=CARTESIAN_POINT('Ctrl Pts',(20.7696099265246,-4.13915,3.28954664028257));
#7611=CARTESIAN_POINT('Ctrl Pts',(20.750726626831,-4.13915,3.2845335269833));
#7612=CARTESIAN_POINT('Ctrl Pts',(20.7298904171726,-4.13915,3.28215166811177));
#7613=CARTESIAN_POINT('Ctrl Pts',(20.7071935546857,-4.13915,3.28215166811177));
#7614=CARTESIAN_POINT('Ctrl Pts',(20.6796822062168,-4.13915,3.28215166811177));
#7615=CARTESIAN_POINT('Ctrl Pts',(20.6547500466668,-4.13915,3.28447165938104));
#7616=CARTESIAN_POINT('Ctrl Pts',(20.6323970760358,-4.13915,3.28911164191958));
#7617=CARTESIAN_POINT('Ctrl Pts',(20.6104468039108,-4.13915,3.29366803315086));
#7618=CARTESIAN_POINT('Ctrl Pts',(20.5906142155486,-4.13915,3.29911660426831));
#7619=CARTESIAN_POINT('Ctrl Pts',(20.5730757308997,-4.13915,3.30607657807612));
#7620=CARTESIAN_POINT('Origin',(20.8671032676613,-4.13915,3.70584007366232));
#7621=CARTESIAN_POINT('Origin',(20.9594382309602,-4.13915,3.47007096092269));
#7622=CARTESIAN_POINT('',(21.1466873464768,-4.37750011444092,3.47007096092269));
#7623=CARTESIAN_POINT('',(20.9594382309602,-4.37750011444092,3.47007096092269));
#7624=CARTESIAN_POINT('',(18.297219268068,-4.37750011444092,3.47007096092269));
#7625=CARTESIAN_POINT('',(21.1466873464768,-4.13915,3.47007096092269));
#7626=CARTESIAN_POINT('',(21.1466873464768,-4.13915,3.47007096092269));
#7627=CARTESIAN_POINT('',(20.9594382309602,-4.13915,3.47007096092269));
#7628=CARTESIAN_POINT('',(21.1466873464768,-4.13915,3.47007096092269));
#7629=CARTESIAN_POINT('',(20.9594382309602,-4.13915,3.47007096092269));
#7630=CARTESIAN_POINT('Origin',(20.9594382309602,-4.13915,3.51879077757738));
#7631=CARTESIAN_POINT('',(20.9594382309602,-4.37750011444092,3.51879077757738));
#7632=CARTESIAN_POINT('',(20.9594382309602,-4.37750011444092,2.79189538878869));
#7633=CARTESIAN_POINT('',(20.9594382309602,-4.13915,3.51879077757738));
#7634=CARTESIAN_POINT('',(20.9594382309602,-4.13915,3.47007096092269));
#7635=CARTESIAN_POINT('',(20.9594382309602,-4.13915,3.51879077757738));
#7636=CARTESIAN_POINT('Origin',(21.1466873464768,-4.13915,3.51879077757738));
#7637=CARTESIAN_POINT('',(21.1466873464768,-4.37750011444092,3.51879077757738));
#7638=CARTESIAN_POINT('',(18.3908438258263,-4.37750011444092,3.51879077757738));
#7639=CARTESIAN_POINT('',(21.1466873464768,-4.13915,3.51879077757738));
#7640=CARTESIAN_POINT('',(20.9594382309602,-4.13915,3.51879077757738));
#7641=CARTESIAN_POINT('',(21.1466873464768,-4.13915,3.51879077757738));
#7642=CARTESIAN_POINT('Origin',(21.1466873464768,-4.13915,3.67147520298625));
#7643=CARTESIAN_POINT('',(21.1466873464768,-4.37750011444092,3.67147520298625));
#7644=CARTESIAN_POINT('',(21.1466873464768,-4.37750011444092,2.86823760149313));
#7645=CARTESIAN_POINT('',(21.1466873464768,-4.13915,3.67147520298625));
#7646=CARTESIAN_POINT('',(21.1466873464768,-4.13915,3.51879077757738));
#7647=CARTESIAN_POINT('',(21.1466873464768,-4.13915,3.67147520298625));
#7648=CARTESIAN_POINT('Origin',(20.9460264485816,-4.13915,3.67147520298625));
#7649=CARTESIAN_POINT('',(20.9460264485816,-4.37750011444092,3.67147520298625));
#7650=CARTESIAN_POINT('',(18.2905133768787,-4.37750011444092,3.67147520298625));
#7651=CARTESIAN_POINT('',(20.9460264485816,-4.13915,3.67147520298625));
#7652=CARTESIAN_POINT('',(21.1466873464768,-4.13915,3.67147520298625));
#7653=CARTESIAN_POINT('',(20.9460264485816,-4.13915,3.67147520298625));
#7654=CARTESIAN_POINT('Origin',(20.9460264485816,-4.13915,3.71976002127795));
#7655=CARTESIAN_POINT('',(20.9460264485816,-4.37750011444092,3.71976002127795));
#7656=CARTESIAN_POINT('',(20.9460264485816,-4.37750011444092,2.89238001063897));
#7657=CARTESIAN_POINT('',(20.9460264485816,-4.13915,3.71976002127795));
#7658=CARTESIAN_POINT('',(20.9460264485816,-4.13915,3.67147520298625));
#7659=CARTESIAN_POINT('',(20.9460264485816,-4.13915,3.71976002127795));
#7660=CARTESIAN_POINT('Origin',(21.2116829072346,-4.13915,3.71976002127795));
#7661=CARTESIAN_POINT('',(21.2116829072346,-4.37750011444092,3.71976002127795));
#7662=CARTESIAN_POINT('',(18.4233416062052,-4.37750011444092,3.71976002127795));
#7663=CARTESIAN_POINT('',(21.2116829072346,-4.13915,3.71976002127795));
#7664=CARTESIAN_POINT('',(20.9460264485816,-4.13915,3.71976002127795));
#7665=CARTESIAN_POINT('',(21.2116829072346,-4.13915,3.71976002127795));
#7666=CARTESIAN_POINT('Origin',(21.2116829072346,-4.13915,3.2882416451936));
#7667=CARTESIAN_POINT('',(21.2116829072346,-4.37750011444092,3.2882416451936));
#7668=CARTESIAN_POINT('',(21.2116829072346,-4.37750011444092,2.6766208225968));
#7669=CARTESIAN_POINT('',(21.2116829072346,-4.13915,3.2882416451936));
#7670=CARTESIAN_POINT('',(21.2116829072346,-4.13915,3.71976002127795));
#7671=CARTESIAN_POINT('',(21.2116829072346,-4.13915,3.2882416451936));
#7672=CARTESIAN_POINT('Origin',(20.9460264485816,-4.13915,3.2882416451936));
#7673=CARTESIAN_POINT('',(20.9460264485816,-4.37750011444092,3.2882416451936));
#7674=CARTESIAN_POINT('',(18.2905133768787,-4.37750011444092,3.2882416451936));
#7675=CARTESIAN_POINT('',(20.9460264485816,-4.13915,3.2882416451936));
#7676=CARTESIAN_POINT('',(21.2116829072346,-4.13915,3.2882416451936));
#7677=CARTESIAN_POINT('',(20.9460264485816,-4.13915,3.2882416451936));
#7678=CARTESIAN_POINT('Origin',(20.9460264485816,-4.13915,3.33696146184829));
#7679=CARTESIAN_POINT('',(20.9460264485816,-4.37750011444092,3.33696146184829));
#7680=CARTESIAN_POINT('',(20.9460264485816,-4.37750011444092,2.70098073092415));
#7681=CARTESIAN_POINT('',(20.9460264485816,-4.13915,3.33696146184829));
#7682=CARTESIAN_POINT('',(20.9460264485816,-4.13915,3.2882416451936));
#7683=CARTESIAN_POINT('',(20.9460264485816,-4.13915,3.33696146184829));
#7684=CARTESIAN_POINT('Origin',(21.1466873464768,-4.13915,3.33696146184829));
#7685=CARTESIAN_POINT('',(21.1466873464768,-4.37750011444092,3.33696146184829));
#7686=CARTESIAN_POINT('',(18.3908438258263,-4.37750011444092,3.33696146184829));
#7687=CARTESIAN_POINT('',(21.1466873464768,-4.13915,3.33696146184829));
#7688=CARTESIAN_POINT('',(20.9460264485816,-4.13915,3.33696146184829));
#7689=CARTESIAN_POINT('',(21.1466873464768,-4.13915,3.33696146184829));
#7690=CARTESIAN_POINT('Origin',(21.1466873464768,-4.13915,3.47007096092269));
#7691=CARTESIAN_POINT('',(21.1466873464768,-4.37750011444092,2.76753548046135));
#7692=CARTESIAN_POINT('',(21.1466873464768,-4.13915,3.33696146184829));
#7693=CARTESIAN_POINT('Origin',(20.9460264485816,-4.13915,3.71976002127795));
#7694=CARTESIAN_POINT('Origin',(21.33754732648,-4.13915,3.47007096092269));
#7695=CARTESIAN_POINT('',(21.5247964419966,-4.37750011444092,3.47007096092269));
#7696=CARTESIAN_POINT('',(21.33754732648,-4.37750011444092,3.47007096092269));
#7697=CARTESIAN_POINT('',(18.4862738158279,-4.37750011444092,3.47007096092269));
#7698=CARTESIAN_POINT('',(21.5247964419966,-4.13915,3.47007096092269));
#7699=CARTESIAN_POINT('',(21.5247964419966,-4.13915,3.47007096092269));
#7700=CARTESIAN_POINT('',(21.33754732648,-4.13915,3.47007096092269));
#7701=CARTESIAN_POINT('',(21.5247964419966,-4.13915,3.47007096092269));
#7702=CARTESIAN_POINT('',(21.33754732648,-4.13915,3.47007096092269));
#7703=CARTESIAN_POINT('Origin',(21.33754732648,-4.13915,3.51879077757738));
#7704=CARTESIAN_POINT('',(21.33754732648,-4.37750011444092,3.51879077757738));
#7705=CARTESIAN_POINT('',(21.33754732648,-4.37750011444092,2.79189538878869));
#7706=CARTESIAN_POINT('',(21.33754732648,-4.13915,3.51879077757738));
#7707=CARTESIAN_POINT('',(21.33754732648,-4.13915,3.47007096092269));
#7708=CARTESIAN_POINT('',(21.33754732648,-4.13915,3.51879077757738));
#7709=CARTESIAN_POINT('Origin',(21.5247964419966,-4.13915,3.51879077757738));
#7710=CARTESIAN_POINT('',(21.5247964419966,-4.37750011444092,3.51879077757738));
#7711=CARTESIAN_POINT('',(18.5798983735862,-4.37750011444092,3.51879077757738));
#7712=CARTESIAN_POINT('',(21.5247964419966,-4.13915,3.51879077757738));
#7713=CARTESIAN_POINT('',(21.33754732648,-4.13915,3.51879077757738));
#7714=CARTESIAN_POINT('',(21.5247964419966,-4.13915,3.51879077757738));
#7715=CARTESIAN_POINT('Origin',(21.5247964419966,-4.13915,3.67147520298625));
#7716=CARTESIAN_POINT('',(21.5247964419966,-4.37750011444092,3.67147520298625));
#7717=CARTESIAN_POINT('',(21.5247964419966,-4.37750011444092,2.86823760149313));
#7718=CARTESIAN_POINT('',(21.5247964419966,-4.13915,3.67147520298625));
#7719=CARTESIAN_POINT('',(21.5247964419966,-4.13915,3.51879077757738));
#7720=CARTESIAN_POINT('',(21.5247964419966,-4.13915,3.67147520298625));
#7721=CARTESIAN_POINT('Origin',(21.3241355441014,-4.13915,3.67147520298625));
#7722=CARTESIAN_POINT('',(21.3241355441014,-4.37750011444092,3.67147520298625));
#7723=CARTESIAN_POINT('',(18.4795679246386,-4.37750011444092,3.67147520298625));
#7724=CARTESIAN_POINT('',(21.3241355441014,-4.13915,3.67147520298625));
#7725=CARTESIAN_POINT('',(21.5247964419966,-4.13915,3.67147520298625));
#7726=CARTESIAN_POINT('',(21.3241355441014,-4.13915,3.67147520298625));
#7727=CARTESIAN_POINT('Origin',(21.3241355441014,-4.13915,3.71976002127795));
#7728=CARTESIAN_POINT('',(21.3241355441014,-4.37750011444092,3.71976002127795));
#7729=CARTESIAN_POINT('',(21.3241355441014,-4.37750011444092,2.89238001063897));
#7730=CARTESIAN_POINT('',(21.3241355441014,-4.13915,3.71976002127795));
#7731=CARTESIAN_POINT('',(21.3241355441014,-4.13915,3.67147520298625));
#7732=CARTESIAN_POINT('',(21.3241355441014,-4.13915,3.71976002127795));
#7733=CARTESIAN_POINT('Origin',(21.5897920027544,-4.13915,3.71976002127795));
#7734=CARTESIAN_POINT('',(21.5897920027544,-4.37750011444092,3.71976002127795));
#7735=CARTESIAN_POINT('',(18.6123961539651,-4.37750011444092,3.71976002127795));
#7736=CARTESIAN_POINT('',(21.5897920027544,-4.13915,3.71976002127795));
#7737=CARTESIAN_POINT('',(21.3241355441014,-4.13915,3.71976002127795));
#7738=CARTESIAN_POINT('',(21.5897920027544,-4.13915,3.71976002127795));
#7739=CARTESIAN_POINT('Origin',(21.5897920027544,-4.13915,3.2882416451936));
#7740=CARTESIAN_POINT('',(21.5897920027544,-4.37750011444092,3.2882416451936));
#7741=CARTESIAN_POINT('',(21.5897920027544,-4.37750011444092,2.6766208225968));
#7742=CARTESIAN_POINT('',(21.5897920027544,-4.13915,3.2882416451936));
#7743=CARTESIAN_POINT('',(21.5897920027544,-4.13915,3.71976002127795));
#7744=CARTESIAN_POINT('',(21.5897920027544,-4.13915,3.2882416451936));
#7745=CARTESIAN_POINT('Origin',(21.3241355441014,-4.13915,3.2882416451936));
#7746=CARTESIAN_POINT('',(21.3241355441014,-4.37750011444092,3.2882416451936));
#7747=CARTESIAN_POINT('',(18.4795679246386,-4.37750011444092,3.2882416451936));
#7748=CARTESIAN_POINT('',(21.3241355441014,-4.13915,3.2882416451936));
#7749=CARTESIAN_POINT('',(21.5897920027544,-4.13915,3.2882416451936));
#7750=CARTESIAN_POINT('',(21.3241355441014,-4.13915,3.2882416451936));
#7751=CARTESIAN_POINT('Origin',(21.3241355441014,-4.13915,3.33696146184829));
#7752=CARTESIAN_POINT('',(21.3241355441014,-4.37750011444092,3.33696146184829));
#7753=CARTESIAN_POINT('',(21.3241355441014,-4.37750011444092,2.70098073092415));
#7754=CARTESIAN_POINT('',(21.3241355441014,-4.13915,3.33696146184829));
#7755=CARTESIAN_POINT('',(21.3241355441014,-4.13915,3.2882416451936));
#7756=CARTESIAN_POINT('',(21.3241355441014,-4.13915,3.33696146184829));
#7757=CARTESIAN_POINT('Origin',(21.5247964419966,-4.13915,3.33696146184829));
#7758=CARTESIAN_POINT('',(21.5247964419966,-4.37750011444092,3.33696146184829));
#7759=CARTESIAN_POINT('',(18.5798983735862,-4.37750011444092,3.33696146184829));
#7760=CARTESIAN_POINT('',(21.5247964419966,-4.13915,3.33696146184829));
#7761=CARTESIAN_POINT('',(21.3241355441014,-4.13915,3.33696146184829));
#7762=CARTESIAN_POINT('',(21.5247964419966,-4.13915,3.33696146184829));
#7763=CARTESIAN_POINT('Origin',(21.5247964419966,-4.13915,3.47007096092269));
#7764=CARTESIAN_POINT('',(21.5247964419966,-4.37750011444092,2.76753548046135));
#7765=CARTESIAN_POINT('',(21.5247964419966,-4.13915,3.33696146184829));
#7766=CARTESIAN_POINT('Origin',(21.3241355441014,-4.13915,3.71976002127795));
#7767=CARTESIAN_POINT('Origin',(22.0272224434103,-4.13915,3.2882416451936));
#7768=CARTESIAN_POINT('',(22.0922180041682,-4.37750011444092,3.2882416451936));
#7769=CARTESIAN_POINT('',(22.0272224434103,-4.37750011444092,3.2882416451936));
#7770=CARTESIAN_POINT('',(18.8311113742931,-4.37750011444092,3.2882416451936));
#7771=CARTESIAN_POINT('',(22.0922180041682,-4.13915,3.2882416451936));
#7772=CARTESIAN_POINT('',(22.0922180041682,-4.13915,3.2882416451936));
#7773=CARTESIAN_POINT('',(22.0272224434103,-4.13915,3.2882416451936));
#7774=CARTESIAN_POINT('',(22.0922180041682,-4.13915,3.2882416451936));
#7775=CARTESIAN_POINT('',(22.0272224434103,-4.13915,3.2882416451936));
#7776=CARTESIAN_POINT('Origin',(22.0272224434103,-4.13915,3.47007096092269));
#7777=CARTESIAN_POINT('',(22.0272224434103,-4.37750011444092,3.47007096092269));
#7778=CARTESIAN_POINT('',(22.0272224434103,-4.37750011444092,2.76753548046135));
#7779=CARTESIAN_POINT('',(22.0272224434103,-4.13915,3.47007096092269));
#7780=CARTESIAN_POINT('',(22.0272224434103,-4.13915,3.2882416451936));
#7781=CARTESIAN_POINT('',(22.0272224434103,-4.13915,3.47007096092269));
#7782=CARTESIAN_POINT('Origin',(21.79457960292,-4.13915,3.47007096092269));
#7783=CARTESIAN_POINT('',(21.79457960292,-4.37750011444092,3.47007096092269));
#7784=CARTESIAN_POINT('',(18.7147899540479,-4.37750011444092,3.47007096092269));
#7785=CARTESIAN_POINT('',(21.79457960292,-4.13915,3.47007096092269));
#7786=CARTESIAN_POINT('',(22.0272224434103,-4.13915,3.47007096092269));
#7787=CARTESIAN_POINT('',(21.79457960292,-4.13915,3.47007096092269));
#7788=CARTESIAN_POINT('Origin',(21.79457960292,-4.13915,3.2882416451936));
#7789=CARTESIAN_POINT('',(21.79457960292,-4.37750011444092,3.2882416451936));
#7790=CARTESIAN_POINT('',(21.79457960292,-4.37750011444092,2.6766208225968));
#7791=CARTESIAN_POINT('',(21.79457960292,-4.13915,3.2882416451936));
#7792=CARTESIAN_POINT('',(21.79457960292,-4.13915,3.47007096092269));
#7793=CARTESIAN_POINT('',(21.79457960292,-4.13915,3.2882416451936));
#7794=CARTESIAN_POINT('Origin',(21.7290682043784,-4.13915,3.2882416451936));
#7795=CARTESIAN_POINT('',(21.7290682043784,-4.37750011444092,3.2882416451936));
#7796=CARTESIAN_POINT('',(18.6820342547771,-4.37750011444092,3.2882416451936));
#7797=CARTESIAN_POINT('',(21.7290682043784,-4.13915,3.2882416451936));
#7798=CARTESIAN_POINT('',(21.79457960292,-4.13915,3.2882416451936));
#7799=CARTESIAN_POINT('',(21.7290682043784,-4.13915,3.2882416451936));
#7800=CARTESIAN_POINT('Origin',(21.7290682043784,-4.13915,3.71976002127795));
#7801=CARTESIAN_POINT('',(21.7290682043784,-4.37750011444092,3.71976002127795));
#7802=CARTESIAN_POINT('',(21.7290682043784,-4.37750011444092,2.89238001063897));
#7803=CARTESIAN_POINT('',(21.7290682043784,-4.13915,3.71976002127795));
#7804=CARTESIAN_POINT('',(21.7290682043784,-4.13915,3.2882416451936));
#7805=CARTESIAN_POINT('',(21.7290682043784,-4.13915,3.71976002127795));
#7806=CARTESIAN_POINT('Origin',(21.79457960292,-4.13915,3.71976002127795));
#7807=CARTESIAN_POINT('',(21.79457960292,-4.37750011444092,3.71976002127795));
#7808=CARTESIAN_POINT('',(18.7147899540479,-4.37750011444092,3.71976002127795));
#7809=CARTESIAN_POINT('',(21.79457960292,-4.13915,3.71976002127795));
#7810=CARTESIAN_POINT('',(21.7290682043784,-4.13915,3.71976002127795));
#7811=CARTESIAN_POINT('',(21.79457960292,-4.13915,3.71976002127795));
#7812=CARTESIAN_POINT('Origin',(21.79457960292,-4.13915,3.51879077757738));
#7813=CARTESIAN_POINT('',(21.79457960292,-4.37750011444092,3.51879077757738));
#7814=CARTESIAN_POINT('',(21.79457960292,-4.37750011444092,2.79189538878869));
#7815=CARTESIAN_POINT('',(21.79457960292,-4.13915,3.51879077757738));
#7816=CARTESIAN_POINT('',(21.79457960292,-4.13915,3.71976002127795));
#7817=CARTESIAN_POINT('',(21.79457960292,-4.13915,3.51879077757738));
#7818=CARTESIAN_POINT('Origin',(22.0272224434103,-4.13915,3.51879077757738));
#7819=CARTESIAN_POINT('',(22.0272224434103,-4.37750011444092,3.51879077757738));
#7820=CARTESIAN_POINT('',(18.8311113742931,-4.37750011444092,3.51879077757738));
#7821=CARTESIAN_POINT('',(22.0272224434103,-4.13915,3.51879077757738));
#7822=CARTESIAN_POINT('',(21.79457960292,-4.13915,3.51879077757738));
#7823=CARTESIAN_POINT('',(22.0272224434103,-4.13915,3.51879077757738));
#7824=CARTESIAN_POINT('Origin',(22.0272224434103,-4.13915,3.71976002127795));
#7825=CARTESIAN_POINT('',(22.0272224434103,-4.37750011444092,3.71976002127795));
#7826=CARTESIAN_POINT('',(22.0272224434103,-4.37750011444092,2.89238001063897));
#7827=CARTESIAN_POINT('',(22.0272224434103,-4.13915,3.71976002127795));
#7828=CARTESIAN_POINT('',(22.0272224434103,-4.13915,3.51879077757738));
#7829=CARTESIAN_POINT('',(22.0272224434103,-4.13915,3.71976002127795));
#7830=CARTESIAN_POINT('Origin',(22.0922180041682,-4.13915,3.71976002127795));
#7831=CARTESIAN_POINT('',(22.0922180041682,-4.37750011444092,3.71976002127795));
#7832=CARTESIAN_POINT('',(18.863609154672,-4.37750011444092,3.71976002127795));
#7833=CARTESIAN_POINT('',(22.0922180041682,-4.13915,3.71976002127795));
#7834=CARTESIAN_POINT('',(22.0272224434103,-4.13915,3.71976002127795));
#7835=CARTESIAN_POINT('',(22.0922180041682,-4.13915,3.71976002127795));
#7836=CARTESIAN_POINT('Origin',(22.0922180041682,-4.13915,3.2882416451936));
#7837=CARTESIAN_POINT('',(22.0922180041682,-4.37750011444092,2.6766208225968));
#7838=CARTESIAN_POINT('',(22.0922180041682,-4.13915,3.71976002127795));
#7839=CARTESIAN_POINT('Origin',(21.7290682043784,-4.13915,3.71976002127795));
#7840=CARTESIAN_POINT('Origin',(22.2098290188728,-4.13915,3.35392639800483));
#7841=CARTESIAN_POINT('',(22.1824896163318,-4.37750011444092,3.30781657152808));
#7842=CARTESIAN_POINT('',(22.2098290188728,-4.37750011444092,3.35392639800483));
#7843=CARTESIAN_POINT('',(21.0720153756093,-4.37750011444092,1.43492361163836));
#7844=CARTESIAN_POINT('',(22.1824896163318,-4.13915,3.30781657152808));
#7845=CARTESIAN_POINT('',(22.1824896163318,-4.13915,3.30781657152808));
#7846=CARTESIAN_POINT('',(22.2098290188728,-4.13915,3.35392639800483));
#7847=CARTESIAN_POINT('',(22.1824896163318,-4.13915,3.30781657152808));
#7848=CARTESIAN_POINT('',(22.2098290188728,-4.13915,3.35392639800483));
#7849=CARTESIAN_POINT('Ctrl Pts',(22.202091452116,-4.13915,3.66103524227453));
#7850=CARTESIAN_POINT('Ctrl Pts',(22.202091452116,-4.21860003814697,3.66103524227453));
#7851=CARTESIAN_POINT('Ctrl Pts',(22.202091452116,-4.29805007629395,3.66103524227453));
#7852=CARTESIAN_POINT('Ctrl Pts',(22.202091452116,-4.37750011444092,3.66103524227453));
#7853=CARTESIAN_POINT('Ctrl Pts',(22.2203177204766,-4.13915,3.66538522590441));
#7854=CARTESIAN_POINT('Ctrl Pts',(22.2203177204766,-4.21860003814697,3.66538522590441));
#7855=CARTESIAN_POINT('Ctrl Pts',(22.2203177204766,-4.29805007629395,3.66538522590441));
#7856=CARTESIAN_POINT('Ctrl Pts',(22.2203177204766,-4.37750011444092,3.66538522590441));
#7857=CARTESIAN_POINT('Ctrl Pts',(22.2388878806931,-4.13915,3.66930021117131));
#7858=CARTESIAN_POINT('Ctrl Pts',(22.2388878806931,-4.21860003814697,3.66930021117131));
#7859=CARTESIAN_POINT('Ctrl Pts',(22.2388878806931,-4.29805007629395,3.66930021117131));
#7860=CARTESIAN_POINT('Ctrl Pts',(22.2388878806931,-4.37750011444092,3.66930021117131));
#7861=CARTESIAN_POINT('Ctrl Pts',(22.2763178766846,-4.13915,3.67618693726072));
#7862=CARTESIAN_POINT('Ctrl Pts',(22.2763178766846,-4.21860003814697,3.67618693726072));
#7863=CARTESIAN_POINT('Ctrl Pts',(22.2763178766846,-4.29805007629395,3.67618693726072));
#7864=CARTESIAN_POINT('Ctrl Pts',(22.2763178766846,-4.37750011444092,3.67618693726072));
#7865=CARTESIAN_POINT('Ctrl Pts',(22.2959739287662,-4.13915,3.67756518006809));
#7866=CARTESIAN_POINT('Ctrl Pts',(22.2959739287662,-4.21860003814697,3.67756518006809));
#7867=CARTESIAN_POINT('Ctrl Pts',(22.2959739287662,-4.29805007629395,3.67756518006809));
#7868=CARTESIAN_POINT('Ctrl Pts',(22.2959739287662,-4.37750011444092,3.67756518006809));
#7869=CARTESIAN_POINT('Ctrl Pts',(22.3441187885868,-4.13915,3.67756518006809));
#7870=CARTESIAN_POINT('Ctrl Pts',(22.3441187885868,-4.21860003814697,3.67756518006809));
#7871=CARTESIAN_POINT('Ctrl Pts',(22.3441187885868,-4.29805007629395,3.67756518006809));
#7872=CARTESIAN_POINT('Ctrl Pts',(22.3441187885868,-4.37750011444092,3.67756518006809));
#7873=CARTESIAN_POINT('Ctrl Pts',(22.3683179156461,-4.13915,3.67403711434103));
#7874=CARTESIAN_POINT('Ctrl Pts',(22.3683179156461,-4.21860003814697,3.67403711434103));
#7875=CARTESIAN_POINT('Ctrl Pts',(22.3683179156461,-4.29805007629395,3.67403711434103));
#7876=CARTESIAN_POINT('Ctrl Pts',(22.3683179156461,-4.37750011444092,3.67403711434103));
#7877=CARTESIAN_POINT('Ctrl Pts',(22.4094582412005,-4.13915,3.6584252520966));
#7878=CARTESIAN_POINT('Ctrl Pts',(22.4094582412005,-4.21860003814697,3.6584252520966));
#7879=CARTESIAN_POINT('Ctrl Pts',(22.4094582412005,-4.29805007629395,3.6584252520966));
#7880=CARTESIAN_POINT('Ctrl Pts',(22.4094582412005,-4.37750011444092,3.6584252520966));
#7881=CARTESIAN_POINT('Ctrl Pts',(22.426819196229,-4.13915,3.64737142224017));
#7882=CARTESIAN_POINT('Ctrl Pts',(22.426819196229,-4.21860003814697,3.64737142224017));
#7883=CARTESIAN_POINT('Ctrl Pts',(22.426819196229,-4.29805007629395,3.64737142224017));
#7884=CARTESIAN_POINT('Ctrl Pts',(22.426819196229,-4.37750011444092,3.64737142224017));
#7885=CARTESIAN_POINT('Ctrl Pts',(22.4541641824625,-4.13914999999999,3.61797040433869));
#7886=CARTESIAN_POINT('Ctrl Pts',(22.4541641824625,-4.21860003814697,3.61797040433869));
#7887=CARTESIAN_POINT('Ctrl Pts',(22.4541641824625,-4.29805007629394,3.61797040433869));
#7888=CARTESIAN_POINT('Ctrl Pts',(22.4541641824625,-4.37750011444092,3.61797040433869));
#7889=CARTESIAN_POINT('Ctrl Pts',(22.464394282057,-4.13915,3.5996808546072));
#7890=CARTESIAN_POINT('Ctrl Pts',(22.464394282057,-4.21860003814697,3.5996808546072));
#7891=CARTESIAN_POINT('Ctrl Pts',(22.464394282057,-4.29805007629395,3.5996808546072));
#7892=CARTESIAN_POINT('Ctrl Pts',(22.464394282057,-4.37750011444092,3.5996808546072));
#7893=CARTESIAN_POINT('Ctrl Pts',(22.4782366123728,-4.13914999999999,3.55649063570302));
#7894=CARTESIAN_POINT('Ctrl Pts',(22.4782366123728,-4.21860003814697,3.55649063570302));
#7895=CARTESIAN_POINT('Ctrl Pts',(22.4782366123728,-4.29805007629395,3.55649063570302));
#7896=CARTESIAN_POINT('Ctrl Pts',(22.4782366123728,-4.37750011444092,3.55649063570302));
#7897=CARTESIAN_POINT('Ctrl Pts',(22.4816755309314,-4.13914999999999,3.53184072846702));
#7898=CARTESIAN_POINT('Ctrl Pts',(22.4816755309314,-4.21860003814697,3.53184072846702));
#7899=CARTESIAN_POINT('Ctrl Pts',(22.4816755309314,-4.29805007629395,3.53184072846702));
#7900=CARTESIAN_POINT('Ctrl Pts',(22.4816755309314,-4.37750011444092,3.53184072846702));
#7901=CARTESIAN_POINT('Ctrl Pts',(22.4816755309314,-4.13915,3.47732093363916));
#7902=CARTESIAN_POINT('Ctrl Pts',(22.4816755309314,-4.21860003814697,3.47732093363916));
#7903=CARTESIAN_POINT('Ctrl Pts',(22.4816755309314,-4.29805007629394,3.47732093363916));
#7904=CARTESIAN_POINT('Ctrl Pts',(22.4816755309314,-4.37750011444092,3.47732093363916));
#7905=CARTESIAN_POINT('Ctrl Pts',(22.477720774589,-4.13915,3.45325102422048));
#7906=CARTESIAN_POINT('Ctrl Pts',(22.477720774589,-4.21860003814697,3.45325102422048));
#7907=CARTESIAN_POINT('Ctrl Pts',(22.477720774589,-4.29805007629395,3.45325102422048));
#7908=CARTESIAN_POINT('Ctrl Pts',(22.477720774589,-4.37750011444092,3.45325102422048));
#7909=CARTESIAN_POINT('Ctrl Pts',(22.4619017492194,-4.13914999999999,3.41033118573897));
#7910=CARTESIAN_POINT('Ctrl Pts',(22.4619017492194,-4.21860003814697,3.41033118573897));
#7911=CARTESIAN_POINT('Ctrl Pts',(22.4619017492194,-4.29805007629394,3.41033118573897));
#7912=CARTESIAN_POINT('Ctrl Pts',(22.4619017492194,-4.37750011444092,3.41033118573897));
#7913=CARTESIAN_POINT('Ctrl Pts',(22.4512741531221,-4.13915,3.39180509989529));
#7914=CARTESIAN_POINT('Ctrl Pts',(22.4512741531221,-4.21860003814697,3.39180509989529));
#7915=CARTESIAN_POINT('Ctrl Pts',(22.4512741531221,-4.29805007629394,3.39180509989529));
#7916=CARTESIAN_POINT('Ctrl Pts',(22.4512741531221,-4.37750011444092,3.39180509989529));
#7917=CARTESIAN_POINT('Ctrl Pts',(22.4223541857953,-4.13915,3.36219136690161));
#7918=CARTESIAN_POINT('Ctrl Pts',(22.4223541857953,-4.21860003814697,3.36219136690161));
#7919=CARTESIAN_POINT('Ctrl Pts',(22.4223541857953,-4.29805007629394,3.36219136690161));
#7920=CARTESIAN_POINT('Ctrl Pts',(22.4223541857953,-4.37750011444092,3.36219136690161));
#7921=CARTESIAN_POINT('Ctrl Pts',(22.4051197501652,-4.13915,3.35049739102735));
#7922=CARTESIAN_POINT('Ctrl Pts',(22.4051197501652,-4.21860003814697,3.35049739102735));
#7923=CARTESIAN_POINT('Ctrl Pts',(22.4051197501652,-4.29805007629394,3.35049739102735));
#7924=CARTESIAN_POINT('Ctrl Pts',(22.4051197501652,-4.37750011444092,3.35049739102735));
#7925=CARTESIAN_POINT('Ctrl Pts',(22.3644084080826,-4.13915,3.33478647003335));
#7926=CARTESIAN_POINT('Ctrl Pts',(22.3644084080826,-4.21860003814697,3.33478647003335));
#7927=CARTESIAN_POINT('Ctrl Pts',(22.3644084080826,-4.29805007629394,3.33478647003335));
#7928=CARTESIAN_POINT('Ctrl Pts',(22.3644084080826,-4.37750011444092,3.33478647003335));
#7929=CARTESIAN_POINT('Ctrl Pts',(22.3417115455958,-4.13915,3.33087148476645));
#7930=CARTESIAN_POINT('Ctrl Pts',(22.3417115455958,-4.21860003814697,3.33087148476645));
#7931=CARTESIAN_POINT('Ctrl Pts',(22.3417115455958,-4.29805007629394,3.33087148476645));
#7932=CARTESIAN_POINT('Ctrl Pts',(22.3417115455958,-4.37750011444092,3.33087148476645));
#7933=CARTESIAN_POINT('Ctrl Pts',(22.2949422531986,-4.13915,3.33087148476645));
#7934=CARTESIAN_POINT('Ctrl Pts',(22.2949422531986,-4.21860003814697,3.33087148476645));
#7935=CARTESIAN_POINT('Ctrl Pts',(22.2949422531986,-4.29805007629395,3.33087148476645));
#7936=CARTESIAN_POINT('Ctrl Pts',(22.2949422531986,-4.37750011444092,3.33087148476645));
#7937=CARTESIAN_POINT('Ctrl Pts',(22.2752135201716,-4.13915,3.33269792140291));
#7938=CARTESIAN_POINT('Ctrl Pts',(22.2752135201716,-4.21860003814697,3.33269792140291));
#7939=CARTESIAN_POINT('Ctrl Pts',(22.2752135201716,-4.29805007629394,3.33269792140291));
#7940=CARTESIAN_POINT('Ctrl Pts',(22.2752135201716,-4.37750011444092,3.33269792140291));
#7941=CARTESIAN_POINT('Ctrl Pts',(22.2406073399725,-4.13915,3.34203644274982));
#7942=CARTESIAN_POINT('Ctrl Pts',(22.2406073399725,-4.21860003814697,3.34203644274982));
#7943=CARTESIAN_POINT('Ctrl Pts',(22.2406073399725,-4.29805007629395,3.34203644274982));
#7944=CARTESIAN_POINT('Ctrl Pts',(22.2406073399725,-4.37750011444092,3.34203644274982));
#7945=CARTESIAN_POINT('Ctrl Pts',(22.2246163686749,-4.13915,3.34754642201434));
#7946=CARTESIAN_POINT('Ctrl Pts',(22.2246163686749,-4.21860003814697,3.34754642201434));
#7947=CARTESIAN_POINT('Ctrl Pts',(22.2246163686749,-4.29805007629394,3.34754642201434));
#7948=CARTESIAN_POINT('Ctrl Pts',(22.2246163686749,-4.37750011444092,3.34754642201434));
#7949=CARTESIAN_POINT('Ctrl Pts',(22.2098290188728,-4.13915,3.35392639800483));
#7950=CARTESIAN_POINT('Ctrl Pts',(22.2098290188728,-4.21860003814697,3.35392639800483));
#7951=CARTESIAN_POINT('Ctrl Pts',(22.2098290188728,-4.29805007629394,3.35392639800483));
#7952=CARTESIAN_POINT('Ctrl Pts',(22.2098290188728,-4.37750011444092,3.35392639800483));
#7953=CARTESIAN_POINT('',(22.202091452116,-4.37750011444092,3.66103524227453));
#7954=CARTESIAN_POINT('Ctrl Pts',(22.2098290188728,-4.37750011444092,3.35392639800483));
#7955=CARTESIAN_POINT('Ctrl Pts',(22.2246163686749,-4.37750011444092,3.34754642201434));
#7956=CARTESIAN_POINT('Ctrl Pts',(22.2406073399725,-4.37750011444092,3.34203644274982));
#7957=CARTESIAN_POINT('Ctrl Pts',(22.2578019327655,-4.37750011444092,3.33739646021128));
#7958=CARTESIAN_POINT('Ctrl Pts',(22.2752135201716,-4.37750011444092,3.33269792140291));
#7959=CARTESIAN_POINT('Ctrl Pts',(22.2949422531986,-4.37750011444092,3.33087148476645));
#7960=CARTESIAN_POINT('Ctrl Pts',(22.3166074401179,-4.37750011444092,3.33087148476645));
#7961=CARTESIAN_POINT('Ctrl Pts',(22.3417115455958,-4.37750011444092,3.33087148476645));
#7962=CARTESIAN_POINT('Ctrl Pts',(22.3644084080826,-4.37750011444092,3.33478647003335));
#7963=CARTESIAN_POINT('Ctrl Pts',(22.3846980275784,-4.37750011444092,3.34261644056713));
#7964=CARTESIAN_POINT('Ctrl Pts',(22.4051197501652,-4.37750011444092,3.35049739102735));
#7965=CARTESIAN_POINT('Ctrl Pts',(22.4223541857953,-4.37750011444092,3.36219136690161));
#7966=CARTESIAN_POINT('Ctrl Pts',(22.4367976437415,-4.37750011444092,3.37698131124321));
#7967=CARTESIAN_POINT('Ctrl Pts',(22.4512741531221,-4.37750011444092,3.39180509989529));
#7968=CARTESIAN_POINT('Ctrl Pts',(22.4619017492194,-4.37750011444092,3.41033118573897));
#7969=CARTESIAN_POINT('Ctrl Pts',(22.4698112619042,-4.37750011444092,3.43179110497973));
#7970=CARTESIAN_POINT('Ctrl Pts',(22.477720774589,-4.37750011444092,3.45325102422048));
#7971=CARTESIAN_POINT('Ctrl Pts',(22.4816755309314,-4.37750011444092,3.47732093363916));
#7972=CARTESIAN_POINT('Ctrl Pts',(22.4816755309314,-4.37750011444092,3.50400083323577));
#7973=CARTESIAN_POINT('Ctrl Pts',(22.4816755309314,-4.37750011444092,3.53184072846702));
#7974=CARTESIAN_POINT('Ctrl Pts',(22.4782366123728,-4.37750011444092,3.55649063570302));
#7975=CARTESIAN_POINT('Ctrl Pts',(22.4713587752556,-4.37750011444092,3.57795055494378));
#7976=CARTESIAN_POINT('Ctrl Pts',(22.464394282057,-4.37750011444092,3.5996808546072));
#7977=CARTESIAN_POINT('Ctrl Pts',(22.4541641824625,-4.37750011444092,3.61797040433869));
#7978=CARTESIAN_POINT('Ctrl Pts',(22.440408508228,-4.37750011444092,3.6327603486803));
#7979=CARTESIAN_POINT('Ctrl Pts',(22.426819196229,-4.37750011444092,3.64737142224017));
#7980=CARTESIAN_POINT('Ctrl Pts',(22.4094582412005,-4.37750011444092,3.6584252520966));
#7981=CARTESIAN_POINT('Ctrl Pts',(22.3888247298488,-4.37750011444092,3.66625522263039));
#7982=CARTESIAN_POINT('Ctrl Pts',(22.3683179156461,-4.37750011444092,3.67403711434103));
#7983=CARTESIAN_POINT('Ctrl Pts',(22.3441187885868,-4.37750011444092,3.67756518006809));
#7984=CARTESIAN_POINT('Ctrl Pts',(22.3166074401178,-4.37750011444092,3.67756518006809));
#7985=CARTESIAN_POINT('Ctrl Pts',(22.2959739287662,-4.37750011444092,3.67756518006809));
#7986=CARTESIAN_POINT('Ctrl Pts',(22.2763178766846,-4.37750011444092,3.67618693726072));
#7987=CARTESIAN_POINT('Ctrl Pts',(22.2578019327655,-4.37750011444092,3.67278019807522));
#7988=CARTESIAN_POINT('Ctrl Pts',(22.2388878806931,-4.37750011444092,3.66930021117131));
#7989=CARTESIAN_POINT('Ctrl Pts',(22.2203177204766,-4.37750011444092,3.66538522590441));
#7990=CARTESIAN_POINT('Ctrl Pts',(22.202091452116,-4.37750011444092,3.66103524227453));
#7991=CARTESIAN_POINT('',(22.202091452116,-4.13915,3.66103524227453));
#7992=CARTESIAN_POINT('Ctrl Pts',(22.2098290188728,-4.13915,3.35392639800483));
#7993=CARTESIAN_POINT('Ctrl Pts',(22.2246163686749,-4.13915,3.34754642201434));
#7994=CARTESIAN_POINT('Ctrl Pts',(22.2406073399724,-4.13915,3.34203644274982));
#7995=CARTESIAN_POINT('Ctrl Pts',(22.2578019327655,-4.13915,3.33739646021128));
#7996=CARTESIAN_POINT('Ctrl Pts',(22.2752135201716,-4.13915,3.33269792140291));
#7997=CARTESIAN_POINT('Ctrl Pts',(22.2949422531986,-4.13915,3.33087148476645));
#7998=CARTESIAN_POINT('Ctrl Pts',(22.3166074401179,-4.13915,3.33087148476645));
#7999=CARTESIAN_POINT('Ctrl Pts',(22.3417115455958,-4.13915,3.33087148476645));
#8000=CARTESIAN_POINT('Ctrl Pts',(22.3644084080826,-4.13915,3.33478647003335));
#8001=CARTESIAN_POINT('Ctrl Pts',(22.3846980275784,-4.13915,3.34261644056714));
#8002=CARTESIAN_POINT('Ctrl Pts',(22.4051197501652,-4.13915,3.35049739102735));
#8003=CARTESIAN_POINT('Ctrl Pts',(22.4223541857953,-4.13915,3.36219136690161));
#8004=CARTESIAN_POINT('Ctrl Pts',(22.4367976437415,-4.13915,3.37698131124321));
#8005=CARTESIAN_POINT('Ctrl Pts',(22.4512741531221,-4.13915,3.39180509989529));
#8006=CARTESIAN_POINT('Ctrl Pts',(22.4619017492194,-4.13915,3.41033118573897));
#8007=CARTESIAN_POINT('Ctrl Pts',(22.4698112619042,-4.13915,3.43179110497973));
#8008=CARTESIAN_POINT('Ctrl Pts',(22.477720774589,-4.13915,3.45325102422048));
#8009=CARTESIAN_POINT('Ctrl Pts',(22.4816755309314,-4.13915,3.47732093363916));
#8010=CARTESIAN_POINT('Ctrl Pts',(22.4816755309314,-4.13915,3.50400083323578));
#8011=CARTESIAN_POINT('Ctrl Pts',(22.4816755309314,-4.13915,3.53184072846702));
#8012=CARTESIAN_POINT('Ctrl Pts',(22.4782366123728,-4.13915,3.55649063570302));
#8013=CARTESIAN_POINT('Ctrl Pts',(22.4713587752556,-4.13915,3.57795055494378));
#8014=CARTESIAN_POINT('Ctrl Pts',(22.464394282057,-4.13915,3.5996808546072));
#8015=CARTESIAN_POINT('Ctrl Pts',(22.4541641824625,-4.13915,3.6179704043387));
#8016=CARTESIAN_POINT('Ctrl Pts',(22.440408508228,-4.13915,3.6327603486803));
#8017=CARTESIAN_POINT('Ctrl Pts',(22.4268191962291,-4.13915,3.64737142224017));
#8018=CARTESIAN_POINT('Ctrl Pts',(22.4094582412005,-4.13915,3.6584252520966));
#8019=CARTESIAN_POINT('Ctrl Pts',(22.3888247298488,-4.13915,3.66625522263039));
#8020=CARTESIAN_POINT('Ctrl Pts',(22.3683179156461,-4.13915,3.67403711434103));
#8021=CARTESIAN_POINT('Ctrl Pts',(22.3441187885868,-4.13915,3.67756518006809));
#8022=CARTESIAN_POINT('Ctrl Pts',(22.3166074401179,-4.13915,3.67756518006809));
#8023=CARTESIAN_POINT('Ctrl Pts',(22.2959739287662,-4.13915,3.67756518006809));
#8024=CARTESIAN_POINT('Ctrl Pts',(22.2763178766846,-4.13915,3.67618693726072));
#8025=CARTESIAN_POINT('Ctrl Pts',(22.2578019327655,-4.13915,3.67278019807522));
#8026=CARTESIAN_POINT('Ctrl Pts',(22.2388878806931,-4.13915,3.66930021117131));
#8027=CARTESIAN_POINT('Ctrl Pts',(22.2203177204766,-4.13915,3.66538522590442));
#8028=CARTESIAN_POINT('Ctrl Pts',(22.202091452116,-4.13915,3.66103524227453));
#8029=CARTESIAN_POINT('',(22.202091452116,-4.13915,3.66103524227453));
#8030=CARTESIAN_POINT('Origin',(22.202091452116,-4.13915,3.70845006384025));
#8031=CARTESIAN_POINT('',(22.202091452116,-4.37750011444092,3.70845006384025));
#8032=CARTESIAN_POINT('',(22.202091452116,-4.37750011444092,2.88672503192013));
#8033=CARTESIAN_POINT('',(22.202091452116,-4.13915,3.70845006384025));
#8034=CARTESIAN_POINT('',(22.202091452116,-4.13915,3.66103524227453));
#8035=CARTESIAN_POINT('',(22.202091452116,-4.13915,3.70845006384025));
#8036=CARTESIAN_POINT('Ctrl Pts',(22.1824896163318,-4.13915,3.30781657152807));
#8037=CARTESIAN_POINT('Ctrl Pts',(22.1824896163318,-4.21860003814697,3.30781657152807));
#8038=CARTESIAN_POINT('Ctrl Pts',(22.1824896163318,-4.29805007629394,3.30781657152807));
#8039=CARTESIAN_POINT('Ctrl Pts',(22.1824896163318,-4.37750011444092,3.30781657152807));
#8040=CARTESIAN_POINT('Ctrl Pts',(22.2010597765484,-4.13915,3.29940660317697));
#8041=CARTESIAN_POINT('Ctrl Pts',(22.2010597765484,-4.21860003814697,3.29940660317697));
#8042=CARTESIAN_POINT('Ctrl Pts',(22.2010597765484,-4.29805007629394,3.29940660317697));
#8043=CARTESIAN_POINT('Ctrl Pts',(22.2010597765484,-4.37750011444092,3.29940660317697));
#8044=CARTESIAN_POINT('Ctrl Pts',(22.2218820044451,-4.13914999999999,3.29308932184458));
#8045=CARTESIAN_POINT('Ctrl Pts',(22.2218820044451,-4.21860003814697,3.29308932184458));
#8046=CARTESIAN_POINT('Ctrl Pts',(22.2218820044451,-4.29805007629395,3.29308932184458));
#8047=CARTESIAN_POINT('Ctrl Pts',(22.2218820044451,-4.37750011444092,3.29308932184458));
#8048=CARTESIAN_POINT('Ctrl Pts',(22.2676028506576,-4.13915,3.28432665992671));
#8049=CARTESIAN_POINT('Ctrl Pts',(22.2676028506576,-4.21860003814697,3.28432665992671));
#8050=CARTESIAN_POINT('Ctrl Pts',(22.2676028506576,-4.29805007629394,3.28432665992671));
#8051=CARTESIAN_POINT('Ctrl Pts',(22.2676028506576,-4.37750011444092,3.28432665992671));
#8052=CARTESIAN_POINT('Ctrl Pts',(22.29150333464,-4.13914999999999,3.28215166811177));
#8053=CARTESIAN_POINT('Ctrl Pts',(22.29150333464,-4.21860003814697,3.28215166811177));
#8054=CARTESIAN_POINT('Ctrl Pts',(22.29150333464,-4.29805007629394,3.28215166811177));
#8055=CARTESIAN_POINT('Ctrl Pts',(22.29150333464,-4.37750011444092,3.28215166811177));
#8056=CARTESIAN_POINT('Ctrl Pts',(22.3544355442626,-4.13915,3.28215166811177));
#8057=CARTESIAN_POINT('Ctrl Pts',(22.3544355442626,-4.21860003814697,3.28215166811177));
#8058=CARTESIAN_POINT('Ctrl Pts',(22.3544355442626,-4.29805007629394,3.28215166811177));
#8059=CARTESIAN_POINT('Ctrl Pts',(22.3544355442626,-4.37750011444092,3.28215166811177));
#8060=CARTESIAN_POINT('Ctrl Pts',(22.3878377283767,-4.13914999999999,3.28790492771206));
#8061=CARTESIAN_POINT('Ctrl Pts',(22.3878377283767,-4.21860003814697,3.28790492771206));
#8062=CARTESIAN_POINT('Ctrl Pts',(22.3878377283767,-4.29805007629394,3.28790492771206));
#8063=CARTESIAN_POINT('Ctrl Pts',(22.3878377283767,-4.37750011444092,3.28790492771206));
#8064=CARTESIAN_POINT('Ctrl Pts',(22.4464266157056,-4.13914999999999,3.3094115655257));
#8065=CARTESIAN_POINT('Ctrl Pts',(22.4464266157056,-4.21860003814697,3.3094115655257));
#8066=CARTESIAN_POINT('Ctrl Pts',(22.4464266157056,-4.29805007629394,3.3094115655257));
#8067=CARTESIAN_POINT('Ctrl Pts',(22.4464266157056,-4.37750011444092,3.3094115655257));
#8068=CARTESIAN_POINT('Ctrl Pts',(22.4710117225656,-4.13914999999999,3.32437131179612));
#8069=CARTESIAN_POINT('Ctrl Pts',(22.4710117225656,-4.21860003814697,3.32437131179612));
#8070=CARTESIAN_POINT('Ctrl Pts',(22.4710117225656,-4.29805007629394,3.32437131179612));
#8071=CARTESIAN_POINT('Ctrl Pts',(22.4710117225656,-4.37750011444092,3.32437131179612));
#8072=CARTESIAN_POINT('Ctrl Pts',(22.51004660904,-4.13915,3.3636413614449));
#8073=CARTESIAN_POINT('Ctrl Pts',(22.51004660904,-4.21860003814697,3.3636413614449));
#8074=CARTESIAN_POINT('Ctrl Pts',(22.51004660904,-4.29805007629395,3.3636413614449));
#8075=CARTESIAN_POINT('Ctrl Pts',(22.51004660904,-4.37750011444092,3.3636413614449));
#8076=CARTESIAN_POINT('Ctrl Pts',(22.5254159729176,-4.13915,3.38687716143322));
#8077=CARTESIAN_POINT('Ctrl Pts',(22.5254159729176,-4.21860003814697,3.38687716143322));
#8078=CARTESIAN_POINT('Ctrl Pts',(22.5254159729176,-4.29805007629394,3.38687716143322));
#8079=CARTESIAN_POINT('Ctrl Pts',(22.5254159729176,-4.37750011444092,3.38687716143322));
#8080=CARTESIAN_POINT('Ctrl Pts',(22.5452955242658,-4.13915,3.44121606951114));
#8081=CARTESIAN_POINT('Ctrl Pts',(22.5452955242658,-4.21860003814697,3.44121606951114));
#8082=CARTESIAN_POINT('Ctrl Pts',(22.5452955242658,-4.29805007629395,3.44121606951114));
#8083=CARTESIAN_POINT('Ctrl Pts',(22.5452955242658,-4.37750011444092,3.44121606951114));
#8084=CARTESIAN_POINT('Ctrl Pts',(22.5502819561758,-4.13914999999999,3.471085957103));
#8085=CARTESIAN_POINT('Ctrl Pts',(22.5502819561758,-4.21860003814697,3.471085957103));
#8086=CARTESIAN_POINT('Ctrl Pts',(22.5502819561758,-4.29805007629394,3.471085957103));
#8087=CARTESIAN_POINT('Ctrl Pts',(22.5502819561758,-4.37750011444092,3.471085957103));
#8088=CARTESIAN_POINT('Ctrl Pts',(22.5502819561758,-4.13914999999999,3.53691570936855));
#8089=CARTESIAN_POINT('Ctrl Pts',(22.5502819561758,-4.21860003814697,3.53691570936855));
#8090=CARTESIAN_POINT('Ctrl Pts',(22.5502819561758,-4.29805007629394,3.53691570936855));
#8091=CARTESIAN_POINT('Ctrl Pts',(22.5502819561758,-4.37750011444092,3.53691570936855));
#8092=CARTESIAN_POINT('Ctrl Pts',(22.5462159059417,-4.13915,3.56727351897617));
#8093=CARTESIAN_POINT('Ctrl Pts',(22.5462159059417,-4.21860003814697,3.56727351897617));
#8094=CARTESIAN_POINT('Ctrl Pts',(22.5462159059417,-4.29805007629394,3.56727351897617));
#8095=CARTESIAN_POINT('Ctrl Pts',(22.5462159059417,-4.37750011444092,3.56727351897617));
#8096=CARTESIAN_POINT('Ctrl Pts',(22.5284448233286,-4.13914999999999,3.62203038905992));
#8097=CARTESIAN_POINT('Ctrl Pts',(22.5284448233286,-4.21860003814697,3.62203038905992));
#8098=CARTESIAN_POINT('Ctrl Pts',(22.5284448233286,-4.29805007629395,3.62203038905992));
#8099=CARTESIAN_POINT('Ctrl Pts',(22.5284448233286,-4.37750011444092,3.62203038905992));
#8100=CARTESIAN_POINT('Ctrl Pts',(22.5150703320914,-4.13914999999999,3.64566118973414));
#8101=CARTESIAN_POINT('Ctrl Pts',(22.5150703320914,-4.21860003814697,3.64566118973414));
#8102=CARTESIAN_POINT('Ctrl Pts',(22.5150703320914,-4.29805007629394,3.64566118973414));
#8103=CARTESIAN_POINT('Ctrl Pts',(22.5150703320914,-4.37750011444092,3.64566118973414));
#8104=CARTESIAN_POINT('Ctrl Pts',(22.4780646664449,-4.13915,3.68438015442157));
#8105=CARTESIAN_POINT('Ctrl Pts',(22.4780646664449,-4.21860003814697,3.68438015442157));
#8106=CARTESIAN_POINT('Ctrl Pts',(22.4780646664449,-4.29805007629395,3.68438015442157));
#8107=CARTESIAN_POINT('Ctrl Pts',(22.4780646664449,-4.37750011444092,3.68438015442157));
#8108=CARTESIAN_POINT('Ctrl Pts',(22.4549810695956,-4.13915,3.69970170946799));
#8109=CARTESIAN_POINT('Ctrl Pts',(22.4549810695956,-4.21860003814697,3.69970170946799));
#8110=CARTESIAN_POINT('Ctrl Pts',(22.4549810695956,-4.29805007629394,3.69970170946799));
#8111=CARTESIAN_POINT('Ctrl Pts',(22.4549810695956,-4.37750011444092,3.69970170946799));
#8112=CARTESIAN_POINT('Ctrl Pts',(22.3991414855246,-4.13915,3.72063001800392));
#8113=CARTESIAN_POINT('Ctrl Pts',(22.3991414855246,-4.21860003814697,3.72063001800392));
#8114=CARTESIAN_POINT('Ctrl Pts',(22.3991414855246,-4.29805007629395,3.72063001800392));
#8115=CARTESIAN_POINT('Ctrl Pts',(22.3991414855246,-4.37750011444092,3.72063001800392));
#8116=CARTESIAN_POINT('Ctrl Pts',(22.365955921434,-4.13915,3.72584999835978));
#8117=CARTESIAN_POINT('Ctrl Pts',(22.365955921434,-4.21860003814697,3.72584999835978));
#8118=CARTESIAN_POINT('Ctrl Pts',(22.365955921434,-4.29805007629395,3.72584999835978));
#8119=CARTESIAN_POINT('Ctrl Pts',(22.365955921434,-4.37750011444092,3.72584999835978));
#8120=CARTESIAN_POINT('Ctrl Pts',(22.313684359343,-4.13914999999999,3.72584999835978));
#8121=CARTESIAN_POINT('Ctrl Pts',(22.313684359343,-4.21860003814697,3.72584999835978));
#8122=CARTESIAN_POINT('Ctrl Pts',(22.313684359343,-4.29805007629394,3.72584999835978));
#8123=CARTESIAN_POINT('Ctrl Pts',(22.313684359343,-4.37750011444092,3.72584999835978));
#8124=CARTESIAN_POINT('Ctrl Pts',(22.3011569131429,-4.13914999999999,3.72514442291553));
#8125=CARTESIAN_POINT('Ctrl Pts',(22.3011569131429,-4.21860003814697,3.72514442291553));
#8126=CARTESIAN_POINT('Ctrl Pts',(22.3011569131429,-4.29805007629395,3.72514442291553));
#8127=CARTESIAN_POINT('Ctrl Pts',(22.3011569131429,-4.37750011444092,3.72514442291553));
#8128=CARTESIAN_POINT('Ctrl Pts',(22.2787793359731,-4.13915,3.7239650054535));
#8129=CARTESIAN_POINT('Ctrl Pts',(22.2787793359731,-4.21860003814697,3.7239650054535));
#8130=CARTESIAN_POINT('Ctrl Pts',(22.2787793359731,-4.29805007629395,3.7239650054535));
#8131=CARTESIAN_POINT('Ctrl Pts',(22.2787793359731,-4.37750011444092,3.7239650054535));
#8132=CARTESIAN_POINT('Ctrl Pts',(22.2683428638649,-4.13915,3.72266608544868));
#8133=CARTESIAN_POINT('Ctrl Pts',(22.2683428638649,-4.21860003814697,3.72266608544868));
#8134=CARTESIAN_POINT('Ctrl Pts',(22.2683428638649,-4.29805007629394,3.72266608544868));
#8135=CARTESIAN_POINT('Ctrl Pts',(22.2683428638649,-4.37750011444092,3.72266608544868));
#8136=CARTESIAN_POINT('Ctrl Pts',(22.2483449067293,-4.13915,3.72034001909526));
#8137=CARTESIAN_POINT('Ctrl Pts',(22.2483449067293,-4.21860003814697,3.72034001909526));
#8138=CARTESIAN_POINT('Ctrl Pts',(22.2483449067293,-4.29805007629395,3.72034001909526));
#8139=CARTESIAN_POINT('Ctrl Pts',(22.2483449067293,-4.37750011444092,3.72034001909526));
#8140=CARTESIAN_POINT('Ctrl Pts',(22.2387819574103,-4.13915,3.71840309303434));
#8141=CARTESIAN_POINT('Ctrl Pts',(22.2387819574103,-4.21860003814697,3.71840309303434));
#8142=CARTESIAN_POINT('Ctrl Pts',(22.2387819574103,-4.29805007629394,3.71840309303434));
#8143=CARTESIAN_POINT('Ctrl Pts',(22.2387819574103,-4.37750011444092,3.71840309303434));
#8144=CARTESIAN_POINT('Ctrl Pts',(22.2204896664045,-4.13915,3.71425004201343));
#8145=CARTESIAN_POINT('Ctrl Pts',(22.2204896664045,-4.21860003814697,3.71425004201343));
#8146=CARTESIAN_POINT('Ctrl Pts',(22.2204896664045,-4.29805007629394,3.71425004201343));
#8147=CARTESIAN_POINT('Ctrl Pts',(22.2204896664045,-4.37750011444092,3.71425004201343));
#8148=CARTESIAN_POINT('Ctrl Pts',(22.2113765322242,-4.13915,3.7116400518355));
#8149=CARTESIAN_POINT('Ctrl Pts',(22.2113765322242,-4.21860003814697,3.7116400518355));
#8150=CARTESIAN_POINT('Ctrl Pts',(22.2113765322242,-4.29805007629394,3.7116400518355));
#8151=CARTESIAN_POINT('Ctrl Pts',(22.2113765322242,-4.37750011444092,3.7116400518355));
#8152=CARTESIAN_POINT('Ctrl Pts',(22.202091452116,-4.13915,3.70845006384025));
#8153=CARTESIAN_POINT('Ctrl Pts',(22.202091452116,-4.21860003814697,3.70845006384025));
#8154=CARTESIAN_POINT('Ctrl Pts',(22.202091452116,-4.29805007629395,3.70845006384025));
#8155=CARTESIAN_POINT('Ctrl Pts',(22.202091452116,-4.37750011444092,3.70845006384025));
#8156=CARTESIAN_POINT('Ctrl Pts',(22.202091452116,-4.37750011444092,3.70845006384025));
#8157=CARTESIAN_POINT('Ctrl Pts',(22.2113765322242,-4.37750011444092,3.7116400518355));
#8158=CARTESIAN_POINT('Ctrl Pts',(22.2204896664045,-4.37750011444092,3.71425004201343));
#8159=CARTESIAN_POINT('Ctrl Pts',(22.2294308546569,-4.37750011444092,3.71628003437404));
#8160=CARTESIAN_POINT('Ctrl Pts',(22.2387819574103,-4.37750011444092,3.71840309303434));
#8161=CARTESIAN_POINT('Ctrl Pts',(22.2483449067293,-4.37750011444092,3.72034001909526));
#8162=CARTESIAN_POINT('Ctrl Pts',(22.2583177705493,-4.37750011444092,3.7215000147299));
#8163=CARTESIAN_POINT('Ctrl Pts',(22.2683428638649,-4.37750011444092,3.72266608544868));
#8164=CARTESIAN_POINT('Ctrl Pts',(22.2787793359731,-4.37750011444092,3.7239650054535));
#8165=CARTESIAN_POINT('Ctrl Pts',(22.2897838753606,-4.37750011444092,3.72454500327082));
#8166=CARTESIAN_POINT('Ctrl Pts',(22.3011569131429,-4.37750011444092,3.72514442291553));
#8167=CARTESIAN_POINT('Ctrl Pts',(22.313684359343,-4.37750011444092,3.72584999835978));
#8168=CARTESIAN_POINT('Ctrl Pts',(22.3274400335775,-4.37750011444092,3.72584999835978));
#8169=CARTESIAN_POINT('Ctrl Pts',(22.365955921434,-4.37750011444092,3.72584999835978));
#8170=CARTESIAN_POINT('Ctrl Pts',(22.3991414855246,-4.37750011444092,3.72063001800392));
#8171=CARTESIAN_POINT('Ctrl Pts',(22.4269967258494,-4.37750011444092,3.7101900572922));
#8172=CARTESIAN_POINT('Ctrl Pts',(22.4549810695956,-4.37750011444092,3.69970170946799));
#8173=CARTESIAN_POINT('Ctrl Pts',(22.4780646664449,-4.37750011444092,3.68438015442157));
#8174=CARTESIAN_POINT('Ctrl Pts',(22.4966348266614,-4.37750011444092,3.66495022754143));
#8175=CARTESIAN_POINT('Ctrl Pts',(22.5150703320914,-4.37750011444092,3.64566118973414));
#8176=CARTESIAN_POINT('Ctrl Pts',(22.5284448233286,-4.37750011444092,3.62203038905992));
#8177=CARTESIAN_POINT('Ctrl Pts',(22.537386011581,-4.37750011444092,3.59448049273733));
#8178=CARTESIAN_POINT('Ctrl Pts',(22.5462159059417,-4.37750011444092,3.56727351897617));
#8179=CARTESIAN_POINT('Ctrl Pts',(22.5502819561758,-4.37750011444092,3.53691570936855));
#8180=CARTESIAN_POINT('Ctrl Pts',(22.5502819561758,-4.37750011444092,3.50356583487279));
#8181=CARTESIAN_POINT('Ctrl Pts',(22.5502819561758,-4.37750011444092,3.471085957103));
#8182=CARTESIAN_POINT('Ctrl Pts',(22.5452955242658,-4.37750011444092,3.44121606951114));
#8183=CARTESIAN_POINT('Ctrl Pts',(22.5353226604458,-4.37750011444092,3.41395617209721));
#8184=CARTESIAN_POINT('Ctrl Pts',(22.5254159729176,-4.37750011444092,3.38687716143322));
#8185=CARTESIAN_POINT('Ctrl Pts',(22.51004660904,-4.37750011444092,3.3636413614449));
#8186=CARTESIAN_POINT('Ctrl Pts',(22.4904447732559,-4.37750011444092,3.3439214356561));
#8187=CARTESIAN_POINT('Ctrl Pts',(22.4710117225656,-4.37750011444092,3.32437131179612));
#8188=CARTESIAN_POINT('Ctrl Pts',(22.4464266157056,-4.37750011444092,3.3094115655257));
#8189=CARTESIAN_POINT('Ctrl Pts',(22.4171958079574,-4.37750011444092,3.29868160590532));
#8190=CARTESIAN_POINT('Ctrl Pts',(22.3878377283767,-4.37750011444092,3.28790492771206));
#8191=CARTESIAN_POINT('Ctrl Pts',(22.3544355442626,-4.37750011444092,3.28215166811177));
#8192=CARTESIAN_POINT('Ctrl Pts',(22.3166074401179,-4.37750011444092,3.28215166811177));
#8193=CARTESIAN_POINT('Ctrl Pts',(22.29150333464,-4.37750011444092,3.28215166811177));
#8194=CARTESIAN_POINT('Ctrl Pts',(22.2676028506576,-4.37750011444092,3.28432665992671));
#8195=CARTESIAN_POINT('Ctrl Pts',(22.2449059881707,-4.37750011444092,3.28867664355659));
#8196=CARTESIAN_POINT('Ctrl Pts',(22.2218820044451,-4.37750011444092,3.29308932184458));
#8197=CARTESIAN_POINT('Ctrl Pts',(22.2010597765484,-4.37750011444092,3.29940660317697));
#8198=CARTESIAN_POINT('Ctrl Pts',(22.1824896163318,-4.37750011444092,3.30781657152807));
#8199=CARTESIAN_POINT('Ctrl Pts',(22.202091452116,-4.13915,3.70845006384025));
#8200=CARTESIAN_POINT('Ctrl Pts',(22.2113765322242,-4.13915,3.7116400518355));
#8201=CARTESIAN_POINT('Ctrl Pts',(22.2204896664045,-4.13915,3.71425004201343));
#8202=CARTESIAN_POINT('Ctrl Pts',(22.2294308546569,-4.13915,3.71628003437404));
#8203=CARTESIAN_POINT('Ctrl Pts',(22.2387819574103,-4.13915,3.71840309303434));
#8204=CARTESIAN_POINT('Ctrl Pts',(22.2483449067293,-4.13915,3.72034001909526));
#8205=CARTESIAN_POINT('Ctrl Pts',(22.2583177705493,-4.13915,3.7215000147299));
#8206=CARTESIAN_POINT('Ctrl Pts',(22.2683428638649,-4.13915,3.72266608544868));
#8207=CARTESIAN_POINT('Ctrl Pts',(22.2787793359731,-4.13915,3.7239650054535));
#8208=CARTESIAN_POINT('Ctrl Pts',(22.2897838753607,-4.13915,3.72454500327082));
#8209=CARTESIAN_POINT('Ctrl Pts',(22.3011569131429,-4.13915,3.72514442291553));
#8210=CARTESIAN_POINT('Ctrl Pts',(22.313684359343,-4.13915,3.72584999835978));
#8211=CARTESIAN_POINT('Ctrl Pts',(22.3274400335775,-4.13915,3.72584999835978));
#8212=CARTESIAN_POINT('Ctrl Pts',(22.365955921434,-4.13915,3.72584999835978));
#8213=CARTESIAN_POINT('Ctrl Pts',(22.3991414855246,-4.13915,3.72063001800392));
#8214=CARTESIAN_POINT('Ctrl Pts',(22.4269967258494,-4.13915,3.71019005729221));
#8215=CARTESIAN_POINT('Ctrl Pts',(22.4549810695956,-4.13915,3.69970170946799));
#8216=CARTESIAN_POINT('Ctrl Pts',(22.4780646664449,-4.13915,3.68438015442157));
#8217=CARTESIAN_POINT('Ctrl Pts',(22.4966348266614,-4.13915,3.66495022754143));
#8218=CARTESIAN_POINT('Ctrl Pts',(22.5150703320914,-4.13915,3.64566118973414));
#8219=CARTESIAN_POINT('Ctrl Pts',(22.5284448233286,-4.13915,3.62203038905992));
#8220=CARTESIAN_POINT('Ctrl Pts',(22.537386011581,-4.13915,3.59448049273733));
#8221=CARTESIAN_POINT('Ctrl Pts',(22.5462159059417,-4.13915,3.56727351897617));
#8222=CARTESIAN_POINT('Ctrl Pts',(22.5502819561758,-4.13915,3.53691570936855));
#8223=CARTESIAN_POINT('Ctrl Pts',(22.5502819561758,-4.13915,3.50356583487279));
#8224=CARTESIAN_POINT('Ctrl Pts',(22.5502819561758,-4.13915,3.471085957103));
#8225=CARTESIAN_POINT('Ctrl Pts',(22.5452955242658,-4.13915,3.44121606951114));
#8226=CARTESIAN_POINT('Ctrl Pts',(22.5353226604458,-4.13915,3.41395617209721));
#8227=CARTESIAN_POINT('Ctrl Pts',(22.5254159729176,-4.13915,3.38687716143322));
#8228=CARTESIAN_POINT('Ctrl Pts',(22.51004660904,-4.13915,3.3636413614449));
#8229=CARTESIAN_POINT('Ctrl Pts',(22.4904447732559,-4.13915,3.3439214356561));
#8230=CARTESIAN_POINT('Ctrl Pts',(22.4710117225656,-4.13915,3.32437131179612));
#8231=CARTESIAN_POINT('Ctrl Pts',(22.4464266157056,-4.13915,3.3094115655257));
#8232=CARTESIAN_POINT('Ctrl Pts',(22.4171958079574,-4.13915,3.29868160590532));
#8233=CARTESIAN_POINT('Ctrl Pts',(22.3878377283767,-4.13915,3.28790492771206));
#8234=CARTESIAN_POINT('Ctrl Pts',(22.3544355442626,-4.13915,3.28215166811177));
#8235=CARTESIAN_POINT('Ctrl Pts',(22.3166074401179,-4.13915,3.28215166811177));
#8236=CARTESIAN_POINT('Ctrl Pts',(22.29150333464,-4.13915,3.28215166811177));
#8237=CARTESIAN_POINT('Ctrl Pts',(22.2676028506576,-4.13915,3.28432665992671));
#8238=CARTESIAN_POINT('Ctrl Pts',(22.2449059881707,-4.13915,3.28867664355659));
#8239=CARTESIAN_POINT('Ctrl Pts',(22.2218820044451,-4.13915,3.29308932184458));
#8240=CARTESIAN_POINT('Ctrl Pts',(22.2010597765484,-4.13915,3.29940660317697));
#8241=CARTESIAN_POINT('Ctrl Pts',(22.1824896163318,-4.13915,3.30781657152808));
#8242=CARTESIAN_POINT('Origin',(22.202091452116,-4.13915,3.66103524227453));
#8243=CARTESIAN_POINT('Origin',(12.8266389027096,0.8675,0.165849999999998));
#8244=CARTESIAN_POINT('',(12.9924889027096,5.49249988555909,0.165849999999998));
#8245=CARTESIAN_POINT('',(12.6607889027096,5.49249988555908,0.165849999999998));
#8246=CARTESIAN_POINT('',(14.2308196039427,5.49249988555908,0.165849999999999));
#8247=CARTESIAN_POINT('',(12.9924889027096,-4.36335,0.165849999999998));
#8248=CARTESIAN_POINT('',(12.9924889027096,0.8675,0.165849999999998));
#8249=CARTESIAN_POINT('',(12.9705577805275,-4.36335,0.165849999999998));
#8250=CARTESIAN_POINT('',(12.8266389027096,-4.36335,0.165849999999998));
#8251=CARTESIAN_POINT('',(12.9705577805275,-4.14164999999999,0.165849999999998));
#8252=CARTESIAN_POINT('',(12.9705577805275,-2.1375,0.165849999999998));
#8253=CARTESIAN_POINT('',(12.6607889027096,-4.14164999999999,0.165849999999998));
#8254=CARTESIAN_POINT('',(12.413759784213,-4.14164999999999,0.165849999999997));
#8255=CARTESIAN_POINT('',(12.6607889027096,0.8675,0.165849999999998));
#8256=CARTESIAN_POINT('Origin',(12.8266389027096,-4.36335,-0.835000000000002));
#8257=CARTESIAN_POINT('',(12.6607889027096,-4.36335,0.0150000000000001));
#8258=CARTESIAN_POINT('',(12.6755952513964,-4.36335,0.0150000000000001));
#8259=CARTESIAN_POINT('',(14.2308196039427,-4.36335,0.015000000000001));
#8260=CARTESIAN_POINT('',(12.6607889027096,-4.36335,0.0507306505738501));
#8261=CARTESIAN_POINT('',(12.6607889027096,-4.36335,-0.835000000000002));
#8262=CARTESIAN_POINT('',(12.4233301569626,-4.36335,0.623765613445073));
#8263=CARTESIAN_POINT('Origin',(12.6607889027096,0.8675,-0.835000000000002));
#8264=CARTESIAN_POINT('',(12.6607889027096,5.49249988555908,0.0150000000000005));
#8265=CARTESIAN_POINT('',(12.6607889027096,5.49249988555908,0.515));
#8266=CARTESIAN_POINT('',(12.6607889027096,-4.14164999999999,0.0507306505738492));
#8267=CARTESIAN_POINT('',(12.6607889027096,-4.14164999999999,0.619773177816334));
#8268=CARTESIAN_POINT('',(12.6607889027096,-2.1375,0.0507306505738501));
#8269=CARTESIAN_POINT('',(12.6607889027096,0.712499942779542,0.0150000000000001));
#8270=CARTESIAN_POINT('Origin',(12.9924889027096,0.8675,-0.835000000000002));
#8271=CARTESIAN_POINT('',(12.9924889027096,5.49249988555908,0.0150000000000006));
#8272=CARTESIAN_POINT('',(12.9924889027096,5.49249988555908,0.515));
#8273=CARTESIAN_POINT('',(12.9924889027096,-4.14165,0.0150000000000001));
#8274=CARTESIAN_POINT('',(12.9924889027096,0.712499942779542,0.0150000000000001));
#8275=CARTESIAN_POINT('',(12.9924889027096,-4.14164999999999,0.112925860500135));
#8276=CARTESIAN_POINT('',(12.9924889027096,-4.14165,0.619773177816334));
#8277=CARTESIAN_POINT('',(12.9924889027096,-4.36335,0.112925860500135));
#8278=CARTESIAN_POINT('',(12.9924889027096,-2.1375,0.112925860500136));
#8279=CARTESIAN_POINT('',(12.9924889027096,-4.36335,-0.835000000000002));
#8280=CARTESIAN_POINT('Origin',(12.8266389027096,-4.36335,-0.835000000000002));
#8281=CARTESIAN_POINT('',(12.7284335912355,-4.36335,0.750143601756717));
#8282=CARTESIAN_POINT('Origin',(15.6350003051758,5.49249988555909,1.965));
#8283=CARTESIAN_POINT('',(8.11000030517578,5.49249988555909,0.0149999999999985));
#8284=CARTESIAN_POINT('',(15.6350003051758,5.49249988555908,0.0150000000000019));
#8285=CARTESIAN_POINT('',(8.11000030517578,5.49249988555909,4.115));
#8286=CARTESIAN_POINT('',(8.11000030517578,5.49249988555909,1.965));
#8287=CARTESIAN_POINT('',(23.1600003051758,5.49249988555909,4.115));
#8288=CARTESIAN_POINT('',(15.6350003051758,5.49249988555909,4.115));
#8289=CARTESIAN_POINT('',(23.1600003051758,5.49249988555909,0.0150000000000056));
#8290=CARTESIAN_POINT('',(23.1600003051758,5.49249988555909,1.96500000000001));
#8291=CARTESIAN_POINT('',(17.9802479677322,5.49249988555908,0.0150000000000031));
#8292=CARTESIAN_POINT('',(15.6350003051758,5.49249988555908,0.0150000000000019));
#8293=CARTESIAN_POINT('',(17.9802479677322,5.49249988555909,0.16585));
#8294=CARTESIAN_POINT('',(17.9802479677322,5.49249988555908,0.515000000000001));
#8295=CARTESIAN_POINT('',(17.6485479677322,5.49249988555908,0.165850000000001));
#8296=CARTESIAN_POINT('',(16.724699136454,5.49249988555908,0.16585));
#8297=CARTESIAN_POINT('',(17.6485479677322,5.49249988555908,0.015000000000003));
#8298=CARTESIAN_POINT('',(17.6485479677322,5.49249988555908,0.515000000000001));
#8299=CARTESIAN_POINT('',(16.9863684352209,5.49249988555908,0.0150000000000026));
#8300=CARTESIAN_POINT('',(15.6350003051758,5.49249988555908,0.0150000000000019));
#8301=CARTESIAN_POINT('',(16.9863684352209,5.49249988555909,0.16585));
#8302=CARTESIAN_POINT('',(16.9863684352209,5.49249988555908,0.515000000000001));
#8303=CARTESIAN_POINT('',(16.6546684352209,5.49249988555908,0.165850000000001));
#8304=CARTESIAN_POINT('',(16.2277593701984,5.49249988555908,0.16585));
#8305=CARTESIAN_POINT('',(16.6546684352209,5.49249988555908,0.0150000000000025));
#8306=CARTESIAN_POINT('',(16.6546684352209,5.49249988555908,0.515000000000001));
#8307=CARTESIAN_POINT('',(15.9824889027096,5.49249988555908,0.0150000000000021));
#8308=CARTESIAN_POINT('',(15.6350003051758,5.49249988555908,0.0150000000000019));
#8309=CARTESIAN_POINT('',(15.9824889027096,5.49249988555909,0.16585));
#8310=CARTESIAN_POINT('',(15.9824889027096,5.49249988555908,0.515000000000001));
#8311=CARTESIAN_POINT('',(15.6507889027096,5.49249988555908,0.16585));
#8312=CARTESIAN_POINT('',(15.7258196039427,5.49249988555908,0.16585));
#8313=CARTESIAN_POINT('',(15.6507889027096,5.49249988555908,0.015000000000002));
#8314=CARTESIAN_POINT('',(15.6507889027096,5.49249988555908,0.515000000000001));
#8315=CARTESIAN_POINT('',(14.9924889027096,5.49249988555908,0.0150000000000016));
#8316=CARTESIAN_POINT('',(15.6350003051758,5.49249988555908,0.0150000000000019));
#8317=CARTESIAN_POINT('',(14.9924889027096,5.49249988555909,0.16585));
#8318=CARTESIAN_POINT('',(14.9924889027096,5.49249988555908,0.515));
#8319=CARTESIAN_POINT('',(14.6607889027096,5.49249988555908,0.16585));
#8320=CARTESIAN_POINT('',(15.2308196039427,5.49249988555908,0.16585));
#8321=CARTESIAN_POINT('',(14.6607889027096,5.49249988555908,0.0150000000000015));
#8322=CARTESIAN_POINT('',(14.6607889027096,5.49249988555908,0.515));
#8323=CARTESIAN_POINT('',(13.9924889027096,5.49249988555908,0.0150000000000011));
#8324=CARTESIAN_POINT('',(15.6350003051758,5.49249988555908,0.0150000000000019));
#8325=CARTESIAN_POINT('',(13.9924889027096,5.49249988555909,0.16585));
#8326=CARTESIAN_POINT('',(13.9924889027096,5.49249988555908,0.515));
#8327=CARTESIAN_POINT('',(13.6607889027096,5.49249988555908,0.165850000000001));
#8328=CARTESIAN_POINT('',(14.7308196039427,5.49249988555908,0.165850000000001));
#8329=CARTESIAN_POINT('',(13.6607889027096,5.49249988555908,0.015000000000001));
#8330=CARTESIAN_POINT('',(13.6607889027096,5.49249988555908,0.515));
#8331=CARTESIAN_POINT('',(15.6350003051758,5.49249988555908,0.0150000000000019));
#8332=CARTESIAN_POINT('',(14.9108503051758,5.49249988555909,2.41585));
#8333=CARTESIAN_POINT('',(13.4091503051758,5.49249988555909,2.41585));
#8334=CARTESIAN_POINT('',(14.8975003051758,5.49249988555909,2.41585));
#8335=CARTESIAN_POINT('',(13.4091503051758,5.49249988555909,2.11415));
#8336=CARTESIAN_POINT('',(13.4091503051758,5.49249988555909,2.065));
#8337=CARTESIAN_POINT('',(14.9108503051758,5.49249988555909,2.11415));
#8338=CARTESIAN_POINT('',(14.8975003051758,5.49249988555909,2.11415));
#8339=CARTESIAN_POINT('',(14.9108503051758,5.49249988555909,2.065));
#8340=CARTESIAN_POINT('',(16.0108503051758,5.49249988555909,2.41585));
#8341=CARTESIAN_POINT('',(15.4091503051758,5.49249988555909,2.41585));
#8342=CARTESIAN_POINT('',(15.6725003051758,5.49249988555909,2.41585));
#8343=CARTESIAN_POINT('',(15.4091503051758,5.49249988555909,1.81415));
#8344=CARTESIAN_POINT('',(15.4091503051758,5.49249988555909,1.99));
#8345=CARTESIAN_POINT('',(16.0108503051758,5.49249988555909,1.81415));
#8346=CARTESIAN_POINT('',(15.6725003051758,5.49249988555908,1.81415));
#8347=CARTESIAN_POINT('',(16.0108503051758,5.49249988555909,1.99));
#8348=CARTESIAN_POINT('',(20.8108503051758,5.49249988555909,2.41585000000001));
#8349=CARTESIAN_POINT('',(19.1091503051758,5.49249988555909,2.41585));
#8350=CARTESIAN_POINT('',(17.7975003051758,5.49249988555909,2.41585));
#8351=CARTESIAN_POINT('',(19.1091503051758,5.49249988555909,1.61415));
#8352=CARTESIAN_POINT('',(19.1091503051758,5.49249988555909,1.94));
#8353=CARTESIAN_POINT('',(20.8108503051758,5.49249988555909,1.61415000000001));
#8354=CARTESIAN_POINT('',(17.7975003051758,5.49249988555908,1.61415));
#8355=CARTESIAN_POINT('',(20.8108503051758,5.49249988555909,1.94));
#8356=CARTESIAN_POINT('',(18.3108503051758,5.49249988555908,2.46454985805133));
#8357=CARTESIAN_POINT('',(16.7091503051758,5.49249988555909,2.46454985805133));
#8358=CARTESIAN_POINT('',(16.5725003051758,5.49249988555909,2.46454985805133));
#8359=CARTESIAN_POINT('',(16.7091503051758,5.49249988555908,0.714150000000003));
#8360=CARTESIAN_POINT('',(16.7091503051758,5.49249988555908,1.72717496451283));
#8361=CARTESIAN_POINT('',(18.3108503051758,5.49249988555909,0.714150000000003));
#8362=CARTESIAN_POINT('',(16.5725003051758,5.49249988555908,0.714150000000002));
#8363=CARTESIAN_POINT('',(18.3108503051758,5.49249988555908,1.72717496451283));
#8364=CARTESIAN_POINT('',(10.5108503051758,5.49249988555909,2.41585));
#8365=CARTESIAN_POINT('',(9.50915030517578,5.49249988555909,2.41585));
#8366=CARTESIAN_POINT('',(12.8225003051758,5.49249988555909,2.41585));
#8367=CARTESIAN_POINT('',(9.50915030517578,5.49249988555909,1.81415));
#8368=CARTESIAN_POINT('',(9.50915030517578,5.49249988555909,1.99));
#8369=CARTESIAN_POINT('',(10.5108503051758,5.49249988555909,1.81415));
#8370=CARTESIAN_POINT('',(12.8225003051758,5.49249988555908,1.81415));
#8371=CARTESIAN_POINT('',(10.5108503051758,5.49249988555909,1.99));
#8372=CARTESIAN_POINT('',(13.0108503051758,5.49249988555908,2.46454985805132));
#8373=CARTESIAN_POINT('',(11.1091503051758,5.49249988555909,2.46454985805132));
#8374=CARTESIAN_POINT('',(13.8475003051758,5.49249988555909,2.46454985805132));
#8375=CARTESIAN_POINT('',(11.1091503051758,5.49249988555908,0.714149999999999));
#8376=CARTESIAN_POINT('',(11.1091503051758,5.49249988555908,1.72717496451283));
#8377=CARTESIAN_POINT('',(13.0108503051758,5.49249988555909,0.71415));
#8378=CARTESIAN_POINT('',(13.8475003051758,5.49249988555908,0.714150000000001));
#8379=CARTESIAN_POINT('',(13.0108503051758,5.49249988555908,1.72717496451283));
#8380=CARTESIAN_POINT('Origin',(15.6350003051758,0.557499885559083,0.0150000000000019));
#8381=CARTESIAN_POINT('',(12.6755952513964,-4.37750011444092,0.0150000000000001));
#8382=CARTESIAN_POINT('',(12.6755952513964,-2.29250005722046,0.0150000000000001));
#8383=CARTESIAN_POINT('',(8.11000030517578,-4.37750011444092,0.0149999999999984));
#8384=CARTESIAN_POINT('',(15.6350003051758,-4.37750011444092,0.0150000000000019));
#8385=CARTESIAN_POINT('',(8.11000030517578,0.557499885559083,0.0149999999999984));
#8386=CARTESIAN_POINT('Origin',(15.6350003051758,0.557499885559083,0.0150000000000019));
#8387=CARTESIAN_POINT('',(13.6607889027096,-4.36335,0.015000000000001));
#8388=CARTESIAN_POINT('',(13.6607889027096,0.644999942779542,0.015000000000001));
#8389=CARTESIAN_POINT('',(13.6755952513964,-4.36335,0.015000000000001));
#8390=CARTESIAN_POINT('',(14.7308196039427,-4.36335,0.0150000000000019));
#8391=CARTESIAN_POINT('',(13.6755952513964,-4.37750011444092,0.015000000000001));
#8392=CARTESIAN_POINT('',(13.6755952513964,-2.29250005722046,0.0150000000000001));
#8393=CARTESIAN_POINT('',(13.0330681928354,-4.37750011444092,0.0150000000000001));
#8394=CARTESIAN_POINT('',(15.6350003051758,-4.37750011444092,0.0150000000000019));
#8395=CARTESIAN_POINT('',(13.0330681928354,-4.14164999999999,0.0150000000000001));
#8396=CARTESIAN_POINT('',(13.0330681928354,-2.29250005722046,0.0150000000000001));
#8397=CARTESIAN_POINT('',(13.8179404854461,-4.14165,0.015000000000001));
#8398=CARTESIAN_POINT('Origin',(12.0008806657164,-4.14164999999999,2.07454635563267));
#8399=CARTESIAN_POINT('',(11.3340778682582,-4.14165,4.115));
#8400=CARTESIAN_POINT('',(12.1534417863216,-4.14164999999999,2.13771265735655));
#8401=CARTESIAN_POINT('',(10.9766049268192,-4.14165,4.115));
#8402=CARTESIAN_POINT('',(13.8179404854461,-4.14165,4.115));
#8403=CARTESIAN_POINT('',(11.8483195451111,-4.14164999999999,2.01138005390879));
#8404=CARTESIAN_POINT('Origin',(11.8483195451111,-5.14249999999999,2.01138005390879));
#8405=CARTESIAN_POINT('',(10.9766049268192,-4.37750011444092,4.115));
#8406=CARTESIAN_POINT('',(10.9766049268192,-2.29250005722046,4.115));
#8407=CARTESIAN_POINT('',(12.1163104675058,-4.37750011444092,1.36466490437315));
#8408=CARTESIAN_POINT('Origin',(13.8266389027096,0.732500000000001,0.16585));
#8409=CARTESIAN_POINT('',(13.9924889027096,-4.36335,0.165849999999999));
#8410=CARTESIAN_POINT('',(13.9924889027096,0.732500000000001,0.16585));
#8411=CARTESIAN_POINT('',(13.9705577805275,-4.36335,0.165849999999999));
#8412=CARTESIAN_POINT('',(13.8266389027096,-4.36335,0.165849999999999));
#8413=CARTESIAN_POINT('',(13.9705577805275,-4.14165,0.16585));
#8414=CARTESIAN_POINT('',(13.9705577805275,-2.205,0.165849999999999));
#8415=CARTESIAN_POINT('',(13.6607889027096,-4.14165,0.165849999999999));
#8416=CARTESIAN_POINT('',(13.413759784213,-4.14165,0.165849999999999));
#8417=CARTESIAN_POINT('',(13.6607889027096,0.732500000000001,0.165849999999999));
#8418=CARTESIAN_POINT('Origin',(13.8266389027096,-4.36335,-0.835));
#8419=CARTESIAN_POINT('',(13.6607889027096,-4.36335,0.0507306505738528));
#8420=CARTESIAN_POINT('',(13.6607889027096,-4.36335,-0.835));
#8421=CARTESIAN_POINT('',(13.4233301569626,-4.36335,0.623765613445074));
#8422=CARTESIAN_POINT('Origin',(13.6607889027096,0.732500000000001,-0.835000000000001));
#8423=CARTESIAN_POINT('',(13.6607889027096,-4.14165,0.0507306505738519));
#8424=CARTESIAN_POINT('',(13.6607889027096,-4.14165,0.619773177816334));
#8425=CARTESIAN_POINT('',(13.6607889027096,-2.205,0.0507306505738528));
#8426=CARTESIAN_POINT('Origin',(13.9924889027096,0.732500000000001,-0.835));
#8427=CARTESIAN_POINT('',(13.9924889027096,-4.14165,0.015000000000001));
#8428=CARTESIAN_POINT('',(13.9924889027096,0.644999942779542,0.015000000000001));
#8429=CARTESIAN_POINT('',(13.9924889027096,-4.14165,0.112925860500138));
#8430=CARTESIAN_POINT('',(13.9924889027096,-4.14165,0.619773177816334));
#8431=CARTESIAN_POINT('',(13.9924889027096,-4.36335,0.112925860500138));
#8432=CARTESIAN_POINT('',(13.9924889027096,-2.205,0.112925860500138));
#8433=CARTESIAN_POINT('',(13.9924889027096,-4.36335,-0.835));
#8434=CARTESIAN_POINT('Origin',(13.8266389027096,-4.36335,-0.835));
#8435=CARTESIAN_POINT('',(13.7284335912355,-4.36335,0.750143601756718));
#8436=CARTESIAN_POINT('Origin',(15.6350003051758,0.557499885559083,0.0150000000000019));
#8437=CARTESIAN_POINT('',(14.6607889027096,-4.36335,0.015000000000001));
#8438=CARTESIAN_POINT('',(14.6607889027096,0.627499942779542,0.0150000000000019));
#8439=CARTESIAN_POINT('',(14.6755952513964,-4.36335,0.0150000000000019));
#8440=CARTESIAN_POINT('',(15.2308196039427,-4.36335,0.0150000000000019));
#8441=CARTESIAN_POINT('',(14.6755952513964,-4.37750011444092,0.0150000000000019));
#8442=CARTESIAN_POINT('',(14.6755952513964,-2.29250005722046,0.015000000000001));
#8443=CARTESIAN_POINT('',(14.0330681928354,-4.37750011444092,0.015000000000001));
#8444=CARTESIAN_POINT('',(15.6350003051758,-4.37750011444092,0.0150000000000019));
#8445=CARTESIAN_POINT('',(14.0330681928354,-4.14165,0.015000000000001));
#8446=CARTESIAN_POINT('',(14.0330681928354,-2.29250005722046,0.015000000000001));
#8447=CARTESIAN_POINT('',(14.3179404854461,-4.14165,0.015000000000001));
#8448=CARTESIAN_POINT('Origin',(13.0008806657164,-4.14165,2.07454635563267));
#8449=CARTESIAN_POINT('',(12.3340778682582,-4.14165,4.115));
#8450=CARTESIAN_POINT('',(13.1534417863217,-4.14165,2.13771265735655));
#8451=CARTESIAN_POINT('',(11.9766049268192,-4.14165,4.115));
#8452=CARTESIAN_POINT('',(14.3179404854461,-4.14165,4.115));
#8453=CARTESIAN_POINT('',(12.8483195451111,-4.14165,2.01138005390879));
#8454=CARTESIAN_POINT('Origin',(12.8483195451111,-5.1425,2.01138005390879));
#8455=CARTESIAN_POINT('',(11.9766049268192,-4.37750011444092,4.115));
#8456=CARTESIAN_POINT('',(11.9766049268192,-2.29250005722046,4.115));
#8457=CARTESIAN_POINT('',(13.0430345520017,-4.37750011444092,1.54149419481766));
#8458=CARTESIAN_POINT('Origin',(14.8266389027096,0.6975,0.16585));
#8459=CARTESIAN_POINT('',(14.9924889027096,-4.36335,0.16585));
#8460=CARTESIAN_POINT('',(14.9924889027096,0.6975,0.16585));
#8461=CARTESIAN_POINT('',(14.9705577805275,-4.36335,0.16585));
#8462=CARTESIAN_POINT('',(14.8266389027096,-4.36335,0.16585));
#8463=CARTESIAN_POINT('',(14.9705577805275,-4.14165,0.16585));
#8464=CARTESIAN_POINT('',(14.9705577805275,-2.2225,0.165849999999999));
#8465=CARTESIAN_POINT('',(14.6607889027096,-4.14165,0.16585));
#8466=CARTESIAN_POINT('',(14.413759784213,-4.14165,0.165849999999999));
#8467=CARTESIAN_POINT('',(14.6607889027096,0.6975,0.16585));
#8468=CARTESIAN_POINT('Origin',(14.8266389027096,-4.36335,-0.835));
#8469=CARTESIAN_POINT('',(14.6607889027096,-4.36335,0.050730650573851));
#8470=CARTESIAN_POINT('',(14.6607889027096,-4.36335,-0.835));
#8471=CARTESIAN_POINT('',(14.4233301569626,-4.36335,0.623765613445074));
#8472=CARTESIAN_POINT('Origin',(14.6607889027096,0.697500000000001,-0.835));
#8473=CARTESIAN_POINT('',(14.6607889027096,-4.14165,0.0507306505738519));
#8474=CARTESIAN_POINT('',(14.6607889027096,-4.14165,0.619773177816336));
#8475=CARTESIAN_POINT('',(14.6607889027096,-2.2225,0.050730650573851));
#8476=CARTESIAN_POINT('Origin',(14.9924889027096,0.697500000000001,-0.835));
#8477=CARTESIAN_POINT('',(14.9924889027096,-4.14165,0.015000000000001));
#8478=CARTESIAN_POINT('',(14.9924889027096,0.627499942779542,0.0150000000000019));
#8479=CARTESIAN_POINT('',(14.9924889027096,-4.14165,0.112925860500137));
#8480=CARTESIAN_POINT('',(14.9924889027096,-4.14165,0.619773177816336));
#8481=CARTESIAN_POINT('',(14.9924889027096,-4.36335,0.112925860500137));
#8482=CARTESIAN_POINT('',(14.9924889027096,-2.2225,0.112925860500136));
#8483=CARTESIAN_POINT('',(14.9924889027096,-4.36335,-0.835));
#8484=CARTESIAN_POINT('Origin',(14.8266389027096,-4.36335,-0.835));
#8485=CARTESIAN_POINT('',(14.7284335912355,-4.36335,0.750143601756718));
#8486=CARTESIAN_POINT('Origin',(15.6350003051758,0.557499885559083,0.0150000000000019));
#8487=CARTESIAN_POINT('',(15.6507889027096,-4.36335,0.0150000000000019));
#8488=CARTESIAN_POINT('',(15.6507889027096,0.642499942779542,0.0150000000000019));
#8489=CARTESIAN_POINT('',(15.6755952513964,-4.36335,0.0150000000000019));
#8490=CARTESIAN_POINT('',(15.7258196039427,-4.36335,0.0150000000000019));
#8491=CARTESIAN_POINT('',(15.6755952513964,-4.37750011444092,0.0150000000000019));
#8492=CARTESIAN_POINT('',(15.6755952513964,-2.29250005722046,0.015000000000001));
#8493=CARTESIAN_POINT('',(15.0330681928354,-4.37750011444092,0.0150000000000019));
#8494=CARTESIAN_POINT('',(15.6350003051758,-4.37750011444092,0.0150000000000019));
#8495=CARTESIAN_POINT('',(15.0330681928354,-4.14165,0.0150000000000019));
#8496=CARTESIAN_POINT('',(15.0330681928354,-2.29250005722046,0.015000000000001));
#8497=CARTESIAN_POINT('',(14.8179404854461,-4.14165,0.015000000000001));
#8498=CARTESIAN_POINT('Origin',(14.0008806657164,-4.14165,2.07454635563267));
#8499=CARTESIAN_POINT('',(13.3340778682582,-4.14165,4.115));
#8500=CARTESIAN_POINT('',(14.1534417863217,-4.14165,2.13771265735655));
#8501=CARTESIAN_POINT('',(12.9766049268192,-4.14165,4.115));
#8502=CARTESIAN_POINT('',(14.8179404854461,-4.14165,4.115));
#8503=CARTESIAN_POINT('',(13.8483195451111,-4.14165,2.01138005390879));
#8504=CARTESIAN_POINT('Origin',(13.8483195451111,-5.1425,2.01138005390879));
#8505=CARTESIAN_POINT('',(12.9766049268192,-4.37750011444092,4.115));
#8506=CARTESIAN_POINT('',(12.9766049268192,-2.29250005722046,4.115));
#8507=CARTESIAN_POINT('',(13.9697586364975,-4.37750011444092,1.71832348526218));
#8508=CARTESIAN_POINT('Origin',(15.8166389027096,0.727500000000001,0.16585));
#8509=CARTESIAN_POINT('',(15.9824889027096,-4.36335,0.16585));
#8510=CARTESIAN_POINT('',(15.9824889027096,0.727500000000001,0.16585));
#8511=CARTESIAN_POINT('',(15.9705577805275,-4.36335,0.16585));
#8512=CARTESIAN_POINT('',(15.8166389027096,-4.36335,0.16585));
#8513=CARTESIAN_POINT('',(15.9705577805275,-4.14165,0.16585));
#8514=CARTESIAN_POINT('',(15.9705577805275,-2.2075,0.165849999999999));
#8515=CARTESIAN_POINT('',(15.6507889027096,-4.14165,0.16585));
#8516=CARTESIAN_POINT('',(15.408759784213,-4.14165,0.165849999999999));
#8517=CARTESIAN_POINT('',(15.6507889027096,0.727500000000001,0.16585));
#8518=CARTESIAN_POINT('Origin',(15.8166389027096,-4.36335,-0.835));
#8519=CARTESIAN_POINT('',(15.6507889027096,-4.36335,0.0748626302602014));
#8520=CARTESIAN_POINT('',(15.6507889027096,-4.36335,-0.835));
#8521=CARTESIAN_POINT('',(15.4225973978076,-4.36335,0.62553390634952));
#8522=CARTESIAN_POINT('Origin',(15.6507889027096,0.727500000000001,-0.835));
#8523=CARTESIAN_POINT('',(15.6507889027096,-4.14165,0.0748626302602014));
#8524=CARTESIAN_POINT('',(15.6507889027096,-4.14165,0.619773177816336));
#8525=CARTESIAN_POINT('',(15.6507889027096,-2.2075,0.0748626302602005));
#8526=CARTESIAN_POINT('Origin',(15.9824889027096,0.727500000000001,-0.835));
#8527=CARTESIAN_POINT('',(15.9824889027096,-4.14165,0.0150000000000019));
#8528=CARTESIAN_POINT('',(15.9824889027096,0.642499942779542,0.0150000000000019));
#8529=CARTESIAN_POINT('',(15.9824889027096,-4.14165,0.137057840186487));
#8530=CARTESIAN_POINT('',(15.9824889027096,-4.14165,0.619773177816336));
#8531=CARTESIAN_POINT('',(15.9824889027096,-4.36335,0.137057840186487));
#8532=CARTESIAN_POINT('',(15.9824889027096,-2.2075,0.137057840186487));
#8533=CARTESIAN_POINT('',(15.9824889027096,-4.36335,-0.835));
#8534=CARTESIAN_POINT('Origin',(15.8166389027096,-4.36335,-0.835));
#8535=CARTESIAN_POINT('',(15.7277008320805,-4.36335,0.751911894661164));
#8536=CARTESIAN_POINT('Origin',(15.6350003051758,0.557499885559083,0.0150000000000019));
#8537=CARTESIAN_POINT('',(16.6546684352209,-4.37750011444092,0.0150000000000019));
#8538=CARTESIAN_POINT('',(16.6546684352209,0.659999942779542,0.0150000000000019));
#8539=CARTESIAN_POINT('',(16.0330681928354,-4.37750011444092,0.0150000000000019));
#8540=CARTESIAN_POINT('',(15.6350003051758,-4.37750011444092,0.0150000000000019));
#8541=CARTESIAN_POINT('',(16.0330681928354,-4.14165,0.0150000000000028));
#8542=CARTESIAN_POINT('',(16.0330681928354,-2.29250005722046,0.015000000000001));
#8543=CARTESIAN_POINT('',(15.3179404854461,-4.14165,0.0150000000000019));
#8544=CARTESIAN_POINT('Origin',(15.0008806657164,-4.14165,2.07454635563267));
#8545=CARTESIAN_POINT('',(14.3340778682582,-4.14165,4.115));
#8546=CARTESIAN_POINT('',(15.1534417863217,-4.14165,2.13771265735655));
#8547=CARTESIAN_POINT('',(13.9766049268192,-4.14165,4.115));
#8548=CARTESIAN_POINT('',(15.3179404854461,-4.14165,4.115));
#8549=CARTESIAN_POINT('',(14.8483195451111,-4.14165,2.01138005390879));
#8550=CARTESIAN_POINT('Origin',(14.8483195451111,-5.1425,2.01138005390879));
#8551=CARTESIAN_POINT('',(13.9766049268192,-4.37750011444092,4.115));
#8552=CARTESIAN_POINT('',(13.9766049268192,-2.29250005722046,4.115));
#8553=CARTESIAN_POINT('',(14.8964827209933,-4.37750011444092,1.89515277570669));
#8554=CARTESIAN_POINT('Origin',(16.9863684352209,0.762500000000001,-0.835));
#8555=CARTESIAN_POINT('',(16.9863684352209,-4.37750011444092,0.16585));
#8556=CARTESIAN_POINT('',(16.9863684352209,-4.37750011444092,0.127695760210997));
#8557=CARTESIAN_POINT('',(16.9863684352209,-4.37750011444092,0.615000000000002));
#8558=CARTESIAN_POINT('',(16.9863684352209,0.7625,0.16585));
#8559=CARTESIAN_POINT('',(16.9863684352209,-4.14165,0.0150000000000019));
#8560=CARTESIAN_POINT('',(16.9863684352209,0.659999942779542,0.0150000000000028));
#8561=CARTESIAN_POINT('',(16.9863684352209,-4.14165,0.127695760210996));
#8562=CARTESIAN_POINT('',(16.9863684352209,-4.14165,0.619773177816336));
#8563=CARTESIAN_POINT('',(16.9863684352209,-2.19,0.127695760210998));
#8564=CARTESIAN_POINT('Origin',(16.6546684352209,0.762500000000001,-0.835));
#8565=CARTESIAN_POINT('',(16.6546684352209,-4.14165,0.16585));
#8566=CARTESIAN_POINT('',(16.6546684352209,0.7625,0.16585));
#8567=CARTESIAN_POINT('',(16.6546684352209,-4.14165,0.0655005502847108));
#8568=CARTESIAN_POINT('',(16.6546684352209,-4.14165,0.619773177816336));
#8569=CARTESIAN_POINT('',(16.6546684352209,-4.37750011444092,0.0655005502847108));
#8570=CARTESIAN_POINT('',(16.6546684352209,-2.19,0.0655005502847117));
#8571=CARTESIAN_POINT('',(16.6546684352209,-4.37750011444092,0.615000000000002));
#8572=CARTESIAN_POINT('Origin',(16.8205184352209,0.7625,0.16585));
#8573=CARTESIAN_POINT('',(16.9705577805275,-4.37750011444092,0.16585));
#8574=CARTESIAN_POINT('',(16.2277593701984,-4.37750011444092,0.165849999999999));
#8575=CARTESIAN_POINT('',(16.9705577805275,-4.14165,0.16585));
#8576=CARTESIAN_POINT('',(16.9705577805275,-2.19,0.16585));
#8577=CARTESIAN_POINT('',(16.4106995504686,-4.14165,0.165849999999999));
#8578=CARTESIAN_POINT('Origin',(16.1534417863217,-5.1425,2.13771265735655));
#8579=CARTESIAN_POINT('',(15.3340778682582,-4.37750011444092,4.115));
#8580=CARTESIAN_POINT('',(16.128310239762,-4.37750011444092,2.19836005446284));
#8581=CARTESIAN_POINT('',(15.3340778682582,-4.14165,4.115));
#8582=CARTESIAN_POINT('',(15.3340778682582,-2.29250005722046,4.115));
#8583=CARTESIAN_POINT('',(16.1534417863217,-4.14165,2.13771265735655));
#8584=CARTESIAN_POINT('Origin',(16.0008806657164,-4.14165,2.07454635563267));
#8585=CARTESIAN_POINT('',(14.9766049268192,-4.14165,4.115));
#8586=CARTESIAN_POINT('',(15.8179404854461,-4.14165,4.115));
#8587=CARTESIAN_POINT('',(15.8483195451111,-4.14165,2.01138005390879));
#8588=CARTESIAN_POINT('Origin',(16.0008806657164,-4.14165,2.07454635563267));
#8589=CARTESIAN_POINT('',(17.0330681928354,-4.14165,0.0150000000000028));
#8590=CARTESIAN_POINT('',(15.8179404854461,-4.14165,0.0150000000000019));
#8591=CARTESIAN_POINT('',(16.1534417863217,-4.14165,2.13771265735655));
#8592=CARTESIAN_POINT('Origin',(15.6350003051758,0.557499885559083,0.0150000000000019));
#8593=CARTESIAN_POINT('',(17.6485479677322,-4.37750011444092,0.0150000000000028));
#8594=CARTESIAN_POINT('',(17.6485479677322,0.577499942779542,0.0150000000000028));
#8595=CARTESIAN_POINT('',(17.0330681928354,-4.37750011444092,0.0150000000000028));
#8596=CARTESIAN_POINT('',(15.6350003051758,-4.37750011444092,0.0150000000000019));
#8597=CARTESIAN_POINT('',(17.0330681928354,-2.29250005722046,0.0150000000000028));
#8598=CARTESIAN_POINT('Origin',(15.6350003051758,-4.37750011444092,2.065));
#8599=CARTESIAN_POINT('',(14.9766049268192,-4.37750011444092,4.115));
#8600=CARTESIAN_POINT('',(15.8232068054892,-4.37750011444092,2.0719820661512));
#8601=CARTESIAN_POINT('',(14.3340778682582,-4.37750011444092,4.115));
#8602=CARTESIAN_POINT('',(15.6350003051758,-4.37750011444092,4.115));
#8603=CARTESIAN_POINT('',(15.2015861552662,-4.37750011444092,2.02153076401833));
#8604=CARTESIAN_POINT('Origin',(17.6485479677322,0.597500000000001,-0.835));
#8605=CARTESIAN_POINT('',(17.6485479677322,-4.14165,0.16585));
#8606=CARTESIAN_POINT('',(17.6485479677322,0.5975,0.16585));
#8607=CARTESIAN_POINT('',(17.6485479677322,-4.14165,0.0802704499955716));
#8608=CARTESIAN_POINT('',(17.6485479677322,-4.14165,0.619773177816336));
#8609=CARTESIAN_POINT('',(17.6485479677322,-4.37750011444092,0.0802704499955716));
#8610=CARTESIAN_POINT('',(17.6485479677322,-2.2725,0.0802704499955716));
#8611=CARTESIAN_POINT('',(17.6485479677322,-4.37750011444092,0.615000000000002));
#8612=CARTESIAN_POINT('Origin',(17.8143979677322,0.5975,0.16585));
#8613=CARTESIAN_POINT('',(17.9802479677322,-4.37750011444092,0.16585));
#8614=CARTESIAN_POINT('',(17.9802479677322,0.5975,0.16585));
#8615=CARTESIAN_POINT('',(17.9705577805275,-4.37750011444092,0.16585));
#8616=CARTESIAN_POINT('',(16.724699136454,-4.37750011444092,0.165849999999999));
#8617=CARTESIAN_POINT('',(17.9705577805275,-4.14165,0.16585));
#8618=CARTESIAN_POINT('',(17.9705577805275,-2.2725,0.16585));
#8619=CARTESIAN_POINT('',(17.4076393167243,-4.14165,0.165849999999999));
#8620=CARTESIAN_POINT('Origin',(17.9802479677322,0.597500000000001,-0.835));
#8621=CARTESIAN_POINT('',(17.9802479677322,-4.14165,0.0150000000000028));
#8622=CARTESIAN_POINT('',(17.9802479677322,0.577499942779542,0.0150000000000028));
#8623=CARTESIAN_POINT('',(17.9802479677322,-4.14165,0.142465659921857));
#8624=CARTESIAN_POINT('',(17.9802479677322,-4.14165,0.619773177816336));
#8625=CARTESIAN_POINT('',(17.9802479677322,-4.37750011444092,0.142465659921856));
#8626=CARTESIAN_POINT('',(17.9802479677322,-2.2725,0.142465659921857));
#8627=CARTESIAN_POINT('',(17.9802479677322,-4.37750011444092,0.615000000000002));
#8628=CARTESIAN_POINT('Origin',(15.6350003051758,-4.37750011444092,2.065));
#8629=CARTESIAN_POINT('',(16.128310239762,-4.37750011444092,2.19836005446284));
#8630=CARTESIAN_POINT('',(15.9766049268192,-4.37750011444092,4.115));
#8631=CARTESIAN_POINT('',(16.749930889985,-4.37750011444092,2.24881135659571));
#8632=CARTESIAN_POINT('',(15.6350003051758,-4.37750011444092,4.115));
#8633=CARTESIAN_POINT('Origin',(16.8483195451111,-5.1425,2.01138005390879));
#8634=CARTESIAN_POINT('',(15.9766049268192,-4.14165,4.115));
#8635=CARTESIAN_POINT('',(16.8483195451111,-4.14165,2.0113800539088));
#8636=CARTESIAN_POINT('',(15.9766049268192,-2.29250005722046,4.115));
#8637=CARTESIAN_POINT('Origin',(17.0008806657164,-4.14165,2.07454635563267));
#8638=CARTESIAN_POINT('',(16.3340778682582,-4.14165,4.115));
#8639=CARTESIAN_POINT('',(17.1534417863217,-4.14165,2.13771265735655));
#8640=CARTESIAN_POINT('',(16.3179404854461,-4.14165,4.115));
#8641=CARTESIAN_POINT('Origin',(17.1534417863217,-5.1425,2.13771265735655));
#8642=CARTESIAN_POINT('',(16.3340778682582,-4.37750011444092,4.115));
#8643=CARTESIAN_POINT('',(17.0550343242579,-4.37750011444092,2.37518934490736));
#8644=CARTESIAN_POINT('',(16.3340778682582,-2.29250005722046,4.115));
#8645=CARTESIAN_POINT('Origin',(17.1534417863217,-5.1425,2.13771265735655));
#8646=CARTESIAN_POINT('',(18.0330681928354,-4.14165,0.0150000000000028));
#8647=CARTESIAN_POINT('',(17.1534417863217,-4.14165,2.13771265735655));
#8648=CARTESIAN_POINT('',(18.0330681928354,-4.37750011444092,0.0150000000000028));
#8649=CARTESIAN_POINT('',(18.0330681928354,-2.29250005722046,0.0150000000000028));
#8650=CARTESIAN_POINT('',(17.0550343242579,-4.37750011444092,2.37518934490736));
#8651=CARTESIAN_POINT('Origin',(17.0008806657164,-4.14165,2.07454635563267));
#8652=CARTESIAN_POINT('',(16.3179404854461,-4.14165,0.0150000000000019));
#8653=CARTESIAN_POINT('Origin',(15.6350003051758,0.557499885559083,0.0150000000000019));
#8654=CARTESIAN_POINT('',(23.1600003051758,-4.37750011444092,0.0150000000000055));
#8655=CARTESIAN_POINT('',(23.1600003051758,0.557499885559083,0.0150000000000055));
#8656=CARTESIAN_POINT('',(15.6350003051758,-4.37750011444092,0.0150000000000019));
#8657=CARTESIAN_POINT('',(22.6335168466961,-3.12447360050965,0.0150000000000046));
#8658=CARTESIAN_POINT('Origin',(21.8826668466961,-3.12447360050965,0.0150000000000037));
#8659=CARTESIAN_POINT('Origin',(15.6350003051758,-4.37750011444092,2.065));
#8660=CARTESIAN_POINT('',(23.1600003051758,-4.37750011444092,4.11500000000001));
#8661=CARTESIAN_POINT('',(23.1600003051758,-4.37750011444092,2.06500000000001));
#8662=CARTESIAN_POINT('',(15.6350003051758,-4.37750011444092,4.115));
#8663=CARTESIAN_POINT('',(19.3091503051758,-4.37750011444092,2.41585));
#8664=CARTESIAN_POINT('',(20.9108503051758,-4.37750011444092,2.41585000000001));
#8665=CARTESIAN_POINT('',(17.8725003051758,-4.37750011444092,2.41585));
#8666=CARTESIAN_POINT('',(20.9108503051758,-4.37750011444092,0.665450141948682));
#8667=CARTESIAN_POINT('',(20.9108503051758,-4.37750011444092,1.80282503548717));
#8668=CARTESIAN_POINT('',(19.3091503051758,-4.37750011444092,0.665450141948682));
#8669=CARTESIAN_POINT('',(17.8725003051758,-4.37750011444092,0.66545014194868));
#8670=CARTESIAN_POINT('',(19.3091503051758,-4.37750011444092,1.80282503548717));
#8671=CARTESIAN_POINT('',(17.9091503051758,-4.37750011444092,2.41585000000001));
#8672=CARTESIAN_POINT('',(18.9108503051758,-4.37750011444092,2.41585000000001));
#8673=CARTESIAN_POINT('',(17.0225003051758,-4.37750011444092,2.41585000000001));
#8674=CARTESIAN_POINT('',(18.9108503051758,-4.37750011444092,1.91415000000001));
#8675=CARTESIAN_POINT('',(18.9108503051758,-4.37750011444092,2.11500000000001));
#8676=CARTESIAN_POINT('',(17.9091503051758,-4.37750011444092,1.91415000000001));
#8677=CARTESIAN_POINT('',(17.0225003051758,-4.37750011444092,1.91415000000001));
#8678=CARTESIAN_POINT('',(17.9091503051758,-4.37750011444092,2.115));
#8679=CARTESIAN_POINT('',(21.9608503051758,-4.37750011444092,2.07302871828723));
#8680=CARTESIAN_POINT('',(21.7091503051758,-4.37750011444092,2.07302871828723));
#8681=CARTESIAN_POINT('',(18.7350003051758,-4.37750011444092,2.07302871828723));
#8682=CARTESIAN_POINT('',(21.7091503051758,-4.37750011444092,2.32472871828723));
#8683=CARTESIAN_POINT('',(21.7091503051758,-4.37750011444092,2.13193935914362));
#8684=CARTESIAN_POINT('',(21.9608503051758,-4.37750011444092,2.32472871828723));
#8685=CARTESIAN_POINT('',(18.7350003051758,-4.37750011444092,2.32472871828723));
#8686=CARTESIAN_POINT('',(21.9608503051758,-4.37750011444092,2.13193935914362));
#8687=CARTESIAN_POINT('Origin',(16.1534417863217,-5.1425,2.13771265735655));
#8688=CARTESIAN_POINT('Origin',(15.8483195451111,-5.1425,2.01138005390879));
#8689=CARTESIAN_POINT('',(14.9766049268192,-2.29250005722046,4.115));
#8690=CARTESIAN_POINT('Origin',(15.1534417863217,-5.1425,2.13771265735655));
#8691=CARTESIAN_POINT('',(15.1534417863217,-4.14165,2.13771265735655));
#8692=CARTESIAN_POINT('',(14.3340778682582,-2.29250005722046,4.115));
#8693=CARTESIAN_POINT('Origin',(15.0008806657164,-4.14165,2.07454635563267));
#8694=CARTESIAN_POINT('Origin',(15.6350003051758,-4.37750011444092,2.065));
#8695=CARTESIAN_POINT('',(13.3340778682582,-4.37750011444092,4.115));
#8696=CARTESIAN_POINT('',(15.6350003051758,-4.37750011444092,4.115));
#8697=CARTESIAN_POINT('',(14.2748620707704,-4.37750011444092,1.84470147357382));
#8698=CARTESIAN_POINT('Origin',(14.1534417863217,-5.1425,2.13771265735655));
#8699=CARTESIAN_POINT('',(14.1534417863217,-4.14165,2.13771265735655));
#8700=CARTESIAN_POINT('',(13.3340778682582,-2.29250005722046,4.115));
#8701=CARTESIAN_POINT('Origin',(14.0008806657164,-4.14165,2.07454635563267));
#8702=CARTESIAN_POINT('Origin',(15.6350003051758,-4.37750011444092,2.065));
#8703=CARTESIAN_POINT('',(12.3340778682582,-4.37750011444092,4.115));
#8704=CARTESIAN_POINT('',(15.6350003051758,-4.37750011444092,4.115));
#8705=CARTESIAN_POINT('',(13.3481379862745,-4.37750011444092,1.66787218312931));
#8706=CARTESIAN_POINT('Origin',(13.1534417863217,-5.1425,2.13771265735655));
#8707=CARTESIAN_POINT('',(13.1534417863217,-4.14165,2.13771265735655));
#8708=CARTESIAN_POINT('',(12.3340778682582,-2.29250005722046,4.115));
#8709=CARTESIAN_POINT('Origin',(13.0008806657164,-4.14165,2.07454635563267));
#8710=CARTESIAN_POINT('Origin',(15.6350003051758,-4.37750011444092,2.065));
#8711=CARTESIAN_POINT('',(11.3340778682582,-4.37750011444092,4.115));
#8712=CARTESIAN_POINT('',(15.6350003051758,-4.37750011444092,4.115));
#8713=CARTESIAN_POINT('',(12.4214139017787,-4.37750011444092,1.4910428926848));
#8714=CARTESIAN_POINT('Origin',(12.1534417863216,-5.14249999999999,2.13771265735655));
#8715=CARTESIAN_POINT('',(12.1534417863216,-4.14164999999999,2.13771265735655));
#8716=CARTESIAN_POINT('',(11.3340778682582,-2.29250005722046,4.115));
#8717=CARTESIAN_POINT('Origin',(12.0008806657164,-4.14164999999999,2.07454635563267));
#8718=CARTESIAN_POINT('Origin',(15.6350003051758,-4.37750011444092,2.065));
#8719=CARTESIAN_POINT('',(8.11000030517578,-4.37750011444092,4.115));
#8720=CARTESIAN_POINT('',(15.6350003051758,-4.37750011444092,4.115));
#8721=CARTESIAN_POINT('',(8.11000030517578,-4.37750011444092,2.065));
#8722=CARTESIAN_POINT('Origin',(21.8350003051758,-4.915,2.32472871828723));
#8723=CARTESIAN_POINT('',(21.9608503051758,-4.07835011444092,2.32472871828723));
#8724=CARTESIAN_POINT('',(21.7091503051758,-4.07835011444092,2.32472871828723));
#8725=CARTESIAN_POINT('',(18.7350003051758,-4.07835011444092,2.32472871828723));
#8726=CARTESIAN_POINT('',(21.9608503051758,-4.915,2.32472871828723));
#8727=CARTESIAN_POINT('',(21.7091503051758,-4.915,2.32472871828723));
#8728=CARTESIAN_POINT('Origin',(21.7091503051758,-4.915,2.19887871828724));
#8729=CARTESIAN_POINT('',(21.7091503051758,-4.07835011444092,2.07302871828723));
#8730=CARTESIAN_POINT('',(21.7091503051758,-4.07835011444092,2.25693935914362));
#8731=CARTESIAN_POINT('',(21.7091503051758,-4.915,2.07302871828723));
#8732=CARTESIAN_POINT('Origin',(21.8350003051758,-4.915,2.07302871828723));
#8733=CARTESIAN_POINT('',(21.9608503051758,-4.07835011444092,2.07302871828723));
#8734=CARTESIAN_POINT('',(18.7350003051758,-4.07835011444092,2.07302871828723));
#8735=CARTESIAN_POINT('',(21.9608503051758,-4.915,2.07302871828723));
#8736=CARTESIAN_POINT('Origin',(21.9608503051758,-4.915,2.19887871828724));
#8737=CARTESIAN_POINT('',(21.9608503051758,-4.07835011444092,2.25693935914362));
#8738=CARTESIAN_POINT('Origin',(8.27000030517578,-4.22000007629395,2.75415));
#8739=CARTESIAN_POINT('',(8.15915030517578,-4.22000007629395,4.115));
#8740=CARTESIAN_POINT('Origin',(8.27000030517578,-4.22000007629395,4.115));
#8741=CARTESIAN_POINT('',(8.15915030517578,-4.22000007629395,2.75415));
#8742=CARTESIAN_POINT('',(8.15915030517578,-4.22000007629395,2.75415));
#8743=CARTESIAN_POINT('Origin',(8.27000030517578,-4.22000007629395,2.75415));
#8744=CARTESIAN_POINT('Origin',(8.27000030517578,-4.22000007629395,2.75415));
#8745=CARTESIAN_POINT('Origin',(23.0000003051758,-4.22000007629395,2.75415000000001));
#8746=CARTESIAN_POINT('',(22.8891503051758,-4.22000007629395,4.115));
#8747=CARTESIAN_POINT('Origin',(23.0000003051758,-4.22000007629395,4.115));
#8748=CARTESIAN_POINT('',(22.8891503051758,-4.22000007629395,2.75415000000001));
#8749=CARTESIAN_POINT('',(22.8891503051758,-4.22000007629395,2.75415000000001));
#8750=CARTESIAN_POINT('Origin',(23.0000003051758,-4.22000007629395,2.75415000000001));
#8751=CARTESIAN_POINT('Origin',(23.0000003051758,-4.22000007629395,2.75415000000001));
#8752=CARTESIAN_POINT('Origin',(23.0000003051758,5.32999992370606,2.75415000000001));
#8753=CARTESIAN_POINT('',(22.8891503051758,5.32999992370606,4.11500000000001));
#8754=CARTESIAN_POINT('Origin',(23.0000003051758,5.32999992370606,4.11500000000001));
#8755=CARTESIAN_POINT('',(22.8891503051758,5.32999992370606,2.75415000000001));
#8756=CARTESIAN_POINT('',(22.8891503051758,5.32999992370606,2.75415000000001));
#8757=CARTESIAN_POINT('Origin',(23.0000003051758,5.32999992370606,2.75415000000001));
#8758=CARTESIAN_POINT('Origin',(23.0000003051758,5.32999992370606,2.75415000000001));
#8759=CARTESIAN_POINT('Origin',(8.27000030517578,5.32999992370606,2.75415));
#8760=CARTESIAN_POINT('',(8.15915030517578,5.32999992370606,4.115));
#8761=CARTESIAN_POINT('Origin',(8.27000030517578,5.32999992370606,4.115));
#8762=CARTESIAN_POINT('',(8.15915030517578,5.32999992370606,2.75415));
#8763=CARTESIAN_POINT('',(8.15915030517578,5.32999992370606,2.75415));
#8764=CARTESIAN_POINT('Origin',(8.27000030517578,5.32999992370606,2.75415));
#8765=CARTESIAN_POINT('Origin',(8.27000030517578,5.32999992370606,2.75415));
#8766=CARTESIAN_POINT('Origin',(21.8826668466961,-3.12447360050965,1.46585));
#8767=CARTESIAN_POINT('',(22.6335168466961,-3.12447360050965,0.514150000000004));
#8768=CARTESIAN_POINT('Origin',(21.8826668466961,-3.12447360050965,0.514150000000004));
#8769=CARTESIAN_POINT('',(22.6335168466961,-3.12447360050965,1.46585));
#8770=CARTESIAN_POINT('Origin',(9.51000030517578,-3.46000007629395,1.20038029674513));
#8771=CARTESIAN_POINT('',(9.51000030517578,-4.07835011444092,0.514149999999999));
#8772=CARTESIAN_POINT('',(9.51000030517578,-4.07835011444092,2.315));
#8773=CARTESIAN_POINT('',(9.51000030517578,-4.07835011444092,1.75769014837256));
#8774=CARTESIAN_POINT('',(9.51000030517578,-2.81000007629394,0.514149999999999));
#8775=CARTESIAN_POINT('',(9.51000030517578,-1.45125009536743,0.514149999999999));
#8776=CARTESIAN_POINT('',(9.51000030517578,-2.81000007629394,2.315));
#8777=CARTESIAN_POINT('',(9.51000030517578,-2.81000007629394,1.20038029674513));
#8778=CARTESIAN_POINT('',(9.51000030517578,-3.46000007629395,2.315));
#8779=CARTESIAN_POINT('Origin',(8.98000030517578,-3.29500007629394,1.73138358394944));
#8780=CARTESIAN_POINT('',(8.86915030517578,-3.29500007629394,2.315));
#8781=CARTESIAN_POINT('Origin',(8.98000030517578,-3.29500007629394,2.315));
#8782=CARTESIAN_POINT('',(8.86915030517578,-3.29500007629394,1.73138358394944));
#8783=CARTESIAN_POINT('',(8.86915030517578,-3.29500007629394,1.73138358394944));
#8784=CARTESIAN_POINT('Origin',(8.98000030517578,-3.29500007629394,1.73138358394944));
#8785=CARTESIAN_POINT('Origin',(8.98000030517578,-3.29500007629394,1.73138358394944));
#8786=CARTESIAN_POINT('Origin',(8.89215019226074,-2.81000007629394,1.20038029674513));
#8787=CARTESIAN_POINT('',(8.40915030517578,-2.81000007629394,2.315));
#8788=CARTESIAN_POINT('',(8.40915030517578,-2.81000007629394,0.514149999999998));
#8789=CARTESIAN_POINT('',(8.40915030517578,-2.81000007629394,1.75769014837256));
#8790=CARTESIAN_POINT('',(8.89215019226074,-2.81000007629394,2.315));
#8791=CARTESIAN_POINT('',(12.2635752487183,-2.81000007629394,0.51415));
#8792=CARTESIAN_POINT('Origin',(8.89215019226074,-3.46000007629395,2.315));
#8793=CARTESIAN_POINT('',(8.40915030517578,-4.07835011444092,2.315));
#8794=CARTESIAN_POINT('',(12.2635752487183,-4.07835011444092,2.315));
#8795=CARTESIAN_POINT('',(8.40915030517578,-1.45125009536743,2.315));
#8796=CARTESIAN_POINT('Origin',(8.40915030517578,0.557499885559083,2.315));
#8797=CARTESIAN_POINT('',(8.40915030517578,3.71214981079102,0.514149999999998));
#8798=CARTESIAN_POINT('',(8.40915030517578,0.557499885559083,0.514149999999999));
#8799=CARTESIAN_POINT('',(8.40915030517578,3.71214981079102,2.315));
#8800=CARTESIAN_POINT('',(8.40915030517578,3.71214981079102,1.75769014837256));
#8801=CARTESIAN_POINT('',(8.40915030517578,5.19334988555908,2.315));
#8802=CARTESIAN_POINT('',(8.40915030517578,2.52428737640381,2.315));
#8803=CARTESIAN_POINT('',(8.40915030517578,5.19334988555908,4.115));
#8804=CARTESIAN_POINT('',(8.40915030517578,5.19334988555908,2.315));
#8805=CARTESIAN_POINT('',(8.40915030517578,-4.07835011444092,4.115));
#8806=CARTESIAN_POINT('',(8.40915030517578,0.557499885559083,4.115));
#8807=CARTESIAN_POINT('',(8.40915030517578,-4.07835011444092,2.315));
#8808=CARTESIAN_POINT('Origin',(9.46215019226074,4.49107486724854,1.20038029674513));
#8809=CARTESIAN_POINT('',(9.46215019226074,5.19334988555908,0.514149999999999));
#8810=CARTESIAN_POINT('',(9.46215019226074,3.71214981079102,0.514149999999999));
#8811=CARTESIAN_POINT('',(9.46215019226074,2.52428737640381,0.514149999999999));
#8812=CARTESIAN_POINT('',(9.46215019226074,5.19334988555908,2.315));
#8813=CARTESIAN_POINT('',(9.46215019226074,5.19334988555908,1.75769014837256));
#8814=CARTESIAN_POINT('',(9.46215019226074,3.71214981079102,2.315));
#8815=CARTESIAN_POINT('',(9.46215019226074,4.49107486724854,2.315));
#8816=CARTESIAN_POINT('',(9.46215019226074,3.71214981079102,1.20038029674513));
#8817=CARTESIAN_POINT('Origin',(8.81215019226074,4.49107486724854,2.315));
#8818=CARTESIAN_POINT('',(12.2235752487183,5.19334988555908,2.315));
#8819=CARTESIAN_POINT('',(8.81215019226074,3.71214981079102,2.315));
#8820=CARTESIAN_POINT('',(8.97715019226074,4.36965104003276,2.315));
#8821=CARTESIAN_POINT('Origin',(8.97715019226074,4.25593911000684,2.315));
#8822=CARTESIAN_POINT('Ctrl Pts',(8.97715019226074,4.36965104003276,2.315));
#8823=CARTESIAN_POINT('Ctrl Pts',(9.08800019226074,4.36965104003276,2.315));
#8824=CARTESIAN_POINT('Ctrl Pts',(9.08800019226074,4.25593911000684,2.315));
#8825=CARTESIAN_POINT('Ctrl Pts',(9.08800019226074,4.14222717998091,2.315));
#8826=CARTESIAN_POINT('Ctrl Pts',(8.97715019226074,4.14222717998091,2.315));
#8827=CARTESIAN_POINT('Ctrl Pts',(8.86630019226074,4.14222717998091,2.315));
#8828=CARTESIAN_POINT('Ctrl Pts',(8.86630019226074,4.25593911000684,2.315));
#8829=CARTESIAN_POINT('Ctrl Pts',(8.86630019226074,4.36965104003276,2.315));
#8830=CARTESIAN_POINT('Ctrl Pts',(8.97715019226074,4.36965104003276,2.315));
#8831=CARTESIAN_POINT('Ctrl Pts',(8.97715019226074,4.36965104003276,1.73138358394944));
#8832=CARTESIAN_POINT('Ctrl Pts',(9.08800019226074,4.36965104003276,1.73138358394944));
#8833=CARTESIAN_POINT('Ctrl Pts',(9.08800019226074,4.25593911000684,1.73138358394944));
#8834=CARTESIAN_POINT('Ctrl Pts',(9.08800019226074,4.14222717998091,1.73138358394944));
#8835=CARTESIAN_POINT('Ctrl Pts',(8.97715019226074,4.14222717998091,1.73138358394944));
#8836=CARTESIAN_POINT('Ctrl Pts',(8.86630019226074,4.14222717998091,1.73138358394944));
#8837=CARTESIAN_POINT('Ctrl Pts',(8.86630019226074,4.25593911000684,1.73138358394944));
#8838=CARTESIAN_POINT('Ctrl Pts',(8.86630019226074,4.36965104003276,1.73138358394944));
#8839=CARTESIAN_POINT('Ctrl Pts',(8.97715019226074,4.36965104003276,1.73138358394944));
#8840=CARTESIAN_POINT('',(8.97715019226074,4.36965104003276,1.73138358394944));
#8841=CARTESIAN_POINT('',(8.97715019226074,4.36965104003276,1.73138358394944));
#8842=CARTESIAN_POINT('Origin',(8.97715019226074,4.25593911000684,1.73138358394944));
#8843=CARTESIAN_POINT('Origin',(8.97715019226074,4.25593911000684,1.73138358394944));
#8844=CARTESIAN_POINT('Origin',(8.81215019226074,3.71214981079102,1.20038029674513));
#8845=CARTESIAN_POINT('',(12.2235752487183,3.71214981079102,0.51415));
#8846=CARTESIAN_POINT('Origin',(15.6350003051758,0.557499885559083,0.514150000000002));
#8847=CARTESIAN_POINT('',(16.4743000793457,-4.07835011444092,0.514150000000002));
#8848=CARTESIAN_POINT('',(15.6350003051758,-4.07835011444092,0.514150000000002));
#8849=CARTESIAN_POINT('',(16.4743000793457,-2.81000007629395,0.514150000000002));
#8850=CARTESIAN_POINT('',(16.4743000793457,-1.45125009536743,0.514150000000002));
#8851=CARTESIAN_POINT('',(17.7100003051758,-2.81000007629395,0.514150000000003));
#8852=CARTESIAN_POINT('',(16.3635752487183,-2.81000007629395,0.514150000000002));
#8853=CARTESIAN_POINT('',(17.7100003051758,-4.07835011444092,0.514150000000003));
#8854=CARTESIAN_POINT('',(17.7100003051758,-1.45125009536743,0.514150000000003));
#8855=CARTESIAN_POINT('',(22.8608503051758,-4.07835011444092,0.514150000000005));
#8856=CARTESIAN_POINT('',(15.6350003051758,-4.07835011444092,0.514150000000002));
#8857=CARTESIAN_POINT('',(22.8608503051758,3.70214981079102,0.514150000000006));
#8858=CARTESIAN_POINT('',(22.8608503051758,0.557499885559083,0.514150000000006));
#8859=CARTESIAN_POINT('',(21.3721501922607,3.70214981079102,0.514150000000005));
#8860=CARTESIAN_POINT('',(18.898037776947,3.70214981079102,0.514150000000004));
#8861=CARTESIAN_POINT('',(21.3721501922607,5.19334988555908,0.514150000000004));
#8862=CARTESIAN_POINT('',(21.3721501922607,2.51928737640381,0.514150000000005));
#8863=CARTESIAN_POINT('',(15.6350003051758,5.19334988555908,0.514150000000002));
#8864=CARTESIAN_POINT('Origin',(22.1610752487183,4.48107486724854,2.31500000000001));
#8865=CARTESIAN_POINT('',(22.8608503051758,5.19334988555908,2.31500000000001));
#8866=CARTESIAN_POINT('',(22.8608503051758,3.70214981079102,2.31500000000001));
#8867=CARTESIAN_POINT('',(22.8608503051758,2.51928737640381,2.31500000000001));
#8868=CARTESIAN_POINT('',(21.3721501922607,5.19334988555908,2.315));
#8869=CARTESIAN_POINT('',(18.898037776947,5.19334988555908,2.315));
#8870=CARTESIAN_POINT('',(21.3721501922607,3.70214981079102,2.315));
#8871=CARTESIAN_POINT('',(21.3721501922607,4.48107486724854,2.315));
#8872=CARTESIAN_POINT('',(22.1610752487183,3.70214981079102,2.31500000000001));
#8873=CARTESIAN_POINT('',(22.1871501922607,4.35965104003276,2.31500000000001));
#8874=CARTESIAN_POINT('Origin',(22.1871501922607,4.24593911000684,2.31500000000001));
#8875=CARTESIAN_POINT('Origin',(21.3721501922607,4.48107486724854,1.20038029674514));
#8876=CARTESIAN_POINT('',(21.3721501922607,5.19334988555908,1.75769014837257));
#8877=CARTESIAN_POINT('',(21.3721501922607,3.70214981079102,1.20038029674514));
#8878=CARTESIAN_POINT('Ctrl Pts',(22.1871501922607,4.35965104003276,2.31500000000001));
#8879=CARTESIAN_POINT('Ctrl Pts',(22.2980001922607,4.35965104003276,2.31500000000001));
#8880=CARTESIAN_POINT('Ctrl Pts',(22.2980001922607,4.24593911000684,2.31500000000001));
#8881=CARTESIAN_POINT('Ctrl Pts',(22.2980001922607,4.13222717998091,2.31500000000001));
#8882=CARTESIAN_POINT('Ctrl Pts',(22.1871501922607,4.13222717998091,2.31500000000001));
#8883=CARTESIAN_POINT('Ctrl Pts',(22.0763001922607,4.13222717998091,2.31500000000001));
#8884=CARTESIAN_POINT('Ctrl Pts',(22.0763001922607,4.24593911000684,2.31500000000001));
#8885=CARTESIAN_POINT('Ctrl Pts',(22.0763001922607,4.35965104003276,2.31500000000001));
#8886=CARTESIAN_POINT('Ctrl Pts',(22.1871501922607,4.35965104003276,2.31500000000001));
#8887=CARTESIAN_POINT('Ctrl Pts',(22.1871501922607,4.35965104003276,1.73138358394945));
#8888=CARTESIAN_POINT('Ctrl Pts',(22.2980001922607,4.35965104003276,1.73138358394945));
#8889=CARTESIAN_POINT('Ctrl Pts',(22.2980001922607,4.24593911000684,1.73138358394945));
#8890=CARTESIAN_POINT('Ctrl Pts',(22.2980001922607,4.13222717998091,1.73138358394945));
#8891=CARTESIAN_POINT('Ctrl Pts',(22.1871501922607,4.13222717998091,1.73138358394945));
#8892=CARTESIAN_POINT('Ctrl Pts',(22.0763001922607,4.13222717998091,1.73138358394945));
#8893=CARTESIAN_POINT('Ctrl Pts',(22.0763001922607,4.24593911000684,1.73138358394945));
#8894=CARTESIAN_POINT('Ctrl Pts',(22.0763001922607,4.35965104003276,1.73138358394945));
#8895=CARTESIAN_POINT('Ctrl Pts',(22.1871501922607,4.35965104003276,1.73138358394945));
#8896=CARTESIAN_POINT('',(22.1871501922607,4.35965104003276,1.73138358394945));
#8897=CARTESIAN_POINT('',(22.1871501922607,4.35965104003276,1.73138358394945));
#8898=CARTESIAN_POINT('Origin',(22.1871501922607,4.24593911000684,1.73138358394945));
#8899=CARTESIAN_POINT('Origin',(22.1871501922607,4.24593911000684,1.73138358394945));
#8900=CARTESIAN_POINT('Origin',(22.1610752487183,3.70214981079102,1.20038029674514));
#8901=CARTESIAN_POINT('',(22.8608503051758,3.70214981079102,1.75769014837257));
#8902=CARTESIAN_POINT('Origin',(22.8608503051758,0.557499885559083,2.31500000000001));
#8903=CARTESIAN_POINT('',(22.8608503051758,-4.07835011444092,4.115));
#8904=CARTESIAN_POINT('',(22.8608503051758,-4.07835011444092,2.31500000000001));
#8905=CARTESIAN_POINT('',(22.8608503051758,5.19334988555908,4.115));
#8906=CARTESIAN_POINT('',(22.8608503051758,0.557499885559083,4.115));
#8907=CARTESIAN_POINT('',(22.8608503051758,5.19334988555908,2.31500000000001));
#8908=CARTESIAN_POINT('Origin',(16.4743000793457,-3.46000007629395,1.20038029674513));
#8909=CARTESIAN_POINT('',(16.4743000793457,-4.07835011444092,2.315));
#8910=CARTESIAN_POINT('',(16.4743000793457,-4.07835011444092,1.75769014837257));
#8911=CARTESIAN_POINT('',(16.4743000793457,-2.81000007629395,2.315));
#8912=CARTESIAN_POINT('',(16.4743000793457,-3.46000007629395,2.315));
#8913=CARTESIAN_POINT('',(16.4743000793457,-2.81000007629395,1.20038029674513));
#8914=CARTESIAN_POINT('Origin',(17.0921501922607,-3.46000007629395,2.315));
#8915=CARTESIAN_POINT('',(17.7100003051758,-4.07835011444092,2.315));
#8916=CARTESIAN_POINT('',(16.3635752487183,-4.07835011444092,2.315));
#8917=CARTESIAN_POINT('',(17.7100003051758,-2.81000007629395,2.315));
#8918=CARTESIAN_POINT('',(17.7100003051758,-3.46000007629395,2.315));
#8919=CARTESIAN_POINT('',(17.0921501922607,-2.81000007629395,2.315));
#8920=CARTESIAN_POINT('',(17.0691503051758,-3.29500007629395,2.315));
#8921=CARTESIAN_POINT('Origin',(17.1800003051758,-3.29500007629395,2.315));
#8922=CARTESIAN_POINT('Origin',(17.1800003051758,-3.29500007629395,1.73138358394944));
#8923=CARTESIAN_POINT('',(17.0691503051758,-3.29500007629395,1.73138358394944));
#8924=CARTESIAN_POINT('',(17.0691503051758,-3.29500007629395,1.73138358394944));
#8925=CARTESIAN_POINT('Origin',(17.1800003051758,-3.29500007629395,1.73138358394944));
#8926=CARTESIAN_POINT('Origin',(17.1800003051758,-3.29500007629395,1.73138358394944));
#8927=CARTESIAN_POINT('Origin',(17.0921501922607,-2.81000007629395,1.20038029674513));
#8928=CARTESIAN_POINT('',(17.7100003051758,-2.81000007629395,1.20038029674513));
#8929=CARTESIAN_POINT('Origin',(17.7100003051758,-3.46000007629395,1.20038029674513));
#8930=CARTESIAN_POINT('',(17.7100003051758,-4.07835011444092,1.75769014837257));
#8931=CARTESIAN_POINT('Origin',(14.1600003051758,5.18999992370606,2.11415));
#8932=CARTESIAN_POINT('',(14.9108503051758,5.19334988555908,2.11415));
#8933=CARTESIAN_POINT('',(13.4091503051758,5.19334988555908,2.11415));
#8934=CARTESIAN_POINT('',(14.8975003051758,5.19334988555908,2.11415));
#8935=CARTESIAN_POINT('',(14.9108503051758,5.18999992370606,2.11415));
#8936=CARTESIAN_POINT('',(13.4091503051758,5.18999992370606,2.11415));
#8937=CARTESIAN_POINT('Origin',(13.4091503051758,5.18999992370606,2.265));
#8938=CARTESIAN_POINT('',(13.4091503051758,5.19334988555908,2.41585));
#8939=CARTESIAN_POINT('',(13.4091503051758,5.19334988555908,2.29));
#8940=CARTESIAN_POINT('',(13.4091503051758,5.18999992370606,2.41585));
#8941=CARTESIAN_POINT('Origin',(14.1600003051758,5.18999992370606,2.41585));
#8942=CARTESIAN_POINT('',(14.9108503051758,5.19334988555908,2.41585));
#8943=CARTESIAN_POINT('',(14.8975003051758,5.19334988555908,2.41585));
#8944=CARTESIAN_POINT('',(14.9108503051758,5.18999992370606,2.41585));
#8945=CARTESIAN_POINT('Origin',(14.9108503051758,5.18999992370606,2.265));
#8946=CARTESIAN_POINT('',(14.9108503051758,5.19334988555908,2.29));
#8947=CARTESIAN_POINT('Origin',(15.7100003051758,5.18999992370606,1.81415));
#8948=CARTESIAN_POINT('',(16.0108503051758,5.19334988555908,1.81415));
#8949=CARTESIAN_POINT('',(15.4091503051758,5.19334988555908,1.81415));
#8950=CARTESIAN_POINT('',(15.6725003051758,5.19334988555908,1.81415));
#8951=CARTESIAN_POINT('',(16.0108503051758,5.18999992370606,1.81415));
#8952=CARTESIAN_POINT('',(15.4091503051758,5.18999992370606,1.81415));
#8953=CARTESIAN_POINT('Origin',(15.4091503051758,5.18999992370606,2.115));
#8954=CARTESIAN_POINT('',(15.4091503051758,5.19334988555908,2.41585));
#8955=CARTESIAN_POINT('',(15.4091503051758,5.19334988555908,2.215));
#8956=CARTESIAN_POINT('',(15.4091503051758,5.18999992370606,2.41585));
#8957=CARTESIAN_POINT('Origin',(15.7100003051758,5.18999992370606,2.41585));
#8958=CARTESIAN_POINT('',(16.0108503051758,5.19334988555908,2.41585));
#8959=CARTESIAN_POINT('',(15.6725003051758,5.19334988555908,2.41585));
#8960=CARTESIAN_POINT('',(16.0108503051758,5.18999992370606,2.41585));
#8961=CARTESIAN_POINT('Origin',(16.0108503051758,5.18999992370606,2.115));
#8962=CARTESIAN_POINT('',(16.0108503051758,5.19334988555908,2.215));
#8963=CARTESIAN_POINT('Origin',(19.9600003051758,5.47374988555908,1.61415));
#8964=CARTESIAN_POINT('',(20.8108503051758,5.19334988555908,1.61415000000001));
#8965=CARTESIAN_POINT('',(19.1091503051758,5.19334988555908,1.61415));
#8966=CARTESIAN_POINT('',(17.7975003051758,5.19334988555908,1.61415));
#8967=CARTESIAN_POINT('',(20.8108503051758,5.47374988555908,1.61415000000001));
#8968=CARTESIAN_POINT('',(19.1091503051758,5.47374988555908,1.61415));
#8969=CARTESIAN_POINT('Origin',(19.1091503051758,5.47374988555908,2.015));
#8970=CARTESIAN_POINT('',(19.1091503051758,5.19334988555908,2.41585));
#8971=CARTESIAN_POINT('',(19.1091503051758,5.19334988555908,2.165));
#8972=CARTESIAN_POINT('',(19.1091503051758,5.47374988555908,2.41585));
#8973=CARTESIAN_POINT('Origin',(19.9600003051758,5.47374988555908,2.41585));
#8974=CARTESIAN_POINT('',(20.8108503051758,5.19334988555908,2.41585));
#8975=CARTESIAN_POINT('',(17.7975003051758,5.19334988555908,2.41585));
#8976=CARTESIAN_POINT('',(20.8108503051758,5.47374988555908,2.41585));
#8977=CARTESIAN_POINT('Origin',(20.8108503051758,5.47374988555908,2.015));
#8978=CARTESIAN_POINT('',(20.8108503051758,5.19334988555908,2.165));
#8979=CARTESIAN_POINT('Origin',(17.5100003051758,5.57374988555908,0.714150000000003));
#8980=CARTESIAN_POINT('',(18.3108503051758,5.19334988555908,0.714150000000003));
#8981=CARTESIAN_POINT('',(16.7091503051758,5.19334988555908,0.714150000000001));
#8982=CARTESIAN_POINT('',(16.5725003051758,5.19334988555908,0.714150000000003));
#8983=CARTESIAN_POINT('',(18.3108503051758,5.57374988555908,0.714150000000003));
#8984=CARTESIAN_POINT('',(16.7091503051758,5.57374988555908,0.714150000000001));
#8985=CARTESIAN_POINT('Origin',(16.7091503051758,5.57374988555908,1.58934992902566));
#8986=CARTESIAN_POINT('',(16.7091503051758,5.19334988555908,2.46454985805133));
#8987=CARTESIAN_POINT('',(16.7091503051758,5.19334988555908,1.95217496451283));
#8988=CARTESIAN_POINT('',(16.7091503051758,5.57374988555908,2.46454985805133));
#8989=CARTESIAN_POINT('Origin',(17.5100003051758,5.57374988555908,2.46454985805133));
#8990=CARTESIAN_POINT('',(18.3108503051758,5.19334988555908,2.46454985805133));
#8991=CARTESIAN_POINT('',(16.5725003051758,5.19334988555908,2.46454985805133));
#8992=CARTESIAN_POINT('',(18.3108503051758,5.57374988555908,2.46454985805133));
#8993=CARTESIAN_POINT('Origin',(18.3108503051758,5.57374988555908,1.58934992902566));
#8994=CARTESIAN_POINT('',(18.3108503051758,5.19334988555908,1.95217496451283));
#8995=CARTESIAN_POINT('Origin',(10.0100003051758,5.57374988555908,1.81415));
#8996=CARTESIAN_POINT('',(10.5108503051758,5.19334988555908,1.81415));
#8997=CARTESIAN_POINT('',(9.50915030517578,5.19334988555908,1.81415));
#8998=CARTESIAN_POINT('',(12.8225003051758,5.19334988555908,1.81415));
#8999=CARTESIAN_POINT('',(10.5108503051758,5.57374988555908,1.81415));
#9000=CARTESIAN_POINT('',(9.50915030517578,5.57374988555908,1.81415));
#9001=CARTESIAN_POINT('Origin',(9.50915030517578,5.57374988555908,2.115));
#9002=CARTESIAN_POINT('',(9.50915030517578,5.19334988555908,2.41585));
#9003=CARTESIAN_POINT('',(9.50915030517578,5.19334988555908,2.215));
#9004=CARTESIAN_POINT('',(9.50915030517578,5.57374988555908,2.41585));
#9005=CARTESIAN_POINT('Origin',(10.0100003051758,5.57374988555908,2.41585));
#9006=CARTESIAN_POINT('',(10.5108503051758,5.19334988555908,2.41585));
#9007=CARTESIAN_POINT('',(12.8225003051758,5.19334988555908,2.41585));
#9008=CARTESIAN_POINT('',(10.5108503051758,5.57374988555908,2.41585));
#9009=CARTESIAN_POINT('Origin',(10.5108503051758,5.57374988555908,2.115));
#9010=CARTESIAN_POINT('',(10.5108503051758,5.19334988555908,2.215));
#9011=CARTESIAN_POINT('Origin',(12.0600003051758,5.47374988555907,0.71415));
#9012=CARTESIAN_POINT('',(13.0108503051758,5.19334988555908,0.71415));
#9013=CARTESIAN_POINT('',(11.1091503051758,5.19334988555908,0.714149999999999));
#9014=CARTESIAN_POINT('',(13.8475003051758,5.19334988555908,0.714150000000001));
#9015=CARTESIAN_POINT('',(13.0108503051758,5.47374988555907,0.71415));
#9016=CARTESIAN_POINT('',(11.1091503051758,5.47374988555907,0.714149999999999));
#9017=CARTESIAN_POINT('Origin',(11.1091503051758,5.47374988555907,1.58934992902566));
#9018=CARTESIAN_POINT('',(11.1091503051758,5.19334988555908,2.46454985805132));
#9019=CARTESIAN_POINT('',(11.1091503051758,5.19334988555908,1.95217496451283));
#9020=CARTESIAN_POINT('',(11.1091503051758,5.47374988555907,2.46454985805132));
#9021=CARTESIAN_POINT('Origin',(12.0600003051758,5.47374988555907,2.46454985805132));
#9022=CARTESIAN_POINT('',(13.0108503051758,5.19334988555908,2.46454985805132));
#9023=CARTESIAN_POINT('',(13.8475003051758,5.19334988555908,2.46454985805132));
#9024=CARTESIAN_POINT('',(13.0108503051758,5.47374988555907,2.46454985805132));
#9025=CARTESIAN_POINT('Origin',(13.0108503051758,5.47374988555907,1.58934992902566));
#9026=CARTESIAN_POINT('',(13.0108503051758,5.19334988555908,1.95217496451283));
#9027=CARTESIAN_POINT('Origin',(18.4100003051758,-4.39375003814697,1.91415000000001));
#9028=CARTESIAN_POINT('',(17.9091503051758,-4.07835011444092,1.91415000000001));
#9029=CARTESIAN_POINT('',(18.9108503051758,-4.07835011444092,1.91415000000001));
#9030=CARTESIAN_POINT('',(17.0225003051758,-4.07835011444092,1.91415000000001));
#9031=CARTESIAN_POINT('',(17.9091503051758,-4.39375003814697,1.91415000000001));
#9032=CARTESIAN_POINT('',(18.9108503051758,-4.39375003814697,1.91415000000001));
#9033=CARTESIAN_POINT('Origin',(18.9108503051758,-4.39375003814697,2.16500000000001));
#9034=CARTESIAN_POINT('',(18.9108503051758,-4.07835011444092,2.41585000000001));
#9035=CARTESIAN_POINT('',(18.9108503051758,-4.07835011444092,2.24000000000001));
#9036=CARTESIAN_POINT('',(18.9108503051758,-4.39375003814697,2.41585000000001));
#9037=CARTESIAN_POINT('Origin',(18.4100003051758,-4.39375003814697,2.41585000000001));
#9038=CARTESIAN_POINT('',(17.9091503051758,-4.07835011444092,2.41585000000001));
#9039=CARTESIAN_POINT('',(17.0225003051758,-4.07835011444092,2.41585000000001));
#9040=CARTESIAN_POINT('',(17.9091503051758,-4.39375003814697,2.41585000000001));
#9041=CARTESIAN_POINT('Origin',(17.9091503051758,-4.39375003814697,2.16500000000001));
#9042=CARTESIAN_POINT('',(17.9091503051758,-4.07835011444092,2.24));
#9043=CARTESIAN_POINT('Origin',(20.1100003051758,-4.29375003814697,0.665450141948682));
#9044=CARTESIAN_POINT('',(19.3091503051758,-4.07835011444092,0.665450141948682));
#9045=CARTESIAN_POINT('',(20.9108503051758,-4.07835011444092,0.665450141948682));
#9046=CARTESIAN_POINT('',(17.8725003051758,-4.07835011444092,0.66545014194868));
#9047=CARTESIAN_POINT('',(19.3091503051758,-4.29375003814697,0.665450141948682));
#9048=CARTESIAN_POINT('',(20.9108503051758,-4.29375003814697,0.665450141948682));
#9049=CARTESIAN_POINT('Origin',(20.9108503051758,-4.29375003814697,1.54065007097434));
#9050=CARTESIAN_POINT('',(20.9108503051758,-4.07835011444092,2.41585000000001));
#9051=CARTESIAN_POINT('',(20.9108503051758,-4.07835011444092,1.92782503548717));
#9052=CARTESIAN_POINT('',(20.9108503051758,-4.29375003814697,2.41585000000001));
#9053=CARTESIAN_POINT('Origin',(20.1100003051758,-4.29375003814697,2.41585));
#9054=CARTESIAN_POINT('',(19.3091503051758,-4.07835011444092,2.41585));
#9055=CARTESIAN_POINT('',(17.8725003051758,-4.07835011444092,2.41585));
#9056=CARTESIAN_POINT('',(19.3091503051758,-4.29375003814697,2.41585));
#9057=CARTESIAN_POINT('Origin',(19.3091503051758,-4.29375003814697,1.54065007097434));
#9058=CARTESIAN_POINT('',(19.3091503051758,-4.07835011444092,1.92782503548717));
#9059=CARTESIAN_POINT('Origin',(15.6350003051758,-4.07835011444092,2.315));
#9060=CARTESIAN_POINT('',(15.6350003051758,-4.07835011444092,4.115));
#9061=CARTESIAN_POINT('Origin',(15.6350003051758,5.19334988555908,2.315));
#9062=CARTESIAN_POINT('',(15.6350003051758,5.19334988555908,4.115));
#9063=CARTESIAN_POINT('Origin',(8.11000030517578,0.557499885559083,2.065));
#9064=CARTESIAN_POINT('',(8.11000030517578,0.557499885559083,4.115));
#9065=CARTESIAN_POINT('Origin',(15.6350003051758,0.557499885559083,4.115));
#9066=CARTESIAN_POINT('',(23.1600003051758,0.557499885559083,4.11500000000001));
#9067=CARTESIAN_POINT('Origin',(23.1600003051758,0.557499885559083,2.06500000000001));
#9068=UNCERTAINTY_MEASURE_WITH_UNIT(LENGTH_MEASURE(0.001),#9072,
'DISTANCE_ACCURACY_VALUE',
'Maximum model space distance between geometric entities at asserted c
onnectivities');
#9069=UNCERTAINTY_MEASURE_WITH_UNIT(LENGTH_MEASURE(0.001),#9072,
'DISTANCE_ACCURACY_VALUE',
'Maximum model space distance between geometric entities at asserted c
onnectivities');
#9070=(
GEOMETRIC_REPRESENTATION_CONTEXT(3)
GLOBAL_UNCERTAINTY_ASSIGNED_CONTEXT((#9068))
GLOBAL_UNIT_ASSIGNED_CONTEXT((#9072,#9074,#9075))
REPRESENTATION_CONTEXT('','3D')
);
#9071=(
GEOMETRIC_REPRESENTATION_CONTEXT(3)
GLOBAL_UNCERTAINTY_ASSIGNED_CONTEXT((#9069))
GLOBAL_UNIT_ASSIGNED_CONTEXT((#9072,#9074,#9075))
REPRESENTATION_CONTEXT('','3D')
);
#9072=(
LENGTH_UNIT()
NAMED_UNIT(*)
SI_UNIT(.CENTI.,.METRE.)
);
#9073=(
LENGTH_UNIT()
NAMED_UNIT(*)
SI_UNIT($,.METRE.)
);
#9074=(
NAMED_UNIT(*)
PLANE_ANGLE_UNIT()
SI_UNIT($,.RADIAN.)
);
#9075=(
NAMED_UNIT(*)
SI_UNIT($,.STERADIAN.)
SOLID_ANGLE_UNIT()
);
#9076=SHAPE_DEFINITION_REPRESENTATION(#9077,#9078);
#9077=PRODUCT_DEFINITION_SHAPE('',$,#9080);
#9078=SHAPE_REPRESENTATION('',(#4544),#9070);
#9079=PRODUCT_DEFINITION_CONTEXT('part definition',#9084,'design');
#9080=PRODUCT_DEFINITION('2026-09-22-22-02-53-857','Top',#9081,#9079);
#9081=PRODUCT_DEFINITION_FORMATION('',$,#9086);
#9082=PRODUCT_RELATED_PRODUCT_CATEGORY('Top','Top',(#9086));
#9083=APPLICATION_PROTOCOL_DEFINITION('international standard',
'automotive_design',2009,#9084);
#9084=APPLICATION_CONTEXT(
'Core Data for Automotive Mechanical Design Process');
#9085=PRODUCT_CONTEXT('part definition',#9084,'mechanical');
#9086=PRODUCT('2026-09-22-22-02-53-857','Top',$,(#9085));
#9087=PRESENTATION_STYLE_ASSIGNMENT((#9090));
#9088=PRESENTATION_STYLE_ASSIGNMENT((#9091));
#9089=PRESENTATION_STYLE_ASSIGNMENT((#9092));
#9090=SURFACE_STYLE_USAGE(.BOTH.,#9093);
#9091=SURFACE_STYLE_USAGE(.BOTH.,#9094);
#9092=SURFACE_STYLE_USAGE(.BOTH.,#9095);
#9093=SURFACE_SIDE_STYLE('',(#9096));
#9094=SURFACE_SIDE_STYLE('',(#9097));
#9095=SURFACE_SIDE_STYLE('',(#9098));
#9096=SURFACE_STYLE_FILL_AREA(#9099);
#9097=SURFACE_STYLE_FILL_AREA(#9100);
#9098=SURFACE_STYLE_FILL_AREA(#9101);
#9099=FILL_AREA_STYLE('Steel - Satin',(#9102));
#9100=FILL_AREA_STYLE('Base Material - Opaque',(#9103));
#9101=FILL_AREA_STYLE('Acetal Resin (White)',(#9104));
#9102=FILL_AREA_STYLE_COLOUR('Steel - Satin',#9105);
#9103=FILL_AREA_STYLE_COLOUR('Base Material - Opaque',#9106);
#9104=FILL_AREA_STYLE_COLOUR('Acetal Resin (White)',#9107);
#9105=COLOUR_RGB('Steel - Satin',0.627450980392157,0.627450980392157,0.627450980392157);
#9106=COLOUR_RGB('Base Material - Opaque',0.,0.,0.);
#9107=COLOUR_RGB('Acetal Resin (White)',1.,0.815686274509804,0.);
ENDSEC;
END-ISO-10303-21;
