ISO-10303-21;
HEADER;
/* Generated by software containing ST-Developer
 * from STEP Tools, Inc. (www.steptools.com) 
 */

FILE_DESCRIPTION(
/* description */ (''),
/* implementation_level */ '2;1');

FILE_NAME(
/* name */ 'Assembled_model.step',
/* time_stamp */ '2026-09-22T23:15:28-06:00',
/* author */ (''),
/* organization */ (''),
/* preprocessor_version */ 'ST-DEVELOPER v20.2',
/* originating_system */ 'Autodesk Translation Framework v15.15.0.0',
/* authorisation */ '');

FILE_SCHEMA (('AUTOMOTIVE_DESIGN { 1 0 10303 214 3 1 1 }'));
ENDSEC;

DATA;
#10=MECHANICAL_DESIGN_GEOMETRIC_PRESENTATION_REPRESENTATION('',(#150,#151,
#152,#153,#154,#155,#156,#157,#158,#159,#160,#161,#162,#163,#164,#165,#166,
#167,#168),#10056);
#11=ITEM_DEFINED_TRANSFORMATION($,$,#5068,#5363);
#12=ITEM_DEFINED_TRANSFORMATION($,$,#5074,#5364);
#13=ITEM_DEFINED_TRANSFORMATION($,$,#5093,#5365);
#14=ITEM_DEFINED_TRANSFORMATION($,$,#5102,#5366);
#15=ITEM_DEFINED_TRANSFORMATION($,$,#5111,#5367);
#16=ITEM_DEFINED_TRANSFORMATION($,$,#5120,#5368);
#17=ITEM_DEFINED_TRANSFORMATION($,$,#5125,#5369);
#18=(
REPRESENTATION_RELATIONSHIP($,$,#10085,#10084)
REPRESENTATION_RELATIONSHIP_WITH_TRANSFORMATION(#11)
SHAPE_REPRESENTATION_RELATIONSHIP()
);
#19=(
REPRESENTATION_RELATIONSHIP($,$,#10086,#10084)
REPRESENTATION_RELATIONSHIP_WITH_TRANSFORMATION(#12)
SHAPE_REPRESENTATION_RELATIONSHIP()
);
#20=(
REPRESENTATION_RELATIONSHIP($,$,#10087,#10084)
REPRESENTATION_RELATIONSHIP_WITH_TRANSFORMATION(#13)
SHAPE_REPRESENTATION_RELATIONSHIP()
);
#21=(
REPRESENTATION_RELATIONSHIP($,$,#10088,#10084)
REPRESENTATION_RELATIONSHIP_WITH_TRANSFORMATION(#14)
SHAPE_REPRESENTATION_RELATIONSHIP()
);
#22=(
REPRESENTATION_RELATIONSHIP($,$,#10089,#10084)
REPRESENTATION_RELATIONSHIP_WITH_TRANSFORMATION(#15)
SHAPE_REPRESENTATION_RELATIONSHIP()
);
#23=(
REPRESENTATION_RELATIONSHIP($,$,#10090,#10084)
REPRESENTATION_RELATIONSHIP_WITH_TRANSFORMATION(#16)
SHAPE_REPRESENTATION_RELATIONSHIP()
);
#24=(
REPRESENTATION_RELATIONSHIP($,$,#10091,#10084)
REPRESENTATION_RELATIONSHIP_WITH_TRANSFORMATION(#17)
SHAPE_REPRESENTATION_RELATIONSHIP()
);
#25=CONTEXT_DEPENDENT_SHAPE_REPRESENTATION(#18,#10077);
#26=CONTEXT_DEPENDENT_SHAPE_REPRESENTATION(#19,#10078);
#27=CONTEXT_DEPENDENT_SHAPE_REPRESENTATION(#20,#10079);
#28=CONTEXT_DEPENDENT_SHAPE_REPRESENTATION(#21,#10080);
#29=CONTEXT_DEPENDENT_SHAPE_REPRESENTATION(#22,#10081);
#30=CONTEXT_DEPENDENT_SHAPE_REPRESENTATION(#23,#10082);
#31=CONTEXT_DEPENDENT_SHAPE_REPRESENTATION(#24,#10083);
#32=NEXT_ASSEMBLY_USAGE_OCCURRENCE('Component1:1','Component1:1',
'Component1:1',#10093,#10094,'Component1:1');
#33=NEXT_ASSEMBLY_USAGE_OCCURRENCE('Component2:1','Component2:1',
'Component2:1',#10093,#10095,'Component2:1');
#34=NEXT_ASSEMBLY_USAGE_OCCURRENCE('Component3:1','Component3:1',
'Component3:1',#10093,#10096,'Component3:1');
#35=NEXT_ASSEMBLY_USAGE_OCCURRENCE('Component4:1','Component4:1',
'Component4:1',#10093,#10097,'Component4:1');
#36=NEXT_ASSEMBLY_USAGE_OCCURRENCE('Component5:1','Component5:1',
'Component5:1',#10093,#10098,'Component5:1');
#37=NEXT_ASSEMBLY_USAGE_OCCURRENCE('Component6:1','Component6:1',
'Component6:1',#10093,#10099,'Component6:1');
#38=NEXT_ASSEMBLY_USAGE_OCCURRENCE('Component7:1','Component7:1',
'Component7:1',#10093,#10100,'Component7:1');
#39=(
BOUNDED_CURVE()
B_SPLINE_CURVE(3,(#7070,#7071,#7072,#7073,#7074,#7075,#7076,#7077,#7078,
#7079,#7080,#7081,#7082,#7083,#7084,#7085,#7086,#7087,#7088,#7089,#7090,
#7091,#7092,#7093,#7094,#7095,#7096,#7097,#7098,#7099,#7100,#7101,#7102,
#7103,#7104,#7105,#7106,#7107,#7108,#7109,#7110,#7111,#7112,#7113,#7114,
#7115,#7116,#7117,#7118),.UNSPECIFIED.,.T.,.F.)
B_SPLINE_CURVE_WITH_KNOTS((4,3,3,3,3,3,3,3,3,3,3,3,3,3,3,3,4),(0.,1.,2.0097797643119,
3.02336763678669,4.02981976191106,5.04934269385519,6.09116319209046,7.11022586916927,
8.11636928995883,9.12251271074839,10.1286561315379,11.1347995523275,12.1194089855814,
13.1168055543321,14.1212736665225,15.1257417787129,16.1332543996322),
 .UNSPECIFIED.)
CURVE()
GEOMETRIC_REPRESENTATION_ITEM()
RATIONAL_B_SPLINE_CURVE((1.,1.,1.,1.,1.,1.,1.,1.,1.,1.,1.,1.,1.,1.,1.,1.,
1.,1.,1.,1.,1.,1.,1.,1.,1.,1.,1.,1.,1.,1.,1.,1.,1.,1.,1.,1.,1.,1.,1.,1.,
1.,1.,1.,1.,1.,1.,1.,1.,1.))
REPRESENTATION_ITEM('')
);
#40=(
BOUNDED_CURVE()
B_SPLINE_CURVE(3,(#7307,#7308,#7309,#7310,#7311,#7312,#7313,#7314,#7315,
#7316,#7317,#7318,#7319,#7320,#7321,#7322,#7323,#7324,#7325,#7326,#7327,
#7328,#7329,#7330,#7331,#7332,#7333,#7334,#7335,#7336,#7337,#7338,#7339,
#7340,#7341,#7342,#7343,#7344,#7345,#7346,#7347,#7348,#7349,#7350,#7351,
#7352,#7353,#7354,#7355),.UNSPECIFIED.,.T.,.F.)
B_SPLINE_CURVE_WITH_KNOTS((4,3,3,3,3,3,3,3,3,3,3,3,3,3,3,3,4),(0.,1.,1.98748411901631,
2.96777972498186,3.95361163561028,4.98638792293529,6.02395092007415,7.05399040517939,
8.07120865224911,9.07965777649927,10.0908212957021,11.1037908376052,12.1110605994259,
13.0638833470942,14.0220748561372,14.9872927887671,15.9552818082053),
 .UNSPECIFIED.)
CURVE()
GEOMETRIC_REPRESENTATION_ITEM()
RATIONAL_B_SPLINE_CURVE((1.,1.,1.,1.,1.,1.,1.,1.,1.,1.,1.,1.,1.,1.,1.,1.,
1.,1.,1.,1.,1.,1.,1.,1.,1.,1.,1.,1.,1.,1.,1.,1.,1.,1.,1.,1.,1.,1.,1.,1.,
1.,1.,1.,1.,1.,1.,1.,1.,1.))
REPRESENTATION_ITEM('')
);
#41=(
BOUNDED_CURVE()
B_SPLINE_CURVE(3,(#7491,#7492,#7493,#7494,#7495,#7496,#7497,#7498,#7499,
#7500,#7501,#7502,#7503,#7504,#7505,#7506,#7507,#7508,#7509,#7510,#7511,
#7512,#7513,#7514,#7515,#7516,#7517,#7518,#7519,#7520,#7521),
 .UNSPECIFIED.,.F.,.F.)
B_SPLINE_CURVE_WITH_KNOTS((4,3,3,3,3,3,3,3,3,3,4),(0.,1.,1.65555555555555,
2.29197183798186,2.90293146911108,3.5138911002403,4.08014636811616,4.6306030429346,
5.16928511661143,5.71148480683217,6.46356824810609),.UNSPECIFIED.)
CURVE()
GEOMETRIC_REPRESENTATION_ITEM()
RATIONAL_B_SPLINE_CURVE((1.,1.,1.,1.,1.,1.,1.,1.,1.,1.,1.,1.,1.,1.,1.,1.,
1.,1.,1.,1.,1.,1.,1.,1.,1.,1.,1.,1.,1.,1.,1.))
REPRESENTATION_ITEM('')
);
#42=(
BOUNDED_CURVE()
B_SPLINE_CURVE(3,(#7636,#7637,#7638,#7639,#7640,#7641,#7642,#7643,#7644,
#7645,#7646,#7647,#7648,#7649,#7650,#7651,#7652,#7653,#7654,#7655,#7656,
#7657,#7658,#7659,#7660,#7661,#7662,#7663),.UNSPECIFIED.,.F.,.F.)
B_SPLINE_CURVE_WITH_KNOTS((4,3,3,3,3,3,3,3,3,4),(0.,1.,1.98679635762222,
3.00865961451892,4.03956037243651,5.2482026403399,6.44867033453648,7.66536262176697,
8.85778313777412,11.4309010933686),.UNSPECIFIED.)
CURVE()
GEOMETRIC_REPRESENTATION_ITEM()
RATIONAL_B_SPLINE_CURVE((1.,1.,1.,1.,1.,1.,1.,1.,1.,1.,1.,1.,1.,1.,1.,1.,
1.,1.,1.,1.,1.,1.,1.,1.,1.,1.,1.,1.))
REPRESENTATION_ITEM('')
);
#43=(
BOUNDED_CURVE()
B_SPLINE_CURVE(3,(#7768,#7769,#7770,#7771,#7772,#7773,#7774,#7775,#7776,
#7777,#7778,#7779,#7780,#7781,#7782,#7783,#7784,#7785,#7786,#7787,#7788,
#7789,#7790,#7791,#7792),.UNSPECIFIED.,.F.,.F.)
B_SPLINE_CURVE_WITH_KNOTS((4,3,3,3,3,3,3,3,4),(0.,1.,1.69879518072289,2.41480299257381,
3.1308108044247,3.83941690924178,5.27434427149636,6.7410584269591,7.72752104479247),
 .UNSPECIFIED.)
CURVE()
GEOMETRIC_REPRESENTATION_ITEM()
RATIONAL_B_SPLINE_CURVE((1.,1.,1.,1.,1.,1.,1.,1.,1.,1.,1.,1.,1.,1.,1.,1.,
1.,1.,1.,1.,1.,1.,1.,1.,1.))
REPRESENTATION_ITEM('')
);
#44=(
BOUNDED_CURVE()
B_SPLINE_CURVE(3,(#7906,#7907,#7908,#7909,#7910,#7911,#7912,#7913,#7914,
#7915,#7916,#7917,#7918,#7919,#7920,#7921,#7922,#7923,#7924,#7925,#7926,
#7927,#7928,#7929,#7930,#7931,#7932,#7933),.UNSPECIFIED.,.F.,.F.)
B_SPLINE_CURVE_WITH_KNOTS((4,3,3,3,3,3,3,3,3,4),(0.,1.,1.64444444444446,
2.28697479852738,2.94640471282373,3.61113512252688,4.00997336834877,4.41491325189551,
4.82708345855027,5.23484791889866),.UNSPECIFIED.)
CURVE()
GEOMETRIC_REPRESENTATION_ITEM()
RATIONAL_B_SPLINE_CURVE((1.,1.,1.,1.,1.,1.,1.,1.,1.,1.,1.,1.,1.,1.,1.,1.,
1.,1.,1.,1.,1.,1.,1.,1.,1.,1.,1.,1.))
REPRESENTATION_ITEM('')
);
#45=(
BOUNDED_CURVE()
B_SPLINE_CURVE(3,(#8232,#8233,#8234,#8235,#8236,#8237,#8238,#8239,#8240,
#8241,#8242,#8243,#8244,#8245,#8246,#8247,#8248,#8249,#8250,#8251,#8252,
#8253,#8254,#8255,#8256,#8257,#8258,#8259,#8260,#8261,#8262,#8263,#8264,
#8265,#8266,#8267,#8268,#8269,#8270,#8271,#8272,#8273,#8274,#8275,#8276,
#8277,#8278,#8279,#8280,#8281,#8282,#8283,#8284,#8285,#8286),
 .UNSPECIFIED.,.F.,.F.)
B_SPLINE_CURVE_WITH_KNOTS((4,3,3,3,3,3,3,3,3,3,3,3,3,3,3,3,3,3,4),(0.,1.,
1.97895134222157,3.33952778395326,4.70010422568495,5.48346641940925,6.29168957198216,
7.13581640059031,7.96285252458997,8.84486794798817,9.72688337138636,10.6232235299697,
11.5382280087141,12.5462837903816,13.5470911613777,14.534336618863,15.5029379266924,
16.4342853380669,17.3495576316044),.UNSPECIFIED.)
CURVE()
GEOMETRIC_REPRESENTATION_ITEM()
RATIONAL_B_SPLINE_CURVE((1.,1.,1.,1.,1.,1.,1.,1.,1.,1.,1.,1.,1.,1.,1.,1.,
1.,1.,1.,1.,1.,1.,1.,1.,1.,1.,1.,1.,1.,1.,1.,1.,1.,1.,1.,1.,1.,1.,1.,1.,
1.,1.,1.,1.,1.,1.,1.,1.,1.,1.,1.,1.,1.,1.,1.))
REPRESENTATION_ITEM('')
);
#46=(
BOUNDED_CURVE()
B_SPLINE_CURVE(3,(#8523,#8524,#8525,#8526,#8527,#8528,#8529,#8530,#8531,
#8532,#8533,#8534,#8535,#8536,#8537,#8538,#8539,#8540,#8541,#8542,#8543,
#8544,#8545,#8546,#8547,#8548,#8549,#8550,#8551,#8552,#8553,#8554,#8555,
#8556,#8557,#8558,#8559,#8560,#8561,#8562,#8563,#8564,#8565,#8566,#8567,
#8568,#8569,#8570,#8571,#8572,#8573,#8574,#8575,#8576,#8577,#8578,#8579,
#8580,#8581,#8582,#8583),.UNSPECIFIED.,.F.,.F.)
B_SPLINE_CURVE_WITH_KNOTS((4,3,3,3,3,3,3,3,3,3,3,3,3,3,3,3,3,3,3,3,4),(0.,
1.,1.99999999999995,2.97140379103553,3.92000334308432,6.93320192018049,
9.93952103949535,11.4031237686355,12.8837927092639,14.3644616498924,15.8451305905209,
17.2568315699878,18.6832475773811,20.1096635847744,21.5273828345291,22.9948466193629,
24.4741683330991,25.9947653694892,27.5410034857185,29.4152315053903,31.2556944906121),
 .UNSPECIFIED.)
CURVE()
GEOMETRIC_REPRESENTATION_ITEM()
RATIONAL_B_SPLINE_CURVE((1.,1.,1.,1.,1.,1.,1.,1.,1.,1.,1.,1.,1.,1.,1.,1.,
1.,1.,1.,1.,1.,1.,1.,1.,1.,1.,1.,1.,1.,1.,1.,1.,1.,1.,1.,1.,1.,1.,1.,1.,
1.,1.,1.,1.,1.,1.,1.,1.,1.,1.,1.,1.,1.,1.,1.,1.,1.,1.,1.,1.,1.))
REPRESENTATION_ITEM('')
);
#47=(
BOUNDED_CURVE()
B_SPLINE_CURVE(3,(#8956,#8957,#8958,#8959,#8960,#8961,#8962,#8963,#8964,
#8965,#8966,#8967,#8968,#8969,#8970,#8971,#8972,#8973,#8974,#8975,#8976,
#8977,#8978,#8979,#8980,#8981,#8982,#8983,#8984,#8985,#8986,#8987,#8988,
#8989,#8990,#8991,#8992),.UNSPECIFIED.,.F.,.F.)
B_SPLINE_CURVE_WITH_KNOTS((4,3,3,3,3,3,3,3,3,3,3,3,4),(0.,1.,2.012619933229,
3.18597318919277,4.36696599659609,5.5506613082367,6.7343566198773,7.96951694506749,
9.2202394523443,10.4558356205741,11.6838447858387,12.6048516597871,13.5456609455065),
 .UNSPECIFIED.)
CURVE()
GEOMETRIC_REPRESENTATION_ITEM()
RATIONAL_B_SPLINE_CURVE((1.,1.,1.,1.,1.,1.,1.,1.,1.,1.,1.,1.,1.,1.,1.,1.,
1.,1.,1.,1.,1.,1.,1.,1.,1.,1.,1.,1.,1.,1.,1.,1.,1.,1.,1.,1.,1.))
REPRESENTATION_ITEM('')
);
#48=(
BOUNDED_CURVE()
B_SPLINE_CURVE(3,(#9163,#9164,#9165,#9166,#9167,#9168,#9169,#9170,#9171,
#9172,#9173,#9174,#9175,#9176,#9177,#9178,#9179,#9180,#9181,#9182,#9183,
#9184,#9185,#9186,#9187,#9188,#9189,#9190,#9191,#9192,#9193,#9194,#9195,
#9196,#9197,#9198,#9199,#9200,#9201,#9202,#9203,#9204,#9205),
 .UNSPECIFIED.,.F.,.F.)
B_SPLINE_CURVE_WITH_KNOTS((4,3,3,3,3,3,3,3,3,3,3,3,3,3,4),(0.,1.,2.04584564035439,
3.09716854293547,4.1836960813715,7.2259731889924,10.2823506374772,13.316565872606,
16.3130132392761,19.2312924137723,22.1302069506367,25.0041598682168,27.8906260648401,
29.8061899953265,31.7493622195257),.UNSPECIFIED.)
CURVE()
GEOMETRIC_REPRESENTATION_ITEM()
RATIONAL_B_SPLINE_CURVE((1.,1.,1.,1.,1.,1.,1.,1.,1.,1.,1.,1.,1.,1.,1.,1.,
1.,1.,1.,1.,1.,1.,1.,1.,1.,1.,1.,1.,1.,1.,1.,1.,1.,1.,1.,1.,1.,1.,1.,1.,
1.,1.,1.))
REPRESENTATION_ITEM('')
);
#49=B_SPLINE_SURFACE_WITH_KNOTS('',3,3,((#6882,#6883,#6884,#6885),(#6886,
#6887,#6888,#6889),(#6890,#6891,#6892,#6893),(#6894,#6895,#6896,#6897),
(#6898,#6899,#6900,#6901),(#6902,#6903,#6904,#6905),(#6906,#6907,#6908,
#6909),(#6910,#6911,#6912,#6913),(#6914,#6915,#6916,#6917),(#6918,#6919,
#6920,#6921),(#6922,#6923,#6924,#6925),(#6926,#6927,#6928,#6929),(#6930,
#6931,#6932,#6933),(#6934,#6935,#6936,#6937),(#6938,#6939,#6940,#6941),
(#6942,#6943,#6944,#6945),(#6946,#6947,#6948,#6949),(#6950,#6951,#6952,
#6953),(#6954,#6955,#6956,#6957),(#6958,#6959,#6960,#6961),(#6962,#6963,
#6964,#6965),(#6966,#6967,#6968,#6969),(#6970,#6971,#6972,#6973),(#6974,
#6975,#6976,#6977),(#6978,#6979,#6980,#6981),(#6982,#6983,#6984,#6985),
(#6986,#6987,#6988,#6989),(#6990,#6991,#6992,#6993),(#6994,#6995,#6996,
#6997),(#6998,#6999,#7000,#7001),(#7002,#7003,#7004,#7005),(#7006,#7007,
#7008,#7009),(#7010,#7011,#7012,#7013),(#7014,#7015,#7016,#7017)),
 .UNSPECIFIED.,.T.,.F.,.F.,(4,2,2,2,2,2,2,2,2,2,2,2,2,2,2,2,4),(4,4),(0.,
1.,2.0097797643119,3.02336763678669,4.02981976191106,5.04934269385519,6.09116319209046,
7.11022586916927,8.11636928995883,9.12251271074839,10.1286561315379,11.1347995523275,
12.1194089855814,13.1168055543321,14.1212736665225,15.1257417787129,16.1332543996322),
(0.,2.37945606909178),.UNSPECIFIED.);
#50=B_SPLINE_SURFACE_WITH_KNOTS('',3,3,((#7119,#7120,#7121,#7122),(#7123,
#7124,#7125,#7126),(#7127,#7128,#7129,#7130),(#7131,#7132,#7133,#7134),
(#7135,#7136,#7137,#7138),(#7139,#7140,#7141,#7142),(#7143,#7144,#7145,
#7146),(#7147,#7148,#7149,#7150),(#7151,#7152,#7153,#7154),(#7155,#7156,
#7157,#7158),(#7159,#7160,#7161,#7162),(#7163,#7164,#7165,#7166),(#7167,
#7168,#7169,#7170),(#7171,#7172,#7173,#7174),(#7175,#7176,#7177,#7178),
(#7179,#7180,#7181,#7182),(#7183,#7184,#7185,#7186),(#7187,#7188,#7189,
#7190),(#7191,#7192,#7193,#7194),(#7195,#7196,#7197,#7198),(#7199,#7200,
#7201,#7202),(#7203,#7204,#7205,#7206),(#7207,#7208,#7209,#7210),(#7211,
#7212,#7213,#7214),(#7215,#7216,#7217,#7218),(#7219,#7220,#7221,#7222),
(#7223,#7224,#7225,#7226),(#7227,#7228,#7229,#7230),(#7231,#7232,#7233,
#7234),(#7235,#7236,#7237,#7238),(#7239,#7240,#7241,#7242),(#7243,#7244,
#7245,#7246),(#7247,#7248,#7249,#7250),(#7251,#7252,#7253,#7254)),
 .UNSPECIFIED.,.T.,.F.,.F.,(4,2,2,2,2,2,2,2,2,2,2,2,2,2,2,2,4),(4,4),(-15.9552818082053,
-14.9872927887671,-14.0220748561372,-13.0638833470942,-12.1110605994259,
-11.1037908376052,-10.0908212957021,-9.07965777649927,-8.07120865224911,
-7.05399040517939,-6.02395092007415,-4.98638792293529,-3.95361163561028,
-2.96777972498186,-1.98748411901631,-1.,0.),(0.,2.37945606909178),
 .UNSPECIFIED.);
#51=B_SPLINE_SURFACE_WITH_KNOTS('',3,3,((#7367,#7368,#7369,#7370),(#7371,
#7372,#7373,#7374),(#7375,#7376,#7377,#7378),(#7379,#7380,#7381,#7382),
(#7383,#7384,#7385,#7386),(#7387,#7388,#7389,#7390),(#7391,#7392,#7393,
#7394),(#7395,#7396,#7397,#7398),(#7399,#7400,#7401,#7402),(#7403,#7404,
#7405,#7406),(#7407,#7408,#7409,#7410),(#7411,#7412,#7413,#7414),(#7415,
#7416,#7417,#7418),(#7419,#7420,#7421,#7422),(#7423,#7424,#7425,#7426),
(#7427,#7428,#7429,#7430),(#7431,#7432,#7433,#7434),(#7435,#7436,#7437,
#7438),(#7439,#7440,#7441,#7442),(#7443,#7444,#7445,#7446),(#7447,#7448,
#7449,#7450),(#7451,#7452,#7453,#7454)),.UNSPECIFIED.,.F.,.F.,.F.,(4,2,
2,2,2,2,2,2,2,2,4),(4,4),(0.,1.,1.65555555555555,2.29197183798186,2.90293146911108,
3.5138911002403,4.08014636811616,4.6306030429346,5.16928511661143,5.71148480683217,
6.46356824810609),(0.,2.37945606909178),.UNSPECIFIED.);
#52=B_SPLINE_SURFACE_WITH_KNOTS('',3,3,((#7523,#7524,#7525,#7526),(#7527,
#7528,#7529,#7530),(#7531,#7532,#7533,#7534),(#7535,#7536,#7537,#7538),
(#7539,#7540,#7541,#7542),(#7543,#7544,#7545,#7546),(#7547,#7548,#7549,
#7550),(#7551,#7552,#7553,#7554),(#7555,#7556,#7557,#7558),(#7559,#7560,
#7561,#7562),(#7563,#7564,#7565,#7566),(#7567,#7568,#7569,#7570),(#7571,
#7572,#7573,#7574),(#7575,#7576,#7577,#7578),(#7579,#7580,#7581,#7582),
(#7583,#7584,#7585,#7586),(#7587,#7588,#7589,#7590),(#7591,#7592,#7593,
#7594),(#7595,#7596,#7597,#7598),(#7599,#7600,#7601,#7602)),
 .UNSPECIFIED.,.F.,.F.,.F.,(4,2,2,2,2,2,2,2,2,4),(4,4),(-11.4309010933686,
-8.85778313777412,-7.66536262176697,-6.44867033453648,-5.2482026403399,
-4.03956037243651,-3.00865961451892,-1.98679635762222,-1.,0.),(0.,2.37945606909178),
 .UNSPECIFIED.);
#53=B_SPLINE_SURFACE_WITH_KNOTS('',3,3,((#7671,#7672,#7673,#7674),(#7675,
#7676,#7677,#7678),(#7679,#7680,#7681,#7682),(#7683,#7684,#7685,#7686),
(#7687,#7688,#7689,#7690),(#7691,#7692,#7693,#7694),(#7695,#7696,#7697,
#7698),(#7699,#7700,#7701,#7702),(#7703,#7704,#7705,#7706),(#7707,#7708,
#7709,#7710),(#7711,#7712,#7713,#7714),(#7715,#7716,#7717,#7718),(#7719,
#7720,#7721,#7722),(#7723,#7724,#7725,#7726),(#7727,#7728,#7729,#7730),
(#7731,#7732,#7733,#7734),(#7735,#7736,#7737,#7738),(#7739,#7740,#7741,
#7742)),.UNSPECIFIED.,.F.,.F.,.F.,(4,2,2,2,2,2,2,2,4),(4,4),(0.,1.,1.69879518072289,
2.41480299257381,3.1308108044247,3.83941690924178,5.27434427149636,6.7410584269591,
7.72752104479247),(0.,2.37945606909178),.UNSPECIFIED.);
#54=B_SPLINE_SURFACE_WITH_KNOTS('',3,3,((#7796,#7797,#7798,#7799),(#7800,
#7801,#7802,#7803),(#7804,#7805,#7806,#7807),(#7808,#7809,#7810,#7811),
(#7812,#7813,#7814,#7815),(#7816,#7817,#7818,#7819),(#7820,#7821,#7822,
#7823),(#7824,#7825,#7826,#7827),(#7828,#7829,#7830,#7831),(#7832,#7833,
#7834,#7835),(#7836,#7837,#7838,#7839),(#7840,#7841,#7842,#7843),(#7844,
#7845,#7846,#7847),(#7848,#7849,#7850,#7851),(#7852,#7853,#7854,#7855),
(#7856,#7857,#7858,#7859),(#7860,#7861,#7862,#7863),(#7864,#7865,#7866,
#7867),(#7868,#7869,#7870,#7871),(#7872,#7873,#7874,#7875)),
 .UNSPECIFIED.,.F.,.F.,.F.,(4,2,2,2,2,2,2,2,2,4),(4,4),(-5.23484791889866,
-4.82708345855027,-4.41491325189551,-4.00997336834877,-3.61113512252688,
-2.94640471282373,-2.28697479852738,-1.64444444444446,-1.,0.),(0.,2.37945606909178),
 .UNSPECIFIED.);
#55=B_SPLINE_SURFACE_WITH_KNOTS('',3,3,((#8023,#8024,#8025,#8026),(#8027,
#8028,#8029,#8030),(#8031,#8032,#8033,#8034),(#8035,#8036,#8037,#8038),
(#8039,#8040,#8041,#8042),(#8043,#8044,#8045,#8046),(#8047,#8048,#8049,
#8050),(#8051,#8052,#8053,#8054),(#8055,#8056,#8057,#8058),(#8059,#8060,
#8061,#8062),(#8063,#8064,#8065,#8066),(#8067,#8068,#8069,#8070),(#8071,
#8072,#8073,#8074),(#8075,#8076,#8077,#8078),(#8079,#8080,#8081,#8082),
(#8083,#8084,#8085,#8086),(#8087,#8088,#8089,#8090),(#8091,#8092,#8093,
#8094),(#8095,#8096,#8097,#8098),(#8099,#8100,#8101,#8102),(#8103,#8104,
#8105,#8106),(#8107,#8108,#8109,#8110),(#8111,#8112,#8113,#8114),(#8115,
#8116,#8117,#8118),(#8119,#8120,#8121,#8122),(#8123,#8124,#8125,#8126),
(#8127,#8128,#8129,#8130),(#8131,#8132,#8133,#8134),(#8135,#8136,#8137,
#8138),(#8139,#8140,#8141,#8142),(#8143,#8144,#8145,#8146),(#8147,#8148,
#8149,#8150),(#8151,#8152,#8153,#8154),(#8155,#8156,#8157,#8158),(#8159,
#8160,#8161,#8162),(#8163,#8164,#8165,#8166),(#8167,#8168,#8169,#8170),
(#8171,#8172,#8173,#8174)),.UNSPECIFIED.,.F.,.F.,.F.,(4,2,2,2,2,2,2,2,2,
2,2,2,2,2,2,2,2,2,4),(4,4),(-17.3495576316044,-16.4342853380669,-15.5029379266924,
-14.534336618863,-13.5470911613777,-12.5462837903816,-11.5382280087141,
-10.6232235299697,-9.72688337138636,-8.84486794798817,-7.96285252458997,
-7.13581640059031,-6.29168957198216,-5.48346641940925,-4.70010422568495,
-3.33952778395326,-1.97895134222157,-1.,0.),(0.,2.37945606909178),
 .UNSPECIFIED.);
#56=B_SPLINE_SURFACE_WITH_KNOTS('',3,3,((#8294,#8295,#8296,#8297),(#8298,
#8299,#8300,#8301),(#8302,#8303,#8304,#8305),(#8306,#8307,#8308,#8309),
(#8310,#8311,#8312,#8313),(#8314,#8315,#8316,#8317),(#8318,#8319,#8320,
#8321),(#8322,#8323,#8324,#8325),(#8326,#8327,#8328,#8329),(#8330,#8331,
#8332,#8333),(#8334,#8335,#8336,#8337),(#8338,#8339,#8340,#8341),(#8342,
#8343,#8344,#8345),(#8346,#8347,#8348,#8349),(#8350,#8351,#8352,#8353),
(#8354,#8355,#8356,#8357),(#8358,#8359,#8360,#8361),(#8362,#8363,#8364,
#8365),(#8366,#8367,#8368,#8369),(#8370,#8371,#8372,#8373),(#8374,#8375,
#8376,#8377),(#8378,#8379,#8380,#8381),(#8382,#8383,#8384,#8385),(#8386,
#8387,#8388,#8389),(#8390,#8391,#8392,#8393),(#8394,#8395,#8396,#8397),
(#8398,#8399,#8400,#8401),(#8402,#8403,#8404,#8405),(#8406,#8407,#8408,
#8409),(#8410,#8411,#8412,#8413),(#8414,#8415,#8416,#8417),(#8418,#8419,
#8420,#8421),(#8422,#8423,#8424,#8425),(#8426,#8427,#8428,#8429),(#8430,
#8431,#8432,#8433),(#8434,#8435,#8436,#8437),(#8438,#8439,#8440,#8441),
(#8442,#8443,#8444,#8445),(#8446,#8447,#8448,#8449),(#8450,#8451,#8452,
#8453),(#8454,#8455,#8456,#8457),(#8458,#8459,#8460,#8461)),
 .UNSPECIFIED.,.F.,.F.,.F.,(4,2,2,2,2,2,2,2,2,2,2,2,2,2,2,2,2,2,2,2,4),
(4,4),(-31.2556944906121,-29.4152315053903,-27.5410034857185,-25.9947653694892,
-24.4741683330991,-22.9948466193629,-21.5273828345291,-20.1096635847744,
-18.6832475773811,-17.2568315699878,-15.8451305905209,-14.3644616498924,
-12.8837927092639,-11.4031237686355,-9.93952103949535,-6.93320192018049,
-3.92000334308432,-2.97140379103553,-1.99999999999995,-1.,0.),(0.,2.37945606909178),
 .UNSPECIFIED.);
#57=B_SPLINE_SURFACE_WITH_KNOTS('',3,3,((#8813,#8814,#8815,#8816),(#8817,
#8818,#8819,#8820),(#8821,#8822,#8823,#8824),(#8825,#8826,#8827,#8828),
(#8829,#8830,#8831,#8832),(#8833,#8834,#8835,#8836),(#8837,#8838,#8839,
#8840),(#8841,#8842,#8843,#8844),(#8845,#8846,#8847,#8848),(#8849,#8850,
#8851,#8852),(#8853,#8854,#8855,#8856),(#8857,#8858,#8859,#8860),(#8861,
#8862,#8863,#8864),(#8865,#8866,#8867,#8868),(#8869,#8870,#8871,#8872),
(#8873,#8874,#8875,#8876),(#8877,#8878,#8879,#8880),(#8881,#8882,#8883,
#8884),(#8885,#8886,#8887,#8888),(#8889,#8890,#8891,#8892),(#8893,#8894,
#8895,#8896),(#8897,#8898,#8899,#8900),(#8901,#8902,#8903,#8904),(#8905,
#8906,#8907,#8908),(#8909,#8910,#8911,#8912),(#8913,#8914,#8915,#8916)),
 .UNSPECIFIED.,.F.,.F.,.F.,(4,2,2,2,2,2,2,2,2,2,2,2,4),(4,4),(-13.5456609455065,
-12.6048516597871,-11.6838447858387,-10.4558356205741,-9.2202394523443,
-7.96951694506749,-6.7343566198773,-5.5506613082367,-4.36696599659609,-3.18597318919277,
-2.012619933229,-1.,0.),(0.,2.37945606909178),.UNSPECIFIED.);
#58=B_SPLINE_SURFACE_WITH_KNOTS('',3,3,((#9000,#9001,#9002,#9003),(#9004,
#9005,#9006,#9007),(#9008,#9009,#9010,#9011),(#9012,#9013,#9014,#9015),
(#9016,#9017,#9018,#9019),(#9020,#9021,#9022,#9023),(#9024,#9025,#9026,
#9027),(#9028,#9029,#9030,#9031),(#9032,#9033,#9034,#9035),(#9036,#9037,
#9038,#9039),(#9040,#9041,#9042,#9043),(#9044,#9045,#9046,#9047),(#9048,
#9049,#9050,#9051),(#9052,#9053,#9054,#9055),(#9056,#9057,#9058,#9059),
(#9060,#9061,#9062,#9063),(#9064,#9065,#9066,#9067),(#9068,#9069,#9070,
#9071),(#9072,#9073,#9074,#9075),(#9076,#9077,#9078,#9079),(#9080,#9081,
#9082,#9083),(#9084,#9085,#9086,#9087),(#9088,#9089,#9090,#9091),(#9092,
#9093,#9094,#9095),(#9096,#9097,#9098,#9099),(#9100,#9101,#9102,#9103),
(#9104,#9105,#9106,#9107),(#9108,#9109,#9110,#9111),(#9112,#9113,#9114,
#9115),(#9116,#9117,#9118,#9119)),.UNSPECIFIED.,.F.,.F.,.F.,(4,2,2,2,2,
2,2,2,2,2,2,2,2,2,4),(4,4),(-31.7493622195257,-29.8061899953265,-27.8906260648401,
-25.0041598682168,-22.1302069506367,-19.2312924137723,-16.3130132392761,
-13.316565872606,-10.2823506374772,-7.2259731889924,-4.1836960813715,-3.09716854293547,
-2.04584564035439,-1.,0.),(0.,2.37945606909178),.UNSPECIFIED.);
#59=ELLIPSE('',#5121,0.7,0.689013199745177);
#60=ELLIPSE('',#5122,0.7,0.689013199745177);
#61=ELLIPSE('',#5306,0.113711930025925,0.11085);
#62=ELLIPSE('',#5307,0.113711930025925,0.11085);
#63=ELLIPSE('',#5312,0.113711930025925,0.11085);
#64=ELLIPSE('',#5314,0.113711930025925,0.11085);
#65=B_SPLINE_CURVE_WITH_KNOTS('',3,(#6739,#6740,#6741,#6742,#6743,#6744,
#6745,#6746,#6747,#6748,#6749,#6750,#6751,#6752,#6753,#6754,#6755,#6756,
#6757,#6758,#6759,#6760,#6761,#6762,#6763,#6764,#6765,#6766,#6767,#6768,
#6769,#6770,#6771,#6772,#6773,#6774,#6775,#6776,#6777,#6778,#6779,#6780,
#6781,#6782),.UNSPECIFIED.,.T.,.F.,(4,2,2,2,2,2,2,2,2,2,2,2,2,2,2,2,2,2,
2,2,2,4),(0.,0.250755610232822,0.414692072817221,0.561313386308776,0.710198443999588,
0.863637306335601,1.0788636022853,1.31778456610284,1.55579668484671,1.80881945156705,
2.06588630354267,2.31816899391394,2.48287794944692,2.62942510737809,2.77841255115642,
2.93139668223865,3.14455805843884,3.38351263606754,3.62150686143379,3.87362838812931,
4.00180310583985,4.14090009173743),.UNSPECIFIED.);
#66=B_SPLINE_CURVE_WITH_KNOTS('',3,(#7019,#7020,#7021,#7022,#7023,#7024,
#7025,#7026,#7027,#7028,#7029,#7030,#7031,#7032,#7033,#7034,#7035,#7036,
#7037,#7038,#7039,#7040,#7041,#7042,#7043,#7044,#7045,#7046,#7047,#7048,
#7049,#7050,#7051,#7052,#7053,#7054,#7055,#7056,#7057,#7058,#7059,#7060,
#7061,#7062,#7063,#7064,#7065,#7066,#7067),.UNSPECIFIED.,.T.,.F.,(4,3,3,
3,3,3,3,3,3,3,3,3,3,3,3,3,4),(0.,0.0673206304221969,0.135299640743251,0.203535015306548,
0.27129000685968,0.339924933368046,0.410060946096011,0.478664887956688,
0.546399097339387,0.614133306722086,0.681867516104785,0.749601725487484,
0.815886253253778,0.883031619043011,0.950653045594661,1.01827447214631,
1.08610085694492),.UNSPECIFIED.);
#67=B_SPLINE_CURVE_WITH_KNOTS('',3,(#7256,#7257,#7258,#7259,#7260,#7261,
#7262,#7263,#7264,#7265,#7266,#7267,#7268,#7269,#7270,#7271,#7272,#7273,
#7274,#7275,#7276,#7277,#7278,#7279,#7280,#7281,#7282,#7283,#7284,#7285,
#7286,#7287,#7288,#7289,#7290,#7291,#7292,#7293,#7294,#7295,#7296,#7297,
#7298,#7299,#7300,#7301,#7302,#7303,#7304),.UNSPECIFIED.,.T.,.F.,(4,3,3,
3,3,3,3,3,3,3,3,3,3,3,3,3,4),(0.,0.0897959323955603,0.178467989588438,0.266494547549385,
0.355018243149561,0.447757352825936,0.540926289573151,0.633419645542419,
0.724761706487823,0.815316335873352,0.906114706884545,0.997075251388036,
1.08752397882458,1.17308358585915,1.25912528582718,1.3457979300526,1.43271940660171),
 .UNSPECIFIED.);
#68=B_SPLINE_CURVE_WITH_KNOTS('',3,(#7457,#7458,#7459,#7460,#7461,#7462,
#7463,#7464,#7465,#7466,#7467,#7468,#7469,#7470,#7471,#7472,#7473,#7474,
#7475,#7476,#7477,#7478,#7479,#7480,#7481,#7482,#7483,#7484,#7485,#7486,
#7487),.UNSPECIFIED.,.F.,.F.,(4,3,3,3,3,3,3,3,3,3,4),(0.,0.350927311187581,
0.58097965963277,0.80431551442063,1.01871793501697,1.2331203556133,1.43183479421478,
1.62500507503407,1.81404332673443,2.00431600615033,2.26824262598529),
 .UNSPECIFIED.);
#69=B_SPLINE_CURVE_WITH_KNOTS('',3,(#7605,#7606,#7607,#7608,#7609,#7610,
#7611,#7612,#7613,#7614,#7615,#7616,#7617,#7618,#7619,#7620,#7621,#7622,
#7623,#7624,#7625,#7626,#7627,#7628,#7629,#7630,#7631,#7632),
 .UNSPECIFIED.,.F.,.F.,(4,3,3,3,3,3,3,3,3,4),(0.,0.137672182322458,0.273526590384163,
0.414208734996266,0.556135092096657,0.722531510766082,0.887802518033734,
1.05530720043166,1.21947033511644,1.57371709943623),.UNSPECIFIED.);
#70=B_SPLINE_CURVE_WITH_KNOTS('',3,(#7743,#7744,#7745,#7746,#7747,#7748,
#7749,#7750,#7751,#7752,#7753,#7754,#7755,#7756,#7757,#7758,#7759,#7760,
#7761,#7762,#7763,#7764,#7765,#7766,#7767),.UNSPECIFIED.,.F.,.F.,(4,3,3,
3,3,3,3,3,4),(0.,0.347339016437532,0.590057847201109,0.838755296330996,
1.08745274546088,1.33357929294967,1.83198555161448,2.34143260376791,2.68406955919855),
 .UNSPECIFIED.);
#71=B_SPLINE_CURVE_WITH_KNOTS('',3,(#7877,#7878,#7879,#7880,#7881,#7882,
#7883,#7884,#7885,#7886,#7887,#7888,#7889,#7890,#7891,#7892,#7893,#7894,
#7895,#7896,#7897,#7898,#7899,#7900,#7901,#7902,#7903,#7904),
 .UNSPECIFIED.,.F.,.F.,(4,3,3,3,3,3,3,3,3,4),(0.,3.119511881849,5.12986398348507,
7.13424505749539,9.19134451038952,11.2649789216848,12.509159568462,13.7723743466206,
15.0581442036243,16.3301702826769),.UNSPECIFIED.);
#72=B_SPLINE_CURVE_WITH_KNOTS('',3,(#8176,#8177,#8178,#8179,#8180,#8181,
#8182,#8183,#8184,#8185,#8186,#8187,#8188,#8189,#8190,#8191,#8192,#8193,
#8194,#8195,#8196,#8197,#8198,#8199,#8200,#8201,#8202,#8203,#8204,#8205,
#8206,#8207,#8208,#8209,#8210,#8211,#8212,#8213,#8214,#8215,#8216,#8217,
#8218,#8219,#8220,#8221,#8222,#8223,#8224,#8225,#8226,#8227,#8228,#8229,
#8230),.UNSPECIFIED.,.F.,.F.,(4,3,3,3,3,3,3,3,3,3,3,3,3,3,3,3,3,3,4),(0.,
0.585178604759263,1.15803998532769,1.95422020916856,2.75040043300943,3.20880722855418,
3.68176212531093,4.1757270851157,4.65969093024333,5.17582748508364,5.69196403992395,
6.21648312331345,6.75192416753354,7.34181684336924,7.92746790436156,8.50518282372772,
9.07198758561134,9.61699216434559,10.1525899280527),.UNSPECIFIED.);
#73=B_SPLINE_CURVE_WITH_KNOTS('',3,(#8462,#8463,#8464,#8465,#8466,#8467,
#8468,#8469,#8470,#8471,#8472,#8473,#8474,#8475,#8476,#8477,#8478,#8479,
#8480,#8481,#8482,#8483,#8484,#8485,#8486,#8487,#8488,#8489,#8490,#8491,
#8492,#8493,#8494,#8495,#8496,#8497,#8498,#8499,#8500,#8501,#8502,#8503,
#8504,#8505,#8506,#8507,#8508,#8509,#8510,#8511,#8512,#8513,#8514,#8515,
#8516,#8517,#8518,#8519,#8520,#8521,#8522),.UNSPECIFIED.,.F.,.F.,(4,3,3,
3,3,3,3,3,3,3,3,3,3,3,3,3,3,3,3,3,4),(0.,0.184893804097817,0.369787608195626,
0.549394150435235,0.72478433017902,1.28190607760046,1.83775585590258,2.10836693218125,
2.38213344522353,2.65589995826581,2.9296664713081,3.19068123565035,3.45441671748332,
3.71815219931629,3.98027970454614,4.25160466609984,4.52512208523702,4.80627105579506,
5.09216090314573,5.43869405144957,5.77898425408845),.UNSPECIFIED.);
#74=B_SPLINE_CURVE_WITH_KNOTS('',3,(#8918,#8919,#8920,#8921,#8922,#8923,
#8924,#8925,#8926,#8927,#8928,#8929,#8930,#8931,#8932,#8933,#8934,#8935,
#8936,#8937,#8938,#8939,#8940,#8941,#8942,#8943,#8944,#8945,#8946,#8947,
#8948,#8949,#8950,#8951,#8952,#8953,#8954),.UNSPECIFIED.,.F.,.F.,(4,3,3,
3,3,3,3,3,3,3,3,3,4),(0.,0.255740740863447,0.514708912800526,0.814783143775238,
1.11681111929497,1.41953023525052,1.72224935120608,2.03813016785535,2.35799086848091,
2.67398314795203,2.9880351216639,3.2235741019478,3.4641773656889),
 .UNSPECIFIED.);
#75=B_SPLINE_CURVE_WITH_KNOTS('',3,(#9120,#9121,#9122,#9123,#9124,#9125,
#9126,#9127,#9128,#9129,#9130,#9131,#9132,#9133,#9134,#9135,#9136,#9137,
#9138,#9139,#9140,#9141,#9142,#9143,#9144,#9145,#9146,#9147,#9148,#9149,
#9150,#9151,#9152,#9153,#9154,#9155,#9156,#9157,#9158,#9159,#9160,#9161,
#9162),.UNSPECIFIED.,.F.,.F.,(4,3,3,3,3,3,3,3,3,3,3,3,3,3,4),(0.,0.0140571481568334,
0.0287587552724733,0.0435373570747277,0.0588108356590025,0.101576575694972,
0.144540526311527,0.187192939411453,0.229314443988889,0.270337126707783,
0.311087597846484,0.351487179804671,0.392062662780296,0.418990028755029,
0.446305488604842),.UNSPECIFIED.);
#76=(
BOUNDED_SURFACE()
B_SPLINE_SURFACE(2,2,((#6693,#6694,#6695,#6696,#6697,#6698,#6699,#6700,
#6701),(#6702,#6703,#6704,#6705,#6706,#6707,#6708,#6709,#6710),(#6711,#6712,
#6713,#6714,#6715,#6716,#6717,#6718,#6719),(#6720,#6721,#6722,#6723,#6724,
#6725,#6726,#6727,#6728),(#6729,#6730,#6731,#6732,#6733,#6734,#6735,#6736,
#6737)),.UNSPECIFIED.,.F.,.T.,.F.)
B_SPLINE_SURFACE_WITH_KNOTS((3,2,3),(3,2,2,2,3),(-1.5707963267949,0.,1.5707963267949),
(0.,1.5707963267949,3.14159265358979,4.71238898038469,6.28318530717959),
 .UNSPECIFIED.)
GEOMETRIC_REPRESENTATION_ITEM()
RATIONAL_B_SPLINE_SURFACE(((1.,0.707106781186548,1.,0.707106781186548,1.,
0.707106781186548,1.,0.707106781186548,1.),(0.707106781186547,0.5,0.707106781186547,
0.5,0.707106781186547,0.5,0.707106781186547,0.5,0.707106781186547),(1.,
0.707106781186548,1.,0.707106781186548,1.,0.707106781186548,1.,0.707106781186548,
1.),(0.707106781186547,0.5,0.707106781186547,0.5,0.707106781186547,0.5,
0.707106781186547,0.5,0.707106781186547),(1.,0.707106781186548,1.,0.707106781186548,
1.,0.707106781186548,1.,0.707106781186548,1.)))
REPRESENTATION_ITEM('')
SURFACE()
);
#77=(
BOUNDED_SURFACE()
B_SPLINE_SURFACE(1,2,((#6783,#6784,#6785,#6786,#6787,#6788,#6789,#6790,
#6791),(#6792,#6793,#6794,#6795,#6796,#6797,#6798,#6799,#6800)),
 .UNSPECIFIED.,.F.,.T.,.F.)
B_SPLINE_SURFACE_WITH_KNOTS((2,2),(3,2,2,2,3),(-7.63722547686988E-17,2.5),
(-3.14159265358979,-1.5707963267949,0.,1.5707963267949,3.14159265358979),
 .UNSPECIFIED.)
GEOMETRIC_REPRESENTATION_ITEM()
RATIONAL_B_SPLINE_SURFACE(((1.,0.707106781186548,1.,0.707106781186548,1.,
0.707106781186548,1.,0.707106781186548,1.),(1.,0.707106781186548,1.,0.707106781186548,
1.,0.707106781186548,1.,0.707106781186548,1.)))
REPRESENTATION_ITEM('')
SURFACE()
);
#78=(
BOUNDED_SURFACE()
B_SPLINE_SURFACE(1,2,((#9786,#9787,#9788,#9789,#9790,#9791,#9792,#9793,
#9794),(#9795,#9796,#9797,#9798,#9799,#9800,#9801,#9802,#9803)),
 .UNSPECIFIED.,.F.,.T.,.F.)
B_SPLINE_SURFACE_WITH_KNOTS((2,2),(3,2,2,2,3),(-5.1324114885527,8.88178419700125E-16),
(-3.14159265358979,-1.5707963267949,0.,1.5707963267949,3.14159265358979),
 .UNSPECIFIED.)
GEOMETRIC_REPRESENTATION_ITEM()
RATIONAL_B_SPLINE_SURFACE(((1.,0.707106781186548,1.,0.707106781186548,1.,
0.707106781186548,1.,0.707106781186548,1.),(1.,0.707106781186548,1.,0.707106781186548,
1.,0.707106781186548,1.,0.707106781186548,1.)))
REPRESENTATION_ITEM('')
SURFACE()
);
#79=(
BOUNDED_SURFACE()
B_SPLINE_SURFACE(1,2,((#9842,#9843,#9844,#9845,#9846,#9847,#9848,#9849,
#9850),(#9851,#9852,#9853,#9854,#9855,#9856,#9857,#9858,#9859)),
 .UNSPECIFIED.,.F.,.T.,.F.)
B_SPLINE_SURFACE_WITH_KNOTS((2,2),(3,2,2,2,3),(-5.13241148855269,8.88178419700125E-16),
(-3.14159265358979,-1.5707963267949,0.,1.5707963267949,3.14159265358979),
 .UNSPECIFIED.)
GEOMETRIC_REPRESENTATION_ITEM()
RATIONAL_B_SPLINE_SURFACE(((1.,0.707106781186548,1.,0.707106781186548,1.,
0.707106781186548,1.,0.707106781186548,1.),(1.,0.707106781186548,1.,0.707106781186548,
1.,0.707106781186548,1.,0.707106781186548,1.)))
REPRESENTATION_ITEM('')
SURFACE()
);
#80=FACE_BOUND('',#674,.T.);
#81=FACE_BOUND('',#675,.T.);
#82=FACE_BOUND('',#676,.T.);
#83=FACE_BOUND('',#677,.T.);
#84=FACE_BOUND('',#680,.T.);
#85=FACE_BOUND('',#681,.T.);
#86=FACE_BOUND('',#682,.T.);
#87=FACE_BOUND('',#683,.T.);
#88=FACE_BOUND('',#688,.T.);
#89=FACE_BOUND('',#690,.T.);
#90=FACE_BOUND('',#694,.T.);
#91=FACE_BOUND('',#696,.T.);
#92=FACE_BOUND('',#700,.T.);
#93=FACE_BOUND('',#702,.T.);
#94=FACE_BOUND('',#706,.T.);
#95=FACE_BOUND('',#724,.T.);
#96=FACE_BOUND('',#735,.T.);
#97=FACE_BOUND('',#736,.T.);
#98=FACE_BOUND('',#807,.T.);
#99=FACE_BOUND('',#808,.T.);
#100=FACE_BOUND('',#809,.T.);
#101=FACE_BOUND('',#810,.T.);
#102=FACE_BOUND('',#811,.T.);
#103=FACE_BOUND('',#812,.T.);
#104=FACE_BOUND('',#859,.T.);
#105=FACE_BOUND('',#861,.T.);
#106=FACE_BOUND('',#862,.T.);
#107=FACE_BOUND('',#863,.T.);
#108=FACE_BOUND('',#864,.T.);
#109=FACE_BOUND('',#865,.T.);
#110=FACE_BOUND('',#866,.T.);
#111=FACE_BOUND('',#867,.T.);
#112=FACE_BOUND('',#868,.T.);
#113=FACE_BOUND('',#869,.T.);
#114=FACE_BOUND('',#870,.T.);
#115=FACE_BOUND('',#871,.T.);
#116=FACE_BOUND('',#872,.T.);
#117=FACE_BOUND('',#905,.T.);
#118=FACE_BOUND('',#909,.T.);
#119=FACE_BOUND('',#914,.T.);
#120=FACE_BOUND('',#916,.T.);
#121=FACE_BOUND('',#924,.T.);
#122=FACE_BOUND('',#962,.T.);
#123=FACE_BOUND('',#963,.T.);
#124=FACE_BOUND('',#964,.T.);
#125=FACE_BOUND('',#966,.T.);
#126=FACE_BOUND('',#967,.T.);
#127=FACE_BOUND('',#968,.T.);
#128=FACE_BOUND('',#969,.T.);
#129=FACE_BOUND('',#970,.T.);
#130=FACE_BOUND('',#971,.T.);
#131=FACE_BOUND('',#974,.T.);
#132=FACE_BOUND('',#975,.T.);
#133=FACE_BOUND('',#976,.T.);
#134=FACE_BOUND('',#977,.T.);
#135=FACE_BOUND('',#978,.T.);
#136=SHAPE_REPRESENTATION_RELATIONSHIP('SRR','None',#10085,#143);
#137=SHAPE_REPRESENTATION_RELATIONSHIP('SRR','None',#10086,#144);
#138=SHAPE_REPRESENTATION_RELATIONSHIP('SRR','None',#10087,#145);
#139=SHAPE_REPRESENTATION_RELATIONSHIP('SRR','None',#10088,#146);
#140=SHAPE_REPRESENTATION_RELATIONSHIP('SRR','None',#10089,#147);
#141=SHAPE_REPRESENTATION_RELATIONSHIP('SRR','None',#10090,#148);
#142=SHAPE_REPRESENTATION_RELATIONSHIP('SRR','None',#10091,#149);
#143=ADVANCED_BREP_SHAPE_REPRESENTATION('',(#169),#10049);
#144=ADVANCED_BREP_SHAPE_REPRESENTATION('',(#170),#10050);
#145=ADVANCED_BREP_SHAPE_REPRESENTATION('',(#171),#10051);
#146=ADVANCED_BREP_SHAPE_REPRESENTATION('',(#172),#10052);
#147=ADVANCED_BREP_SHAPE_REPRESENTATION('',(#173),#10053);
#148=ADVANCED_BREP_SHAPE_REPRESENTATION('',(#174),#10054);
#149=ADVANCED_BREP_SHAPE_REPRESENTATION('',(#175),#10055);
#150=STYLED_ITEM('',(#10129),#169);
#151=STYLED_ITEM('',(#10130),#170);
#152=STYLED_ITEM('',(#10129),#171);
#153=STYLED_ITEM('',(#10129),#172);
#154=STYLED_ITEM('',(#10129),#173);
#155=STYLED_ITEM('',(#10129),#174);
#156=STYLED_ITEM('',(#10131),#4841);
#157=STYLED_ITEM('',(#10131),#4849);
#158=STYLED_ITEM('',(#10131),#4851);
#159=STYLED_ITEM('',(#10131),#4857);
#160=STYLED_ITEM('',(#10131),#4859);
#161=STYLED_ITEM('',(#10131),#4865);
#162=STYLED_ITEM('',(#10131),#4867);
#163=STYLED_ITEM('',(#10131),#4873);
#164=STYLED_ITEM('',(#10131),#4877);
#165=STYLED_ITEM('',(#10131),#4879);
#166=STYLED_ITEM('',(#10131),#4884);
#167=STYLED_ITEM('',(#10131),#4888);
#168=STYLED_ITEM('',(#10130),#175);
#169=MANIFOLD_SOLID_BREP('Body1',#4982);
#170=MANIFOLD_SOLID_BREP('Body1',#4983);
#171=MANIFOLD_SOLID_BREP('Body1',#4984);
#172=MANIFOLD_SOLID_BREP('Body1',#4985);
#173=MANIFOLD_SOLID_BREP('Body1',#4986);
#174=MANIFOLD_SOLID_BREP('Body1',#4987);
#175=MANIFOLD_SOLID_BREP('Body1',#4988);
#176=PLANE('',#5072);
#177=PLANE('',#5073);
#178=PLANE('',#5087);
#179=PLANE('',#5088);
#180=PLANE('',#5089);
#181=PLANE('',#5090);
#182=PLANE('',#5091);
#183=PLANE('',#5092);
#184=PLANE('',#5100);
#185=PLANE('',#5101);
#186=PLANE('',#5109);
#187=PLANE('',#5110);
#188=PLANE('',#5118);
#189=PLANE('',#5119);
#190=PLANE('',#5123);
#191=PLANE('',#5124);
#192=PLANE('',#5126);
#193=PLANE('',#5127);
#194=PLANE('',#5128);
#195=PLANE('',#5129);
#196=PLANE('',#5130);
#197=PLANE('',#5131);
#198=PLANE('',#5132);
#199=PLANE('',#5133);
#200=PLANE('',#5134);
#201=PLANE('',#5135);
#202=PLANE('',#5136);
#203=PLANE('',#5137);
#204=PLANE('',#5138);
#205=PLANE('',#5139);
#206=PLANE('',#5140);
#207=PLANE('',#5141);
#208=PLANE('',#5142);
#209=PLANE('',#5143);
#210=PLANE('',#5144);
#211=PLANE('',#5145);
#212=PLANE('',#5146);
#213=PLANE('',#5147);
#214=PLANE('',#5148);
#215=PLANE('',#5149);
#216=PLANE('',#5150);
#217=PLANE('',#5151);
#218=PLANE('',#5152);
#219=PLANE('',#5153);
#220=PLANE('',#5154);
#221=PLANE('',#5155);
#222=PLANE('',#5156);
#223=PLANE('',#5157);
#224=PLANE('',#5158);
#225=PLANE('',#5159);
#226=PLANE('',#5160);
#227=PLANE('',#5161);
#228=PLANE('',#5162);
#229=PLANE('',#5163);
#230=PLANE('',#5164);
#231=PLANE('',#5165);
#232=PLANE('',#5166);
#233=PLANE('',#5167);
#234=PLANE('',#5168);
#235=PLANE('',#5169);
#236=PLANE('',#5170);
#237=PLANE('',#5171);
#238=PLANE('',#5172);
#239=PLANE('',#5173);
#240=PLANE('',#5174);
#241=PLANE('',#5175);
#242=PLANE('',#5176);
#243=PLANE('',#5177);
#244=PLANE('',#5178);
#245=PLANE('',#5179);
#246=PLANE('',#5180);
#247=PLANE('',#5181);
#248=PLANE('',#5182);
#249=PLANE('',#5183);
#250=PLANE('',#5184);
#251=PLANE('',#5185);
#252=PLANE('',#5186);
#253=PLANE('',#5187);
#254=PLANE('',#5188);
#255=PLANE('',#5189);
#256=PLANE('',#5190);
#257=PLANE('',#5191);
#258=PLANE('',#5192);
#259=PLANE('',#5193);
#260=PLANE('',#5194);
#261=PLANE('',#5195);
#262=PLANE('',#5196);
#263=PLANE('',#5197);
#264=PLANE('',#5198);
#265=PLANE('',#5199);
#266=PLANE('',#5200);
#267=PLANE('',#5201);
#268=PLANE('',#5202);
#269=PLANE('',#5203);
#270=PLANE('',#5204);
#271=PLANE('',#5205);
#272=PLANE('',#5206);
#273=PLANE('',#5207);
#274=PLANE('',#5208);
#275=PLANE('',#5209);
#276=PLANE('',#5210);
#277=PLANE('',#5211);
#278=PLANE('',#5212);
#279=PLANE('',#5213);
#280=PLANE('',#5214);
#281=PLANE('',#5215);
#282=PLANE('',#5216);
#283=PLANE('',#5217);
#284=PLANE('',#5218);
#285=PLANE('',#5219);
#286=PLANE('',#5220);
#287=PLANE('',#5221);
#288=PLANE('',#5222);
#289=PLANE('',#5223);
#290=PLANE('',#5224);
#291=PLANE('',#5225);
#292=PLANE('',#5226);
#293=PLANE('',#5227);
#294=PLANE('',#5228);
#295=PLANE('',#5229);
#296=PLANE('',#5230);
#297=PLANE('',#5231);
#298=PLANE('',#5232);
#299=PLANE('',#5233);
#300=PLANE('',#5234);
#301=PLANE('',#5235);
#302=PLANE('',#5236);
#303=PLANE('',#5237);
#304=PLANE('',#5238);
#305=PLANE('',#5239);
#306=PLANE('',#5240);
#307=PLANE('',#5241);
#308=PLANE('',#5242);
#309=PLANE('',#5243);
#310=PLANE('',#5244);
#311=PLANE('',#5245);
#312=PLANE('',#5246);
#313=PLANE('',#5247);
#314=PLANE('',#5248);
#315=PLANE('',#5249);
#316=PLANE('',#5250);
#317=PLANE('',#5251);
#318=PLANE('',#5252);
#319=PLANE('',#5253);
#320=PLANE('',#5254);
#321=PLANE('',#5255);
#322=PLANE('',#5256);
#323=PLANE('',#5257);
#324=PLANE('',#5259);
#325=PLANE('',#5260);
#326=PLANE('',#5261);
#327=PLANE('',#5262);
#328=PLANE('',#5263);
#329=PLANE('',#5264);
#330=PLANE('',#5265);
#331=PLANE('',#5266);
#332=PLANE('',#5267);
#333=PLANE('',#5268);
#334=PLANE('',#5269);
#335=PLANE('',#5270);
#336=PLANE('',#5271);
#337=PLANE('',#5272);
#338=PLANE('',#5273);
#339=PLANE('',#5274);
#340=PLANE('',#5275);
#341=PLANE('',#5276);
#342=PLANE('',#5277);
#343=PLANE('',#5281);
#344=PLANE('',#5285);
#345=PLANE('',#5289);
#346=PLANE('',#5293);
#347=PLANE('',#5296);
#348=PLANE('',#5300);
#349=PLANE('',#5301);
#350=PLANE('',#5302);
#351=PLANE('',#5303);
#352=PLANE('',#5304);
#353=PLANE('',#5305);
#354=PLANE('',#5308);
#355=PLANE('',#5309);
#356=PLANE('',#5310);
#357=PLANE('',#5311);
#358=PLANE('',#5313);
#359=PLANE('',#5315);
#360=PLANE('',#5316);
#361=PLANE('',#5317);
#362=PLANE('',#5318);
#363=PLANE('',#5319);
#364=PLANE('',#5323);
#365=PLANE('',#5324);
#366=PLANE('',#5325);
#367=PLANE('',#5326);
#368=PLANE('',#5327);
#369=PLANE('',#5328);
#370=PLANE('',#5329);
#371=PLANE('',#5330);
#372=PLANE('',#5331);
#373=PLANE('',#5332);
#374=PLANE('',#5333);
#375=PLANE('',#5334);
#376=PLANE('',#5335);
#377=PLANE('',#5336);
#378=PLANE('',#5337);
#379=PLANE('',#5338);
#380=PLANE('',#5339);
#381=PLANE('',#5340);
#382=PLANE('',#5341);
#383=PLANE('',#5342);
#384=PLANE('',#5343);
#385=PLANE('',#5344);
#386=PLANE('',#5345);
#387=PLANE('',#5346);
#388=PLANE('',#5347);
#389=PLANE('',#5348);
#390=PLANE('',#5349);
#391=PLANE('',#5350);
#392=PLANE('',#5351);
#393=PLANE('',#5352);
#394=PLANE('',#5353);
#395=PLANE('',#5354);
#396=PLANE('',#5355);
#397=PLANE('',#5356);
#398=PLANE('',#5357);
#399=PLANE('',#5358);
#400=PLANE('',#5359);
#401=PLANE('',#5360);
#402=PLANE('',#5361);
#403=PLANE('',#5362);
#404=FACE_OUTER_BOUND('',#664,.T.);
#405=FACE_OUTER_BOUND('',#665,.T.);
#406=FACE_OUTER_BOUND('',#666,.T.);
#407=FACE_OUTER_BOUND('',#667,.T.);
#408=FACE_OUTER_BOUND('',#668,.T.);
#409=FACE_OUTER_BOUND('',#669,.T.);
#410=FACE_OUTER_BOUND('',#670,.T.);
#411=FACE_OUTER_BOUND('',#671,.T.);
#412=FACE_OUTER_BOUND('',#672,.T.);
#413=FACE_OUTER_BOUND('',#673,.T.);
#414=FACE_OUTER_BOUND('',#678,.T.);
#415=FACE_OUTER_BOUND('',#679,.T.);
#416=FACE_OUTER_BOUND('',#684,.T.);
#417=FACE_OUTER_BOUND('',#685,.T.);
#418=FACE_OUTER_BOUND('',#686,.T.);
#419=FACE_OUTER_BOUND('',#687,.T.);
#420=FACE_OUTER_BOUND('',#689,.T.);
#421=FACE_OUTER_BOUND('',#691,.T.);
#422=FACE_OUTER_BOUND('',#692,.T.);
#423=FACE_OUTER_BOUND('',#693,.T.);
#424=FACE_OUTER_BOUND('',#695,.T.);
#425=FACE_OUTER_BOUND('',#697,.T.);
#426=FACE_OUTER_BOUND('',#698,.T.);
#427=FACE_OUTER_BOUND('',#699,.T.);
#428=FACE_OUTER_BOUND('',#701,.T.);
#429=FACE_OUTER_BOUND('',#703,.T.);
#430=FACE_OUTER_BOUND('',#704,.T.);
#431=FACE_OUTER_BOUND('',#705,.T.);
#432=FACE_OUTER_BOUND('',#707,.T.);
#433=FACE_OUTER_BOUND('',#708,.T.);
#434=FACE_OUTER_BOUND('',#709,.T.);
#435=FACE_OUTER_BOUND('',#710,.T.);
#436=FACE_OUTER_BOUND('',#711,.T.);
#437=FACE_OUTER_BOUND('',#712,.T.);
#438=FACE_OUTER_BOUND('',#713,.T.);
#439=FACE_OUTER_BOUND('',#714,.T.);
#440=FACE_OUTER_BOUND('',#715,.T.);
#441=FACE_OUTER_BOUND('',#716,.T.);
#442=FACE_OUTER_BOUND('',#717,.T.);
#443=FACE_OUTER_BOUND('',#718,.T.);
#444=FACE_OUTER_BOUND('',#719,.T.);
#445=FACE_OUTER_BOUND('',#720,.T.);
#446=FACE_OUTER_BOUND('',#721,.T.);
#447=FACE_OUTER_BOUND('',#722,.T.);
#448=FACE_OUTER_BOUND('',#723,.T.);
#449=FACE_OUTER_BOUND('',#725,.T.);
#450=FACE_OUTER_BOUND('',#726,.T.);
#451=FACE_OUTER_BOUND('',#727,.T.);
#452=FACE_OUTER_BOUND('',#728,.T.);
#453=FACE_OUTER_BOUND('',#729,.T.);
#454=FACE_OUTER_BOUND('',#730,.T.);
#455=FACE_OUTER_BOUND('',#731,.T.);
#456=FACE_OUTER_BOUND('',#732,.T.);
#457=FACE_OUTER_BOUND('',#733,.T.);
#458=FACE_OUTER_BOUND('',#734,.T.);
#459=FACE_OUTER_BOUND('',#737,.T.);
#460=FACE_OUTER_BOUND('',#738,.T.);
#461=FACE_OUTER_BOUND('',#739,.T.);
#462=FACE_OUTER_BOUND('',#740,.T.);
#463=FACE_OUTER_BOUND('',#741,.T.);
#464=FACE_OUTER_BOUND('',#742,.T.);
#465=FACE_OUTER_BOUND('',#743,.T.);
#466=FACE_OUTER_BOUND('',#744,.T.);
#467=FACE_OUTER_BOUND('',#745,.T.);
#468=FACE_OUTER_BOUND('',#746,.T.);
#469=FACE_OUTER_BOUND('',#747,.T.);
#470=FACE_OUTER_BOUND('',#748,.T.);
#471=FACE_OUTER_BOUND('',#749,.T.);
#472=FACE_OUTER_BOUND('',#750,.T.);
#473=FACE_OUTER_BOUND('',#751,.T.);
#474=FACE_OUTER_BOUND('',#752,.T.);
#475=FACE_OUTER_BOUND('',#753,.T.);
#476=FACE_OUTER_BOUND('',#754,.T.);
#477=FACE_OUTER_BOUND('',#755,.T.);
#478=FACE_OUTER_BOUND('',#756,.T.);
#479=FACE_OUTER_BOUND('',#757,.T.);
#480=FACE_OUTER_BOUND('',#758,.T.);
#481=FACE_OUTER_BOUND('',#759,.T.);
#482=FACE_OUTER_BOUND('',#760,.T.);
#483=FACE_OUTER_BOUND('',#761,.T.);
#484=FACE_OUTER_BOUND('',#762,.T.);
#485=FACE_OUTER_BOUND('',#763,.T.);
#486=FACE_OUTER_BOUND('',#764,.T.);
#487=FACE_OUTER_BOUND('',#765,.T.);
#488=FACE_OUTER_BOUND('',#766,.T.);
#489=FACE_OUTER_BOUND('',#767,.T.);
#490=FACE_OUTER_BOUND('',#768,.T.);
#491=FACE_OUTER_BOUND('',#769,.T.);
#492=FACE_OUTER_BOUND('',#770,.T.);
#493=FACE_OUTER_BOUND('',#771,.T.);
#494=FACE_OUTER_BOUND('',#772,.T.);
#495=FACE_OUTER_BOUND('',#773,.T.);
#496=FACE_OUTER_BOUND('',#774,.T.);
#497=FACE_OUTER_BOUND('',#775,.T.);
#498=FACE_OUTER_BOUND('',#776,.T.);
#499=FACE_OUTER_BOUND('',#777,.T.);
#500=FACE_OUTER_BOUND('',#778,.T.);
#501=FACE_OUTER_BOUND('',#779,.T.);
#502=FACE_OUTER_BOUND('',#780,.T.);
#503=FACE_OUTER_BOUND('',#781,.T.);
#504=FACE_OUTER_BOUND('',#782,.T.);
#505=FACE_OUTER_BOUND('',#783,.T.);
#506=FACE_OUTER_BOUND('',#784,.T.);
#507=FACE_OUTER_BOUND('',#785,.T.);
#508=FACE_OUTER_BOUND('',#786,.T.);
#509=FACE_OUTER_BOUND('',#787,.T.);
#510=FACE_OUTER_BOUND('',#788,.T.);
#511=FACE_OUTER_BOUND('',#789,.T.);
#512=FACE_OUTER_BOUND('',#790,.T.);
#513=FACE_OUTER_BOUND('',#791,.T.);
#514=FACE_OUTER_BOUND('',#792,.T.);
#515=FACE_OUTER_BOUND('',#793,.T.);
#516=FACE_OUTER_BOUND('',#794,.T.);
#517=FACE_OUTER_BOUND('',#795,.T.);
#518=FACE_OUTER_BOUND('',#796,.T.);
#519=FACE_OUTER_BOUND('',#797,.T.);
#520=FACE_OUTER_BOUND('',#798,.T.);
#521=FACE_OUTER_BOUND('',#799,.T.);
#522=FACE_OUTER_BOUND('',#800,.T.);
#523=FACE_OUTER_BOUND('',#801,.T.);
#524=FACE_OUTER_BOUND('',#802,.T.);
#525=FACE_OUTER_BOUND('',#803,.T.);
#526=FACE_OUTER_BOUND('',#804,.T.);
#527=FACE_OUTER_BOUND('',#805,.T.);
#528=FACE_OUTER_BOUND('',#806,.T.);
#529=FACE_OUTER_BOUND('',#813,.T.);
#530=FACE_OUTER_BOUND('',#814,.T.);
#531=FACE_OUTER_BOUND('',#815,.T.);
#532=FACE_OUTER_BOUND('',#816,.T.);
#533=FACE_OUTER_BOUND('',#817,.T.);
#534=FACE_OUTER_BOUND('',#818,.T.);
#535=FACE_OUTER_BOUND('',#819,.T.);
#536=FACE_OUTER_BOUND('',#820,.T.);
#537=FACE_OUTER_BOUND('',#821,.T.);
#538=FACE_OUTER_BOUND('',#822,.T.);
#539=FACE_OUTER_BOUND('',#823,.T.);
#540=FACE_OUTER_BOUND('',#824,.T.);
#541=FACE_OUTER_BOUND('',#825,.T.);
#542=FACE_OUTER_BOUND('',#826,.T.);
#543=FACE_OUTER_BOUND('',#827,.T.);
#544=FACE_OUTER_BOUND('',#828,.T.);
#545=FACE_OUTER_BOUND('',#829,.T.);
#546=FACE_OUTER_BOUND('',#830,.T.);
#547=FACE_OUTER_BOUND('',#831,.T.);
#548=FACE_OUTER_BOUND('',#832,.T.);
#549=FACE_OUTER_BOUND('',#833,.T.);
#550=FACE_OUTER_BOUND('',#834,.T.);
#551=FACE_OUTER_BOUND('',#835,.T.);
#552=FACE_OUTER_BOUND('',#836,.T.);
#553=FACE_OUTER_BOUND('',#837,.T.);
#554=FACE_OUTER_BOUND('',#838,.T.);
#555=FACE_OUTER_BOUND('',#839,.T.);
#556=FACE_OUTER_BOUND('',#840,.T.);
#557=FACE_OUTER_BOUND('',#841,.T.);
#558=FACE_OUTER_BOUND('',#842,.T.);
#559=FACE_OUTER_BOUND('',#843,.T.);
#560=FACE_OUTER_BOUND('',#844,.T.);
#561=FACE_OUTER_BOUND('',#845,.T.);
#562=FACE_OUTER_BOUND('',#846,.T.);
#563=FACE_OUTER_BOUND('',#847,.T.);
#564=FACE_OUTER_BOUND('',#848,.T.);
#565=FACE_OUTER_BOUND('',#849,.T.);
#566=FACE_OUTER_BOUND('',#850,.T.);
#567=FACE_OUTER_BOUND('',#851,.T.);
#568=FACE_OUTER_BOUND('',#852,.T.);
#569=FACE_OUTER_BOUND('',#853,.T.);
#570=FACE_OUTER_BOUND('',#854,.T.);
#571=FACE_OUTER_BOUND('',#855,.T.);
#572=FACE_OUTER_BOUND('',#856,.T.);
#573=FACE_OUTER_BOUND('',#857,.T.);
#574=FACE_OUTER_BOUND('',#858,.T.);
#575=FACE_OUTER_BOUND('',#860,.T.);
#576=FACE_OUTER_BOUND('',#873,.T.);
#577=FACE_OUTER_BOUND('',#874,.T.);
#578=FACE_OUTER_BOUND('',#875,.T.);
#579=FACE_OUTER_BOUND('',#876,.T.);
#580=FACE_OUTER_BOUND('',#877,.T.);
#581=FACE_OUTER_BOUND('',#878,.T.);
#582=FACE_OUTER_BOUND('',#879,.T.);
#583=FACE_OUTER_BOUND('',#880,.T.);
#584=FACE_OUTER_BOUND('',#881,.T.);
#585=FACE_OUTER_BOUND('',#882,.T.);
#586=FACE_OUTER_BOUND('',#883,.T.);
#587=FACE_OUTER_BOUND('',#884,.T.);
#588=FACE_OUTER_BOUND('',#885,.T.);
#589=FACE_OUTER_BOUND('',#886,.T.);
#590=FACE_OUTER_BOUND('',#887,.T.);
#591=FACE_OUTER_BOUND('',#888,.T.);
#592=FACE_OUTER_BOUND('',#889,.T.);
#593=FACE_OUTER_BOUND('',#890,.T.);
#594=FACE_OUTER_BOUND('',#891,.T.);
#595=FACE_OUTER_BOUND('',#892,.T.);
#596=FACE_OUTER_BOUND('',#893,.T.);
#597=FACE_OUTER_BOUND('',#894,.T.);
#598=FACE_OUTER_BOUND('',#895,.T.);
#599=FACE_OUTER_BOUND('',#896,.T.);
#600=FACE_OUTER_BOUND('',#897,.T.);
#601=FACE_OUTER_BOUND('',#898,.T.);
#602=FACE_OUTER_BOUND('',#899,.T.);
#603=FACE_OUTER_BOUND('',#900,.T.);
#604=FACE_OUTER_BOUND('',#901,.T.);
#605=FACE_OUTER_BOUND('',#902,.T.);
#606=FACE_OUTER_BOUND('',#903,.T.);
#607=FACE_OUTER_BOUND('',#904,.T.);
#608=FACE_OUTER_BOUND('',#906,.T.);
#609=FACE_OUTER_BOUND('',#907,.T.);
#610=FACE_OUTER_BOUND('',#908,.T.);
#611=FACE_OUTER_BOUND('',#910,.T.);
#612=FACE_OUTER_BOUND('',#911,.T.);
#613=FACE_OUTER_BOUND('',#912,.T.);
#614=FACE_OUTER_BOUND('',#913,.T.);
#615=FACE_OUTER_BOUND('',#915,.T.);
#616=FACE_OUTER_BOUND('',#917,.T.);
#617=FACE_OUTER_BOUND('',#918,.T.);
#618=FACE_OUTER_BOUND('',#919,.T.);
#619=FACE_OUTER_BOUND('',#920,.T.);
#620=FACE_OUTER_BOUND('',#921,.T.);
#621=FACE_OUTER_BOUND('',#922,.T.);
#622=FACE_OUTER_BOUND('',#923,.T.);
#623=FACE_OUTER_BOUND('',#925,.T.);
#624=FACE_OUTER_BOUND('',#926,.T.);
#625=FACE_OUTER_BOUND('',#927,.T.);
#626=FACE_OUTER_BOUND('',#928,.T.);
#627=FACE_OUTER_BOUND('',#929,.T.);
#628=FACE_OUTER_BOUND('',#930,.T.);
#629=FACE_OUTER_BOUND('',#931,.T.);
#630=FACE_OUTER_BOUND('',#932,.T.);
#631=FACE_OUTER_BOUND('',#933,.T.);
#632=FACE_OUTER_BOUND('',#934,.T.);
#633=FACE_OUTER_BOUND('',#935,.T.);
#634=FACE_OUTER_BOUND('',#936,.T.);
#635=FACE_OUTER_BOUND('',#937,.T.);
#636=FACE_OUTER_BOUND('',#938,.T.);
#637=FACE_OUTER_BOUND('',#939,.T.);
#638=FACE_OUTER_BOUND('',#940,.T.);
#639=FACE_OUTER_BOUND('',#941,.T.);
#640=FACE_OUTER_BOUND('',#942,.T.);
#641=FACE_OUTER_BOUND('',#943,.T.);
#642=FACE_OUTER_BOUND('',#944,.T.);
#643=FACE_OUTER_BOUND('',#945,.T.);
#644=FACE_OUTER_BOUND('',#946,.T.);
#645=FACE_OUTER_BOUND('',#947,.T.);
#646=FACE_OUTER_BOUND('',#948,.T.);
#647=FACE_OUTER_BOUND('',#949,.T.);
#648=FACE_OUTER_BOUND('',#950,.T.);
#649=FACE_OUTER_BOUND('',#951,.T.);
#650=FACE_OUTER_BOUND('',#952,.T.);
#651=FACE_OUTER_BOUND('',#953,.T.);
#652=FACE_OUTER_BOUND('',#954,.T.);
#653=FACE_OUTER_BOUND('',#955,.T.);
#654=FACE_OUTER_BOUND('',#956,.T.);
#655=FACE_OUTER_BOUND('',#957,.T.);
#656=FACE_OUTER_BOUND('',#958,.T.);
#657=FACE_OUTER_BOUND('',#959,.T.);
#658=FACE_OUTER_BOUND('',#960,.T.);
#659=FACE_OUTER_BOUND('',#961,.T.);
#660=FACE_OUTER_BOUND('',#965,.T.);
#661=FACE_OUTER_BOUND('',#972,.T.);
#662=FACE_OUTER_BOUND('',#973,.T.);
#663=FACE_OUTER_BOUND('',#979,.T.);
#664=EDGE_LOOP('',(#3358,#3359,#3360,#3361));
#665=EDGE_LOOP('',(#3362));
#666=EDGE_LOOP('',(#3363));
#667=EDGE_LOOP('',(#3364,#3365,#3366,#3367));
#668=EDGE_LOOP('',(#3368,#3369,#3370,#3371));
#669=EDGE_LOOP('',(#3372,#3373,#3374,#3375));
#670=EDGE_LOOP('',(#3376,#3377,#3378,#3379));
#671=EDGE_LOOP('',(#3380,#3381,#3382,#3383));
#672=EDGE_LOOP('',(#3384,#3385,#3386,#3387));
#673=EDGE_LOOP('',(#3388,#3389,#3390,#3391));
#674=EDGE_LOOP('',(#3392));
#675=EDGE_LOOP('',(#3393));
#676=EDGE_LOOP('',(#3394));
#677=EDGE_LOOP('',(#3395));
#678=EDGE_LOOP('',(#3396,#3397,#3398,#3399));
#679=EDGE_LOOP('',(#3400,#3401,#3402,#3403));
#680=EDGE_LOOP('',(#3404));
#681=EDGE_LOOP('',(#3405));
#682=EDGE_LOOP('',(#3406));
#683=EDGE_LOOP('',(#3407));
#684=EDGE_LOOP('',(#3408,#3409,#3410,#3411));
#685=EDGE_LOOP('',(#3412,#3413,#3414,#3415));
#686=EDGE_LOOP('',(#3416,#3417,#3418,#3419));
#687=EDGE_LOOP('',(#3420));
#688=EDGE_LOOP('',(#3421));
#689=EDGE_LOOP('',(#3422));
#690=EDGE_LOOP('',(#3423));
#691=EDGE_LOOP('',(#3424,#3425,#3426,#3427));
#692=EDGE_LOOP('',(#3428,#3429,#3430,#3431));
#693=EDGE_LOOP('',(#3432));
#694=EDGE_LOOP('',(#3433));
#695=EDGE_LOOP('',(#3434));
#696=EDGE_LOOP('',(#3435));
#697=EDGE_LOOP('',(#3436,#3437,#3438,#3439));
#698=EDGE_LOOP('',(#3440,#3441,#3442,#3443));
#699=EDGE_LOOP('',(#3444));
#700=EDGE_LOOP('',(#3445));
#701=EDGE_LOOP('',(#3446));
#702=EDGE_LOOP('',(#3447));
#703=EDGE_LOOP('',(#3448));
#704=EDGE_LOOP('',(#3449,#3450,#3451,#3452));
#705=EDGE_LOOP('',(#3453));
#706=EDGE_LOOP('',(#3454));
#707=EDGE_LOOP('',(#3455));
#708=EDGE_LOOP('',(#3456,#3457,#3458,#3459));
#709=EDGE_LOOP('',(#3460,#3461,#3462,#3463));
#710=EDGE_LOOP('',(#3464,#3465,#3466,#3467));
#711=EDGE_LOOP('',(#3468,#3469,#3470,#3471));
#712=EDGE_LOOP('',(#3472,#3473,#3474,#3475));
#713=EDGE_LOOP('',(#3476,#3477,#3478,#3479));
#714=EDGE_LOOP('',(#3480,#3481,#3482,#3483));
#715=EDGE_LOOP('',(#3484,#3485,#3486,#3487));
#716=EDGE_LOOP('',(#3488,#3489,#3490,#3491));
#717=EDGE_LOOP('',(#3492,#3493,#3494,#3495));
#718=EDGE_LOOP('',(#3496,#3497,#3498,#3499));
#719=EDGE_LOOP('',(#3500,#3501,#3502,#3503));
#720=EDGE_LOOP('',(#3504,#3505,#3506,#3507,#3508,#3509,#3510,#3511,#3512,
#3513,#3514,#3515));
#721=EDGE_LOOP('',(#3516,#3517,#3518,#3519));
#722=EDGE_LOOP('',(#3520,#3521,#3522,#3523));
#723=EDGE_LOOP('',(#3524));
#724=EDGE_LOOP('',(#3525));
#725=EDGE_LOOP('',(#3526));
#726=EDGE_LOOP('',(#3527,#3528,#3529,#3530));
#727=EDGE_LOOP('',(#3531,#3532,#3533,#3534));
#728=EDGE_LOOP('',(#3535,#3536,#3537,#3538));
#729=EDGE_LOOP('',(#3539,#3540,#3541,#3542));
#730=EDGE_LOOP('',(#3543,#3544,#3545,#3546));
#731=EDGE_LOOP('',(#3547,#3548,#3549,#3550));
#732=EDGE_LOOP('',(#3551,#3552,#3553,#3554));
#733=EDGE_LOOP('',(#3555,#3556,#3557,#3558));
#734=EDGE_LOOP('',(#3559,#3560,#3561,#3562));
#735=EDGE_LOOP('',(#3563,#3564));
#736=EDGE_LOOP('',(#3565,#3566));
#737=EDGE_LOOP('',(#3567,#3568));
#738=EDGE_LOOP('',(#3569,#3570));
#739=EDGE_LOOP('',(#3571,#3572,#3573,#3574));
#740=EDGE_LOOP('',(#3575,#3576,#3577,#3578));
#741=EDGE_LOOP('',(#3579,#3580,#3581,#3582));
#742=EDGE_LOOP('',(#3583,#3584,#3585,#3586));
#743=EDGE_LOOP('',(#3587,#3588,#3589,#3590));
#744=EDGE_LOOP('',(#3591,#3592,#3593,#3594));
#745=EDGE_LOOP('',(#3595,#3596,#3597,#3598));
#746=EDGE_LOOP('',(#3599,#3600,#3601,#3602));
#747=EDGE_LOOP('',(#3603,#3604,#3605,#3606));
#748=EDGE_LOOP('',(#3607,#3608,#3609,#3610));
#749=EDGE_LOOP('',(#3611,#3612,#3613,#3614));
#750=EDGE_LOOP('',(#3615,#3616,#3617,#3618));
#751=EDGE_LOOP('',(#3619,#3620,#3621,#3622,#3623,#3624,#3625,#3626,#3627,
#3628,#3629,#3630));
#752=EDGE_LOOP('',(#3631,#3632,#3633,#3634));
#753=EDGE_LOOP('',(#3635,#3636,#3637,#3638));
#754=EDGE_LOOP('',(#3639,#3640,#3641,#3642));
#755=EDGE_LOOP('',(#3643,#3644,#3645,#3646));
#756=EDGE_LOOP('',(#3647,#3648,#3649,#3650));
#757=EDGE_LOOP('',(#3651,#3652,#3653,#3654));
#758=EDGE_LOOP('',(#3655,#3656,#3657,#3658));
#759=EDGE_LOOP('',(#3659,#3660,#3661,#3662));
#760=EDGE_LOOP('',(#3663,#3664,#3665,#3666));
#761=EDGE_LOOP('',(#3667,#3668,#3669,#3670));
#762=EDGE_LOOP('',(#3671,#3672,#3673,#3674));
#763=EDGE_LOOP('',(#3675,#3676,#3677,#3678));
#764=EDGE_LOOP('',(#3679,#3680,#3681,#3682));
#765=EDGE_LOOP('',(#3683,#3684,#3685,#3686));
#766=EDGE_LOOP('',(#3687,#3688,#3689,#3690));
#767=EDGE_LOOP('',(#3691,#3692,#3693,#3694));
#768=EDGE_LOOP('',(#3695,#3696,#3697,#3698));
#769=EDGE_LOOP('',(#3699,#3700,#3701,#3702,#3703,#3704,#3705,#3706,#3707,
#3708,#3709,#3710));
#770=EDGE_LOOP('',(#3711,#3712,#3713,#3714));
#771=EDGE_LOOP('',(#3715,#3716,#3717,#3718));
#772=EDGE_LOOP('',(#3719,#3720,#3721,#3722));
#773=EDGE_LOOP('',(#3723,#3724,#3725,#3726));
#774=EDGE_LOOP('',(#3727,#3728,#3729,#3730));
#775=EDGE_LOOP('',(#3731,#3732,#3733,#3734));
#776=EDGE_LOOP('',(#3735,#3736,#3737,#3738));
#777=EDGE_LOOP('',(#3739,#3740,#3741,#3742));
#778=EDGE_LOOP('',(#3743,#3744,#3745,#3746));
#779=EDGE_LOOP('',(#3747,#3748,#3749,#3750));
#780=EDGE_LOOP('',(#3751,#3752,#3753,#3754));
#781=EDGE_LOOP('',(#3755,#3756,#3757,#3758));
#782=EDGE_LOOP('',(#3759,#3760,#3761,#3762,#3763,#3764,#3765,#3766,#3767,
#3768,#3769,#3770));
#783=EDGE_LOOP('',(#3771,#3772,#3773,#3774));
#784=EDGE_LOOP('',(#3775,#3776,#3777,#3778));
#785=EDGE_LOOP('',(#3779,#3780,#3781,#3782));
#786=EDGE_LOOP('',(#3783,#3784,#3785,#3786));
#787=EDGE_LOOP('',(#3787,#3788,#3789,#3790));
#788=EDGE_LOOP('',(#3791,#3792,#3793,#3794));
#789=EDGE_LOOP('',(#3795,#3796,#3797,#3798));
#790=EDGE_LOOP('',(#3799,#3800,#3801,#3802));
#791=EDGE_LOOP('',(#3803,#3804,#3805,#3806));
#792=EDGE_LOOP('',(#3807,#3808,#3809,#3810));
#793=EDGE_LOOP('',(#3811,#3812,#3813,#3814));
#794=EDGE_LOOP('',(#3815,#3816,#3817,#3818));
#795=EDGE_LOOP('',(#3819,#3820,#3821,#3822,#3823,#3824,#3825,#3826,#3827,
#3828,#3829,#3830));
#796=EDGE_LOOP('',(#3831,#3832,#3833,#3834));
#797=EDGE_LOOP('',(#3835,#3836,#3837,#3838));
#798=EDGE_LOOP('',(#3839,#3840,#3841,#3842));
#799=EDGE_LOOP('',(#3843,#3844,#3845,#3846));
#800=EDGE_LOOP('',(#3847,#3848,#3849,#3850));
#801=EDGE_LOOP('',(#3851,#3852,#3853,#3854,#3855,#3856));
#802=EDGE_LOOP('',(#3857,#3858,#3859));
#803=EDGE_LOOP('',(#3860,#3861,#3862,#3863,#3864,#3865));
#804=EDGE_LOOP('',(#3866,#3867,#3868,#3869,#3870,#3871));
#805=EDGE_LOOP('',(#3872,#3873,#3874));
#806=EDGE_LOOP('',(#3875,#3876,#3877,#3878,#3879,#3880,#3881,#3882,#3883,
#3884,#3885,#3886,#3887,#3888,#3889,#3890,#3891,#3892,#3893,#3894,#3895,
#3896,#3897,#3898,#3899,#3900,#3901,#3902));
#807=EDGE_LOOP('',(#3903,#3904,#3905,#3906));
#808=EDGE_LOOP('',(#3907,#3908,#3909,#3910));
#809=EDGE_LOOP('',(#3911,#3912,#3913,#3914));
#810=EDGE_LOOP('',(#3915,#3916,#3917,#3918));
#811=EDGE_LOOP('',(#3919,#3920,#3921,#3922));
#812=EDGE_LOOP('',(#3923,#3924,#3925,#3926));
#813=EDGE_LOOP('',(#3927,#3928,#3929,#3930,#3931,#3932));
#814=EDGE_LOOP('',(#3933,#3934,#3935,#3936,#3937,#3938,#3939,#3940));
#815=EDGE_LOOP('',(#3941,#3942,#3943,#3944,#3945));
#816=EDGE_LOOP('',(#3946,#3947,#3948,#3949,#3950,#3951));
#817=EDGE_LOOP('',(#3952,#3953,#3954,#3955,#3956,#3957));
#818=EDGE_LOOP('',(#3958,#3959,#3960));
#819=EDGE_LOOP('',(#3961,#3962,#3963,#3964,#3965,#3966));
#820=EDGE_LOOP('',(#3967,#3968,#3969,#3970,#3971,#3972));
#821=EDGE_LOOP('',(#3973,#3974,#3975));
#822=EDGE_LOOP('',(#3976,#3977,#3978,#3979,#3980,#3981,#3982,#3983));
#823=EDGE_LOOP('',(#3984,#3985,#3986,#3987,#3988));
#824=EDGE_LOOP('',(#3989,#3990,#3991,#3992,#3993,#3994));
#825=EDGE_LOOP('',(#3995,#3996,#3997,#3998,#3999,#4000));
#826=EDGE_LOOP('',(#4001,#4002,#4003));
#827=EDGE_LOOP('',(#4004,#4005,#4006,#4007,#4008,#4009));
#828=EDGE_LOOP('',(#4010,#4011,#4012,#4013,#4014,#4015));
#829=EDGE_LOOP('',(#4016,#4017,#4018));
#830=EDGE_LOOP('',(#4019,#4020,#4021,#4022,#4023,#4024,#4025,#4026));
#831=EDGE_LOOP('',(#4027,#4028,#4029,#4030,#4031));
#832=EDGE_LOOP('',(#4032,#4033,#4034,#4035,#4036,#4037));
#833=EDGE_LOOP('',(#4038,#4039,#4040,#4041,#4042,#4043));
#834=EDGE_LOOP('',(#4044,#4045,#4046));
#835=EDGE_LOOP('',(#4047,#4048,#4049,#4050,#4051,#4052));
#836=EDGE_LOOP('',(#4053,#4054,#4055,#4056,#4057,#4058));
#837=EDGE_LOOP('',(#4059,#4060,#4061));
#838=EDGE_LOOP('',(#4062,#4063,#4064,#4065,#4066,#4067));
#839=EDGE_LOOP('',(#4068,#4069,#4070,#4071,#4072));
#840=EDGE_LOOP('',(#4073,#4074,#4075,#4076,#4077,#4078));
#841=EDGE_LOOP('',(#4079,#4080,#4081,#4082,#4083,#4084));
#842=EDGE_LOOP('',(#4085,#4086,#4087,#4088,#4089,#4090));
#843=EDGE_LOOP('',(#4091,#4092,#4093,#4094,#4095,#4096));
#844=EDGE_LOOP('',(#4097,#4098,#4099,#4100));
#845=EDGE_LOOP('',(#4101,#4102,#4103,#4104,#4105));
#846=EDGE_LOOP('',(#4106,#4107,#4108));
#847=EDGE_LOOP('',(#4109,#4110,#4111,#4112,#4113,#4114));
#848=EDGE_LOOP('',(#4115,#4116,#4117,#4118,#4119));
#849=EDGE_LOOP('',(#4120,#4121,#4122,#4123,#4124,#4125));
#850=EDGE_LOOP('',(#4126,#4127,#4128,#4129,#4130,#4131));
#851=EDGE_LOOP('',(#4132,#4133,#4134,#4135,#4136,#4137));
#852=EDGE_LOOP('',(#4138,#4139,#4140,#4141,#4142,#4143,#4144,#4145));
#853=EDGE_LOOP('',(#4146,#4147,#4148,#4149));
#854=EDGE_LOOP('',(#4150,#4151,#4152,#4153,#4154));
#855=EDGE_LOOP('',(#4155,#4156,#4157,#4158));
#856=EDGE_LOOP('',(#4159,#4160,#4161,#4162));
#857=EDGE_LOOP('',(#4163,#4164,#4165));
#858=EDGE_LOOP('',(#4166,#4167,#4168,#4169,#4170,#4171));
#859=EDGE_LOOP('',(#4172));
#860=EDGE_LOOP('',(#4173,#4174,#4175,#4176,#4177,#4178,#4179));
#861=EDGE_LOOP('',(#4180));
#862=EDGE_LOOP('',(#4181,#4182,#4183,#4184,#4185,#4186,#4187,#4188,#4189,
#4190,#4191,#4192));
#863=EDGE_LOOP('',(#4193,#4194,#4195,#4196));
#864=EDGE_LOOP('',(#4197,#4198,#4199,#4200));
#865=EDGE_LOOP('',(#4201,#4202,#4203,#4204));
#866=EDGE_LOOP('',(#4205,#4206,#4207,#4208));
#867=EDGE_LOOP('',(#4209,#4210,#4211,#4212,#4213,#4214,#4215,#4216,#4217,
#4218,#4219,#4220));
#868=EDGE_LOOP('',(#4221,#4222,#4223,#4224,#4225,#4226,#4227,#4228,#4229,
#4230,#4231,#4232));
#869=EDGE_LOOP('',(#4233,#4234,#4235,#4236,#4237,#4238,#4239,#4240,#4241,
#4242,#4243,#4244));
#870=EDGE_LOOP('',(#4245,#4246,#4247,#4248));
#871=EDGE_LOOP('',(#4249,#4250,#4251,#4252));
#872=EDGE_LOOP('',(#4253,#4254,#4255,#4256,#4257,#4258,#4259,#4260,#4261,
#4262,#4263,#4264));
#873=EDGE_LOOP('',(#4265,#4266,#4267,#4268));
#874=EDGE_LOOP('',(#4269,#4270,#4271,#4272));
#875=EDGE_LOOP('',(#4273,#4274,#4275,#4276,#4277,#4278,#4279,#4280));
#876=EDGE_LOOP('',(#4281,#4282,#4283));
#877=EDGE_LOOP('',(#4284,#4285,#4286,#4287));
#878=EDGE_LOOP('',(#4288,#4289,#4290,#4291,#4292,#4293,#4294,#4295));
#879=EDGE_LOOP('',(#4296,#4297,#4298));
#880=EDGE_LOOP('',(#4299,#4300,#4301,#4302));
#881=EDGE_LOOP('',(#4303,#4304,#4305,#4306,#4307,#4308,#4309,#4310));
#882=EDGE_LOOP('',(#4311,#4312,#4313));
#883=EDGE_LOOP('',(#4314,#4315,#4316,#4317));
#884=EDGE_LOOP('',(#4318,#4319,#4320,#4321,#4322,#4323,#4324,#4325));
#885=EDGE_LOOP('',(#4326,#4327,#4328));
#886=EDGE_LOOP('',(#4329,#4330,#4331,#4332));
#887=EDGE_LOOP('',(#4333,#4334,#4335,#4336));
#888=EDGE_LOOP('',(#4337,#4338,#4339,#4340));
#889=EDGE_LOOP('',(#4341,#4342,#4343,#4344));
#890=EDGE_LOOP('',(#4345,#4346,#4347,#4348));
#891=EDGE_LOOP('',(#4349,#4350,#4351,#4352));
#892=EDGE_LOOP('',(#4353));
#893=EDGE_LOOP('',(#4354,#4355,#4356,#4357));
#894=EDGE_LOOP('',(#4358));
#895=EDGE_LOOP('',(#4359,#4360,#4361,#4362));
#896=EDGE_LOOP('',(#4363));
#897=EDGE_LOOP('',(#4364,#4365,#4366,#4367));
#898=EDGE_LOOP('',(#4368));
#899=EDGE_LOOP('',(#4369,#4370,#4371,#4372));
#900=EDGE_LOOP('',(#4373,#4374,#4375,#4376));
#901=EDGE_LOOP('',(#4377,#4378,#4379,#4380));
#902=EDGE_LOOP('',(#4381));
#903=EDGE_LOOP('',(#4382,#4383,#4384,#4385));
#904=EDGE_LOOP('',(#4386,#4387,#4388,#4389));
#905=EDGE_LOOP('',(#4390));
#906=EDGE_LOOP('',(#4391,#4392,#4393,#4394,#4395,#4396,#4397,#4398));
#907=EDGE_LOOP('',(#4399,#4400,#4401,#4402));
#908=EDGE_LOOP('',(#4403,#4404,#4405,#4406));
#909=EDGE_LOOP('',(#4407));
#910=EDGE_LOOP('',(#4408,#4409,#4410,#4411));
#911=EDGE_LOOP('',(#4412));
#912=EDGE_LOOP('',(#4413,#4414,#4415,#4416));
#913=EDGE_LOOP('',(#4417,#4418,#4419,#4420,#4421,#4422,#4423,#4424,#4425,
#4426,#4427,#4428,#4429,#4430));
#914=EDGE_LOOP('',(#4431));
#915=EDGE_LOOP('',(#4432,#4433,#4434,#4435));
#916=EDGE_LOOP('',(#4436));
#917=EDGE_LOOP('',(#4437,#4438,#4439,#4440));
#918=EDGE_LOOP('',(#4441,#4442,#4443,#4444));
#919=EDGE_LOOP('',(#4445));
#920=EDGE_LOOP('',(#4446,#4447,#4448,#4449));
#921=EDGE_LOOP('',(#4450,#4451,#4452,#4453,#4454,#4455));
#922=EDGE_LOOP('',(#4456,#4457,#4458,#4459));
#923=EDGE_LOOP('',(#4460,#4461,#4462,#4463));
#924=EDGE_LOOP('',(#4464));
#925=EDGE_LOOP('',(#4465,#4466,#4467,#4468));
#926=EDGE_LOOP('',(#4469));
#927=EDGE_LOOP('',(#4470,#4471,#4472,#4473));
#928=EDGE_LOOP('',(#4474,#4475,#4476,#4477));
#929=EDGE_LOOP('',(#4478,#4479,#4480,#4481));
#930=EDGE_LOOP('',(#4482,#4483,#4484,#4485));
#931=EDGE_LOOP('',(#4486,#4487,#4488,#4489));
#932=EDGE_LOOP('',(#4490,#4491,#4492,#4493));
#933=EDGE_LOOP('',(#4494,#4495,#4496,#4497));
#934=EDGE_LOOP('',(#4498,#4499,#4500,#4501));
#935=EDGE_LOOP('',(#4502,#4503,#4504,#4505));
#936=EDGE_LOOP('',(#4506,#4507,#4508,#4509));
#937=EDGE_LOOP('',(#4510,#4511,#4512,#4513));
#938=EDGE_LOOP('',(#4514,#4515,#4516,#4517));
#939=EDGE_LOOP('',(#4518,#4519,#4520,#4521));
#940=EDGE_LOOP('',(#4522,#4523,#4524,#4525));
#941=EDGE_LOOP('',(#4526,#4527,#4528,#4529));
#942=EDGE_LOOP('',(#4530,#4531,#4532,#4533));
#943=EDGE_LOOP('',(#4534,#4535,#4536,#4537));
#944=EDGE_LOOP('',(#4538,#4539,#4540,#4541));
#945=EDGE_LOOP('',(#4542,#4543,#4544,#4545));
#946=EDGE_LOOP('',(#4546,#4547,#4548,#4549));
#947=EDGE_LOOP('',(#4550,#4551,#4552,#4553));
#948=EDGE_LOOP('',(#4554,#4555,#4556,#4557));
#949=EDGE_LOOP('',(#4558,#4559,#4560,#4561));
#950=EDGE_LOOP('',(#4562,#4563,#4564,#4565));
#951=EDGE_LOOP('',(#4566,#4567,#4568,#4569));
#952=EDGE_LOOP('',(#4570,#4571,#4572,#4573));
#953=EDGE_LOOP('',(#4574,#4575,#4576,#4577));
#954=EDGE_LOOP('',(#4578,#4579,#4580,#4581));
#955=EDGE_LOOP('',(#4582,#4583,#4584,#4585));
#956=EDGE_LOOP('',(#4586,#4587,#4588,#4589));
#957=EDGE_LOOP('',(#4590,#4591,#4592,#4593));
#958=EDGE_LOOP('',(#4594,#4595,#4596,#4597));
#959=EDGE_LOOP('',(#4598,#4599,#4600,#4601));
#960=EDGE_LOOP('',(#4602,#4603,#4604,#4605));
#961=EDGE_LOOP('',(#4606,#4607,#4608,#4609,#4610,#4611,#4612,#4613,#4614,
#4615));
#962=EDGE_LOOP('',(#4616,#4617,#4618,#4619));
#963=EDGE_LOOP('',(#4620,#4621,#4622,#4623));
#964=EDGE_LOOP('',(#4624,#4625,#4626,#4627));
#965=EDGE_LOOP('',(#4628,#4629,#4630,#4631,#4632,#4633,#4634,#4635));
#966=EDGE_LOOP('',(#4636,#4637,#4638,#4639));
#967=EDGE_LOOP('',(#4640,#4641,#4642,#4643));
#968=EDGE_LOOP('',(#4644,#4645,#4646,#4647));
#969=EDGE_LOOP('',(#4648,#4649,#4650,#4651));
#970=EDGE_LOOP('',(#4652,#4653,#4654,#4655));
#971=EDGE_LOOP('',(#4656,#4657,#4658,#4659));
#972=EDGE_LOOP('',(#4660,#4661,#4662,#4663));
#973=EDGE_LOOP('',(#4664,#4665,#4666,#4667,#4668,#4669,#4670,#4671,#4672,
#4673,#4674,#4675,#4676,#4677,#4678,#4679,#4680,#4681,#4682,#4683,#4684,
#4685,#4686,#4687,#4688,#4689,#4690,#4691));
#974=EDGE_LOOP('',(#4692));
#975=EDGE_LOOP('',(#4693));
#976=EDGE_LOOP('',(#4694));
#977=EDGE_LOOP('',(#4695));
#978=EDGE_LOOP('',(#4696,#4697,#4698,#4699));
#979=EDGE_LOOP('',(#4700,#4701,#4702,#4703));
#980=LINE('',#6592,#1590);
#981=LINE('',#6601,#1591);
#982=LINE('',#6607,#1592);
#983=LINE('',#6613,#1593);
#984=LINE('',#6619,#1594);
#985=LINE('',#6624,#1595);
#986=LINE('',#6626,#1596);
#987=LINE('',#6628,#1597);
#988=LINE('',#6629,#1598);
#989=LINE('',#6633,#1599);
#990=LINE('',#6635,#1600);
#991=LINE('',#6637,#1601);
#992=LINE('',#6638,#1602);
#993=LINE('',#6640,#1603);
#994=LINE('',#6641,#1604);
#995=LINE('',#6643,#1605);
#996=LINE('',#6645,#1606);
#997=LINE('',#6652,#1607);
#998=LINE('',#6658,#1608);
#999=LINE('',#6667,#1609);
#1000=LINE('',#6673,#1610);
#1001=LINE('',#6682,#1611);
#1002=LINE('',#6688,#1612);
#1003=LINE('',#6804,#1613);
#1004=LINE('',#6812,#1614);
#1005=LINE('',#6814,#1615);
#1006=LINE('',#6816,#1616);
#1007=LINE('',#6817,#1617);
#1008=LINE('',#6820,#1618);
#1009=LINE('',#6822,#1619);
#1010=LINE('',#6823,#1620);
#1011=LINE('',#6826,#1621);
#1012=LINE('',#6828,#1622);
#1013=LINE('',#6829,#1623);
#1014=LINE('',#6832,#1624);
#1015=LINE('',#6834,#1625);
#1016=LINE('',#6835,#1626);
#1017=LINE('',#6838,#1627);
#1018=LINE('',#6840,#1628);
#1019=LINE('',#6841,#1629);
#1020=LINE('',#6844,#1630);
#1021=LINE('',#6846,#1631);
#1022=LINE('',#6847,#1632);
#1023=LINE('',#6850,#1633);
#1024=LINE('',#6852,#1634);
#1025=LINE('',#6853,#1635);
#1026=LINE('',#6856,#1636);
#1027=LINE('',#6858,#1637);
#1028=LINE('',#6859,#1638);
#1029=LINE('',#6862,#1639);
#1030=LINE('',#6864,#1640);
#1031=LINE('',#6865,#1641);
#1032=LINE('',#6868,#1642);
#1033=LINE('',#6870,#1643);
#1034=LINE('',#6871,#1644);
#1035=LINE('',#6874,#1645);
#1036=LINE('',#6876,#1646);
#1037=LINE('',#6877,#1647);
#1038=LINE('',#6879,#1648);
#1039=LINE('',#6880,#1649);
#1040=LINE('',#7069,#1650);
#1041=LINE('',#7306,#1651);
#1042=LINE('',#7361,#1652);
#1043=LINE('',#7363,#1653);
#1044=LINE('',#7365,#1654);
#1045=LINE('',#7366,#1655);
#1046=LINE('',#7489,#1656);
#1047=LINE('',#7522,#1657);
#1048=LINE('',#7634,#1658);
#1049=LINE('',#7664,#1659);
#1050=LINE('',#7667,#1660);
#1051=LINE('',#7669,#1661);
#1052=LINE('',#7670,#1662);
#1053=LINE('',#7794,#1663);
#1054=LINE('',#7795,#1664);
#1055=LINE('',#7934,#1665);
#1056=LINE('',#7936,#1666);
#1057=LINE('',#7937,#1667);
#1058=LINE('',#7944,#1668);
#1059=LINE('',#7946,#1669);
#1060=LINE('',#7948,#1670);
#1061=LINE('',#7949,#1671);
#1062=LINE('',#7952,#1672);
#1063=LINE('',#7954,#1673);
#1064=LINE('',#7955,#1674);
#1065=LINE('',#7958,#1675);
#1066=LINE('',#7960,#1676);
#1067=LINE('',#7961,#1677);
#1068=LINE('',#7964,#1678);
#1069=LINE('',#7966,#1679);
#1070=LINE('',#7967,#1680);
#1071=LINE('',#7970,#1681);
#1072=LINE('',#7972,#1682);
#1073=LINE('',#7973,#1683);
#1074=LINE('',#7976,#1684);
#1075=LINE('',#7978,#1685);
#1076=LINE('',#7979,#1686);
#1077=LINE('',#7982,#1687);
#1078=LINE('',#7984,#1688);
#1079=LINE('',#7985,#1689);
#1080=LINE('',#7988,#1690);
#1081=LINE('',#7990,#1691);
#1082=LINE('',#7991,#1692);
#1083=LINE('',#7994,#1693);
#1084=LINE('',#7996,#1694);
#1085=LINE('',#7997,#1695);
#1086=LINE('',#8000,#1696);
#1087=LINE('',#8002,#1697);
#1088=LINE('',#8003,#1698);
#1089=LINE('',#8006,#1699);
#1090=LINE('',#8008,#1700);
#1091=LINE('',#8009,#1701);
#1092=LINE('',#8011,#1702);
#1093=LINE('',#8012,#1703);
#1094=LINE('',#8017,#1704);
#1095=LINE('',#8019,#1705);
#1096=LINE('',#8021,#1706);
#1097=LINE('',#8022,#1707);
#1098=LINE('',#8287,#1708);
#1099=LINE('',#8290,#1709);
#1100=LINE('',#8292,#1710);
#1101=LINE('',#8293,#1711);
#1102=LINE('',#8588,#1712);
#1103=LINE('',#8590,#1713);
#1104=LINE('',#8592,#1714);
#1105=LINE('',#8593,#1715);
#1106=LINE('',#8596,#1716);
#1107=LINE('',#8598,#1717);
#1108=LINE('',#8599,#1718);
#1109=LINE('',#8602,#1719);
#1110=LINE('',#8604,#1720);
#1111=LINE('',#8605,#1721);
#1112=LINE('',#8608,#1722);
#1113=LINE('',#8610,#1723);
#1114=LINE('',#8611,#1724);
#1115=LINE('',#8614,#1725);
#1116=LINE('',#8616,#1726);
#1117=LINE('',#8617,#1727);
#1118=LINE('',#8620,#1728);
#1119=LINE('',#8622,#1729);
#1120=LINE('',#8623,#1730);
#1121=LINE('',#8626,#1731);
#1122=LINE('',#8628,#1732);
#1123=LINE('',#8629,#1733);
#1124=LINE('',#8632,#1734);
#1125=LINE('',#8634,#1735);
#1126=LINE('',#8635,#1736);
#1127=LINE('',#8638,#1737);
#1128=LINE('',#8640,#1738);
#1129=LINE('',#8641,#1739);
#1130=LINE('',#8644,#1740);
#1131=LINE('',#8646,#1741);
#1132=LINE('',#8647,#1742);
#1133=LINE('',#8650,#1743);
#1134=LINE('',#8652,#1744);
#1135=LINE('',#8653,#1745);
#1136=LINE('',#8655,#1746);
#1137=LINE('',#8656,#1747);
#1138=LINE('',#8661,#1748);
#1139=LINE('',#8663,#1749);
#1140=LINE('',#8665,#1750);
#1141=LINE('',#8666,#1751);
#1142=LINE('',#8669,#1752);
#1143=LINE('',#8671,#1753);
#1144=LINE('',#8672,#1754);
#1145=LINE('',#8675,#1755);
#1146=LINE('',#8677,#1756);
#1147=LINE('',#8678,#1757);
#1148=LINE('',#8681,#1758);
#1149=LINE('',#8683,#1759);
#1150=LINE('',#8684,#1760);
#1151=LINE('',#8687,#1761);
#1152=LINE('',#8689,#1762);
#1153=LINE('',#8690,#1763);
#1154=LINE('',#8693,#1764);
#1155=LINE('',#8695,#1765);
#1156=LINE('',#8696,#1766);
#1157=LINE('',#8699,#1767);
#1158=LINE('',#8701,#1768);
#1159=LINE('',#8702,#1769);
#1160=LINE('',#8705,#1770);
#1161=LINE('',#8707,#1771);
#1162=LINE('',#8708,#1772);
#1163=LINE('',#8711,#1773);
#1164=LINE('',#8713,#1774);
#1165=LINE('',#8714,#1775);
#1166=LINE('',#8717,#1776);
#1167=LINE('',#8719,#1777);
#1168=LINE('',#8720,#1778);
#1169=LINE('',#8723,#1779);
#1170=LINE('',#8725,#1780);
#1171=LINE('',#8726,#1781);
#1172=LINE('',#8728,#1782);
#1173=LINE('',#8729,#1783);
#1174=LINE('',#8734,#1784);
#1175=LINE('',#8736,#1785);
#1176=LINE('',#8738,#1786);
#1177=LINE('',#8739,#1787);
#1178=LINE('',#8742,#1788);
#1179=LINE('',#8744,#1789);
#1180=LINE('',#8745,#1790);
#1181=LINE('',#8748,#1791);
#1182=LINE('',#8750,#1792);
#1183=LINE('',#8751,#1793);
#1184=LINE('',#8754,#1794);
#1185=LINE('',#8756,#1795);
#1186=LINE('',#8757,#1796);
#1187=LINE('',#8760,#1797);
#1188=LINE('',#8762,#1798);
#1189=LINE('',#8763,#1799);
#1190=LINE('',#8766,#1800);
#1191=LINE('',#8768,#1801);
#1192=LINE('',#8769,#1802);
#1193=LINE('',#8772,#1803);
#1194=LINE('',#8774,#1804);
#1195=LINE('',#8775,#1805);
#1196=LINE('',#8778,#1806);
#1197=LINE('',#8780,#1807);
#1198=LINE('',#8781,#1808);
#1199=LINE('',#8784,#1809);
#1200=LINE('',#8786,#1810);
#1201=LINE('',#8787,#1811);
#1202=LINE('',#8790,#1812);
#1203=LINE('',#8792,#1813);
#1204=LINE('',#8793,#1814);
#1205=LINE('',#8796,#1815);
#1206=LINE('',#8798,#1816);
#1207=LINE('',#8799,#1817);
#1208=LINE('',#8801,#1818);
#1209=LINE('',#8802,#1819);
#1210=LINE('',#8807,#1820);
#1211=LINE('',#8809,#1821);
#1212=LINE('',#8811,#1822);
#1213=LINE('',#8812,#1823);
#1214=LINE('',#8993,#1824);
#1215=LINE('',#8996,#1825);
#1216=LINE('',#8998,#1826);
#1217=LINE('',#8999,#1827);
#1218=LINE('',#9210,#1828);
#1219=LINE('',#9212,#1829);
#1220=LINE('',#9214,#1830);
#1221=LINE('',#9216,#1831);
#1222=LINE('',#9218,#1832);
#1223=LINE('',#9219,#1833);
#1224=LINE('',#9223,#1834);
#1225=LINE('',#9225,#1835);
#1226=LINE('',#9226,#1836);
#1227=LINE('',#9229,#1837);
#1228=LINE('',#9231,#1838);
#1229=LINE('',#9232,#1839);
#1230=LINE('',#9233,#1840);
#1231=LINE('',#9236,#1841);
#1232=LINE('',#9238,#1842);
#1233=LINE('',#9240,#1843);
#1234=LINE('',#9242,#1844);
#1235=LINE('',#9243,#1845);
#1236=LINE('',#9245,#1846);
#1237=LINE('',#9248,#1847);
#1238=LINE('',#9250,#1848);
#1239=LINE('',#9252,#1849);
#1240=LINE('',#9254,#1850);
#1241=LINE('',#9256,#1851);
#1242=LINE('',#9258,#1852);
#1243=LINE('',#9260,#1853);
#1244=LINE('',#9262,#1854);
#1245=LINE('',#9264,#1855);
#1246=LINE('',#9266,#1856);
#1247=LINE('',#9268,#1857);
#1248=LINE('',#9270,#1858);
#1249=LINE('',#9272,#1859);
#1250=LINE('',#9274,#1860);
#1251=LINE('',#9276,#1861);
#1252=LINE('',#9278,#1862);
#1253=LINE('',#9280,#1863);
#1254=LINE('',#9282,#1864);
#1255=LINE('',#9284,#1865);
#1256=LINE('',#9286,#1866);
#1257=LINE('',#9288,#1867);
#1258=LINE('',#9290,#1868);
#1259=LINE('',#9292,#1869);
#1260=LINE('',#9294,#1870);
#1261=LINE('',#9295,#1871);
#1262=LINE('',#9298,#1872);
#1263=LINE('',#9300,#1873);
#1264=LINE('',#9302,#1874);
#1265=LINE('',#9303,#1875);
#1266=LINE('',#9306,#1876);
#1267=LINE('',#9308,#1877);
#1268=LINE('',#9310,#1878);
#1269=LINE('',#9311,#1879);
#1270=LINE('',#9314,#1880);
#1271=LINE('',#9316,#1881);
#1272=LINE('',#9318,#1882);
#1273=LINE('',#9319,#1883);
#1274=LINE('',#9322,#1884);
#1275=LINE('',#9324,#1885);
#1276=LINE('',#9326,#1886);
#1277=LINE('',#9327,#1887);
#1278=LINE('',#9330,#1888);
#1279=LINE('',#9332,#1889);
#1280=LINE('',#9334,#1890);
#1281=LINE('',#9335,#1891);
#1282=LINE('',#9338,#1892);
#1283=LINE('',#9340,#1893);
#1284=LINE('',#9342,#1894);
#1285=LINE('',#9343,#1895);
#1286=LINE('',#9346,#1896);
#1287=LINE('',#9348,#1897);
#1288=LINE('',#9349,#1898);
#1289=LINE('',#9352,#1899);
#1290=LINE('',#9354,#1900);
#1291=LINE('',#9356,#1901);
#1292=LINE('',#9358,#1902);
#1293=LINE('',#9360,#1903);
#1294=LINE('',#9361,#1904);
#1295=LINE('',#9364,#1905);
#1296=LINE('',#9366,#1906);
#1297=LINE('',#9367,#1907);
#1298=LINE('',#9370,#1908);
#1299=LINE('',#9371,#1909);
#1300=LINE('',#9374,#1910);
#1301=LINE('',#9376,#1911);
#1302=LINE('',#9378,#1912);
#1303=LINE('',#9380,#1913);
#1304=LINE('',#9381,#1914);
#1305=LINE('',#9384,#1915);
#1306=LINE('',#9385,#1916);
#1307=LINE('',#9388,#1917);
#1308=LINE('',#9389,#1918);
#1309=LINE('',#9392,#1919);
#1310=LINE('',#9394,#1920);
#1311=LINE('',#9396,#1921);
#1312=LINE('',#9397,#1922);
#1313=LINE('',#9399,#1923);
#1314=LINE('',#9402,#1924);
#1315=LINE('',#9404,#1925);
#1316=LINE('',#9406,#1926);
#1317=LINE('',#9408,#1927);
#1318=LINE('',#9410,#1928);
#1319=LINE('',#9411,#1929);
#1320=LINE('',#9414,#1930);
#1321=LINE('',#9416,#1931);
#1322=LINE('',#9417,#1932);
#1323=LINE('',#9420,#1933);
#1324=LINE('',#9421,#1934);
#1325=LINE('',#9424,#1935);
#1326=LINE('',#9426,#1936);
#1327=LINE('',#9428,#1937);
#1328=LINE('',#9430,#1938);
#1329=LINE('',#9431,#1939);
#1330=LINE('',#9434,#1940);
#1331=LINE('',#9435,#1941);
#1332=LINE('',#9438,#1942);
#1333=LINE('',#9439,#1943);
#1334=LINE('',#9442,#1944);
#1335=LINE('',#9444,#1945);
#1336=LINE('',#9446,#1946);
#1337=LINE('',#9447,#1947);
#1338=LINE('',#9449,#1948);
#1339=LINE('',#9452,#1949);
#1340=LINE('',#9454,#1950);
#1341=LINE('',#9456,#1951);
#1342=LINE('',#9458,#1952);
#1343=LINE('',#9460,#1953);
#1344=LINE('',#9461,#1954);
#1345=LINE('',#9464,#1955);
#1346=LINE('',#9466,#1956);
#1347=LINE('',#9467,#1957);
#1348=LINE('',#9470,#1958);
#1349=LINE('',#9471,#1959);
#1350=LINE('',#9474,#1960);
#1351=LINE('',#9476,#1961);
#1352=LINE('',#9478,#1962);
#1353=LINE('',#9480,#1963);
#1354=LINE('',#9481,#1964);
#1355=LINE('',#9484,#1965);
#1356=LINE('',#9485,#1966);
#1357=LINE('',#9488,#1967);
#1358=LINE('',#9489,#1968);
#1359=LINE('',#9492,#1969);
#1360=LINE('',#9494,#1970);
#1361=LINE('',#9496,#1971);
#1362=LINE('',#9497,#1972);
#1363=LINE('',#9499,#1973);
#1364=LINE('',#9502,#1974);
#1365=LINE('',#9504,#1975);
#1366=LINE('',#9506,#1976);
#1367=LINE('',#9507,#1977);
#1368=LINE('',#9510,#1978);
#1369=LINE('',#9512,#1979);
#1370=LINE('',#9513,#1980);
#1371=LINE('',#9516,#1981);
#1372=LINE('',#9517,#1982);
#1373=LINE('',#9521,#1983);
#1374=LINE('',#9522,#1984);
#1375=LINE('',#9524,#1985);
#1376=LINE('',#9526,#1986);
#1377=LINE('',#9527,#1987);
#1378=LINE('',#9530,#1988);
#1379=LINE('',#9532,#1989);
#1380=LINE('',#9534,#1990);
#1381=LINE('',#9535,#1991);
#1382=LINE('',#9538,#1992);
#1383=LINE('',#9540,#1993);
#1384=LINE('',#9541,#1994);
#1385=LINE('',#9544,#1995);
#1386=LINE('',#9546,#1996);
#1387=LINE('',#9547,#1997);
#1388=LINE('',#9550,#1998);
#1389=LINE('',#9551,#1999);
#1390=LINE('',#9554,#2000);
#1391=LINE('',#9555,#2001);
#1392=LINE('',#9558,#2002);
#1393=LINE('',#9560,#2003);
#1394=LINE('',#9561,#2004);
#1395=LINE('',#9564,#2005);
#1396=LINE('',#9566,#2006);
#1397=LINE('',#9567,#2007);
#1398=LINE('',#9570,#2008);
#1399=LINE('',#9572,#2009);
#1400=LINE('',#9574,#2010);
#1401=LINE('',#9575,#2011);
#1402=LINE('',#9578,#2012);
#1403=LINE('',#9580,#2013);
#1404=LINE('',#9582,#2014);
#1405=LINE('',#9583,#2015);
#1406=LINE('',#9586,#2016);
#1407=LINE('',#9588,#2017);
#1408=LINE('',#9590,#2018);
#1409=LINE('',#9591,#2019);
#1410=LINE('',#9593,#2020);
#1411=LINE('',#9595,#2021);
#1412=LINE('',#9596,#2022);
#1413=LINE('',#9599,#2023);
#1414=LINE('',#9600,#2024);
#1415=LINE('',#9603,#2025);
#1416=LINE('',#9604,#2026);
#1417=LINE('',#9607,#2027);
#1418=LINE('',#9608,#2028);
#1419=LINE('',#9611,#2029);
#1420=LINE('',#9613,#2030);
#1421=LINE('',#9614,#2031);
#1422=LINE('',#9616,#2032);
#1423=LINE('',#9619,#2033);
#1424=LINE('',#9620,#2034);
#1425=LINE('',#9625,#2035);
#1426=LINE('',#9626,#2036);
#1427=LINE('',#9629,#2037);
#1428=LINE('',#9631,#2038);
#1429=LINE('',#9633,#2039);
#1430=LINE('',#9634,#2040);
#1431=LINE('',#9637,#2041);
#1432=LINE('',#9639,#2042);
#1433=LINE('',#9641,#2043);
#1434=LINE('',#9642,#2044);
#1435=LINE('',#9645,#2045);
#1436=LINE('',#9647,#2046);
#1437=LINE('',#9649,#2047);
#1438=LINE('',#9650,#2048);
#1439=LINE('',#9653,#2049);
#1440=LINE('',#9655,#2050);
#1441=LINE('',#9656,#2051);
#1442=LINE('',#9660,#2052);
#1443=LINE('',#9661,#2053);
#1444=LINE('',#9663,#2054);
#1445=LINE('',#9664,#2055);
#1446=LINE('',#9668,#2056);
#1447=LINE('',#9669,#2057);
#1448=LINE('',#9671,#2058);
#1449=LINE('',#9672,#2059);
#1450=LINE('',#9676,#2060);
#1451=LINE('',#9677,#2061);
#1452=LINE('',#9679,#2062);
#1453=LINE('',#9680,#2063);
#1454=LINE('',#9684,#2064);
#1455=LINE('',#9685,#2065);
#1456=LINE('',#9689,#2066);
#1457=LINE('',#9690,#2067);
#1458=LINE('',#9691,#2068);
#1459=LINE('',#9694,#2069);
#1460=LINE('',#9695,#2070);
#1461=LINE('',#9698,#2071);
#1462=LINE('',#9699,#2072);
#1463=LINE('',#9701,#2073);
#1464=LINE('',#9706,#2074);
#1465=LINE('',#9713,#2075);
#1466=LINE('',#9720,#2076);
#1467=LINE('',#9727,#2077);
#1468=LINE('',#9733,#2078);
#1469=LINE('',#9737,#2079);
#1470=LINE('',#9739,#2080);
#1471=LINE('',#9741,#2081);
#1472=LINE('',#9742,#2082);
#1473=LINE('',#9747,#2083);
#1474=LINE('',#9753,#2084);
#1475=LINE('',#9754,#2085);
#1476=LINE('',#9755,#2086);
#1477=LINE('',#9758,#2087);
#1478=LINE('',#9759,#2088);
#1479=LINE('',#9762,#2089);
#1480=LINE('',#9764,#2090);
#1481=LINE('',#9766,#2091);
#1482=LINE('',#9768,#2092);
#1483=LINE('',#9770,#2093);
#1484=LINE('',#9771,#2094);
#1485=LINE('',#9775,#2095);
#1486=LINE('',#9777,#2096);
#1487=LINE('',#9779,#2097);
#1488=LINE('',#9780,#2098);
#1489=LINE('',#9782,#2099);
#1490=LINE('',#9783,#2100);
#1491=LINE('',#9805,#2101);
#1492=LINE('',#9809,#2102);
#1493=LINE('',#9812,#2103);
#1494=LINE('',#9814,#2104);
#1495=LINE('',#9816,#2105);
#1496=LINE('',#9818,#2106);
#1497=LINE('',#9820,#2107);
#1498=LINE('',#9822,#2108);
#1499=LINE('',#9824,#2109);
#1500=LINE('',#9826,#2110);
#1501=LINE('',#9827,#2111);
#1502=LINE('',#9831,#2112);
#1503=LINE('',#9833,#2113);
#1504=LINE('',#9835,#2114);
#1505=LINE('',#9836,#2115);
#1506=LINE('',#9840,#2116);
#1507=LINE('',#9841,#2117);
#1508=LINE('',#9861,#2118);
#1509=LINE('',#9865,#2119);
#1510=LINE('',#9868,#2120);
#1511=LINE('',#9870,#2121);
#1512=LINE('',#9871,#2122);
#1513=LINE('',#9874,#2123);
#1514=LINE('',#9876,#2124);
#1515=LINE('',#9877,#2125);
#1516=LINE('',#9880,#2126);
#1517=LINE('',#9882,#2127);
#1518=LINE('',#9883,#2128);
#1519=LINE('',#9888,#2129);
#1520=LINE('',#9892,#2130);
#1521=LINE('',#9894,#2131);
#1522=LINE('',#9898,#2132);
#1523=LINE('',#9899,#2133);
#1524=LINE('',#9900,#2134);
#1525=LINE('',#9903,#2135);
#1526=LINE('',#9904,#2136);
#1527=LINE('',#9907,#2137);
#1528=LINE('',#9908,#2138);
#1529=LINE('',#9910,#2139);
#1530=LINE('',#9914,#2140);
#1531=LINE('',#9915,#2141);
#1532=LINE('',#9916,#2142);
#1533=LINE('',#9919,#2143);
#1534=LINE('',#9920,#2144);
#1535=LINE('',#9923,#2145);
#1536=LINE('',#9924,#2146);
#1537=LINE('',#9926,#2147);
#1538=LINE('',#9930,#2148);
#1539=LINE('',#9931,#2149);
#1540=LINE('',#9932,#2150);
#1541=LINE('',#9935,#2151);
#1542=LINE('',#9936,#2152);
#1543=LINE('',#9939,#2153);
#1544=LINE('',#9940,#2154);
#1545=LINE('',#9942,#2155);
#1546=LINE('',#9946,#2156);
#1547=LINE('',#9947,#2157);
#1548=LINE('',#9948,#2158);
#1549=LINE('',#9951,#2159);
#1550=LINE('',#9952,#2160);
#1551=LINE('',#9955,#2161);
#1552=LINE('',#9956,#2162);
#1553=LINE('',#9958,#2163);
#1554=LINE('',#9962,#2164);
#1555=LINE('',#9963,#2165);
#1556=LINE('',#9964,#2166);
#1557=LINE('',#9967,#2167);
#1558=LINE('',#9968,#2168);
#1559=LINE('',#9971,#2169);
#1560=LINE('',#9972,#2170);
#1561=LINE('',#9974,#2171);
#1562=LINE('',#9978,#2172);
#1563=LINE('',#9979,#2173);
#1564=LINE('',#9980,#2174);
#1565=LINE('',#9983,#2175);
#1566=LINE('',#9984,#2176);
#1567=LINE('',#9987,#2177);
#1568=LINE('',#9988,#2178);
#1569=LINE('',#9990,#2179);
#1570=LINE('',#9994,#2180);
#1571=LINE('',#9995,#2181);
#1572=LINE('',#9996,#2182);
#1573=LINE('',#9999,#2183);
#1574=LINE('',#10000,#2184);
#1575=LINE('',#10003,#2185);
#1576=LINE('',#10004,#2186);
#1577=LINE('',#10006,#2187);
#1578=LINE('',#10010,#2188);
#1579=LINE('',#10011,#2189);
#1580=LINE('',#10012,#2190);
#1581=LINE('',#10015,#2191);
#1582=LINE('',#10016,#2192);
#1583=LINE('',#10019,#2193);
#1584=LINE('',#10020,#2194);
#1585=LINE('',#10022,#2195);
#1586=LINE('',#10024,#2196);
#1587=LINE('',#10026,#2197);
#1588=LINE('',#10028,#2198);
#1589=LINE('',#10030,#2199);
#1590=VECTOR('',#5378,0.9);
#1591=VECTOR('',#5391,0.11085);
#1592=VECTOR('',#5398,0.11085);
#1593=VECTOR('',#5405,0.11085);
#1594=VECTOR('',#5412,0.11085);
#1595=VECTOR('',#5417,0.015);
#1596=VECTOR('',#5418,0.7525);
#1597=VECTOR('',#5419,0.015);
#1598=VECTOR('',#5420,0.7525);
#1599=VECTOR('',#5423,0.015);
#1600=VECTOR('',#5424,0.7525);
#1601=VECTOR('',#5425,0.015);
#1602=VECTOR('',#5426,0.7525);
#1603=VECTOR('',#5429,0.4935);
#1604=VECTOR('',#5430,0.4935);
#1605=VECTOR('',#5433,0.4935);
#1606=VECTOR('',#5436,0.4935);
#1607=VECTOR('',#5445,0.11085);
#1608=VECTOR('',#5452,0.22);
#1609=VECTOR('',#5465,0.11085);
#1610=VECTOR('',#5472,0.22);
#1611=VECTOR('',#5485,0.11085);
#1612=VECTOR('',#5492,0.22);
#1613=VECTOR('',#5503,0.7);
#1614=VECTOR('',#5514,1.);
#1615=VECTOR('',#5515,0.10017);
#1616=VECTOR('',#5516,0.0696381008119672);
#1617=VECTOR('',#5517,0.10017);
#1618=VECTOR('',#5520,1.);
#1619=VECTOR('',#5521,0.201976782557444);
#1620=VECTOR('',#5522,0.10017);
#1621=VECTOR('',#5525,1.);
#1622=VECTOR('',#5526,0.202869995627085);
#1623=VECTOR('',#5527,0.10017);
#1624=VECTOR('',#5530,1.);
#1625=VECTOR('',#5531,0.0665430741092137);
#1626=VECTOR('',#5532,0.10017);
#1627=VECTOR('',#5535,1.);
#1628=VECTOR('',#5536,0.252422149124523);
#1629=VECTOR('',#5537,0.10017);
#1630=VECTOR('',#5540,1.);
#1631=VECTOR('',#5541,0.277725607629012);
#1632=VECTOR('',#5542,0.10017);
#1633=VECTOR('',#5545,1.);
#1634=VECTOR('',#5546,0.0737648030823059);
#1635=VECTOR('',#5547,0.10017);
#1636=VECTOR('',#5550,1.);
#1637=VECTOR('',#5551,0.224593259598147);
#1638=VECTOR('',#5552,0.10017);
#1639=VECTOR('',#5555,1.);
#1640=VECTOR('',#5556,0.22690350293492);
#1641=VECTOR('',#5557,0.10017);
#1642=VECTOR('',#5560,1.);
#1643=VECTOR('',#5561,0.0655113985416284);
#1644=VECTOR('',#5562,0.10017);
#1645=VECTOR('',#5565,1.);
#1646=VECTOR('',#5566,0.275412078572182);
#1647=VECTOR('',#5567,0.10017);
#1648=VECTOR('',#5570,1.);
#1649=VECTOR('',#5571,0.253833507620394);
#1650=VECTOR('',#5574,0.10017);
#1651=VECTOR('',#5575,0.10017);
#1652=VECTOR('',#5582,1.);
#1653=VECTOR('',#5583,0.10017);
#1654=VECTOR('',#5584,0.0217499181494124);
#1655=VECTOR('',#5585,0.10017);
#1656=VECTOR('',#5586,0.10017);
#1657=VECTOR('',#5587,0.10017);
#1658=VECTOR('',#5588,0.10017);
#1659=VECTOR('',#5589,0.10017);
#1660=VECTOR('',#5592,1.);
#1661=VECTOR('',#5593,0.431518376084342);
#1662=VECTOR('',#5594,0.10017);
#1663=VECTOR('',#5597,1.);
#1664=VECTOR('',#5598,0.0217499181494124);
#1665=VECTOR('',#5599,0.10017);
#1666=VECTOR('',#5602,1.);
#1667=VECTOR('',#5603,0.00304498854091771);
#1668=VECTOR('',#5612,1.);
#1669=VECTOR('',#5613,0.10017);
#1670=VECTOR('',#5614,0.187249115516624);
#1671=VECTOR('',#5615,0.10017);
#1672=VECTOR('',#5618,1.);
#1673=VECTOR('',#5619,0.0487198166546837);
#1674=VECTOR('',#5620,0.10017);
#1675=VECTOR('',#5623,1.);
#1676=VECTOR('',#5624,0.187249115516624);
#1677=VECTOR('',#5625,0.10017);
#1678=VECTOR('',#5628,1.);
#1679=VECTOR('',#5629,0.152684425408875);
#1680=VECTOR('',#5630,0.10017);
#1681=VECTOR('',#5633,1.);
#1682=VECTOR('',#5634,0.200660897895225);
#1683=VECTOR('',#5635,0.10017);
#1684=VECTOR('',#5638,1.);
#1685=VECTOR('',#5639,0.0482848182916955);
#1686=VECTOR('',#5640,0.10017);
#1687=VECTOR('',#5643,1.);
#1688=VECTOR('',#5644,0.265656458653061);
#1689=VECTOR('',#5645,0.10017);
#1690=VECTOR('',#5648,1.);
#1691=VECTOR('',#5649,0.431518376084342);
#1692=VECTOR('',#5650,0.10017);
#1693=VECTOR('',#5653,1.);
#1694=VECTOR('',#5654,0.265656458653061);
#1695=VECTOR('',#5655,0.10017);
#1696=VECTOR('',#5658,1.);
#1697=VECTOR('',#5659,0.0487198166546837);
#1698=VECTOR('',#5660,0.10017);
#1699=VECTOR('',#5663,1.);
#1700=VECTOR('',#5664,0.200660897895225);
#1701=VECTOR('',#5665,0.10017);
#1702=VECTOR('',#5668,1.);
#1703=VECTOR('',#5669,0.133109499074404);
#1704=VECTOR('',#5674,1.);
#1705=VECTOR('',#5675,0.10017);
#1706=VECTOR('',#5676,0.0516231106344017);
#1707=VECTOR('',#5677,0.10017);
#1708=VECTOR('',#5678,0.10017);
#1709=VECTOR('',#5681,1.);
#1710=VECTOR('',#5682,0.052634801921578);
#1711=VECTOR('',#5683,0.10017);
#1712=VECTOR('',#5688,1.);
#1713=VECTOR('',#5689,0.10017);
#1714=VECTOR('',#5690,0.187249115516624);
#1715=VECTOR('',#5691,0.10017);
#1716=VECTOR('',#5694,1.);
#1717=VECTOR('',#5695,0.0487198166546837);
#1718=VECTOR('',#5696,0.10017);
#1719=VECTOR('',#5699,1.);
#1720=VECTOR('',#5700,0.187249115516624);
#1721=VECTOR('',#5701,0.10017);
#1722=VECTOR('',#5704,1.);
#1723=VECTOR('',#5705,0.152684425408875);
#1724=VECTOR('',#5706,0.10017);
#1725=VECTOR('',#5709,1.);
#1726=VECTOR('',#5710,0.200660897895225);
#1727=VECTOR('',#5711,0.10017);
#1728=VECTOR('',#5714,1.);
#1729=VECTOR('',#5715,0.0482848182916955);
#1730=VECTOR('',#5716,0.10017);
#1731=VECTOR('',#5719,1.);
#1732=VECTOR('',#5720,0.265656458653061);
#1733=VECTOR('',#5721,0.10017);
#1734=VECTOR('',#5724,1.);
#1735=VECTOR('',#5725,0.431518376084342);
#1736=VECTOR('',#5726,0.10017);
#1737=VECTOR('',#5729,1.);
#1738=VECTOR('',#5730,0.265656458653061);
#1739=VECTOR('',#5731,0.10017);
#1740=VECTOR('',#5734,1.);
#1741=VECTOR('',#5735,0.0487198166546837);
#1742=VECTOR('',#5736,0.10017);
#1743=VECTOR('',#5739,1.);
#1744=VECTOR('',#5740,0.200660897895225);
#1745=VECTOR('',#5741,0.10017);
#1746=VECTOR('',#5744,1.);
#1747=VECTOR('',#5745,0.133109499074404);
#1748=VECTOR('',#5750,1.);
#1749=VECTOR('',#5751,0.10017);
#1750=VECTOR('',#5752,0.187249115516624);
#1751=VECTOR('',#5753,0.10017);
#1752=VECTOR('',#5756,1.);
#1753=VECTOR('',#5757,0.0487198166546837);
#1754=VECTOR('',#5758,0.10017);
#1755=VECTOR('',#5761,1.);
#1756=VECTOR('',#5762,0.187249115516624);
#1757=VECTOR('',#5763,0.10017);
#1758=VECTOR('',#5766,1.);
#1759=VECTOR('',#5767,0.152684425408875);
#1760=VECTOR('',#5768,0.10017);
#1761=VECTOR('',#5771,1.);
#1762=VECTOR('',#5772,0.200660897895225);
#1763=VECTOR('',#5773,0.10017);
#1764=VECTOR('',#5776,1.);
#1765=VECTOR('',#5777,0.0482848182916955);
#1766=VECTOR('',#5778,0.10017);
#1767=VECTOR('',#5781,1.);
#1768=VECTOR('',#5782,0.265656458653061);
#1769=VECTOR('',#5783,0.10017);
#1770=VECTOR('',#5786,1.);
#1771=VECTOR('',#5787,0.431518376084342);
#1772=VECTOR('',#5788,0.10017);
#1773=VECTOR('',#5791,1.);
#1774=VECTOR('',#5792,0.265656458653061);
#1775=VECTOR('',#5793,0.10017);
#1776=VECTOR('',#5796,1.);
#1777=VECTOR('',#5797,0.0487198166546837);
#1778=VECTOR('',#5798,0.10017);
#1779=VECTOR('',#5801,1.);
#1780=VECTOR('',#5802,0.200660897895225);
#1781=VECTOR('',#5803,0.10017);
#1782=VECTOR('',#5806,1.);
#1783=VECTOR('',#5807,0.133109499074404);
#1784=VECTOR('',#5812,1.);
#1785=VECTOR('',#5813,0.10017);
#1786=VECTOR('',#5814,0.0649955607578363);
#1787=VECTOR('',#5815,0.10017);
#1788=VECTOR('',#5818,1.);
#1789=VECTOR('',#5819,0.181829315729087);
#1790=VECTOR('',#5820,0.10017);
#1791=VECTOR('',#5823,1.);
#1792=VECTOR('',#5824,0.23264284049035);
#1793=VECTOR('',#5825,0.10017);
#1794=VECTOR('',#5828,1.);
#1795=VECTOR('',#5829,0.181829315729087);
#1796=VECTOR('',#5830,0.10017);
#1797=VECTOR('',#5833,1.);
#1798=VECTOR('',#5834,0.0655113985416288);
#1799=VECTOR('',#5835,0.10017);
#1800=VECTOR('',#5838,1.);
#1801=VECTOR('',#5839,0.431518376084342);
#1802=VECTOR('',#5840,0.10017);
#1803=VECTOR('',#5843,1.);
#1804=VECTOR('',#5844,0.0655113985416288);
#1805=VECTOR('',#5845,0.10017);
#1806=VECTOR('',#5848,1.);
#1807=VECTOR('',#5849,0.20096924370057);
#1808=VECTOR('',#5850,0.10017);
#1809=VECTOR('',#5853,1.);
#1810=VECTOR('',#5854,0.23264284049035);
#1811=VECTOR('',#5855,0.10017);
#1812=VECTOR('',#5858,1.);
#1813=VECTOR('',#5859,0.20096924370057);
#1814=VECTOR('',#5860,0.10017);
#1815=VECTOR('',#5863,1.);
#1816=VECTOR('',#5864,0.0649955607578363);
#1817=VECTOR('',#5865,0.10017);
#1818=VECTOR('',#5868,1.);
#1819=VECTOR('',#5869,0.431518376084342);
#1820=VECTOR('',#5874,1.);
#1821=VECTOR('',#5875,0.10017);
#1822=VECTOR('',#5876,0.0536055876659787);
#1823=VECTOR('',#5877,0.10017);
#1824=VECTOR('',#5878,0.10017);
#1825=VECTOR('',#5881,1.);
#1826=VECTOR('',#5882,0.047414821565719);
#1827=VECTOR('',#5883,0.10017);
#1828=VECTOR('',#5888,1.);
#1829=VECTOR('',#5889,0.523085);
#1830=VECTOR('',#5890,0.016585);
#1831=VECTOR('',#5891,1.);
#1832=VECTOR('',#5892,1.);
#1833=VECTOR('',#5893,0.523085);
#1834=VECTOR('',#5896,1.);
#1835=VECTOR('',#5897,0.100085);
#1836=VECTOR('',#5898,1.);
#1837=VECTOR('',#5901,1.);
#1838=VECTOR('',#5902,1.);
#1839=VECTOR('',#5903,1.);
#1840=VECTOR('',#5904,1.);
#1841=VECTOR('',#5907,1.);
#1842=VECTOR('',#5908,1.);
#1843=VECTOR('',#5909,1.);
#1844=VECTOR('',#5910,1.);
#1845=VECTOR('',#5911,0.100085);
#1846=VECTOR('',#5914,1.);
#1847=VECTOR('',#5917,0.7525);
#1848=VECTOR('',#5918,0.205);
#1849=VECTOR('',#5919,0.7525);
#1850=VECTOR('',#5920,0.205);
#1851=VECTOR('',#5921,0.7525);
#1852=VECTOR('',#5922,1.);
#1853=VECTOR('',#5923,1.);
#1854=VECTOR('',#5924,1.);
#1855=VECTOR('',#5925,0.7525);
#1856=VECTOR('',#5926,1.);
#1857=VECTOR('',#5927,1.);
#1858=VECTOR('',#5928,1.);
#1859=VECTOR('',#5929,0.7525);
#1860=VECTOR('',#5930,1.);
#1861=VECTOR('',#5931,1.);
#1862=VECTOR('',#5932,1.);
#1863=VECTOR('',#5933,0.7525);
#1864=VECTOR('',#5934,1.);
#1865=VECTOR('',#5935,1.);
#1866=VECTOR('',#5936,1.);
#1867=VECTOR('',#5937,0.7525);
#1868=VECTOR('',#5938,1.);
#1869=VECTOR('',#5939,1.);
#1870=VECTOR('',#5940,1.);
#1871=VECTOR('',#5941,0.7525);
#1872=VECTOR('',#5942,1.);
#1873=VECTOR('',#5943,1.);
#1874=VECTOR('',#5944,1.);
#1875=VECTOR('',#5945,1.);
#1876=VECTOR('',#5946,1.);
#1877=VECTOR('',#5947,1.);
#1878=VECTOR('',#5948,1.);
#1879=VECTOR('',#5949,1.);
#1880=VECTOR('',#5950,1.);
#1881=VECTOR('',#5951,1.);
#1882=VECTOR('',#5952,1.);
#1883=VECTOR('',#5953,1.);
#1884=VECTOR('',#5954,1.);
#1885=VECTOR('',#5955,1.);
#1886=VECTOR('',#5956,1.);
#1887=VECTOR('',#5957,1.);
#1888=VECTOR('',#5958,1.);
#1889=VECTOR('',#5959,1.);
#1890=VECTOR('',#5960,1.);
#1891=VECTOR('',#5961,1.);
#1892=VECTOR('',#5962,1.);
#1893=VECTOR('',#5963,1.);
#1894=VECTOR('',#5964,1.);
#1895=VECTOR('',#5965,1.);
#1896=VECTOR('',#5968,1.);
#1897=VECTOR('',#5969,0.7525);
#1898=VECTOR('',#5970,0.4935);
#1899=VECTOR('',#5973,1.);
#1900=VECTOR('',#5974,1.);
#1901=VECTOR('',#5975,1.);
#1902=VECTOR('',#5976,0.7525);
#1903=VECTOR('',#5977,1.);
#1904=VECTOR('',#5978,1.);
#1905=VECTOR('',#5981,0.240104255740555);
#1906=VECTOR('',#5982,1.);
#1907=VECTOR('',#5983,0.240104255740555);
#1908=VECTOR('',#5986,1.);
#1909=VECTOR('',#5987,1.);
#1910=VECTOR('',#5990,0.509585);
#1911=VECTOR('',#5991,0.016585);
#1912=VECTOR('',#5992,1.);
#1913=VECTOR('',#5993,1.);
#1914=VECTOR('',#5994,0.509585);
#1915=VECTOR('',#5997,0.100085);
#1916=VECTOR('',#5998,1.);
#1917=VECTOR('',#6001,1.);
#1918=VECTOR('',#6002,1.);
#1919=VECTOR('',#6005,1.);
#1920=VECTOR('',#6006,1.);
#1921=VECTOR('',#6007,1.);
#1922=VECTOR('',#6008,0.100085);
#1923=VECTOR('',#6011,1.);
#1924=VECTOR('',#6014,1.);
#1925=VECTOR('',#6015,1.);
#1926=VECTOR('',#6016,1.);
#1927=VECTOR('',#6017,0.7525);
#1928=VECTOR('',#6018,1.);
#1929=VECTOR('',#6019,1.);
#1930=VECTOR('',#6022,0.240104255740555);
#1931=VECTOR('',#6023,1.);
#1932=VECTOR('',#6024,0.240104255740555);
#1933=VECTOR('',#6027,1.);
#1934=VECTOR('',#6028,1.);
#1935=VECTOR('',#6031,0.506085);
#1936=VECTOR('',#6032,0.016585);
#1937=VECTOR('',#6033,1.);
#1938=VECTOR('',#6034,1.);
#1939=VECTOR('',#6035,0.506085);
#1940=VECTOR('',#6038,0.100085);
#1941=VECTOR('',#6039,1.);
#1942=VECTOR('',#6042,1.);
#1943=VECTOR('',#6043,1.);
#1944=VECTOR('',#6046,1.);
#1945=VECTOR('',#6047,1.);
#1946=VECTOR('',#6048,1.);
#1947=VECTOR('',#6049,0.100085);
#1948=VECTOR('',#6052,1.);
#1949=VECTOR('',#6055,1.);
#1950=VECTOR('',#6056,1.);
#1951=VECTOR('',#6057,1.);
#1952=VECTOR('',#6058,0.7525);
#1953=VECTOR('',#6059,1.);
#1954=VECTOR('',#6060,1.);
#1955=VECTOR('',#6063,0.240104255740554);
#1956=VECTOR('',#6064,1.);
#1957=VECTOR('',#6065,0.240104255740554);
#1958=VECTOR('',#6068,1.);
#1959=VECTOR('',#6069,1.);
#1960=VECTOR('',#6072,0.509085);
#1961=VECTOR('',#6073,0.016585);
#1962=VECTOR('',#6074,1.);
#1963=VECTOR('',#6075,1.);
#1964=VECTOR('',#6076,0.509085);
#1965=VECTOR('',#6079,0.100085);
#1966=VECTOR('',#6080,1.);
#1967=VECTOR('',#6083,1.);
#1968=VECTOR('',#6084,1.);
#1969=VECTOR('',#6087,1.);
#1970=VECTOR('',#6088,1.);
#1971=VECTOR('',#6089,1.);
#1972=VECTOR('',#6090,0.100085);
#1973=VECTOR('',#6093,1.);
#1974=VECTOR('',#6096,1.);
#1975=VECTOR('',#6097,0.7525);
#1976=VECTOR('',#6098,1.);
#1977=VECTOR('',#6099,1.);
#1978=VECTOR('',#6102,0.240104255740554);
#1979=VECTOR('',#6103,1.);
#1980=VECTOR('',#6104,0.240104255740554);
#1981=VECTOR('',#6107,1.);
#1982=VECTOR('',#6108,1.);
#1983=VECTOR('',#6111,1.);
#1984=VECTOR('',#6112,0.570585);
#1985=VECTOR('',#6113,1.);
#1986=VECTOR('',#6114,1.);
#1987=VECTOR('',#6115,1.);
#1988=VECTOR('',#6118,0.570585);
#1989=VECTOR('',#6119,1.);
#1990=VECTOR('',#6120,1.);
#1991=VECTOR('',#6121,1.);
#1992=VECTOR('',#6124,1.);
#1993=VECTOR('',#6125,1.);
#1994=VECTOR('',#6126,1.);
#1995=VECTOR('',#6129,1.);
#1996=VECTOR('',#6130,1.);
#1997=VECTOR('',#6131,0.240104255740554);
#1998=VECTOR('',#6134,1.);
#1999=VECTOR('',#6135,0.240104255740554);
#2000=VECTOR('',#6138,1.);
#2001=VECTOR('',#6139,0.240104255740554);
#2002=VECTOR('',#6142,1.);
#2003=VECTOR('',#6143,0.7525);
#2004=VECTOR('',#6144,1.);
#2005=VECTOR('',#6147,1.);
#2006=VECTOR('',#6148,0.7525);
#2007=VECTOR('',#6149,1.);
#2008=VECTOR('',#6152,0.532085);
#2009=VECTOR('',#6153,1.);
#2010=VECTOR('',#6154,1.);
#2011=VECTOR('',#6155,1.);
#2012=VECTOR('',#6158,0.532085);
#2013=VECTOR('',#6159,1.);
#2014=VECTOR('',#6160,1.);
#2015=VECTOR('',#6161,1.);
#2016=VECTOR('',#6164,1.);
#2017=VECTOR('',#6165,1.);
#2018=VECTOR('',#6166,1.);
#2019=VECTOR('',#6167,1.);
#2020=VECTOR('',#6170,1.);
#2021=VECTOR('',#6171,1.);
#2022=VECTOR('',#6172,0.7525);
#2023=VECTOR('',#6175,0.240104255740554);
#2024=VECTOR('',#6176,1.);
#2025=VECTOR('',#6179,0.240104255740554);
#2026=VECTOR('',#6180,1.);
#2027=VECTOR('',#6183,1.);
#2028=VECTOR('',#6184,1.);
#2029=VECTOR('',#6187,0.240104255740554);
#2030=VECTOR('',#6188,1.);
#2031=VECTOR('',#6189,1.);
#2032=VECTOR('',#6192,1.);
#2033=VECTOR('',#6195,0.4935);
#2034=VECTOR('',#6196,0.7525);
#2035=VECTOR('',#6201,0.205);
#2036=VECTOR('',#6202,0.7525);
#2037=VECTOR('',#6203,1.);
#2038=VECTOR('',#6204,1.);
#2039=VECTOR('',#6205,1.);
#2040=VECTOR('',#6206,1.);
#2041=VECTOR('',#6207,1.);
#2042=VECTOR('',#6208,1.);
#2043=VECTOR('',#6209,1.);
#2044=VECTOR('',#6210,1.);
#2045=VECTOR('',#6211,1.);
#2046=VECTOR('',#6212,1.);
#2047=VECTOR('',#6213,1.);
#2048=VECTOR('',#6214,1.);
#2049=VECTOR('',#6219,1.);
#2050=VECTOR('',#6222,0.240104255740554);
#2051=VECTOR('',#6223,1.);
#2052=VECTOR('',#6228,0.7525);
#2053=VECTOR('',#6229,1.);
#2054=VECTOR('',#6232,0.240104255740554);
#2055=VECTOR('',#6233,1.);
#2056=VECTOR('',#6238,0.7525);
#2057=VECTOR('',#6239,1.);
#2058=VECTOR('',#6242,0.240104255740555);
#2059=VECTOR('',#6243,1.);
#2060=VECTOR('',#6248,0.7525);
#2061=VECTOR('',#6249,1.);
#2062=VECTOR('',#6252,0.240104255740555);
#2063=VECTOR('',#6253,1.);
#2064=VECTOR('',#6258,0.7525);
#2065=VECTOR('',#6259,0.205);
#2066=VECTOR('',#6262,1.);
#2067=VECTOR('',#6263,0.123835);
#2068=VECTOR('',#6264,0.123835);
#2069=VECTOR('',#6267,1.);
#2070=VECTOR('',#6268,0.123835);
#2071=VECTOR('',#6271,1.);
#2072=VECTOR('',#6272,0.123835);
#2073=VECTOR('',#6275,1.);
#2074=VECTOR('',#6280,0.11085);
#2075=VECTOR('',#6289,0.11085);
#2076=VECTOR('',#6298,0.11085);
#2077=VECTOR('',#6307,0.11085);
#2078=VECTOR('',#6316,0.75085);
#2079=VECTOR('',#6319,1.);
#2080=VECTOR('',#6320,1.);
#2081=VECTOR('',#6321,0.111461970325487);
#2082=VECTOR('',#6322,0.065);
#2083=VECTOR('',#6327,0.11085);
#2084=VECTOR('',#6334,1.);
#2085=VECTOR('',#6335,0.0617850112915038);
#2086=VECTOR('',#6336,1.);
#2087=VECTOR('',#6339,1.);
#2088=VECTOR('',#6340,1.);
#2089=VECTOR('',#6343,0.463585);
#2090=VECTOR('',#6344,1.);
#2091=VECTOR('',#6345,1.);
#2092=VECTOR('',#6346,0.180085);
#2093=VECTOR('',#6347,1.);
#2094=VECTOR('',#6348,0.180085);
#2095=VECTOR('',#6351,1.);
#2096=VECTOR('',#6352,1.);
#2097=VECTOR('',#6353,0.0778925056457519);
#2098=VECTOR('',#6354,0.111461970325487);
#2099=VECTOR('',#6357,1.);
#2100=VECTOR('',#6358,0.065);
#2101=VECTOR('',#6361,0.113711930025925);
#2102=VECTOR('',#6368,1.);
#2103=VECTOR('',#6371,0.722585);
#2104=VECTOR('',#6372,1.);
#2105=VECTOR('',#6373,1.);
#2106=VECTOR('',#6374,1.);
#2107=VECTOR('',#6375,0.722585);
#2108=VECTOR('',#6376,0.463585);
#2109=VECTOR('',#6377,1.);
#2110=VECTOR('',#6378,1.);
#2111=VECTOR('',#6379,0.722585);
#2112=VECTOR('',#6382,1.);
#2113=VECTOR('',#6383,1.);
#2114=VECTOR('',#6384,0.0778925056457519);
#2115=VECTOR('',#6385,0.0788925056457521);
#2116=VECTOR('',#6390,1.);
#2117=VECTOR('',#6391,0.111461970325487);
#2118=VECTOR('',#6392,0.113711930025925);
#2119=VECTOR('',#6399,1.);
#2120=VECTOR('',#6402,0.180085);
#2121=VECTOR('',#6403,1.);
#2122=VECTOR('',#6404,0.180085);
#2123=VECTOR('',#6407,1.);
#2124=VECTOR('',#6408,0.065);
#2125=VECTOR('',#6409,0.111461970325487);
#2126=VECTOR('',#6412,1.);
#2127=VECTOR('',#6413,0.065);
#2128=VECTOR('',#6414,0.0617850112915038);
#2129=VECTOR('',#6419,0.11085);
#2130=VECTOR('',#6426,0.111461970325487);
#2131=VECTOR('',#6429,1.);
#2132=VECTOR('',#6432,1.);
#2133=VECTOR('',#6433,0.0500849999999998);
#2134=VECTOR('',#6434,0.0500849999999998);
#2135=VECTOR('',#6437,1.);
#2136=VECTOR('',#6438,0.0500849999999998);
#2137=VECTOR('',#6441,1.);
#2138=VECTOR('',#6442,0.0500849999999998);
#2139=VECTOR('',#6445,1.);
#2140=VECTOR('',#6448,1.);
#2141=VECTOR('',#6449,0.050085);
#2142=VECTOR('',#6450,0.050085);
#2143=VECTOR('',#6453,1.);
#2144=VECTOR('',#6454,0.050085);
#2145=VECTOR('',#6457,1.);
#2146=VECTOR('',#6458,0.050085);
#2147=VECTOR('',#6461,1.);
#2148=VECTOR('',#6464,1.);
#2149=VECTOR('',#6465,0.101710003814698);
#2150=VECTOR('',#6466,0.101710003814698);
#2151=VECTOR('',#6469,1.);
#2152=VECTOR('',#6470,0.101710003814698);
#2153=VECTOR('',#6473,1.);
#2154=VECTOR('',#6474,0.101710003814698);
#2155=VECTOR('',#6477,1.);
#2156=VECTOR('',#6480,1.);
#2157=VECTOR('',#6481,0.101710003814698);
#2158=VECTOR('',#6482,0.101710003814698);
#2159=VECTOR('',#6485,1.);
#2160=VECTOR('',#6486,0.101710003814698);
#2161=VECTOR('',#6489,1.);
#2162=VECTOR('',#6490,0.101710003814698);
#2163=VECTOR('',#6493,1.);
#2164=VECTOR('',#6496,1.);
#2165=VECTOR('',#6497,0.101710003814698);
#2166=VECTOR('',#6498,0.101710003814698);
#2167=VECTOR('',#6501,1.);
#2168=VECTOR('',#6502,0.101710003814698);
#2169=VECTOR('',#6505,1.);
#2170=VECTOR('',#6506,0.101710003814698);
#2171=VECTOR('',#6509,1.);
#2172=VECTOR('',#6512,1.);
#2173=VECTOR('',#6513,0.101710003814697);
#2174=VECTOR('',#6514,0.101710003814697);
#2175=VECTOR('',#6517,1.);
#2176=VECTOR('',#6518,0.101710003814697);
#2177=VECTOR('',#6521,1.);
#2178=VECTOR('',#6522,0.101710003814697);
#2179=VECTOR('',#6525,1.);
#2180=VECTOR('',#6528,1.);
#2181=VECTOR('',#6529,0.101710003814697);
#2182=VECTOR('',#6530,0.101710003814697);
#2183=VECTOR('',#6533,1.);
#2184=VECTOR('',#6534,0.101710003814697);
#2185=VECTOR('',#6537,1.);
#2186=VECTOR('',#6538,0.101710003814697);
#2187=VECTOR('',#6541,1.);
#2188=VECTOR('',#6544,1.);
#2189=VECTOR('',#6545,0.101710003814697);
#2190=VECTOR('',#6546,0.101710003814697);
#2191=VECTOR('',#6549,1.);
#2192=VECTOR('',#6550,0.101710003814697);
#2193=VECTOR('',#6553,1.);
#2194=VECTOR('',#6554,0.101710003814697);
#2195=VECTOR('',#6557,1.);
#2196=VECTOR('',#6560,1.);
#2197=VECTOR('',#6563,1.);
#2198=VECTOR('',#6566,0.4935);
#2199=VECTOR('',#6569,0.4935);
#2200=CIRCLE('',#5070,0.9);
#2201=CIRCLE('',#5071,0.9);
#2202=CIRCLE('',#5076,0.11085);
#2203=CIRCLE('',#5077,0.11085);
#2204=CIRCLE('',#5079,0.11085);
#2205=CIRCLE('',#5080,0.11085);
#2206=CIRCLE('',#5082,0.11085);
#2207=CIRCLE('',#5083,0.11085);
#2208=CIRCLE('',#5085,0.11085);
#2209=CIRCLE('',#5086,0.11085);
#2210=CIRCLE('',#5095,0.11085);
#2211=CIRCLE('',#5096,0.11085);
#2212=CIRCLE('',#5098,0.22);
#2213=CIRCLE('',#5099,0.22);
#2214=CIRCLE('',#5104,0.11085);
#2215=CIRCLE('',#5105,0.11085);
#2216=CIRCLE('',#5107,0.22);
#2217=CIRCLE('',#5108,0.22);
#2218=CIRCLE('',#5113,0.11085);
#2219=CIRCLE('',#5114,0.11085);
#2220=CIRCLE('',#5116,0.22);
#2221=CIRCLE('',#5117,0.22);
#2222=CIRCLE('',#5258,0.75085);
#2223=CIRCLE('',#5279,0.11085);
#2224=CIRCLE('',#5280,0.11085);
#2225=CIRCLE('',#5283,0.11085);
#2226=CIRCLE('',#5284,0.11085);
#2227=CIRCLE('',#5287,0.11085);
#2228=CIRCLE('',#5288,0.11085);
#2229=CIRCLE('',#5291,0.11085);
#2230=CIRCLE('',#5292,0.11085);
#2231=CIRCLE('',#5295,0.75085);
#2232=CIRCLE('',#5298,0.11085);
#2233=CIRCLE('',#5299,0.11085);
#2234=CIRCLE('',#5320,0.11085);
#2235=CIRCLE('',#5322,0.11085);
#2236=VERTEX_POINT('',#6589);
#2237=VERTEX_POINT('',#6591);
#2238=VERTEX_POINT('',#6598);
#2239=VERTEX_POINT('',#6600);
#2240=VERTEX_POINT('',#6604);
#2241=VERTEX_POINT('',#6606);
#2242=VERTEX_POINT('',#6610);
#2243=VERTEX_POINT('',#6612);
#2244=VERTEX_POINT('',#6616);
#2245=VERTEX_POINT('',#6618);
#2246=VERTEX_POINT('',#6622);
#2247=VERTEX_POINT('',#6623);
#2248=VERTEX_POINT('',#6625);
#2249=VERTEX_POINT('',#6627);
#2250=VERTEX_POINT('',#6631);
#2251=VERTEX_POINT('',#6632);
#2252=VERTEX_POINT('',#6634);
#2253=VERTEX_POINT('',#6636);
#2254=VERTEX_POINT('',#6649);
#2255=VERTEX_POINT('',#6651);
#2256=VERTEX_POINT('',#6655);
#2257=VERTEX_POINT('',#6657);
#2258=VERTEX_POINT('',#6664);
#2259=VERTEX_POINT('',#6666);
#2260=VERTEX_POINT('',#6670);
#2261=VERTEX_POINT('',#6672);
#2262=VERTEX_POINT('',#6679);
#2263=VERTEX_POINT('',#6681);
#2264=VERTEX_POINT('',#6685);
#2265=VERTEX_POINT('',#6687);
#2266=VERTEX_POINT('',#6738);
#2267=VERTEX_POINT('',#6801);
#2268=VERTEX_POINT('',#6803);
#2269=VERTEX_POINT('',#6810);
#2270=VERTEX_POINT('',#6811);
#2271=VERTEX_POINT('',#6813);
#2272=VERTEX_POINT('',#6815);
#2273=VERTEX_POINT('',#6819);
#2274=VERTEX_POINT('',#6821);
#2275=VERTEX_POINT('',#6825);
#2276=VERTEX_POINT('',#6827);
#2277=VERTEX_POINT('',#6831);
#2278=VERTEX_POINT('',#6833);
#2279=VERTEX_POINT('',#6837);
#2280=VERTEX_POINT('',#6839);
#2281=VERTEX_POINT('',#6843);
#2282=VERTEX_POINT('',#6845);
#2283=VERTEX_POINT('',#6849);
#2284=VERTEX_POINT('',#6851);
#2285=VERTEX_POINT('',#6855);
#2286=VERTEX_POINT('',#6857);
#2287=VERTEX_POINT('',#6861);
#2288=VERTEX_POINT('',#6863);
#2289=VERTEX_POINT('',#6867);
#2290=VERTEX_POINT('',#6869);
#2291=VERTEX_POINT('',#6873);
#2292=VERTEX_POINT('',#6875);
#2293=VERTEX_POINT('',#7018);
#2294=VERTEX_POINT('',#7068);
#2295=VERTEX_POINT('',#7255);
#2296=VERTEX_POINT('',#7305);
#2297=VERTEX_POINT('',#7359);
#2298=VERTEX_POINT('',#7360);
#2299=VERTEX_POINT('',#7362);
#2300=VERTEX_POINT('',#7364);
#2301=VERTEX_POINT('',#7455);
#2302=VERTEX_POINT('',#7456);
#2303=VERTEX_POINT('',#7488);
#2304=VERTEX_POINT('',#7490);
#2305=VERTEX_POINT('',#7603);
#2306=VERTEX_POINT('',#7604);
#2307=VERTEX_POINT('',#7633);
#2308=VERTEX_POINT('',#7635);
#2309=VERTEX_POINT('',#7666);
#2310=VERTEX_POINT('',#7668);
#2311=VERTEX_POINT('',#7876);
#2312=VERTEX_POINT('',#7905);
#2313=VERTEX_POINT('',#7942);
#2314=VERTEX_POINT('',#7943);
#2315=VERTEX_POINT('',#7945);
#2316=VERTEX_POINT('',#7947);
#2317=VERTEX_POINT('',#7951);
#2318=VERTEX_POINT('',#7953);
#2319=VERTEX_POINT('',#7957);
#2320=VERTEX_POINT('',#7959);
#2321=VERTEX_POINT('',#7963);
#2322=VERTEX_POINT('',#7965);
#2323=VERTEX_POINT('',#7969);
#2324=VERTEX_POINT('',#7971);
#2325=VERTEX_POINT('',#7975);
#2326=VERTEX_POINT('',#7977);
#2327=VERTEX_POINT('',#7981);
#2328=VERTEX_POINT('',#7983);
#2329=VERTEX_POINT('',#7987);
#2330=VERTEX_POINT('',#7989);
#2331=VERTEX_POINT('',#7993);
#2332=VERTEX_POINT('',#7995);
#2333=VERTEX_POINT('',#7999);
#2334=VERTEX_POINT('',#8001);
#2335=VERTEX_POINT('',#8005);
#2336=VERTEX_POINT('',#8007);
#2337=VERTEX_POINT('',#8015);
#2338=VERTEX_POINT('',#8016);
#2339=VERTEX_POINT('',#8018);
#2340=VERTEX_POINT('',#8020);
#2341=VERTEX_POINT('',#8175);
#2342=VERTEX_POINT('',#8231);
#2343=VERTEX_POINT('',#8289);
#2344=VERTEX_POINT('',#8291);
#2345=VERTEX_POINT('',#8586);
#2346=VERTEX_POINT('',#8587);
#2347=VERTEX_POINT('',#8589);
#2348=VERTEX_POINT('',#8591);
#2349=VERTEX_POINT('',#8595);
#2350=VERTEX_POINT('',#8597);
#2351=VERTEX_POINT('',#8601);
#2352=VERTEX_POINT('',#8603);
#2353=VERTEX_POINT('',#8607);
#2354=VERTEX_POINT('',#8609);
#2355=VERTEX_POINT('',#8613);
#2356=VERTEX_POINT('',#8615);
#2357=VERTEX_POINT('',#8619);
#2358=VERTEX_POINT('',#8621);
#2359=VERTEX_POINT('',#8625);
#2360=VERTEX_POINT('',#8627);
#2361=VERTEX_POINT('',#8631);
#2362=VERTEX_POINT('',#8633);
#2363=VERTEX_POINT('',#8637);
#2364=VERTEX_POINT('',#8639);
#2365=VERTEX_POINT('',#8643);
#2366=VERTEX_POINT('',#8645);
#2367=VERTEX_POINT('',#8649);
#2368=VERTEX_POINT('',#8651);
#2369=VERTEX_POINT('',#8659);
#2370=VERTEX_POINT('',#8660);
#2371=VERTEX_POINT('',#8662);
#2372=VERTEX_POINT('',#8664);
#2373=VERTEX_POINT('',#8668);
#2374=VERTEX_POINT('',#8670);
#2375=VERTEX_POINT('',#8674);
#2376=VERTEX_POINT('',#8676);
#2377=VERTEX_POINT('',#8680);
#2378=VERTEX_POINT('',#8682);
#2379=VERTEX_POINT('',#8686);
#2380=VERTEX_POINT('',#8688);
#2381=VERTEX_POINT('',#8692);
#2382=VERTEX_POINT('',#8694);
#2383=VERTEX_POINT('',#8698);
#2384=VERTEX_POINT('',#8700);
#2385=VERTEX_POINT('',#8704);
#2386=VERTEX_POINT('',#8706);
#2387=VERTEX_POINT('',#8710);
#2388=VERTEX_POINT('',#8712);
#2389=VERTEX_POINT('',#8716);
#2390=VERTEX_POINT('',#8718);
#2391=VERTEX_POINT('',#8722);
#2392=VERTEX_POINT('',#8724);
#2393=VERTEX_POINT('',#8732);
#2394=VERTEX_POINT('',#8733);
#2395=VERTEX_POINT('',#8735);
#2396=VERTEX_POINT('',#8737);
#2397=VERTEX_POINT('',#8741);
#2398=VERTEX_POINT('',#8743);
#2399=VERTEX_POINT('',#8747);
#2400=VERTEX_POINT('',#8749);
#2401=VERTEX_POINT('',#8753);
#2402=VERTEX_POINT('',#8755);
#2403=VERTEX_POINT('',#8759);
#2404=VERTEX_POINT('',#8761);
#2405=VERTEX_POINT('',#8765);
#2406=VERTEX_POINT('',#8767);
#2407=VERTEX_POINT('',#8771);
#2408=VERTEX_POINT('',#8773);
#2409=VERTEX_POINT('',#8777);
#2410=VERTEX_POINT('',#8779);
#2411=VERTEX_POINT('',#8783);
#2412=VERTEX_POINT('',#8785);
#2413=VERTEX_POINT('',#8789);
#2414=VERTEX_POINT('',#8791);
#2415=VERTEX_POINT('',#8795);
#2416=VERTEX_POINT('',#8797);
#2417=VERTEX_POINT('',#8805);
#2418=VERTEX_POINT('',#8806);
#2419=VERTEX_POINT('',#8808);
#2420=VERTEX_POINT('',#8810);
#2421=VERTEX_POINT('',#8917);
#2422=VERTEX_POINT('',#8955);
#2423=VERTEX_POINT('',#8995);
#2424=VERTEX_POINT('',#8997);
#2425=VERTEX_POINT('',#9208);
#2426=VERTEX_POINT('',#9209);
#2427=VERTEX_POINT('',#9211);
#2428=VERTEX_POINT('',#9213);
#2429=VERTEX_POINT('',#9215);
#2430=VERTEX_POINT('',#9217);
#2431=VERTEX_POINT('',#9221);
#2432=VERTEX_POINT('',#9222);
#2433=VERTEX_POINT('',#9224);
#2434=VERTEX_POINT('',#9228);
#2435=VERTEX_POINT('',#9230);
#2436=VERTEX_POINT('',#9235);
#2437=VERTEX_POINT('',#9237);
#2438=VERTEX_POINT('',#9239);
#2439=VERTEX_POINT('',#9241);
#2440=VERTEX_POINT('',#9247);
#2441=VERTEX_POINT('',#9249);
#2442=VERTEX_POINT('',#9251);
#2443=VERTEX_POINT('',#9253);
#2444=VERTEX_POINT('',#9255);
#2445=VERTEX_POINT('',#9257);
#2446=VERTEX_POINT('',#9259);
#2447=VERTEX_POINT('',#9261);
#2448=VERTEX_POINT('',#9263);
#2449=VERTEX_POINT('',#9265);
#2450=VERTEX_POINT('',#9267);
#2451=VERTEX_POINT('',#9269);
#2452=VERTEX_POINT('',#9271);
#2453=VERTEX_POINT('',#9273);
#2454=VERTEX_POINT('',#9275);
#2455=VERTEX_POINT('',#9277);
#2456=VERTEX_POINT('',#9279);
#2457=VERTEX_POINT('',#9281);
#2458=VERTEX_POINT('',#9283);
#2459=VERTEX_POINT('',#9285);
#2460=VERTEX_POINT('',#9287);
#2461=VERTEX_POINT('',#9289);
#2462=VERTEX_POINT('',#9291);
#2463=VERTEX_POINT('',#9293);
#2464=VERTEX_POINT('',#9296);
#2465=VERTEX_POINT('',#9297);
#2466=VERTEX_POINT('',#9299);
#2467=VERTEX_POINT('',#9301);
#2468=VERTEX_POINT('',#9304);
#2469=VERTEX_POINT('',#9305);
#2470=VERTEX_POINT('',#9307);
#2471=VERTEX_POINT('',#9309);
#2472=VERTEX_POINT('',#9312);
#2473=VERTEX_POINT('',#9313);
#2474=VERTEX_POINT('',#9315);
#2475=VERTEX_POINT('',#9317);
#2476=VERTEX_POINT('',#9320);
#2477=VERTEX_POINT('',#9321);
#2478=VERTEX_POINT('',#9323);
#2479=VERTEX_POINT('',#9325);
#2480=VERTEX_POINT('',#9328);
#2481=VERTEX_POINT('',#9329);
#2482=VERTEX_POINT('',#9331);
#2483=VERTEX_POINT('',#9333);
#2484=VERTEX_POINT('',#9336);
#2485=VERTEX_POINT('',#9337);
#2486=VERTEX_POINT('',#9339);
#2487=VERTEX_POINT('',#9341);
#2488=VERTEX_POINT('',#9345);
#2489=VERTEX_POINT('',#9347);
#2490=VERTEX_POINT('',#9351);
#2491=VERTEX_POINT('',#9353);
#2492=VERTEX_POINT('',#9355);
#2493=VERTEX_POINT('',#9357);
#2494=VERTEX_POINT('',#9359);
#2495=VERTEX_POINT('',#9363);
#2496=VERTEX_POINT('',#9365);
#2497=VERTEX_POINT('',#9369);
#2498=VERTEX_POINT('',#9373);
#2499=VERTEX_POINT('',#9375);
#2500=VERTEX_POINT('',#9377);
#2501=VERTEX_POINT('',#9379);
#2502=VERTEX_POINT('',#9383);
#2503=VERTEX_POINT('',#9387);
#2504=VERTEX_POINT('',#9391);
#2505=VERTEX_POINT('',#9393);
#2506=VERTEX_POINT('',#9395);
#2507=VERTEX_POINT('',#9401);
#2508=VERTEX_POINT('',#9403);
#2509=VERTEX_POINT('',#9405);
#2510=VERTEX_POINT('',#9407);
#2511=VERTEX_POINT('',#9409);
#2512=VERTEX_POINT('',#9413);
#2513=VERTEX_POINT('',#9415);
#2514=VERTEX_POINT('',#9419);
#2515=VERTEX_POINT('',#9423);
#2516=VERTEX_POINT('',#9425);
#2517=VERTEX_POINT('',#9427);
#2518=VERTEX_POINT('',#9429);
#2519=VERTEX_POINT('',#9433);
#2520=VERTEX_POINT('',#9437);
#2521=VERTEX_POINT('',#9441);
#2522=VERTEX_POINT('',#9443);
#2523=VERTEX_POINT('',#9445);
#2524=VERTEX_POINT('',#9451);
#2525=VERTEX_POINT('',#9453);
#2526=VERTEX_POINT('',#9455);
#2527=VERTEX_POINT('',#9457);
#2528=VERTEX_POINT('',#9459);
#2529=VERTEX_POINT('',#9463);
#2530=VERTEX_POINT('',#9465);
#2531=VERTEX_POINT('',#9469);
#2532=VERTEX_POINT('',#9473);
#2533=VERTEX_POINT('',#9475);
#2534=VERTEX_POINT('',#9477);
#2535=VERTEX_POINT('',#9479);
#2536=VERTEX_POINT('',#9483);
#2537=VERTEX_POINT('',#9487);
#2538=VERTEX_POINT('',#9491);
#2539=VERTEX_POINT('',#9493);
#2540=VERTEX_POINT('',#9495);
#2541=VERTEX_POINT('',#9501);
#2542=VERTEX_POINT('',#9503);
#2543=VERTEX_POINT('',#9505);
#2544=VERTEX_POINT('',#9509);
#2545=VERTEX_POINT('',#9511);
#2546=VERTEX_POINT('',#9515);
#2547=VERTEX_POINT('',#9519);
#2548=VERTEX_POINT('',#9520);
#2549=VERTEX_POINT('',#9523);
#2550=VERTEX_POINT('',#9525);
#2551=VERTEX_POINT('',#9529);
#2552=VERTEX_POINT('',#9531);
#2553=VERTEX_POINT('',#9533);
#2554=VERTEX_POINT('',#9537);
#2555=VERTEX_POINT('',#9539);
#2556=VERTEX_POINT('',#9543);
#2557=VERTEX_POINT('',#9545);
#2558=VERTEX_POINT('',#9549);
#2559=VERTEX_POINT('',#9553);
#2560=VERTEX_POINT('',#9557);
#2561=VERTEX_POINT('',#9559);
#2562=VERTEX_POINT('',#9563);
#2563=VERTEX_POINT('',#9565);
#2564=VERTEX_POINT('',#9569);
#2565=VERTEX_POINT('',#9571);
#2566=VERTEX_POINT('',#9573);
#2567=VERTEX_POINT('',#9577);
#2568=VERTEX_POINT('',#9579);
#2569=VERTEX_POINT('',#9581);
#2570=VERTEX_POINT('',#9585);
#2571=VERTEX_POINT('',#9587);
#2572=VERTEX_POINT('',#9589);
#2573=VERTEX_POINT('',#9594);
#2574=VERTEX_POINT('',#9598);
#2575=VERTEX_POINT('',#9602);
#2576=VERTEX_POINT('',#9606);
#2577=VERTEX_POINT('',#9610);
#2578=VERTEX_POINT('',#9612);
#2579=VERTEX_POINT('',#9618);
#2580=VERTEX_POINT('',#9621);
#2581=VERTEX_POINT('',#9624);
#2582=VERTEX_POINT('',#9627);
#2583=VERTEX_POINT('',#9628);
#2584=VERTEX_POINT('',#9630);
#2585=VERTEX_POINT('',#9632);
#2586=VERTEX_POINT('',#9635);
#2587=VERTEX_POINT('',#9636);
#2588=VERTEX_POINT('',#9638);
#2589=VERTEX_POINT('',#9640);
#2590=VERTEX_POINT('',#9643);
#2591=VERTEX_POINT('',#9644);
#2592=VERTEX_POINT('',#9646);
#2593=VERTEX_POINT('',#9648);
#2594=VERTEX_POINT('',#9659);
#2595=VERTEX_POINT('',#9667);
#2596=VERTEX_POINT('',#9675);
#2597=VERTEX_POINT('',#9683);
#2598=VERTEX_POINT('',#9687);
#2599=VERTEX_POINT('',#9688);
#2600=VERTEX_POINT('',#9693);
#2601=VERTEX_POINT('',#9697);
#2602=VERTEX_POINT('',#9703);
#2603=VERTEX_POINT('',#9705);
#2604=VERTEX_POINT('',#9710);
#2605=VERTEX_POINT('',#9712);
#2606=VERTEX_POINT('',#9717);
#2607=VERTEX_POINT('',#9719);
#2608=VERTEX_POINT('',#9724);
#2609=VERTEX_POINT('',#9726);
#2610=VERTEX_POINT('',#9731);
#2611=VERTEX_POINT('',#9735);
#2612=VERTEX_POINT('',#9736);
#2613=VERTEX_POINT('',#9738);
#2614=VERTEX_POINT('',#9740);
#2615=VERTEX_POINT('',#9744);
#2616=VERTEX_POINT('',#9746);
#2617=VERTEX_POINT('',#9751);
#2618=VERTEX_POINT('',#9752);
#2619=VERTEX_POINT('',#9757);
#2620=VERTEX_POINT('',#9761);
#2621=VERTEX_POINT('',#9763);
#2622=VERTEX_POINT('',#9765);
#2623=VERTEX_POINT('',#9767);
#2624=VERTEX_POINT('',#9769);
#2625=VERTEX_POINT('',#9773);
#2626=VERTEX_POINT('',#9774);
#2627=VERTEX_POINT('',#9776);
#2628=VERTEX_POINT('',#9778);
#2629=VERTEX_POINT('',#9784);
#2630=VERTEX_POINT('',#9804);
#2631=VERTEX_POINT('',#9811);
#2632=VERTEX_POINT('',#9813);
#2633=VERTEX_POINT('',#9815);
#2634=VERTEX_POINT('',#9817);
#2635=VERTEX_POINT('',#9819);
#2636=VERTEX_POINT('',#9821);
#2637=VERTEX_POINT('',#9823);
#2638=VERTEX_POINT('',#9825);
#2639=VERTEX_POINT('',#9829);
#2640=VERTEX_POINT('',#9830);
#2641=VERTEX_POINT('',#9832);
#2642=VERTEX_POINT('',#9834);
#2643=VERTEX_POINT('',#9837);
#2644=VERTEX_POINT('',#9860);
#2645=VERTEX_POINT('',#9867);
#2646=VERTEX_POINT('',#9869);
#2647=VERTEX_POINT('',#9873);
#2648=VERTEX_POINT('',#9875);
#2649=VERTEX_POINT('',#9879);
#2650=VERTEX_POINT('',#9881);
#2651=VERTEX_POINT('',#9884);
#2652=VERTEX_POINT('',#9887);
#2653=VERTEX_POINT('',#9896);
#2654=VERTEX_POINT('',#9897);
#2655=VERTEX_POINT('',#9902);
#2656=VERTEX_POINT('',#9906);
#2657=VERTEX_POINT('',#9912);
#2658=VERTEX_POINT('',#9913);
#2659=VERTEX_POINT('',#9918);
#2660=VERTEX_POINT('',#9922);
#2661=VERTEX_POINT('',#9928);
#2662=VERTEX_POINT('',#9929);
#2663=VERTEX_POINT('',#9934);
#2664=VERTEX_POINT('',#9938);
#2665=VERTEX_POINT('',#9944);
#2666=VERTEX_POINT('',#9945);
#2667=VERTEX_POINT('',#9950);
#2668=VERTEX_POINT('',#9954);
#2669=VERTEX_POINT('',#9960);
#2670=VERTEX_POINT('',#9961);
#2671=VERTEX_POINT('',#9966);
#2672=VERTEX_POINT('',#9970);
#2673=VERTEX_POINT('',#9976);
#2674=VERTEX_POINT('',#9977);
#2675=VERTEX_POINT('',#9982);
#2676=VERTEX_POINT('',#9986);
#2677=VERTEX_POINT('',#9992);
#2678=VERTEX_POINT('',#9993);
#2679=VERTEX_POINT('',#9998);
#2680=VERTEX_POINT('',#10002);
#2681=VERTEX_POINT('',#10008);
#2682=VERTEX_POINT('',#10009);
#2683=VERTEX_POINT('',#10014);
#2684=VERTEX_POINT('',#10018);
#2685=EDGE_CURVE('',#2236,#2236,#2200,.T.);
#2686=EDGE_CURVE('',#2236,#2237,#980,.T.);
#2687=EDGE_CURVE('',#2237,#2237,#2201,.T.);
#2688=EDGE_CURVE('',#2238,#2238,#2202,.T.);
#2689=EDGE_CURVE('',#2238,#2239,#981,.T.);
#2690=EDGE_CURVE('',#2239,#2239,#2203,.T.);
#2691=EDGE_CURVE('',#2240,#2240,#2204,.T.);
#2692=EDGE_CURVE('',#2240,#2241,#982,.T.);
#2693=EDGE_CURVE('',#2241,#2241,#2205,.T.);
#2694=EDGE_CURVE('',#2242,#2242,#2206,.T.);
#2695=EDGE_CURVE('',#2242,#2243,#983,.T.);
#2696=EDGE_CURVE('',#2243,#2243,#2207,.T.);
#2697=EDGE_CURVE('',#2244,#2244,#2208,.T.);
#2698=EDGE_CURVE('',#2244,#2245,#984,.T.);
#2699=EDGE_CURVE('',#2245,#2245,#2209,.T.);
#2700=EDGE_CURVE('',#2246,#2247,#985,.T.);
#2701=EDGE_CURVE('',#2247,#2248,#986,.T.);
#2702=EDGE_CURVE('',#2248,#2249,#987,.T.);
#2703=EDGE_CURVE('',#2249,#2246,#988,.T.);
#2704=EDGE_CURVE('',#2250,#2251,#989,.T.);
#2705=EDGE_CURVE('',#2251,#2252,#990,.T.);
#2706=EDGE_CURVE('',#2252,#2253,#991,.T.);
#2707=EDGE_CURVE('',#2253,#2250,#992,.T.);
#2708=EDGE_CURVE('',#2249,#2252,#993,.T.);
#2709=EDGE_CURVE('',#2246,#2251,#994,.T.);
#2710=EDGE_CURVE('',#2248,#2253,#995,.T.);
#2711=EDGE_CURVE('',#2247,#2250,#996,.T.);
#2712=EDGE_CURVE('',#2254,#2254,#2210,.T.);
#2713=EDGE_CURVE('',#2254,#2255,#997,.T.);
#2714=EDGE_CURVE('',#2255,#2255,#2211,.T.);
#2715=EDGE_CURVE('',#2256,#2256,#2212,.T.);
#2716=EDGE_CURVE('',#2256,#2257,#998,.T.);
#2717=EDGE_CURVE('',#2257,#2257,#2213,.T.);
#2718=EDGE_CURVE('',#2258,#2258,#2214,.T.);
#2719=EDGE_CURVE('',#2258,#2259,#999,.T.);
#2720=EDGE_CURVE('',#2259,#2259,#2215,.T.);
#2721=EDGE_CURVE('',#2260,#2260,#2216,.T.);
#2722=EDGE_CURVE('',#2260,#2261,#1000,.T.);
#2723=EDGE_CURVE('',#2261,#2261,#2217,.T.);
#2724=EDGE_CURVE('',#2262,#2262,#2218,.T.);
#2725=EDGE_CURVE('',#2262,#2263,#1001,.T.);
#2726=EDGE_CURVE('',#2263,#2263,#2219,.T.);
#2727=EDGE_CURVE('',#2264,#2264,#2220,.T.);
#2728=EDGE_CURVE('',#2264,#2265,#1002,.T.);
#2729=EDGE_CURVE('',#2265,#2265,#2221,.T.);
#2730=EDGE_CURVE('',#2266,#2266,#65,.T.);
#2731=EDGE_CURVE('',#2267,#2267,#59,.T.);
#2732=EDGE_CURVE('',#2267,#2268,#1003,.T.);
#2733=EDGE_CURVE('',#2268,#2268,#60,.T.);
#2734=EDGE_CURVE('',#2269,#2270,#1004,.T.);
#2735=EDGE_CURVE('',#2271,#2269,#1005,.T.);
#2736=EDGE_CURVE('',#2271,#2272,#1006,.T.);
#2737=EDGE_CURVE('',#2272,#2270,#1007,.T.);
#2738=EDGE_CURVE('',#2270,#2273,#1008,.T.);
#2739=EDGE_CURVE('',#2272,#2274,#1009,.T.);
#2740=EDGE_CURVE('',#2274,#2273,#1010,.T.);
#2741=EDGE_CURVE('',#2273,#2275,#1011,.T.);
#2742=EDGE_CURVE('',#2274,#2276,#1012,.T.);
#2743=EDGE_CURVE('',#2276,#2275,#1013,.T.);
#2744=EDGE_CURVE('',#2275,#2277,#1014,.T.);
#2745=EDGE_CURVE('',#2276,#2278,#1015,.T.);
#2746=EDGE_CURVE('',#2278,#2277,#1016,.T.);
#2747=EDGE_CURVE('',#2277,#2279,#1017,.T.);
#2748=EDGE_CURVE('',#2278,#2280,#1018,.T.);
#2749=EDGE_CURVE('',#2280,#2279,#1019,.T.);
#2750=EDGE_CURVE('',#2279,#2281,#1020,.T.);
#2751=EDGE_CURVE('',#2280,#2282,#1021,.T.);
#2752=EDGE_CURVE('',#2282,#2281,#1022,.T.);
#2753=EDGE_CURVE('',#2281,#2283,#1023,.T.);
#2754=EDGE_CURVE('',#2282,#2284,#1024,.T.);
#2755=EDGE_CURVE('',#2284,#2283,#1025,.T.);
#2756=EDGE_CURVE('',#2283,#2285,#1026,.T.);
#2757=EDGE_CURVE('',#2284,#2286,#1027,.T.);
#2758=EDGE_CURVE('',#2286,#2285,#1028,.T.);
#2759=EDGE_CURVE('',#2285,#2287,#1029,.T.);
#2760=EDGE_CURVE('',#2286,#2288,#1030,.T.);
#2761=EDGE_CURVE('',#2288,#2287,#1031,.T.);
#2762=EDGE_CURVE('',#2287,#2289,#1032,.T.);
#2763=EDGE_CURVE('',#2288,#2290,#1033,.T.);
#2764=EDGE_CURVE('',#2290,#2289,#1034,.T.);
#2765=EDGE_CURVE('',#2289,#2291,#1035,.T.);
#2766=EDGE_CURVE('',#2290,#2292,#1036,.T.);
#2767=EDGE_CURVE('',#2292,#2291,#1037,.T.);
#2768=EDGE_CURVE('',#2291,#2269,#1038,.T.);
#2769=EDGE_CURVE('',#2292,#2271,#1039,.T.);
#2770=EDGE_CURVE('',#2293,#2293,#66,.T.);
#2771=EDGE_CURVE('',#2294,#2293,#1040,.T.);
#2772=EDGE_CURVE('',#2294,#2294,#39,.T.);
#2773=EDGE_CURVE('',#2295,#2295,#67,.T.);
#2774=EDGE_CURVE('',#2296,#2295,#1041,.T.);
#2775=EDGE_CURVE('',#2296,#2296,#40,.T.);
#2776=EDGE_CURVE('',#2297,#2298,#1042,.T.);
#2777=EDGE_CURVE('',#2299,#2297,#1043,.T.);
#2778=EDGE_CURVE('',#2299,#2300,#1044,.T.);
#2779=EDGE_CURVE('',#2300,#2298,#1045,.T.);
#2780=EDGE_CURVE('',#2301,#2302,#68,.T.);
#2781=EDGE_CURVE('',#2303,#2301,#1046,.T.);
#2782=EDGE_CURVE('',#2303,#2304,#41,.T.);
#2783=EDGE_CURVE('',#2304,#2302,#1047,.T.);
#2784=EDGE_CURVE('',#2305,#2306,#69,.T.);
#2785=EDGE_CURVE('',#2307,#2305,#1048,.T.);
#2786=EDGE_CURVE('',#2307,#2308,#42,.T.);
#2787=EDGE_CURVE('',#2308,#2306,#1049,.T.);
#2788=EDGE_CURVE('',#2306,#2309,#1050,.T.);
#2789=EDGE_CURVE('',#2308,#2310,#1051,.T.);
#2790=EDGE_CURVE('',#2310,#2309,#1052,.T.);
#2791=EDGE_CURVE('',#2298,#2297,#70,.T.);
#2792=EDGE_CURVE('',#2300,#2299,#43,.T.);
#2793=EDGE_CURVE('',#2302,#2301,#1053,.T.);
#2794=EDGE_CURVE('',#2304,#2303,#1054,.T.);
#2795=EDGE_CURVE('',#2309,#2311,#71,.T.);
#2796=EDGE_CURVE('',#2310,#2312,#44,.T.);
#2797=EDGE_CURVE('',#2312,#2311,#1055,.T.);
#2798=EDGE_CURVE('',#2311,#2305,#1056,.T.);
#2799=EDGE_CURVE('',#2312,#2307,#1057,.T.);
#2800=EDGE_CURVE('',#2313,#2314,#1058,.T.);
#2801=EDGE_CURVE('',#2315,#2313,#1059,.T.);
#2802=EDGE_CURVE('',#2315,#2316,#1060,.T.);
#2803=EDGE_CURVE('',#2316,#2314,#1061,.T.);
#2804=EDGE_CURVE('',#2314,#2317,#1062,.T.);
#2805=EDGE_CURVE('',#2316,#2318,#1063,.T.);
#2806=EDGE_CURVE('',#2318,#2317,#1064,.T.);
#2807=EDGE_CURVE('',#2317,#2319,#1065,.T.);
#2808=EDGE_CURVE('',#2318,#2320,#1066,.T.);
#2809=EDGE_CURVE('',#2320,#2319,#1067,.T.);
#2810=EDGE_CURVE('',#2319,#2321,#1068,.T.);
#2811=EDGE_CURVE('',#2320,#2322,#1069,.T.);
#2812=EDGE_CURVE('',#2322,#2321,#1070,.T.);
#2813=EDGE_CURVE('',#2321,#2323,#1071,.T.);
#2814=EDGE_CURVE('',#2322,#2324,#1072,.T.);
#2815=EDGE_CURVE('',#2324,#2323,#1073,.T.);
#2816=EDGE_CURVE('',#2323,#2325,#1074,.T.);
#2817=EDGE_CURVE('',#2324,#2326,#1075,.T.);
#2818=EDGE_CURVE('',#2326,#2325,#1076,.T.);
#2819=EDGE_CURVE('',#2325,#2327,#1077,.T.);
#2820=EDGE_CURVE('',#2326,#2328,#1078,.T.);
#2821=EDGE_CURVE('',#2328,#2327,#1079,.T.);
#2822=EDGE_CURVE('',#2327,#2329,#1080,.T.);
#2823=EDGE_CURVE('',#2328,#2330,#1081,.T.);
#2824=EDGE_CURVE('',#2330,#2329,#1082,.T.);
#2825=EDGE_CURVE('',#2329,#2331,#1083,.T.);
#2826=EDGE_CURVE('',#2330,#2332,#1084,.T.);
#2827=EDGE_CURVE('',#2332,#2331,#1085,.T.);
#2828=EDGE_CURVE('',#2331,#2333,#1086,.T.);
#2829=EDGE_CURVE('',#2332,#2334,#1087,.T.);
#2830=EDGE_CURVE('',#2334,#2333,#1088,.T.);
#2831=EDGE_CURVE('',#2333,#2335,#1089,.T.);
#2832=EDGE_CURVE('',#2334,#2336,#1090,.T.);
#2833=EDGE_CURVE('',#2336,#2335,#1091,.T.);
#2834=EDGE_CURVE('',#2335,#2313,#1092,.T.);
#2835=EDGE_CURVE('',#2336,#2315,#1093,.T.);
#2836=EDGE_CURVE('',#2337,#2338,#1094,.T.);
#2837=EDGE_CURVE('',#2339,#2337,#1095,.T.);
#2838=EDGE_CURVE('',#2339,#2340,#1096,.T.);
#2839=EDGE_CURVE('',#2340,#2338,#1097,.T.);
#2840=EDGE_CURVE('',#2338,#2341,#72,.T.);
#2841=EDGE_CURVE('',#2340,#2342,#45,.T.);
#2842=EDGE_CURVE('',#2342,#2341,#1098,.T.);
#2843=EDGE_CURVE('',#2341,#2343,#1099,.T.);
#2844=EDGE_CURVE('',#2342,#2344,#1100,.T.);
#2845=EDGE_CURVE('',#2344,#2343,#1101,.T.);
#2846=EDGE_CURVE('',#2343,#2337,#73,.T.);
#2847=EDGE_CURVE('',#2344,#2339,#46,.T.);
#2848=EDGE_CURVE('',#2345,#2346,#1102,.T.);
#2849=EDGE_CURVE('',#2347,#2345,#1103,.T.);
#2850=EDGE_CURVE('',#2347,#2348,#1104,.T.);
#2851=EDGE_CURVE('',#2348,#2346,#1105,.T.);
#2852=EDGE_CURVE('',#2346,#2349,#1106,.T.);
#2853=EDGE_CURVE('',#2348,#2350,#1107,.T.);
#2854=EDGE_CURVE('',#2350,#2349,#1108,.T.);
#2855=EDGE_CURVE('',#2349,#2351,#1109,.T.);
#2856=EDGE_CURVE('',#2350,#2352,#1110,.T.);
#2857=EDGE_CURVE('',#2352,#2351,#1111,.T.);
#2858=EDGE_CURVE('',#2351,#2353,#1112,.T.);
#2859=EDGE_CURVE('',#2352,#2354,#1113,.T.);
#2860=EDGE_CURVE('',#2354,#2353,#1114,.T.);
#2861=EDGE_CURVE('',#2353,#2355,#1115,.T.);
#2862=EDGE_CURVE('',#2354,#2356,#1116,.T.);
#2863=EDGE_CURVE('',#2356,#2355,#1117,.T.);
#2864=EDGE_CURVE('',#2355,#2357,#1118,.T.);
#2865=EDGE_CURVE('',#2356,#2358,#1119,.T.);
#2866=EDGE_CURVE('',#2358,#2357,#1120,.T.);
#2867=EDGE_CURVE('',#2357,#2359,#1121,.T.);
#2868=EDGE_CURVE('',#2358,#2360,#1122,.T.);
#2869=EDGE_CURVE('',#2360,#2359,#1123,.T.);
#2870=EDGE_CURVE('',#2359,#2361,#1124,.T.);
#2871=EDGE_CURVE('',#2360,#2362,#1125,.T.);
#2872=EDGE_CURVE('',#2362,#2361,#1126,.T.);
#2873=EDGE_CURVE('',#2361,#2363,#1127,.T.);
#2874=EDGE_CURVE('',#2362,#2364,#1128,.T.);
#2875=EDGE_CURVE('',#2364,#2363,#1129,.T.);
#2876=EDGE_CURVE('',#2363,#2365,#1130,.T.);
#2877=EDGE_CURVE('',#2364,#2366,#1131,.T.);
#2878=EDGE_CURVE('',#2366,#2365,#1132,.T.);
#2879=EDGE_CURVE('',#2365,#2367,#1133,.T.);
#2880=EDGE_CURVE('',#2366,#2368,#1134,.T.);
#2881=EDGE_CURVE('',#2368,#2367,#1135,.T.);
#2882=EDGE_CURVE('',#2367,#2345,#1136,.T.);
#2883=EDGE_CURVE('',#2368,#2347,#1137,.T.);
#2884=EDGE_CURVE('',#2369,#2370,#1138,.T.);
#2885=EDGE_CURVE('',#2371,#2369,#1139,.T.);
#2886=EDGE_CURVE('',#2371,#2372,#1140,.T.);
#2887=EDGE_CURVE('',#2372,#2370,#1141,.T.);
#2888=EDGE_CURVE('',#2370,#2373,#1142,.T.);
#2889=EDGE_CURVE('',#2372,#2374,#1143,.T.);
#2890=EDGE_CURVE('',#2374,#2373,#1144,.T.);
#2891=EDGE_CURVE('',#2373,#2375,#1145,.T.);
#2892=EDGE_CURVE('',#2374,#2376,#1146,.T.);
#2893=EDGE_CURVE('',#2376,#2375,#1147,.T.);
#2894=EDGE_CURVE('',#2375,#2377,#1148,.T.);
#2895=EDGE_CURVE('',#2376,#2378,#1149,.T.);
#2896=EDGE_CURVE('',#2378,#2377,#1150,.T.);
#2897=EDGE_CURVE('',#2377,#2379,#1151,.T.);
#2898=EDGE_CURVE('',#2378,#2380,#1152,.T.);
#2899=EDGE_CURVE('',#2380,#2379,#1153,.T.);
#2900=EDGE_CURVE('',#2379,#2381,#1154,.T.);
#2901=EDGE_CURVE('',#2380,#2382,#1155,.T.);
#2902=EDGE_CURVE('',#2382,#2381,#1156,.T.);
#2903=EDGE_CURVE('',#2381,#2383,#1157,.T.);
#2904=EDGE_CURVE('',#2382,#2384,#1158,.T.);
#2905=EDGE_CURVE('',#2384,#2383,#1159,.T.);
#2906=EDGE_CURVE('',#2383,#2385,#1160,.T.);
#2907=EDGE_CURVE('',#2384,#2386,#1161,.T.);
#2908=EDGE_CURVE('',#2386,#2385,#1162,.T.);
#2909=EDGE_CURVE('',#2385,#2387,#1163,.T.);
#2910=EDGE_CURVE('',#2386,#2388,#1164,.T.);
#2911=EDGE_CURVE('',#2388,#2387,#1165,.T.);
#2912=EDGE_CURVE('',#2387,#2389,#1166,.T.);
#2913=EDGE_CURVE('',#2388,#2390,#1167,.T.);
#2914=EDGE_CURVE('',#2390,#2389,#1168,.T.);
#2915=EDGE_CURVE('',#2389,#2391,#1169,.T.);
#2916=EDGE_CURVE('',#2390,#2392,#1170,.T.);
#2917=EDGE_CURVE('',#2392,#2391,#1171,.T.);
#2918=EDGE_CURVE('',#2391,#2369,#1172,.T.);
#2919=EDGE_CURVE('',#2392,#2371,#1173,.T.);
#2920=EDGE_CURVE('',#2393,#2394,#1174,.T.);
#2921=EDGE_CURVE('',#2395,#2393,#1175,.T.);
#2922=EDGE_CURVE('',#2395,#2396,#1176,.T.);
#2923=EDGE_CURVE('',#2396,#2394,#1177,.T.);
#2924=EDGE_CURVE('',#2394,#2397,#1178,.T.);
#2925=EDGE_CURVE('',#2396,#2398,#1179,.T.);
#2926=EDGE_CURVE('',#2398,#2397,#1180,.T.);
#2927=EDGE_CURVE('',#2397,#2399,#1181,.T.);
#2928=EDGE_CURVE('',#2398,#2400,#1182,.T.);
#2929=EDGE_CURVE('',#2400,#2399,#1183,.T.);
#2930=EDGE_CURVE('',#2399,#2401,#1184,.T.);
#2931=EDGE_CURVE('',#2400,#2402,#1185,.T.);
#2932=EDGE_CURVE('',#2402,#2401,#1186,.T.);
#2933=EDGE_CURVE('',#2401,#2403,#1187,.T.);
#2934=EDGE_CURVE('',#2402,#2404,#1188,.T.);
#2935=EDGE_CURVE('',#2404,#2403,#1189,.T.);
#2936=EDGE_CURVE('',#2403,#2405,#1190,.T.);
#2937=EDGE_CURVE('',#2404,#2406,#1191,.T.);
#2938=EDGE_CURVE('',#2406,#2405,#1192,.T.);
#2939=EDGE_CURVE('',#2405,#2407,#1193,.T.);
#2940=EDGE_CURVE('',#2406,#2408,#1194,.T.);
#2941=EDGE_CURVE('',#2408,#2407,#1195,.T.);
#2942=EDGE_CURVE('',#2407,#2409,#1196,.T.);
#2943=EDGE_CURVE('',#2408,#2410,#1197,.T.);
#2944=EDGE_CURVE('',#2410,#2409,#1198,.T.);
#2945=EDGE_CURVE('',#2409,#2411,#1199,.T.);
#2946=EDGE_CURVE('',#2410,#2412,#1200,.T.);
#2947=EDGE_CURVE('',#2412,#2411,#1201,.T.);
#2948=EDGE_CURVE('',#2411,#2413,#1202,.T.);
#2949=EDGE_CURVE('',#2412,#2414,#1203,.T.);
#2950=EDGE_CURVE('',#2414,#2413,#1204,.T.);
#2951=EDGE_CURVE('',#2413,#2415,#1205,.T.);
#2952=EDGE_CURVE('',#2414,#2416,#1206,.T.);
#2953=EDGE_CURVE('',#2416,#2415,#1207,.T.);
#2954=EDGE_CURVE('',#2415,#2393,#1208,.T.);
#2955=EDGE_CURVE('',#2416,#2395,#1209,.T.);
#2956=EDGE_CURVE('',#2417,#2418,#1210,.T.);
#2957=EDGE_CURVE('',#2419,#2417,#1211,.T.);
#2958=EDGE_CURVE('',#2419,#2420,#1212,.T.);
#2959=EDGE_CURVE('',#2420,#2418,#1213,.T.);
#2960=EDGE_CURVE('',#2418,#2421,#74,.T.);
#2961=EDGE_CURVE('',#2420,#2422,#47,.T.);
#2962=EDGE_CURVE('',#2422,#2421,#1214,.T.);
#2963=EDGE_CURVE('',#2421,#2423,#1215,.T.);
#2964=EDGE_CURVE('',#2422,#2424,#1216,.T.);
#2965=EDGE_CURVE('',#2424,#2423,#1217,.T.);
#2966=EDGE_CURVE('',#2423,#2417,#75,.T.);
#2967=EDGE_CURVE('',#2424,#2419,#48,.T.);
#2968=EDGE_CURVE('',#2425,#2426,#1218,.T.);
#2969=EDGE_CURVE('',#2425,#2427,#1219,.T.);
#2970=EDGE_CURVE('',#2427,#2428,#1220,.T.);
#2971=EDGE_CURVE('',#2429,#2428,#1221,.T.);
#2972=EDGE_CURVE('',#2430,#2429,#1222,.T.);
#2973=EDGE_CURVE('',#2430,#2426,#1223,.T.);
#2974=EDGE_CURVE('',#2431,#2432,#1224,.T.);
#2975=EDGE_CURVE('',#2431,#2433,#1225,.T.);
#2976=EDGE_CURVE('',#2432,#2433,#1226,.T.);
#2977=EDGE_CURVE('',#2426,#2434,#1227,.T.);
#2978=EDGE_CURVE('',#2435,#2430,#1228,.T.);
#2979=EDGE_CURVE('',#2433,#2435,#1229,.T.);
#2980=EDGE_CURVE('',#2434,#2431,#1230,.T.);
#2981=EDGE_CURVE('',#2436,#2425,#1231,.T.);
#2982=EDGE_CURVE('',#2437,#2436,#1232,.T.);
#2983=EDGE_CURVE('',#2438,#2437,#1233,.T.);
#2984=EDGE_CURVE('',#2439,#2438,#1234,.T.);
#2985=EDGE_CURVE('',#2427,#2439,#1235,.T.);
#2986=EDGE_CURVE('',#2428,#2439,#1236,.T.);
#2987=EDGE_CURVE('',#2434,#2440,#1237,.T.);
#2988=EDGE_CURVE('',#2440,#2441,#1238,.T.);
#2989=EDGE_CURVE('',#2441,#2442,#1239,.T.);
#2990=EDGE_CURVE('',#2442,#2443,#1240,.T.);
#2991=EDGE_CURVE('',#2443,#2444,#1241,.T.);
#2992=EDGE_CURVE('',#2444,#2445,#1242,.T.);
#2993=EDGE_CURVE('',#2445,#2446,#1243,.T.);
#2994=EDGE_CURVE('',#2446,#2447,#1244,.T.);
#2995=EDGE_CURVE('',#2447,#2448,#1245,.T.);
#2996=EDGE_CURVE('',#2448,#2449,#1246,.T.);
#2997=EDGE_CURVE('',#2449,#2450,#1247,.T.);
#2998=EDGE_CURVE('',#2450,#2451,#1248,.T.);
#2999=EDGE_CURVE('',#2451,#2452,#1249,.T.);
#3000=EDGE_CURVE('',#2452,#2453,#1250,.T.);
#3001=EDGE_CURVE('',#2453,#2454,#1251,.T.);
#3002=EDGE_CURVE('',#2454,#2455,#1252,.T.);
#3003=EDGE_CURVE('',#2455,#2456,#1253,.T.);
#3004=EDGE_CURVE('',#2456,#2457,#1254,.T.);
#3005=EDGE_CURVE('',#2457,#2458,#1255,.T.);
#3006=EDGE_CURVE('',#2458,#2459,#1256,.T.);
#3007=EDGE_CURVE('',#2459,#2460,#1257,.T.);
#3008=EDGE_CURVE('',#2460,#2461,#1258,.T.);
#3009=EDGE_CURVE('',#2461,#2462,#1259,.T.);
#3010=EDGE_CURVE('',#2462,#2463,#1260,.T.);
#3011=EDGE_CURVE('',#2463,#2436,#1261,.T.);
#3012=EDGE_CURVE('',#2464,#2465,#1262,.T.);
#3013=EDGE_CURVE('',#2465,#2466,#1263,.T.);
#3014=EDGE_CURVE('',#2466,#2467,#1264,.T.);
#3015=EDGE_CURVE('',#2467,#2464,#1265,.T.);
#3016=EDGE_CURVE('',#2468,#2469,#1266,.T.);
#3017=EDGE_CURVE('',#2469,#2470,#1267,.T.);
#3018=EDGE_CURVE('',#2470,#2471,#1268,.T.);
#3019=EDGE_CURVE('',#2471,#2468,#1269,.T.);
#3020=EDGE_CURVE('',#2472,#2473,#1270,.T.);
#3021=EDGE_CURVE('',#2473,#2474,#1271,.T.);
#3022=EDGE_CURVE('',#2474,#2475,#1272,.T.);
#3023=EDGE_CURVE('',#2475,#2472,#1273,.T.);
#3024=EDGE_CURVE('',#2476,#2477,#1274,.T.);
#3025=EDGE_CURVE('',#2477,#2478,#1275,.T.);
#3026=EDGE_CURVE('',#2478,#2479,#1276,.T.);
#3027=EDGE_CURVE('',#2479,#2476,#1277,.T.);
#3028=EDGE_CURVE('',#2480,#2481,#1278,.T.);
#3029=EDGE_CURVE('',#2481,#2482,#1279,.T.);
#3030=EDGE_CURVE('',#2482,#2483,#1280,.T.);
#3031=EDGE_CURVE('',#2483,#2480,#1281,.T.);
#3032=EDGE_CURVE('',#2484,#2485,#1282,.T.);
#3033=EDGE_CURVE('',#2485,#2486,#1283,.T.);
#3034=EDGE_CURVE('',#2486,#2487,#1284,.T.);
#3035=EDGE_CURVE('',#2487,#2484,#1285,.T.);
#3036=EDGE_CURVE('',#2432,#2488,#1286,.T.);
#3037=EDGE_CURVE('',#2489,#2488,#1287,.T.);
#3038=EDGE_CURVE('',#2489,#2440,#1288,.T.);
#3039=EDGE_CURVE('',#2463,#2490,#1289,.T.);
#3040=EDGE_CURVE('',#2490,#2491,#1290,.T.);
#3041=EDGE_CURVE('',#2491,#2492,#1291,.T.);
#3042=EDGE_CURVE('',#2493,#2492,#1292,.T.);
#3043=EDGE_CURVE('',#2493,#2494,#1293,.T.);
#3044=EDGE_CURVE('',#2494,#2437,#1294,.T.);
#3045=EDGE_CURVE('',#2429,#2495,#1295,.T.);
#3046=EDGE_CURVE('',#2496,#2495,#1296,.T.);
#3047=EDGE_CURVE('',#2496,#2435,#1297,.T.);
#3048=EDGE_CURVE('',#2497,#2496,#1298,.T.);
#3049=EDGE_CURVE('',#2488,#2497,#1299,.T.);
#3050=EDGE_CURVE('',#2461,#2498,#1300,.T.);
#3051=EDGE_CURVE('',#2498,#2499,#1301,.T.);
#3052=EDGE_CURVE('',#2500,#2499,#1302,.T.);
#3053=EDGE_CURVE('',#2501,#2500,#1303,.T.);
#3054=EDGE_CURVE('',#2501,#2462,#1304,.T.);
#3055=EDGE_CURVE('',#2490,#2502,#1305,.T.);
#3056=EDGE_CURVE('',#2491,#2502,#1306,.T.);
#3057=EDGE_CURVE('',#2503,#2501,#1307,.T.);
#3058=EDGE_CURVE('',#2502,#2503,#1308,.T.);
#3059=EDGE_CURVE('',#2504,#2460,#1309,.T.);
#3060=EDGE_CURVE('',#2505,#2504,#1310,.T.);
#3061=EDGE_CURVE('',#2506,#2505,#1311,.T.);
#3062=EDGE_CURVE('',#2498,#2506,#1312,.T.);
#3063=EDGE_CURVE('',#2499,#2506,#1313,.T.);
#3064=EDGE_CURVE('',#2459,#2507,#1314,.T.);
#3065=EDGE_CURVE('',#2507,#2508,#1315,.T.);
#3066=EDGE_CURVE('',#2508,#2509,#1316,.T.);
#3067=EDGE_CURVE('',#2510,#2509,#1317,.T.);
#3068=EDGE_CURVE('',#2510,#2511,#1318,.T.);
#3069=EDGE_CURVE('',#2511,#2504,#1319,.T.);
#3070=EDGE_CURVE('',#2500,#2512,#1320,.T.);
#3071=EDGE_CURVE('',#2513,#2512,#1321,.T.);
#3072=EDGE_CURVE('',#2513,#2503,#1322,.T.);
#3073=EDGE_CURVE('',#2514,#2513,#1323,.T.);
#3074=EDGE_CURVE('',#2492,#2514,#1324,.T.);
#3075=EDGE_CURVE('',#2457,#2515,#1325,.T.);
#3076=EDGE_CURVE('',#2515,#2516,#1326,.T.);
#3077=EDGE_CURVE('',#2517,#2516,#1327,.T.);
#3078=EDGE_CURVE('',#2518,#2517,#1328,.T.);
#3079=EDGE_CURVE('',#2518,#2458,#1329,.T.);
#3080=EDGE_CURVE('',#2507,#2519,#1330,.T.);
#3081=EDGE_CURVE('',#2508,#2519,#1331,.T.);
#3082=EDGE_CURVE('',#2520,#2518,#1332,.T.);
#3083=EDGE_CURVE('',#2519,#2520,#1333,.T.);
#3084=EDGE_CURVE('',#2521,#2456,#1334,.T.);
#3085=EDGE_CURVE('',#2522,#2521,#1335,.T.);
#3086=EDGE_CURVE('',#2523,#2522,#1336,.T.);
#3087=EDGE_CURVE('',#2515,#2523,#1337,.T.);
#3088=EDGE_CURVE('',#2516,#2523,#1338,.T.);
#3089=EDGE_CURVE('',#2455,#2524,#1339,.T.);
#3090=EDGE_CURVE('',#2524,#2525,#1340,.T.);
#3091=EDGE_CURVE('',#2525,#2526,#1341,.T.);
#3092=EDGE_CURVE('',#2527,#2526,#1342,.T.);
#3093=EDGE_CURVE('',#2527,#2528,#1343,.T.);
#3094=EDGE_CURVE('',#2528,#2521,#1344,.T.);
#3095=EDGE_CURVE('',#2517,#2529,#1345,.T.);
#3096=EDGE_CURVE('',#2530,#2529,#1346,.T.);
#3097=EDGE_CURVE('',#2530,#2520,#1347,.T.);
#3098=EDGE_CURVE('',#2531,#2530,#1348,.T.);
#3099=EDGE_CURVE('',#2509,#2531,#1349,.T.);
#3100=EDGE_CURVE('',#2453,#2532,#1350,.T.);
#3101=EDGE_CURVE('',#2532,#2533,#1351,.T.);
#3102=EDGE_CURVE('',#2534,#2533,#1352,.T.);
#3103=EDGE_CURVE('',#2535,#2534,#1353,.T.);
#3104=EDGE_CURVE('',#2535,#2454,#1354,.T.);
#3105=EDGE_CURVE('',#2524,#2536,#1355,.T.);
#3106=EDGE_CURVE('',#2525,#2536,#1356,.T.);
#3107=EDGE_CURVE('',#2537,#2535,#1357,.T.);
#3108=EDGE_CURVE('',#2536,#2537,#1358,.T.);
#3109=EDGE_CURVE('',#2538,#2452,#1359,.T.);
#3110=EDGE_CURVE('',#2539,#2538,#1360,.T.);
#3111=EDGE_CURVE('',#2540,#2539,#1361,.T.);
#3112=EDGE_CURVE('',#2532,#2540,#1362,.T.);
#3113=EDGE_CURVE('',#2533,#2540,#1363,.T.);
#3114=EDGE_CURVE('',#2451,#2541,#1364,.T.);
#3115=EDGE_CURVE('',#2542,#2541,#1365,.T.);
#3116=EDGE_CURVE('',#2542,#2543,#1366,.T.);
#3117=EDGE_CURVE('',#2543,#2538,#1367,.T.);
#3118=EDGE_CURVE('',#2534,#2544,#1368,.T.);
#3119=EDGE_CURVE('',#2545,#2544,#1369,.T.);
#3120=EDGE_CURVE('',#2545,#2537,#1370,.T.);
#3121=EDGE_CURVE('',#2546,#2545,#1371,.T.);
#3122=EDGE_CURVE('',#2526,#2546,#1372,.T.);
#3123=EDGE_CURVE('',#2547,#2548,#1373,.T.);
#3124=EDGE_CURVE('',#2449,#2547,#1374,.T.);
#3125=EDGE_CURVE('',#2549,#2448,#1375,.T.);
#3126=EDGE_CURVE('',#2550,#2549,#1376,.T.);
#3127=EDGE_CURVE('',#2548,#2550,#1377,.T.);
#3128=EDGE_CURVE('',#2551,#2450,#1378,.T.);
#3129=EDGE_CURVE('',#2552,#2551,#1379,.T.);
#3130=EDGE_CURVE('',#2553,#2552,#1380,.T.);
#3131=EDGE_CURVE('',#2541,#2553,#1381,.T.);
#3132=EDGE_CURVE('',#2554,#2547,#1382,.T.);
#3133=EDGE_CURVE('',#2555,#2554,#1383,.T.);
#3134=EDGE_CURVE('',#2551,#2555,#1384,.T.);
#3135=EDGE_CURVE('',#2556,#2554,#1385,.T.);
#3136=EDGE_CURVE('',#2557,#2556,#1386,.T.);
#3137=EDGE_CURVE('',#2555,#2557,#1387,.T.);
#3138=EDGE_CURVE('',#2558,#2557,#1388,.T.);
#3139=EDGE_CURVE('',#2558,#2552,#1389,.T.);
#3140=EDGE_CURVE('',#2559,#2549,#1390,.T.);
#3141=EDGE_CURVE('',#2559,#2550,#1391,.T.);
#3142=EDGE_CURVE('',#2447,#2560,#1392,.T.);
#3143=EDGE_CURVE('',#2561,#2560,#1393,.T.);
#3144=EDGE_CURVE('',#2561,#2559,#1394,.T.);
#3145=EDGE_CURVE('',#2553,#2562,#1395,.T.);
#3146=EDGE_CURVE('',#2562,#2563,#1396,.T.);
#3147=EDGE_CURVE('',#2563,#2542,#1397,.T.);
#3148=EDGE_CURVE('',#2564,#2446,#1398,.T.);
#3149=EDGE_CURVE('',#2565,#2564,#1399,.T.);
#3150=EDGE_CURVE('',#2566,#2565,#1400,.T.);
#3151=EDGE_CURVE('',#2560,#2566,#1401,.T.);
#3152=EDGE_CURVE('',#2445,#2567,#1402,.T.);
#3153=EDGE_CURVE('',#2568,#2567,#1403,.T.);
#3154=EDGE_CURVE('',#2569,#2568,#1404,.T.);
#3155=EDGE_CURVE('',#2564,#2569,#1405,.T.);
#3156=EDGE_CURVE('',#2570,#2444,#1406,.T.);
#3157=EDGE_CURVE('',#2571,#2570,#1407,.T.);
#3158=EDGE_CURVE('',#2572,#2571,#1408,.T.);
#3159=EDGE_CURVE('',#2567,#2572,#1409,.T.);
#3160=EDGE_CURVE('',#2548,#2561,#1410,.T.);
#3161=EDGE_CURVE('',#2566,#2573,#1411,.T.);
#3162=EDGE_CURVE('',#2573,#2556,#1412,.T.);
#3163=EDGE_CURVE('',#2574,#2565,#1413,.T.);
#3164=EDGE_CURVE('',#2573,#2574,#1414,.T.);
#3165=EDGE_CURVE('',#2569,#2575,#1415,.T.);
#3166=EDGE_CURVE('',#2574,#2575,#1416,.T.);
#3167=EDGE_CURVE('',#2576,#2568,#1417,.T.);
#3168=EDGE_CURVE('',#2575,#2576,#1418,.T.);
#3169=EDGE_CURVE('',#2577,#2571,#1419,.T.);
#3170=EDGE_CURVE('',#2578,#2577,#1420,.T.);
#3171=EDGE_CURVE('',#2572,#2578,#1421,.T.);
#3172=EDGE_CURVE('',#2577,#2570,#1422,.T.);
#3173=EDGE_CURVE('',#2579,#2443,#1423,.T.);
#3174=EDGE_CURVE('',#2578,#2579,#1424,.T.);
#3175=EDGE_CURVE('',#2580,#2580,#2222,.T.);
#3176=EDGE_CURVE('',#2579,#2581,#1425,.T.);
#3177=EDGE_CURVE('',#2581,#2576,#1426,.T.);
#3178=EDGE_CURVE('',#2582,#2583,#1427,.T.);
#3179=EDGE_CURVE('',#2583,#2584,#1428,.T.);
#3180=EDGE_CURVE('',#2584,#2585,#1429,.T.);
#3181=EDGE_CURVE('',#2585,#2582,#1430,.T.);
#3182=EDGE_CURVE('',#2586,#2587,#1431,.T.);
#3183=EDGE_CURVE('',#2587,#2588,#1432,.T.);
#3184=EDGE_CURVE('',#2588,#2589,#1433,.T.);
#3185=EDGE_CURVE('',#2589,#2586,#1434,.T.);
#3186=EDGE_CURVE('',#2590,#2591,#1435,.T.);
#3187=EDGE_CURVE('',#2591,#2592,#1436,.T.);
#3188=EDGE_CURVE('',#2592,#2593,#1437,.T.);
#3189=EDGE_CURVE('',#2593,#2590,#1438,.T.);
#3190=EDGE_CURVE('',#2562,#2558,#1439,.T.);
#3191=EDGE_CURVE('',#2543,#2539,#1440,.T.);
#3192=EDGE_CURVE('',#2544,#2563,#1441,.T.);
#3193=EDGE_CURVE('',#2546,#2594,#1442,.T.);
#3194=EDGE_CURVE('',#2594,#2527,#1443,.T.);
#3195=EDGE_CURVE('',#2528,#2522,#1444,.T.);
#3196=EDGE_CURVE('',#2529,#2594,#1445,.T.);
#3197=EDGE_CURVE('',#2531,#2595,#1446,.T.);
#3198=EDGE_CURVE('',#2595,#2510,#1447,.T.);
#3199=EDGE_CURVE('',#2511,#2505,#1448,.T.);
#3200=EDGE_CURVE('',#2512,#2595,#1449,.T.);
#3201=EDGE_CURVE('',#2514,#2596,#1450,.T.);
#3202=EDGE_CURVE('',#2596,#2493,#1451,.T.);
#3203=EDGE_CURVE('',#2494,#2438,#1452,.T.);
#3204=EDGE_CURVE('',#2495,#2596,#1453,.T.);
#3205=EDGE_CURVE('',#2497,#2597,#1454,.T.);
#3206=EDGE_CURVE('',#2597,#2489,#1455,.T.);
#3207=EDGE_CURVE('',#2598,#2599,#1456,.T.);
#3208=EDGE_CURVE('',#2593,#2598,#1457,.T.);
#3209=EDGE_CURVE('',#2599,#2592,#1458,.T.);
#3210=EDGE_CURVE('',#2599,#2600,#1459,.T.);
#3211=EDGE_CURVE('',#2591,#2600,#1460,.T.);
#3212=EDGE_CURVE('',#2600,#2601,#1461,.T.);
#3213=EDGE_CURVE('',#2601,#2590,#1462,.T.);
#3214=EDGE_CURVE('',#2601,#2598,#1463,.T.);
#3215=EDGE_CURVE('',#2602,#2602,#2223,.T.);
#3216=EDGE_CURVE('',#2602,#2603,#1464,.T.);
#3217=EDGE_CURVE('',#2603,#2603,#2224,.T.);
#3218=EDGE_CURVE('',#2604,#2604,#2225,.T.);
#3219=EDGE_CURVE('',#2604,#2605,#1465,.T.);
#3220=EDGE_CURVE('',#2605,#2605,#2226,.T.);
#3221=EDGE_CURVE('',#2606,#2606,#2227,.T.);
#3222=EDGE_CURVE('',#2606,#2607,#1466,.T.);
#3223=EDGE_CURVE('',#2607,#2607,#2228,.T.);
#3224=EDGE_CURVE('',#2608,#2608,#2229,.T.);
#3225=EDGE_CURVE('',#2608,#2609,#1467,.T.);
#3226=EDGE_CURVE('',#2609,#2609,#2230,.T.);
#3227=EDGE_CURVE('',#2610,#2610,#2231,.T.);
#3228=EDGE_CURVE('',#2610,#2580,#1468,.T.);
#3229=EDGE_CURVE('',#2611,#2612,#1469,.T.);
#3230=EDGE_CURVE('',#2613,#2611,#1470,.T.);
#3231=EDGE_CURVE('',#2613,#2614,#1471,.T.);
#3232=EDGE_CURVE('',#2612,#2614,#1472,.T.);
#3233=EDGE_CURVE('',#2615,#2615,#2232,.T.);
#3234=EDGE_CURVE('',#2615,#2616,#1473,.T.);
#3235=EDGE_CURVE('',#2616,#2616,#2233,.T.);
#3236=EDGE_CURVE('',#2617,#2618,#1474,.T.);
#3237=EDGE_CURVE('',#2614,#2617,#1475,.T.);
#3238=EDGE_CURVE('',#2618,#2613,#1476,.T.);
#3239=EDGE_CURVE('',#2612,#2619,#1477,.T.);
#3240=EDGE_CURVE('',#2619,#2617,#1478,.T.);
#3241=EDGE_CURVE('',#2618,#2620,#1479,.T.);
#3242=EDGE_CURVE('',#2620,#2621,#1480,.T.);
#3243=EDGE_CURVE('',#2621,#2622,#1481,.T.);
#3244=EDGE_CURVE('',#2622,#2623,#1482,.T.);
#3245=EDGE_CURVE('',#2624,#2623,#1483,.T.);
#3246=EDGE_CURVE('',#2624,#2619,#1484,.T.);
#3247=EDGE_CURVE('',#2625,#2626,#1485,.T.);
#3248=EDGE_CURVE('',#2627,#2625,#1486,.T.);
#3249=EDGE_CURVE('',#2628,#2627,#1487,.T.);
#3250=EDGE_CURVE('',#2626,#2628,#1488,.T.);
#3251=EDGE_CURVE('',#2622,#2627,#1489,.T.);
#3252=EDGE_CURVE('',#2621,#2628,#1490,.T.);
#3253=EDGE_CURVE('',#2629,#2629,#61,.T.);
#3254=EDGE_CURVE('',#2629,#2630,#1491,.T.);
#3255=EDGE_CURVE('',#2630,#2630,#62,.T.);
#3256=EDGE_CURVE('',#2626,#2620,#1492,.T.);
#3257=EDGE_CURVE('',#2611,#2631,#1493,.T.);
#3258=EDGE_CURVE('',#2631,#2632,#1494,.T.);
#3259=EDGE_CURVE('',#2632,#2633,#1495,.T.);
#3260=EDGE_CURVE('',#2633,#2634,#1496,.T.);
#3261=EDGE_CURVE('',#2634,#2635,#1497,.T.);
#3262=EDGE_CURVE('',#2635,#2636,#1498,.T.);
#3263=EDGE_CURVE('',#2636,#2637,#1499,.T.);
#3264=EDGE_CURVE('',#2637,#2638,#1500,.T.);
#3265=EDGE_CURVE('',#2638,#2625,#1501,.T.);
#3266=EDGE_CURVE('',#2639,#2640,#1502,.T.);
#3267=EDGE_CURVE('',#2641,#2639,#1503,.T.);
#3268=EDGE_CURVE('',#2641,#2642,#1504,.T.);
#3269=EDGE_CURVE('',#2642,#2640,#1505,.T.);
#3270=EDGE_CURVE('',#2643,#2643,#63,.T.);
#3271=EDGE_CURVE('',#2638,#2641,#1506,.T.);
#3272=EDGE_CURVE('',#2642,#2637,#1507,.T.);
#3273=EDGE_CURVE('',#2643,#2644,#1508,.T.);
#3274=EDGE_CURVE('',#2644,#2644,#64,.T.);
#3275=EDGE_CURVE('',#2640,#2636,#1509,.T.);
#3276=EDGE_CURVE('',#2635,#2645,#1510,.T.);
#3277=EDGE_CURVE('',#2646,#2645,#1511,.T.);
#3278=EDGE_CURVE('',#2646,#2639,#1512,.T.);
#3279=EDGE_CURVE('',#2647,#2631,#1513,.T.);
#3280=EDGE_CURVE('',#2647,#2648,#1514,.T.);
#3281=EDGE_CURVE('',#2648,#2632,#1515,.T.);
#3282=EDGE_CURVE('',#2649,#2647,#1516,.T.);
#3283=EDGE_CURVE('',#2649,#2650,#1517,.T.);
#3284=EDGE_CURVE('',#2650,#2648,#1518,.T.);
#3285=EDGE_CURVE('',#2651,#2651,#2234,.T.);
#3286=EDGE_CURVE('',#2651,#2652,#1519,.T.);
#3287=EDGE_CURVE('',#2652,#2652,#2235,.T.);
#3288=EDGE_CURVE('',#2633,#2650,#1520,.T.);
#3289=EDGE_CURVE('',#2634,#2649,#1521,.T.);
#3290=EDGE_CURVE('',#2653,#2654,#1522,.T.);
#3291=EDGE_CURVE('',#2653,#2467,#1523,.T.);
#3292=EDGE_CURVE('',#2466,#2654,#1524,.T.);
#3293=EDGE_CURVE('',#2654,#2655,#1525,.T.);
#3294=EDGE_CURVE('',#2655,#2465,#1526,.T.);
#3295=EDGE_CURVE('',#2655,#2656,#1527,.T.);
#3296=EDGE_CURVE('',#2464,#2656,#1528,.T.);
#3297=EDGE_CURVE('',#2656,#2653,#1529,.T.);
#3298=EDGE_CURVE('',#2657,#2658,#1530,.T.);
#3299=EDGE_CURVE('',#2657,#2471,#1531,.T.);
#3300=EDGE_CURVE('',#2470,#2658,#1532,.T.);
#3301=EDGE_CURVE('',#2658,#2659,#1533,.T.);
#3302=EDGE_CURVE('',#2659,#2469,#1534,.T.);
#3303=EDGE_CURVE('',#2659,#2660,#1535,.T.);
#3304=EDGE_CURVE('',#2468,#2660,#1536,.T.);
#3305=EDGE_CURVE('',#2660,#2657,#1537,.T.);
#3306=EDGE_CURVE('',#2661,#2662,#1538,.T.);
#3307=EDGE_CURVE('',#2475,#2661,#1539,.T.);
#3308=EDGE_CURVE('',#2662,#2474,#1540,.T.);
#3309=EDGE_CURVE('',#2662,#2663,#1541,.T.);
#3310=EDGE_CURVE('',#2473,#2663,#1542,.T.);
#3311=EDGE_CURVE('',#2663,#2664,#1543,.T.);
#3312=EDGE_CURVE('',#2664,#2472,#1544,.T.);
#3313=EDGE_CURVE('',#2664,#2661,#1545,.T.);
#3314=EDGE_CURVE('',#2665,#2666,#1546,.T.);
#3315=EDGE_CURVE('',#2479,#2665,#1547,.T.);
#3316=EDGE_CURVE('',#2666,#2478,#1548,.T.);
#3317=EDGE_CURVE('',#2666,#2667,#1549,.T.);
#3318=EDGE_CURVE('',#2477,#2667,#1550,.T.);
#3319=EDGE_CURVE('',#2667,#2668,#1551,.T.);
#3320=EDGE_CURVE('',#2668,#2476,#1552,.T.);
#3321=EDGE_CURVE('',#2668,#2665,#1553,.T.);
#3322=EDGE_CURVE('',#2669,#2670,#1554,.T.);
#3323=EDGE_CURVE('',#2483,#2669,#1555,.T.);
#3324=EDGE_CURVE('',#2670,#2482,#1556,.T.);
#3325=EDGE_CURVE('',#2670,#2671,#1557,.T.);
#3326=EDGE_CURVE('',#2481,#2671,#1558,.T.);
#3327=EDGE_CURVE('',#2671,#2672,#1559,.T.);
#3328=EDGE_CURVE('',#2672,#2480,#1560,.T.);
#3329=EDGE_CURVE('',#2672,#2669,#1561,.T.);
#3330=EDGE_CURVE('',#2673,#2674,#1562,.T.);
#3331=EDGE_CURVE('',#2487,#2673,#1563,.T.);
#3332=EDGE_CURVE('',#2674,#2486,#1564,.T.);
#3333=EDGE_CURVE('',#2674,#2675,#1565,.T.);
#3334=EDGE_CURVE('',#2485,#2675,#1566,.T.);
#3335=EDGE_CURVE('',#2675,#2676,#1567,.T.);
#3336=EDGE_CURVE('',#2676,#2484,#1568,.T.);
#3337=EDGE_CURVE('',#2676,#2673,#1569,.T.);
#3338=EDGE_CURVE('',#2677,#2678,#1570,.T.);
#3339=EDGE_CURVE('',#2589,#2677,#1571,.T.);
#3340=EDGE_CURVE('',#2678,#2588,#1572,.T.);
#3341=EDGE_CURVE('',#2678,#2679,#1573,.T.);
#3342=EDGE_CURVE('',#2587,#2679,#1574,.T.);
#3343=EDGE_CURVE('',#2679,#2680,#1575,.T.);
#3344=EDGE_CURVE('',#2680,#2586,#1576,.T.);
#3345=EDGE_CURVE('',#2680,#2677,#1577,.T.);
#3346=EDGE_CURVE('',#2681,#2682,#1578,.T.);
#3347=EDGE_CURVE('',#2585,#2681,#1579,.T.);
#3348=EDGE_CURVE('',#2682,#2584,#1580,.T.);
#3349=EDGE_CURVE('',#2682,#2683,#1581,.T.);
#3350=EDGE_CURVE('',#2583,#2683,#1582,.T.);
#3351=EDGE_CURVE('',#2683,#2684,#1583,.T.);
#3352=EDGE_CURVE('',#2684,#2582,#1584,.T.);
#3353=EDGE_CURVE('',#2684,#2681,#1585,.T.);
#3354=EDGE_CURVE('',#2645,#2624,#1586,.T.);
#3355=EDGE_CURVE('',#2623,#2646,#1587,.T.);
#3356=EDGE_CURVE('',#2597,#2441,#1588,.T.);
#3357=EDGE_CURVE('',#2581,#2442,#1589,.T.);
#3358=ORIENTED_EDGE('',*,*,#2685,.F.);
#3359=ORIENTED_EDGE('',*,*,#2686,.T.);
#3360=ORIENTED_EDGE('',*,*,#2687,.T.);
#3361=ORIENTED_EDGE('',*,*,#2686,.F.);
#3362=ORIENTED_EDGE('',*,*,#2685,.T.);
#3363=ORIENTED_EDGE('',*,*,#2687,.F.);
#3364=ORIENTED_EDGE('',*,*,#2688,.F.);
#3365=ORIENTED_EDGE('',*,*,#2689,.T.);
#3366=ORIENTED_EDGE('',*,*,#2690,.F.);
#3367=ORIENTED_EDGE('',*,*,#2689,.F.);
#3368=ORIENTED_EDGE('',*,*,#2691,.F.);
#3369=ORIENTED_EDGE('',*,*,#2692,.T.);
#3370=ORIENTED_EDGE('',*,*,#2693,.F.);
#3371=ORIENTED_EDGE('',*,*,#2692,.F.);
#3372=ORIENTED_EDGE('',*,*,#2694,.F.);
#3373=ORIENTED_EDGE('',*,*,#2695,.T.);
#3374=ORIENTED_EDGE('',*,*,#2696,.F.);
#3375=ORIENTED_EDGE('',*,*,#2695,.F.);
#3376=ORIENTED_EDGE('',*,*,#2697,.F.);
#3377=ORIENTED_EDGE('',*,*,#2698,.T.);
#3378=ORIENTED_EDGE('',*,*,#2699,.F.);
#3379=ORIENTED_EDGE('',*,*,#2698,.F.);
#3380=ORIENTED_EDGE('',*,*,#2700,.T.);
#3381=ORIENTED_EDGE('',*,*,#2701,.T.);
#3382=ORIENTED_EDGE('',*,*,#2702,.T.);
#3383=ORIENTED_EDGE('',*,*,#2703,.T.);
#3384=ORIENTED_EDGE('',*,*,#2704,.T.);
#3385=ORIENTED_EDGE('',*,*,#2705,.T.);
#3386=ORIENTED_EDGE('',*,*,#2706,.T.);
#3387=ORIENTED_EDGE('',*,*,#2707,.T.);
#3388=ORIENTED_EDGE('',*,*,#2708,.T.);
#3389=ORIENTED_EDGE('',*,*,#2705,.F.);
#3390=ORIENTED_EDGE('',*,*,#2709,.F.);
#3391=ORIENTED_EDGE('',*,*,#2703,.F.);
#3392=ORIENTED_EDGE('',*,*,#2690,.T.);
#3393=ORIENTED_EDGE('',*,*,#2693,.T.);
#3394=ORIENTED_EDGE('',*,*,#2696,.T.);
#3395=ORIENTED_EDGE('',*,*,#2699,.T.);
#3396=ORIENTED_EDGE('',*,*,#2710,.T.);
#3397=ORIENTED_EDGE('',*,*,#2706,.F.);
#3398=ORIENTED_EDGE('',*,*,#2708,.F.);
#3399=ORIENTED_EDGE('',*,*,#2702,.F.);
#3400=ORIENTED_EDGE('',*,*,#2711,.T.);
#3401=ORIENTED_EDGE('',*,*,#2707,.F.);
#3402=ORIENTED_EDGE('',*,*,#2710,.F.);
#3403=ORIENTED_EDGE('',*,*,#2701,.F.);
#3404=ORIENTED_EDGE('',*,*,#2688,.T.);
#3405=ORIENTED_EDGE('',*,*,#2691,.T.);
#3406=ORIENTED_EDGE('',*,*,#2694,.T.);
#3407=ORIENTED_EDGE('',*,*,#2697,.T.);
#3408=ORIENTED_EDGE('',*,*,#2709,.T.);
#3409=ORIENTED_EDGE('',*,*,#2704,.F.);
#3410=ORIENTED_EDGE('',*,*,#2711,.F.);
#3411=ORIENTED_EDGE('',*,*,#2700,.F.);
#3412=ORIENTED_EDGE('',*,*,#2712,.F.);
#3413=ORIENTED_EDGE('',*,*,#2713,.T.);
#3414=ORIENTED_EDGE('',*,*,#2714,.F.);
#3415=ORIENTED_EDGE('',*,*,#2713,.F.);
#3416=ORIENTED_EDGE('',*,*,#2715,.F.);
#3417=ORIENTED_EDGE('',*,*,#2716,.T.);
#3418=ORIENTED_EDGE('',*,*,#2717,.T.);
#3419=ORIENTED_EDGE('',*,*,#2716,.F.);
#3420=ORIENTED_EDGE('',*,*,#2715,.T.);
#3421=ORIENTED_EDGE('',*,*,#2714,.T.);
#3422=ORIENTED_EDGE('',*,*,#2717,.F.);
#3423=ORIENTED_EDGE('',*,*,#2712,.T.);
#3424=ORIENTED_EDGE('',*,*,#2718,.F.);
#3425=ORIENTED_EDGE('',*,*,#2719,.T.);
#3426=ORIENTED_EDGE('',*,*,#2720,.F.);
#3427=ORIENTED_EDGE('',*,*,#2719,.F.);
#3428=ORIENTED_EDGE('',*,*,#2721,.F.);
#3429=ORIENTED_EDGE('',*,*,#2722,.T.);
#3430=ORIENTED_EDGE('',*,*,#2723,.T.);
#3431=ORIENTED_EDGE('',*,*,#2722,.F.);
#3432=ORIENTED_EDGE('',*,*,#2721,.T.);
#3433=ORIENTED_EDGE('',*,*,#2720,.T.);
#3434=ORIENTED_EDGE('',*,*,#2723,.F.);
#3435=ORIENTED_EDGE('',*,*,#2718,.T.);
#3436=ORIENTED_EDGE('',*,*,#2724,.F.);
#3437=ORIENTED_EDGE('',*,*,#2725,.T.);
#3438=ORIENTED_EDGE('',*,*,#2726,.F.);
#3439=ORIENTED_EDGE('',*,*,#2725,.F.);
#3440=ORIENTED_EDGE('',*,*,#2727,.F.);
#3441=ORIENTED_EDGE('',*,*,#2728,.T.);
#3442=ORIENTED_EDGE('',*,*,#2729,.T.);
#3443=ORIENTED_EDGE('',*,*,#2728,.F.);
#3444=ORIENTED_EDGE('',*,*,#2727,.T.);
#3445=ORIENTED_EDGE('',*,*,#2726,.T.);
#3446=ORIENTED_EDGE('',*,*,#2729,.F.);
#3447=ORIENTED_EDGE('',*,*,#2724,.T.);
#3448=ORIENTED_EDGE('',*,*,#2730,.F.);
#3449=ORIENTED_EDGE('',*,*,#2731,.F.);
#3450=ORIENTED_EDGE('',*,*,#2732,.T.);
#3451=ORIENTED_EDGE('',*,*,#2733,.T.);
#3452=ORIENTED_EDGE('',*,*,#2732,.F.);
#3453=ORIENTED_EDGE('',*,*,#2731,.T.);
#3454=ORIENTED_EDGE('',*,*,#2730,.T.);
#3455=ORIENTED_EDGE('',*,*,#2733,.F.);
#3456=ORIENTED_EDGE('',*,*,#2734,.F.);
#3457=ORIENTED_EDGE('',*,*,#2735,.F.);
#3458=ORIENTED_EDGE('',*,*,#2736,.T.);
#3459=ORIENTED_EDGE('',*,*,#2737,.T.);
#3460=ORIENTED_EDGE('',*,*,#2738,.F.);
#3461=ORIENTED_EDGE('',*,*,#2737,.F.);
#3462=ORIENTED_EDGE('',*,*,#2739,.T.);
#3463=ORIENTED_EDGE('',*,*,#2740,.T.);
#3464=ORIENTED_EDGE('',*,*,#2741,.F.);
#3465=ORIENTED_EDGE('',*,*,#2740,.F.);
#3466=ORIENTED_EDGE('',*,*,#2742,.T.);
#3467=ORIENTED_EDGE('',*,*,#2743,.T.);
#3468=ORIENTED_EDGE('',*,*,#2744,.F.);
#3469=ORIENTED_EDGE('',*,*,#2743,.F.);
#3470=ORIENTED_EDGE('',*,*,#2745,.T.);
#3471=ORIENTED_EDGE('',*,*,#2746,.T.);
#3472=ORIENTED_EDGE('',*,*,#2747,.F.);
#3473=ORIENTED_EDGE('',*,*,#2746,.F.);
#3474=ORIENTED_EDGE('',*,*,#2748,.T.);
#3475=ORIENTED_EDGE('',*,*,#2749,.T.);
#3476=ORIENTED_EDGE('',*,*,#2750,.F.);
#3477=ORIENTED_EDGE('',*,*,#2749,.F.);
#3478=ORIENTED_EDGE('',*,*,#2751,.T.);
#3479=ORIENTED_EDGE('',*,*,#2752,.T.);
#3480=ORIENTED_EDGE('',*,*,#2753,.F.);
#3481=ORIENTED_EDGE('',*,*,#2752,.F.);
#3482=ORIENTED_EDGE('',*,*,#2754,.T.);
#3483=ORIENTED_EDGE('',*,*,#2755,.T.);
#3484=ORIENTED_EDGE('',*,*,#2756,.F.);
#3485=ORIENTED_EDGE('',*,*,#2755,.F.);
#3486=ORIENTED_EDGE('',*,*,#2757,.T.);
#3487=ORIENTED_EDGE('',*,*,#2758,.T.);
#3488=ORIENTED_EDGE('',*,*,#2759,.F.);
#3489=ORIENTED_EDGE('',*,*,#2758,.F.);
#3490=ORIENTED_EDGE('',*,*,#2760,.T.);
#3491=ORIENTED_EDGE('',*,*,#2761,.T.);
#3492=ORIENTED_EDGE('',*,*,#2762,.F.);
#3493=ORIENTED_EDGE('',*,*,#2761,.F.);
#3494=ORIENTED_EDGE('',*,*,#2763,.T.);
#3495=ORIENTED_EDGE('',*,*,#2764,.T.);
#3496=ORIENTED_EDGE('',*,*,#2765,.F.);
#3497=ORIENTED_EDGE('',*,*,#2764,.F.);
#3498=ORIENTED_EDGE('',*,*,#2766,.T.);
#3499=ORIENTED_EDGE('',*,*,#2767,.T.);
#3500=ORIENTED_EDGE('',*,*,#2768,.F.);
#3501=ORIENTED_EDGE('',*,*,#2767,.F.);
#3502=ORIENTED_EDGE('',*,*,#2769,.T.);
#3503=ORIENTED_EDGE('',*,*,#2735,.T.);
#3504=ORIENTED_EDGE('',*,*,#2751,.F.);
#3505=ORIENTED_EDGE('',*,*,#2748,.F.);
#3506=ORIENTED_EDGE('',*,*,#2745,.F.);
#3507=ORIENTED_EDGE('',*,*,#2742,.F.);
#3508=ORIENTED_EDGE('',*,*,#2739,.F.);
#3509=ORIENTED_EDGE('',*,*,#2736,.F.);
#3510=ORIENTED_EDGE('',*,*,#2769,.F.);
#3511=ORIENTED_EDGE('',*,*,#2766,.F.);
#3512=ORIENTED_EDGE('',*,*,#2763,.F.);
#3513=ORIENTED_EDGE('',*,*,#2760,.F.);
#3514=ORIENTED_EDGE('',*,*,#2757,.F.);
#3515=ORIENTED_EDGE('',*,*,#2754,.F.);
#3516=ORIENTED_EDGE('',*,*,#2770,.F.);
#3517=ORIENTED_EDGE('',*,*,#2771,.F.);
#3518=ORIENTED_EDGE('',*,*,#2772,.T.);
#3519=ORIENTED_EDGE('',*,*,#2771,.T.);
#3520=ORIENTED_EDGE('',*,*,#2773,.F.);
#3521=ORIENTED_EDGE('',*,*,#2774,.F.);
#3522=ORIENTED_EDGE('',*,*,#2775,.T.);
#3523=ORIENTED_EDGE('',*,*,#2774,.T.);
#3524=ORIENTED_EDGE('',*,*,#2775,.F.);
#3525=ORIENTED_EDGE('',*,*,#2772,.F.);
#3526=ORIENTED_EDGE('',*,*,#2770,.T.);
#3527=ORIENTED_EDGE('',*,*,#2776,.F.);
#3528=ORIENTED_EDGE('',*,*,#2777,.F.);
#3529=ORIENTED_EDGE('',*,*,#2778,.T.);
#3530=ORIENTED_EDGE('',*,*,#2779,.T.);
#3531=ORIENTED_EDGE('',*,*,#2780,.F.);
#3532=ORIENTED_EDGE('',*,*,#2781,.F.);
#3533=ORIENTED_EDGE('',*,*,#2782,.T.);
#3534=ORIENTED_EDGE('',*,*,#2783,.T.);
#3535=ORIENTED_EDGE('',*,*,#2784,.F.);
#3536=ORIENTED_EDGE('',*,*,#2785,.F.);
#3537=ORIENTED_EDGE('',*,*,#2786,.T.);
#3538=ORIENTED_EDGE('',*,*,#2787,.T.);
#3539=ORIENTED_EDGE('',*,*,#2788,.F.);
#3540=ORIENTED_EDGE('',*,*,#2787,.F.);
#3541=ORIENTED_EDGE('',*,*,#2789,.T.);
#3542=ORIENTED_EDGE('',*,*,#2790,.T.);
#3543=ORIENTED_EDGE('',*,*,#2791,.F.);
#3544=ORIENTED_EDGE('',*,*,#2779,.F.);
#3545=ORIENTED_EDGE('',*,*,#2792,.T.);
#3546=ORIENTED_EDGE('',*,*,#2777,.T.);
#3547=ORIENTED_EDGE('',*,*,#2793,.F.);
#3548=ORIENTED_EDGE('',*,*,#2783,.F.);
#3549=ORIENTED_EDGE('',*,*,#2794,.T.);
#3550=ORIENTED_EDGE('',*,*,#2781,.T.);
#3551=ORIENTED_EDGE('',*,*,#2795,.F.);
#3552=ORIENTED_EDGE('',*,*,#2790,.F.);
#3553=ORIENTED_EDGE('',*,*,#2796,.T.);
#3554=ORIENTED_EDGE('',*,*,#2797,.T.);
#3555=ORIENTED_EDGE('',*,*,#2798,.F.);
#3556=ORIENTED_EDGE('',*,*,#2797,.F.);
#3557=ORIENTED_EDGE('',*,*,#2799,.T.);
#3558=ORIENTED_EDGE('',*,*,#2785,.T.);
#3559=ORIENTED_EDGE('',*,*,#2789,.F.);
#3560=ORIENTED_EDGE('',*,*,#2786,.F.);
#3561=ORIENTED_EDGE('',*,*,#2799,.F.);
#3562=ORIENTED_EDGE('',*,*,#2796,.F.);
#3563=ORIENTED_EDGE('',*,*,#2792,.F.);
#3564=ORIENTED_EDGE('',*,*,#2778,.F.);
#3565=ORIENTED_EDGE('',*,*,#2794,.F.);
#3566=ORIENTED_EDGE('',*,*,#2782,.F.);
#3567=ORIENTED_EDGE('',*,*,#2793,.T.);
#3568=ORIENTED_EDGE('',*,*,#2780,.T.);
#3569=ORIENTED_EDGE('',*,*,#2791,.T.);
#3570=ORIENTED_EDGE('',*,*,#2776,.T.);
#3571=ORIENTED_EDGE('',*,*,#2800,.F.);
#3572=ORIENTED_EDGE('',*,*,#2801,.F.);
#3573=ORIENTED_EDGE('',*,*,#2802,.T.);
#3574=ORIENTED_EDGE('',*,*,#2803,.T.);
#3575=ORIENTED_EDGE('',*,*,#2804,.F.);
#3576=ORIENTED_EDGE('',*,*,#2803,.F.);
#3577=ORIENTED_EDGE('',*,*,#2805,.T.);
#3578=ORIENTED_EDGE('',*,*,#2806,.T.);
#3579=ORIENTED_EDGE('',*,*,#2807,.F.);
#3580=ORIENTED_EDGE('',*,*,#2806,.F.);
#3581=ORIENTED_EDGE('',*,*,#2808,.T.);
#3582=ORIENTED_EDGE('',*,*,#2809,.T.);
#3583=ORIENTED_EDGE('',*,*,#2810,.F.);
#3584=ORIENTED_EDGE('',*,*,#2809,.F.);
#3585=ORIENTED_EDGE('',*,*,#2811,.T.);
#3586=ORIENTED_EDGE('',*,*,#2812,.T.);
#3587=ORIENTED_EDGE('',*,*,#2813,.F.);
#3588=ORIENTED_EDGE('',*,*,#2812,.F.);
#3589=ORIENTED_EDGE('',*,*,#2814,.T.);
#3590=ORIENTED_EDGE('',*,*,#2815,.T.);
#3591=ORIENTED_EDGE('',*,*,#2816,.F.);
#3592=ORIENTED_EDGE('',*,*,#2815,.F.);
#3593=ORIENTED_EDGE('',*,*,#2817,.T.);
#3594=ORIENTED_EDGE('',*,*,#2818,.T.);
#3595=ORIENTED_EDGE('',*,*,#2819,.F.);
#3596=ORIENTED_EDGE('',*,*,#2818,.F.);
#3597=ORIENTED_EDGE('',*,*,#2820,.T.);
#3598=ORIENTED_EDGE('',*,*,#2821,.T.);
#3599=ORIENTED_EDGE('',*,*,#2822,.F.);
#3600=ORIENTED_EDGE('',*,*,#2821,.F.);
#3601=ORIENTED_EDGE('',*,*,#2823,.T.);
#3602=ORIENTED_EDGE('',*,*,#2824,.T.);
#3603=ORIENTED_EDGE('',*,*,#2825,.F.);
#3604=ORIENTED_EDGE('',*,*,#2824,.F.);
#3605=ORIENTED_EDGE('',*,*,#2826,.T.);
#3606=ORIENTED_EDGE('',*,*,#2827,.T.);
#3607=ORIENTED_EDGE('',*,*,#2828,.F.);
#3608=ORIENTED_EDGE('',*,*,#2827,.F.);
#3609=ORIENTED_EDGE('',*,*,#2829,.T.);
#3610=ORIENTED_EDGE('',*,*,#2830,.T.);
#3611=ORIENTED_EDGE('',*,*,#2831,.F.);
#3612=ORIENTED_EDGE('',*,*,#2830,.F.);
#3613=ORIENTED_EDGE('',*,*,#2832,.T.);
#3614=ORIENTED_EDGE('',*,*,#2833,.T.);
#3615=ORIENTED_EDGE('',*,*,#2834,.F.);
#3616=ORIENTED_EDGE('',*,*,#2833,.F.);
#3617=ORIENTED_EDGE('',*,*,#2835,.T.);
#3618=ORIENTED_EDGE('',*,*,#2801,.T.);
#3619=ORIENTED_EDGE('',*,*,#2817,.F.);
#3620=ORIENTED_EDGE('',*,*,#2814,.F.);
#3621=ORIENTED_EDGE('',*,*,#2811,.F.);
#3622=ORIENTED_EDGE('',*,*,#2808,.F.);
#3623=ORIENTED_EDGE('',*,*,#2805,.F.);
#3624=ORIENTED_EDGE('',*,*,#2802,.F.);
#3625=ORIENTED_EDGE('',*,*,#2835,.F.);
#3626=ORIENTED_EDGE('',*,*,#2832,.F.);
#3627=ORIENTED_EDGE('',*,*,#2829,.F.);
#3628=ORIENTED_EDGE('',*,*,#2826,.F.);
#3629=ORIENTED_EDGE('',*,*,#2823,.F.);
#3630=ORIENTED_EDGE('',*,*,#2820,.F.);
#3631=ORIENTED_EDGE('',*,*,#2836,.F.);
#3632=ORIENTED_EDGE('',*,*,#2837,.F.);
#3633=ORIENTED_EDGE('',*,*,#2838,.T.);
#3634=ORIENTED_EDGE('',*,*,#2839,.T.);
#3635=ORIENTED_EDGE('',*,*,#2840,.F.);
#3636=ORIENTED_EDGE('',*,*,#2839,.F.);
#3637=ORIENTED_EDGE('',*,*,#2841,.T.);
#3638=ORIENTED_EDGE('',*,*,#2842,.T.);
#3639=ORIENTED_EDGE('',*,*,#2843,.F.);
#3640=ORIENTED_EDGE('',*,*,#2842,.F.);
#3641=ORIENTED_EDGE('',*,*,#2844,.T.);
#3642=ORIENTED_EDGE('',*,*,#2845,.T.);
#3643=ORIENTED_EDGE('',*,*,#2846,.F.);
#3644=ORIENTED_EDGE('',*,*,#2845,.F.);
#3645=ORIENTED_EDGE('',*,*,#2847,.T.);
#3646=ORIENTED_EDGE('',*,*,#2837,.T.);
#3647=ORIENTED_EDGE('',*,*,#2841,.F.);
#3648=ORIENTED_EDGE('',*,*,#2838,.F.);
#3649=ORIENTED_EDGE('',*,*,#2847,.F.);
#3650=ORIENTED_EDGE('',*,*,#2844,.F.);
#3651=ORIENTED_EDGE('',*,*,#2848,.F.);
#3652=ORIENTED_EDGE('',*,*,#2849,.F.);
#3653=ORIENTED_EDGE('',*,*,#2850,.T.);
#3654=ORIENTED_EDGE('',*,*,#2851,.T.);
#3655=ORIENTED_EDGE('',*,*,#2852,.F.);
#3656=ORIENTED_EDGE('',*,*,#2851,.F.);
#3657=ORIENTED_EDGE('',*,*,#2853,.T.);
#3658=ORIENTED_EDGE('',*,*,#2854,.T.);
#3659=ORIENTED_EDGE('',*,*,#2855,.F.);
#3660=ORIENTED_EDGE('',*,*,#2854,.F.);
#3661=ORIENTED_EDGE('',*,*,#2856,.T.);
#3662=ORIENTED_EDGE('',*,*,#2857,.T.);
#3663=ORIENTED_EDGE('',*,*,#2858,.F.);
#3664=ORIENTED_EDGE('',*,*,#2857,.F.);
#3665=ORIENTED_EDGE('',*,*,#2859,.T.);
#3666=ORIENTED_EDGE('',*,*,#2860,.T.);
#3667=ORIENTED_EDGE('',*,*,#2861,.F.);
#3668=ORIENTED_EDGE('',*,*,#2860,.F.);
#3669=ORIENTED_EDGE('',*,*,#2862,.T.);
#3670=ORIENTED_EDGE('',*,*,#2863,.T.);
#3671=ORIENTED_EDGE('',*,*,#2864,.F.);
#3672=ORIENTED_EDGE('',*,*,#2863,.F.);
#3673=ORIENTED_EDGE('',*,*,#2865,.T.);
#3674=ORIENTED_EDGE('',*,*,#2866,.T.);
#3675=ORIENTED_EDGE('',*,*,#2867,.F.);
#3676=ORIENTED_EDGE('',*,*,#2866,.F.);
#3677=ORIENTED_EDGE('',*,*,#2868,.T.);
#3678=ORIENTED_EDGE('',*,*,#2869,.T.);
#3679=ORIENTED_EDGE('',*,*,#2870,.F.);
#3680=ORIENTED_EDGE('',*,*,#2869,.F.);
#3681=ORIENTED_EDGE('',*,*,#2871,.T.);
#3682=ORIENTED_EDGE('',*,*,#2872,.T.);
#3683=ORIENTED_EDGE('',*,*,#2873,.F.);
#3684=ORIENTED_EDGE('',*,*,#2872,.F.);
#3685=ORIENTED_EDGE('',*,*,#2874,.T.);
#3686=ORIENTED_EDGE('',*,*,#2875,.T.);
#3687=ORIENTED_EDGE('',*,*,#2876,.F.);
#3688=ORIENTED_EDGE('',*,*,#2875,.F.);
#3689=ORIENTED_EDGE('',*,*,#2877,.T.);
#3690=ORIENTED_EDGE('',*,*,#2878,.T.);
#3691=ORIENTED_EDGE('',*,*,#2879,.F.);
#3692=ORIENTED_EDGE('',*,*,#2878,.F.);
#3693=ORIENTED_EDGE('',*,*,#2880,.T.);
#3694=ORIENTED_EDGE('',*,*,#2881,.T.);
#3695=ORIENTED_EDGE('',*,*,#2882,.F.);
#3696=ORIENTED_EDGE('',*,*,#2881,.F.);
#3697=ORIENTED_EDGE('',*,*,#2883,.T.);
#3698=ORIENTED_EDGE('',*,*,#2849,.T.);
#3699=ORIENTED_EDGE('',*,*,#2865,.F.);
#3700=ORIENTED_EDGE('',*,*,#2862,.F.);
#3701=ORIENTED_EDGE('',*,*,#2859,.F.);
#3702=ORIENTED_EDGE('',*,*,#2856,.F.);
#3703=ORIENTED_EDGE('',*,*,#2853,.F.);
#3704=ORIENTED_EDGE('',*,*,#2850,.F.);
#3705=ORIENTED_EDGE('',*,*,#2883,.F.);
#3706=ORIENTED_EDGE('',*,*,#2880,.F.);
#3707=ORIENTED_EDGE('',*,*,#2877,.F.);
#3708=ORIENTED_EDGE('',*,*,#2874,.F.);
#3709=ORIENTED_EDGE('',*,*,#2871,.F.);
#3710=ORIENTED_EDGE('',*,*,#2868,.F.);
#3711=ORIENTED_EDGE('',*,*,#2884,.F.);
#3712=ORIENTED_EDGE('',*,*,#2885,.F.);
#3713=ORIENTED_EDGE('',*,*,#2886,.T.);
#3714=ORIENTED_EDGE('',*,*,#2887,.T.);
#3715=ORIENTED_EDGE('',*,*,#2888,.F.);
#3716=ORIENTED_EDGE('',*,*,#2887,.F.);
#3717=ORIENTED_EDGE('',*,*,#2889,.T.);
#3718=ORIENTED_EDGE('',*,*,#2890,.T.);
#3719=ORIENTED_EDGE('',*,*,#2891,.F.);
#3720=ORIENTED_EDGE('',*,*,#2890,.F.);
#3721=ORIENTED_EDGE('',*,*,#2892,.T.);
#3722=ORIENTED_EDGE('',*,*,#2893,.T.);
#3723=ORIENTED_EDGE('',*,*,#2894,.F.);
#3724=ORIENTED_EDGE('',*,*,#2893,.F.);
#3725=ORIENTED_EDGE('',*,*,#2895,.T.);
#3726=ORIENTED_EDGE('',*,*,#2896,.T.);
#3727=ORIENTED_EDGE('',*,*,#2897,.F.);
#3728=ORIENTED_EDGE('',*,*,#2896,.F.);
#3729=ORIENTED_EDGE('',*,*,#2898,.T.);
#3730=ORIENTED_EDGE('',*,*,#2899,.T.);
#3731=ORIENTED_EDGE('',*,*,#2900,.F.);
#3732=ORIENTED_EDGE('',*,*,#2899,.F.);
#3733=ORIENTED_EDGE('',*,*,#2901,.T.);
#3734=ORIENTED_EDGE('',*,*,#2902,.T.);
#3735=ORIENTED_EDGE('',*,*,#2903,.F.);
#3736=ORIENTED_EDGE('',*,*,#2902,.F.);
#3737=ORIENTED_EDGE('',*,*,#2904,.T.);
#3738=ORIENTED_EDGE('',*,*,#2905,.T.);
#3739=ORIENTED_EDGE('',*,*,#2906,.F.);
#3740=ORIENTED_EDGE('',*,*,#2905,.F.);
#3741=ORIENTED_EDGE('',*,*,#2907,.T.);
#3742=ORIENTED_EDGE('',*,*,#2908,.T.);
#3743=ORIENTED_EDGE('',*,*,#2909,.F.);
#3744=ORIENTED_EDGE('',*,*,#2908,.F.);
#3745=ORIENTED_EDGE('',*,*,#2910,.T.);
#3746=ORIENTED_EDGE('',*,*,#2911,.T.);
#3747=ORIENTED_EDGE('',*,*,#2912,.F.);
#3748=ORIENTED_EDGE('',*,*,#2911,.F.);
#3749=ORIENTED_EDGE('',*,*,#2913,.T.);
#3750=ORIENTED_EDGE('',*,*,#2914,.T.);
#3751=ORIENTED_EDGE('',*,*,#2915,.F.);
#3752=ORIENTED_EDGE('',*,*,#2914,.F.);
#3753=ORIENTED_EDGE('',*,*,#2916,.T.);
#3754=ORIENTED_EDGE('',*,*,#2917,.T.);
#3755=ORIENTED_EDGE('',*,*,#2918,.F.);
#3756=ORIENTED_EDGE('',*,*,#2917,.F.);
#3757=ORIENTED_EDGE('',*,*,#2919,.T.);
#3758=ORIENTED_EDGE('',*,*,#2885,.T.);
#3759=ORIENTED_EDGE('',*,*,#2901,.F.);
#3760=ORIENTED_EDGE('',*,*,#2898,.F.);
#3761=ORIENTED_EDGE('',*,*,#2895,.F.);
#3762=ORIENTED_EDGE('',*,*,#2892,.F.);
#3763=ORIENTED_EDGE('',*,*,#2889,.F.);
#3764=ORIENTED_EDGE('',*,*,#2886,.F.);
#3765=ORIENTED_EDGE('',*,*,#2919,.F.);
#3766=ORIENTED_EDGE('',*,*,#2916,.F.);
#3767=ORIENTED_EDGE('',*,*,#2913,.F.);
#3768=ORIENTED_EDGE('',*,*,#2910,.F.);
#3769=ORIENTED_EDGE('',*,*,#2907,.F.);
#3770=ORIENTED_EDGE('',*,*,#2904,.F.);
#3771=ORIENTED_EDGE('',*,*,#2920,.F.);
#3772=ORIENTED_EDGE('',*,*,#2921,.F.);
#3773=ORIENTED_EDGE('',*,*,#2922,.T.);
#3774=ORIENTED_EDGE('',*,*,#2923,.T.);
#3775=ORIENTED_EDGE('',*,*,#2924,.F.);
#3776=ORIENTED_EDGE('',*,*,#2923,.F.);
#3777=ORIENTED_EDGE('',*,*,#2925,.T.);
#3778=ORIENTED_EDGE('',*,*,#2926,.T.);
#3779=ORIENTED_EDGE('',*,*,#2927,.F.);
#3780=ORIENTED_EDGE('',*,*,#2926,.F.);
#3781=ORIENTED_EDGE('',*,*,#2928,.T.);
#3782=ORIENTED_EDGE('',*,*,#2929,.T.);
#3783=ORIENTED_EDGE('',*,*,#2930,.F.);
#3784=ORIENTED_EDGE('',*,*,#2929,.F.);
#3785=ORIENTED_EDGE('',*,*,#2931,.T.);
#3786=ORIENTED_EDGE('',*,*,#2932,.T.);
#3787=ORIENTED_EDGE('',*,*,#2933,.F.);
#3788=ORIENTED_EDGE('',*,*,#2932,.F.);
#3789=ORIENTED_EDGE('',*,*,#2934,.T.);
#3790=ORIENTED_EDGE('',*,*,#2935,.T.);
#3791=ORIENTED_EDGE('',*,*,#2936,.F.);
#3792=ORIENTED_EDGE('',*,*,#2935,.F.);
#3793=ORIENTED_EDGE('',*,*,#2937,.T.);
#3794=ORIENTED_EDGE('',*,*,#2938,.T.);
#3795=ORIENTED_EDGE('',*,*,#2939,.F.);
#3796=ORIENTED_EDGE('',*,*,#2938,.F.);
#3797=ORIENTED_EDGE('',*,*,#2940,.T.);
#3798=ORIENTED_EDGE('',*,*,#2941,.T.);
#3799=ORIENTED_EDGE('',*,*,#2942,.F.);
#3800=ORIENTED_EDGE('',*,*,#2941,.F.);
#3801=ORIENTED_EDGE('',*,*,#2943,.T.);
#3802=ORIENTED_EDGE('',*,*,#2944,.T.);
#3803=ORIENTED_EDGE('',*,*,#2945,.F.);
#3804=ORIENTED_EDGE('',*,*,#2944,.F.);
#3805=ORIENTED_EDGE('',*,*,#2946,.T.);
#3806=ORIENTED_EDGE('',*,*,#2947,.T.);
#3807=ORIENTED_EDGE('',*,*,#2948,.F.);
#3808=ORIENTED_EDGE('',*,*,#2947,.F.);
#3809=ORIENTED_EDGE('',*,*,#2949,.T.);
#3810=ORIENTED_EDGE('',*,*,#2950,.T.);
#3811=ORIENTED_EDGE('',*,*,#2951,.F.);
#3812=ORIENTED_EDGE('',*,*,#2950,.F.);
#3813=ORIENTED_EDGE('',*,*,#2952,.T.);
#3814=ORIENTED_EDGE('',*,*,#2953,.T.);
#3815=ORIENTED_EDGE('',*,*,#2954,.F.);
#3816=ORIENTED_EDGE('',*,*,#2953,.F.);
#3817=ORIENTED_EDGE('',*,*,#2955,.T.);
#3818=ORIENTED_EDGE('',*,*,#2921,.T.);
#3819=ORIENTED_EDGE('',*,*,#2937,.F.);
#3820=ORIENTED_EDGE('',*,*,#2934,.F.);
#3821=ORIENTED_EDGE('',*,*,#2931,.F.);
#3822=ORIENTED_EDGE('',*,*,#2928,.F.);
#3823=ORIENTED_EDGE('',*,*,#2925,.F.);
#3824=ORIENTED_EDGE('',*,*,#2922,.F.);
#3825=ORIENTED_EDGE('',*,*,#2955,.F.);
#3826=ORIENTED_EDGE('',*,*,#2952,.F.);
#3827=ORIENTED_EDGE('',*,*,#2949,.F.);
#3828=ORIENTED_EDGE('',*,*,#2946,.F.);
#3829=ORIENTED_EDGE('',*,*,#2943,.F.);
#3830=ORIENTED_EDGE('',*,*,#2940,.F.);
#3831=ORIENTED_EDGE('',*,*,#2956,.F.);
#3832=ORIENTED_EDGE('',*,*,#2957,.F.);
#3833=ORIENTED_EDGE('',*,*,#2958,.T.);
#3834=ORIENTED_EDGE('',*,*,#2959,.T.);
#3835=ORIENTED_EDGE('',*,*,#2960,.F.);
#3836=ORIENTED_EDGE('',*,*,#2959,.F.);
#3837=ORIENTED_EDGE('',*,*,#2961,.T.);
#3838=ORIENTED_EDGE('',*,*,#2962,.T.);
#3839=ORIENTED_EDGE('',*,*,#2963,.F.);
#3840=ORIENTED_EDGE('',*,*,#2962,.F.);
#3841=ORIENTED_EDGE('',*,*,#2964,.T.);
#3842=ORIENTED_EDGE('',*,*,#2965,.T.);
#3843=ORIENTED_EDGE('',*,*,#2966,.F.);
#3844=ORIENTED_EDGE('',*,*,#2965,.F.);
#3845=ORIENTED_EDGE('',*,*,#2967,.T.);
#3846=ORIENTED_EDGE('',*,*,#2957,.T.);
#3847=ORIENTED_EDGE('',*,*,#2961,.F.);
#3848=ORIENTED_EDGE('',*,*,#2958,.F.);
#3849=ORIENTED_EDGE('',*,*,#2967,.F.);
#3850=ORIENTED_EDGE('',*,*,#2964,.F.);
#3851=ORIENTED_EDGE('',*,*,#2968,.F.);
#3852=ORIENTED_EDGE('',*,*,#2969,.T.);
#3853=ORIENTED_EDGE('',*,*,#2970,.T.);
#3854=ORIENTED_EDGE('',*,*,#2971,.F.);
#3855=ORIENTED_EDGE('',*,*,#2972,.F.);
#3856=ORIENTED_EDGE('',*,*,#2973,.T.);
#3857=ORIENTED_EDGE('',*,*,#2974,.F.);
#3858=ORIENTED_EDGE('',*,*,#2975,.T.);
#3859=ORIENTED_EDGE('',*,*,#2976,.F.);
#3860=ORIENTED_EDGE('',*,*,#2977,.F.);
#3861=ORIENTED_EDGE('',*,*,#2973,.F.);
#3862=ORIENTED_EDGE('',*,*,#2978,.F.);
#3863=ORIENTED_EDGE('',*,*,#2979,.F.);
#3864=ORIENTED_EDGE('',*,*,#2975,.F.);
#3865=ORIENTED_EDGE('',*,*,#2980,.F.);
#3866=ORIENTED_EDGE('',*,*,#2981,.F.);
#3867=ORIENTED_EDGE('',*,*,#2982,.F.);
#3868=ORIENTED_EDGE('',*,*,#2983,.F.);
#3869=ORIENTED_EDGE('',*,*,#2984,.F.);
#3870=ORIENTED_EDGE('',*,*,#2985,.F.);
#3871=ORIENTED_EDGE('',*,*,#2969,.F.);
#3872=ORIENTED_EDGE('',*,*,#2986,.F.);
#3873=ORIENTED_EDGE('',*,*,#2970,.F.);
#3874=ORIENTED_EDGE('',*,*,#2985,.T.);
#3875=ORIENTED_EDGE('',*,*,#2981,.T.);
#3876=ORIENTED_EDGE('',*,*,#2968,.T.);
#3877=ORIENTED_EDGE('',*,*,#2977,.T.);
#3878=ORIENTED_EDGE('',*,*,#2987,.T.);
#3879=ORIENTED_EDGE('',*,*,#2988,.T.);
#3880=ORIENTED_EDGE('',*,*,#2989,.T.);
#3881=ORIENTED_EDGE('',*,*,#2990,.T.);
#3882=ORIENTED_EDGE('',*,*,#2991,.T.);
#3883=ORIENTED_EDGE('',*,*,#2992,.T.);
#3884=ORIENTED_EDGE('',*,*,#2993,.T.);
#3885=ORIENTED_EDGE('',*,*,#2994,.T.);
#3886=ORIENTED_EDGE('',*,*,#2995,.T.);
#3887=ORIENTED_EDGE('',*,*,#2996,.T.);
#3888=ORIENTED_EDGE('',*,*,#2997,.T.);
#3889=ORIENTED_EDGE('',*,*,#2998,.T.);
#3890=ORIENTED_EDGE('',*,*,#2999,.T.);
#3891=ORIENTED_EDGE('',*,*,#3000,.T.);
#3892=ORIENTED_EDGE('',*,*,#3001,.T.);
#3893=ORIENTED_EDGE('',*,*,#3002,.T.);
#3894=ORIENTED_EDGE('',*,*,#3003,.T.);
#3895=ORIENTED_EDGE('',*,*,#3004,.T.);
#3896=ORIENTED_EDGE('',*,*,#3005,.T.);
#3897=ORIENTED_EDGE('',*,*,#3006,.T.);
#3898=ORIENTED_EDGE('',*,*,#3007,.T.);
#3899=ORIENTED_EDGE('',*,*,#3008,.T.);
#3900=ORIENTED_EDGE('',*,*,#3009,.T.);
#3901=ORIENTED_EDGE('',*,*,#3010,.T.);
#3902=ORIENTED_EDGE('',*,*,#3011,.T.);
#3903=ORIENTED_EDGE('',*,*,#3012,.T.);
#3904=ORIENTED_EDGE('',*,*,#3013,.T.);
#3905=ORIENTED_EDGE('',*,*,#3014,.T.);
#3906=ORIENTED_EDGE('',*,*,#3015,.T.);
#3907=ORIENTED_EDGE('',*,*,#3016,.T.);
#3908=ORIENTED_EDGE('',*,*,#3017,.T.);
#3909=ORIENTED_EDGE('',*,*,#3018,.T.);
#3910=ORIENTED_EDGE('',*,*,#3019,.T.);
#3911=ORIENTED_EDGE('',*,*,#3020,.T.);
#3912=ORIENTED_EDGE('',*,*,#3021,.T.);
#3913=ORIENTED_EDGE('',*,*,#3022,.T.);
#3914=ORIENTED_EDGE('',*,*,#3023,.T.);
#3915=ORIENTED_EDGE('',*,*,#3024,.T.);
#3916=ORIENTED_EDGE('',*,*,#3025,.T.);
#3917=ORIENTED_EDGE('',*,*,#3026,.T.);
#3918=ORIENTED_EDGE('',*,*,#3027,.T.);
#3919=ORIENTED_EDGE('',*,*,#3028,.T.);
#3920=ORIENTED_EDGE('',*,*,#3029,.T.);
#3921=ORIENTED_EDGE('',*,*,#3030,.T.);
#3922=ORIENTED_EDGE('',*,*,#3031,.T.);
#3923=ORIENTED_EDGE('',*,*,#3032,.T.);
#3924=ORIENTED_EDGE('',*,*,#3033,.T.);
#3925=ORIENTED_EDGE('',*,*,#3034,.T.);
#3926=ORIENTED_EDGE('',*,*,#3035,.T.);
#3927=ORIENTED_EDGE('',*,*,#2980,.T.);
#3928=ORIENTED_EDGE('',*,*,#2974,.T.);
#3929=ORIENTED_EDGE('',*,*,#3036,.T.);
#3930=ORIENTED_EDGE('',*,*,#3037,.F.);
#3931=ORIENTED_EDGE('',*,*,#3038,.T.);
#3932=ORIENTED_EDGE('',*,*,#2987,.F.);
#3933=ORIENTED_EDGE('',*,*,#2982,.T.);
#3934=ORIENTED_EDGE('',*,*,#3011,.F.);
#3935=ORIENTED_EDGE('',*,*,#3039,.T.);
#3936=ORIENTED_EDGE('',*,*,#3040,.T.);
#3937=ORIENTED_EDGE('',*,*,#3041,.T.);
#3938=ORIENTED_EDGE('',*,*,#3042,.F.);
#3939=ORIENTED_EDGE('',*,*,#3043,.T.);
#3940=ORIENTED_EDGE('',*,*,#3044,.T.);
#3941=ORIENTED_EDGE('',*,*,#2972,.T.);
#3942=ORIENTED_EDGE('',*,*,#3045,.T.);
#3943=ORIENTED_EDGE('',*,*,#3046,.F.);
#3944=ORIENTED_EDGE('',*,*,#3047,.T.);
#3945=ORIENTED_EDGE('',*,*,#2978,.T.);
#3946=ORIENTED_EDGE('',*,*,#2976,.T.);
#3947=ORIENTED_EDGE('',*,*,#2979,.T.);
#3948=ORIENTED_EDGE('',*,*,#3047,.F.);
#3949=ORIENTED_EDGE('',*,*,#3048,.F.);
#3950=ORIENTED_EDGE('',*,*,#3049,.F.);
#3951=ORIENTED_EDGE('',*,*,#3036,.F.);
#3952=ORIENTED_EDGE('',*,*,#3009,.F.);
#3953=ORIENTED_EDGE('',*,*,#3050,.T.);
#3954=ORIENTED_EDGE('',*,*,#3051,.T.);
#3955=ORIENTED_EDGE('',*,*,#3052,.F.);
#3956=ORIENTED_EDGE('',*,*,#3053,.F.);
#3957=ORIENTED_EDGE('',*,*,#3054,.T.);
#3958=ORIENTED_EDGE('',*,*,#3040,.F.);
#3959=ORIENTED_EDGE('',*,*,#3055,.T.);
#3960=ORIENTED_EDGE('',*,*,#3056,.F.);
#3961=ORIENTED_EDGE('',*,*,#3010,.F.);
#3962=ORIENTED_EDGE('',*,*,#3054,.F.);
#3963=ORIENTED_EDGE('',*,*,#3057,.F.);
#3964=ORIENTED_EDGE('',*,*,#3058,.F.);
#3965=ORIENTED_EDGE('',*,*,#3055,.F.);
#3966=ORIENTED_EDGE('',*,*,#3039,.F.);
#3967=ORIENTED_EDGE('',*,*,#3008,.F.);
#3968=ORIENTED_EDGE('',*,*,#3059,.F.);
#3969=ORIENTED_EDGE('',*,*,#3060,.F.);
#3970=ORIENTED_EDGE('',*,*,#3061,.F.);
#3971=ORIENTED_EDGE('',*,*,#3062,.F.);
#3972=ORIENTED_EDGE('',*,*,#3050,.F.);
#3973=ORIENTED_EDGE('',*,*,#3063,.F.);
#3974=ORIENTED_EDGE('',*,*,#3051,.F.);
#3975=ORIENTED_EDGE('',*,*,#3062,.T.);
#3976=ORIENTED_EDGE('',*,*,#3059,.T.);
#3977=ORIENTED_EDGE('',*,*,#3007,.F.);
#3978=ORIENTED_EDGE('',*,*,#3064,.T.);
#3979=ORIENTED_EDGE('',*,*,#3065,.T.);
#3980=ORIENTED_EDGE('',*,*,#3066,.T.);
#3981=ORIENTED_EDGE('',*,*,#3067,.F.);
#3982=ORIENTED_EDGE('',*,*,#3068,.T.);
#3983=ORIENTED_EDGE('',*,*,#3069,.T.);
#3984=ORIENTED_EDGE('',*,*,#3053,.T.);
#3985=ORIENTED_EDGE('',*,*,#3070,.T.);
#3986=ORIENTED_EDGE('',*,*,#3071,.F.);
#3987=ORIENTED_EDGE('',*,*,#3072,.T.);
#3988=ORIENTED_EDGE('',*,*,#3057,.T.);
#3989=ORIENTED_EDGE('',*,*,#3056,.T.);
#3990=ORIENTED_EDGE('',*,*,#3058,.T.);
#3991=ORIENTED_EDGE('',*,*,#3072,.F.);
#3992=ORIENTED_EDGE('',*,*,#3073,.F.);
#3993=ORIENTED_EDGE('',*,*,#3074,.F.);
#3994=ORIENTED_EDGE('',*,*,#3041,.F.);
#3995=ORIENTED_EDGE('',*,*,#3005,.F.);
#3996=ORIENTED_EDGE('',*,*,#3075,.T.);
#3997=ORIENTED_EDGE('',*,*,#3076,.T.);
#3998=ORIENTED_EDGE('',*,*,#3077,.F.);
#3999=ORIENTED_EDGE('',*,*,#3078,.F.);
#4000=ORIENTED_EDGE('',*,*,#3079,.T.);
#4001=ORIENTED_EDGE('',*,*,#3065,.F.);
#4002=ORIENTED_EDGE('',*,*,#3080,.T.);
#4003=ORIENTED_EDGE('',*,*,#3081,.F.);
#4004=ORIENTED_EDGE('',*,*,#3006,.F.);
#4005=ORIENTED_EDGE('',*,*,#3079,.F.);
#4006=ORIENTED_EDGE('',*,*,#3082,.F.);
#4007=ORIENTED_EDGE('',*,*,#3083,.F.);
#4008=ORIENTED_EDGE('',*,*,#3080,.F.);
#4009=ORIENTED_EDGE('',*,*,#3064,.F.);
#4010=ORIENTED_EDGE('',*,*,#3004,.F.);
#4011=ORIENTED_EDGE('',*,*,#3084,.F.);
#4012=ORIENTED_EDGE('',*,*,#3085,.F.);
#4013=ORIENTED_EDGE('',*,*,#3086,.F.);
#4014=ORIENTED_EDGE('',*,*,#3087,.F.);
#4015=ORIENTED_EDGE('',*,*,#3075,.F.);
#4016=ORIENTED_EDGE('',*,*,#3088,.F.);
#4017=ORIENTED_EDGE('',*,*,#3076,.F.);
#4018=ORIENTED_EDGE('',*,*,#3087,.T.);
#4019=ORIENTED_EDGE('',*,*,#3084,.T.);
#4020=ORIENTED_EDGE('',*,*,#3003,.F.);
#4021=ORIENTED_EDGE('',*,*,#3089,.T.);
#4022=ORIENTED_EDGE('',*,*,#3090,.T.);
#4023=ORIENTED_EDGE('',*,*,#3091,.T.);
#4024=ORIENTED_EDGE('',*,*,#3092,.F.);
#4025=ORIENTED_EDGE('',*,*,#3093,.T.);
#4026=ORIENTED_EDGE('',*,*,#3094,.T.);
#4027=ORIENTED_EDGE('',*,*,#3078,.T.);
#4028=ORIENTED_EDGE('',*,*,#3095,.T.);
#4029=ORIENTED_EDGE('',*,*,#3096,.F.);
#4030=ORIENTED_EDGE('',*,*,#3097,.T.);
#4031=ORIENTED_EDGE('',*,*,#3082,.T.);
#4032=ORIENTED_EDGE('',*,*,#3081,.T.);
#4033=ORIENTED_EDGE('',*,*,#3083,.T.);
#4034=ORIENTED_EDGE('',*,*,#3097,.F.);
#4035=ORIENTED_EDGE('',*,*,#3098,.F.);
#4036=ORIENTED_EDGE('',*,*,#3099,.F.);
#4037=ORIENTED_EDGE('',*,*,#3066,.F.);
#4038=ORIENTED_EDGE('',*,*,#3001,.F.);
#4039=ORIENTED_EDGE('',*,*,#3100,.T.);
#4040=ORIENTED_EDGE('',*,*,#3101,.T.);
#4041=ORIENTED_EDGE('',*,*,#3102,.F.);
#4042=ORIENTED_EDGE('',*,*,#3103,.F.);
#4043=ORIENTED_EDGE('',*,*,#3104,.T.);
#4044=ORIENTED_EDGE('',*,*,#3090,.F.);
#4045=ORIENTED_EDGE('',*,*,#3105,.T.);
#4046=ORIENTED_EDGE('',*,*,#3106,.F.);
#4047=ORIENTED_EDGE('',*,*,#3002,.F.);
#4048=ORIENTED_EDGE('',*,*,#3104,.F.);
#4049=ORIENTED_EDGE('',*,*,#3107,.F.);
#4050=ORIENTED_EDGE('',*,*,#3108,.F.);
#4051=ORIENTED_EDGE('',*,*,#3105,.F.);
#4052=ORIENTED_EDGE('',*,*,#3089,.F.);
#4053=ORIENTED_EDGE('',*,*,#3000,.F.);
#4054=ORIENTED_EDGE('',*,*,#3109,.F.);
#4055=ORIENTED_EDGE('',*,*,#3110,.F.);
#4056=ORIENTED_EDGE('',*,*,#3111,.F.);
#4057=ORIENTED_EDGE('',*,*,#3112,.F.);
#4058=ORIENTED_EDGE('',*,*,#3100,.F.);
#4059=ORIENTED_EDGE('',*,*,#3113,.F.);
#4060=ORIENTED_EDGE('',*,*,#3101,.F.);
#4061=ORIENTED_EDGE('',*,*,#3112,.T.);
#4062=ORIENTED_EDGE('',*,*,#3109,.T.);
#4063=ORIENTED_EDGE('',*,*,#2999,.F.);
#4064=ORIENTED_EDGE('',*,*,#3114,.T.);
#4065=ORIENTED_EDGE('',*,*,#3115,.F.);
#4066=ORIENTED_EDGE('',*,*,#3116,.T.);
#4067=ORIENTED_EDGE('',*,*,#3117,.T.);
#4068=ORIENTED_EDGE('',*,*,#3103,.T.);
#4069=ORIENTED_EDGE('',*,*,#3118,.T.);
#4070=ORIENTED_EDGE('',*,*,#3119,.F.);
#4071=ORIENTED_EDGE('',*,*,#3120,.T.);
#4072=ORIENTED_EDGE('',*,*,#3107,.T.);
#4073=ORIENTED_EDGE('',*,*,#3106,.T.);
#4074=ORIENTED_EDGE('',*,*,#3108,.T.);
#4075=ORIENTED_EDGE('',*,*,#3120,.F.);
#4076=ORIENTED_EDGE('',*,*,#3121,.F.);
#4077=ORIENTED_EDGE('',*,*,#3122,.F.);
#4078=ORIENTED_EDGE('',*,*,#3091,.F.);
#4079=ORIENTED_EDGE('',*,*,#3123,.F.);
#4080=ORIENTED_EDGE('',*,*,#3124,.F.);
#4081=ORIENTED_EDGE('',*,*,#2996,.F.);
#4082=ORIENTED_EDGE('',*,*,#3125,.F.);
#4083=ORIENTED_EDGE('',*,*,#3126,.F.);
#4084=ORIENTED_EDGE('',*,*,#3127,.F.);
#4085=ORIENTED_EDGE('',*,*,#2998,.F.);
#4086=ORIENTED_EDGE('',*,*,#3128,.F.);
#4087=ORIENTED_EDGE('',*,*,#3129,.F.);
#4088=ORIENTED_EDGE('',*,*,#3130,.F.);
#4089=ORIENTED_EDGE('',*,*,#3131,.F.);
#4090=ORIENTED_EDGE('',*,*,#3114,.F.);
#4091=ORIENTED_EDGE('',*,*,#3132,.F.);
#4092=ORIENTED_EDGE('',*,*,#3133,.F.);
#4093=ORIENTED_EDGE('',*,*,#3134,.F.);
#4094=ORIENTED_EDGE('',*,*,#3128,.T.);
#4095=ORIENTED_EDGE('',*,*,#2997,.F.);
#4096=ORIENTED_EDGE('',*,*,#3124,.T.);
#4097=ORIENTED_EDGE('',*,*,#3133,.T.);
#4098=ORIENTED_EDGE('',*,*,#3135,.F.);
#4099=ORIENTED_EDGE('',*,*,#3136,.F.);
#4100=ORIENTED_EDGE('',*,*,#3137,.F.);
#4101=ORIENTED_EDGE('',*,*,#3134,.T.);
#4102=ORIENTED_EDGE('',*,*,#3137,.T.);
#4103=ORIENTED_EDGE('',*,*,#3138,.F.);
#4104=ORIENTED_EDGE('',*,*,#3139,.T.);
#4105=ORIENTED_EDGE('',*,*,#3129,.T.);
#4106=ORIENTED_EDGE('',*,*,#3126,.T.);
#4107=ORIENTED_EDGE('',*,*,#3140,.F.);
#4108=ORIENTED_EDGE('',*,*,#3141,.T.);
#4109=ORIENTED_EDGE('',*,*,#3125,.T.);
#4110=ORIENTED_EDGE('',*,*,#2995,.F.);
#4111=ORIENTED_EDGE('',*,*,#3142,.T.);
#4112=ORIENTED_EDGE('',*,*,#3143,.F.);
#4113=ORIENTED_EDGE('',*,*,#3144,.T.);
#4114=ORIENTED_EDGE('',*,*,#3140,.T.);
#4115=ORIENTED_EDGE('',*,*,#3131,.T.);
#4116=ORIENTED_EDGE('',*,*,#3145,.T.);
#4117=ORIENTED_EDGE('',*,*,#3146,.T.);
#4118=ORIENTED_EDGE('',*,*,#3147,.T.);
#4119=ORIENTED_EDGE('',*,*,#3115,.T.);
#4120=ORIENTED_EDGE('',*,*,#2994,.F.);
#4121=ORIENTED_EDGE('',*,*,#3148,.F.);
#4122=ORIENTED_EDGE('',*,*,#3149,.F.);
#4123=ORIENTED_EDGE('',*,*,#3150,.F.);
#4124=ORIENTED_EDGE('',*,*,#3151,.F.);
#4125=ORIENTED_EDGE('',*,*,#3142,.F.);
#4126=ORIENTED_EDGE('',*,*,#2993,.F.);
#4127=ORIENTED_EDGE('',*,*,#3152,.T.);
#4128=ORIENTED_EDGE('',*,*,#3153,.F.);
#4129=ORIENTED_EDGE('',*,*,#3154,.F.);
#4130=ORIENTED_EDGE('',*,*,#3155,.F.);
#4131=ORIENTED_EDGE('',*,*,#3148,.T.);
#4132=ORIENTED_EDGE('',*,*,#2992,.F.);
#4133=ORIENTED_EDGE('',*,*,#3156,.F.);
#4134=ORIENTED_EDGE('',*,*,#3157,.F.);
#4135=ORIENTED_EDGE('',*,*,#3158,.F.);
#4136=ORIENTED_EDGE('',*,*,#3159,.F.);
#4137=ORIENTED_EDGE('',*,*,#3152,.F.);
#4138=ORIENTED_EDGE('',*,*,#3123,.T.);
#4139=ORIENTED_EDGE('',*,*,#3160,.T.);
#4140=ORIENTED_EDGE('',*,*,#3143,.T.);
#4141=ORIENTED_EDGE('',*,*,#3151,.T.);
#4142=ORIENTED_EDGE('',*,*,#3161,.T.);
#4143=ORIENTED_EDGE('',*,*,#3162,.T.);
#4144=ORIENTED_EDGE('',*,*,#3135,.T.);
#4145=ORIENTED_EDGE('',*,*,#3132,.T.);
#4146=ORIENTED_EDGE('',*,*,#3150,.T.);
#4147=ORIENTED_EDGE('',*,*,#3163,.F.);
#4148=ORIENTED_EDGE('',*,*,#3164,.F.);
#4149=ORIENTED_EDGE('',*,*,#3161,.F.);
#4150=ORIENTED_EDGE('',*,*,#3149,.T.);
#4151=ORIENTED_EDGE('',*,*,#3155,.T.);
#4152=ORIENTED_EDGE('',*,*,#3165,.T.);
#4153=ORIENTED_EDGE('',*,*,#3166,.F.);
#4154=ORIENTED_EDGE('',*,*,#3163,.T.);
#4155=ORIENTED_EDGE('',*,*,#3154,.T.);
#4156=ORIENTED_EDGE('',*,*,#3167,.F.);
#4157=ORIENTED_EDGE('',*,*,#3168,.F.);
#4158=ORIENTED_EDGE('',*,*,#3165,.F.);
#4159=ORIENTED_EDGE('',*,*,#3158,.T.);
#4160=ORIENTED_EDGE('',*,*,#3169,.F.);
#4161=ORIENTED_EDGE('',*,*,#3170,.F.);
#4162=ORIENTED_EDGE('',*,*,#3171,.F.);
#4163=ORIENTED_EDGE('',*,*,#3157,.T.);
#4164=ORIENTED_EDGE('',*,*,#3172,.F.);
#4165=ORIENTED_EDGE('',*,*,#3169,.T.);
#4166=ORIENTED_EDGE('',*,*,#3156,.T.);
#4167=ORIENTED_EDGE('',*,*,#2991,.F.);
#4168=ORIENTED_EDGE('',*,*,#3173,.F.);
#4169=ORIENTED_EDGE('',*,*,#3174,.F.);
#4170=ORIENTED_EDGE('',*,*,#3170,.T.);
#4171=ORIENTED_EDGE('',*,*,#3172,.T.);
#4172=ORIENTED_EDGE('',*,*,#3175,.T.);
#4173=ORIENTED_EDGE('',*,*,#3159,.T.);
#4174=ORIENTED_EDGE('',*,*,#3171,.T.);
#4175=ORIENTED_EDGE('',*,*,#3174,.T.);
#4176=ORIENTED_EDGE('',*,*,#3176,.T.);
#4177=ORIENTED_EDGE('',*,*,#3177,.T.);
#4178=ORIENTED_EDGE('',*,*,#3167,.T.);
#4179=ORIENTED_EDGE('',*,*,#3153,.T.);
#4180=ORIENTED_EDGE('',*,*,#2773,.T.);
#4181=ORIENTED_EDGE('',*,*,#2819,.T.);
#4182=ORIENTED_EDGE('',*,*,#2822,.T.);
#4183=ORIENTED_EDGE('',*,*,#2825,.T.);
#4184=ORIENTED_EDGE('',*,*,#2828,.T.);
#4185=ORIENTED_EDGE('',*,*,#2831,.T.);
#4186=ORIENTED_EDGE('',*,*,#2834,.T.);
#4187=ORIENTED_EDGE('',*,*,#2800,.T.);
#4188=ORIENTED_EDGE('',*,*,#2804,.T.);
#4189=ORIENTED_EDGE('',*,*,#2807,.T.);
#4190=ORIENTED_EDGE('',*,*,#2810,.T.);
#4191=ORIENTED_EDGE('',*,*,#2813,.T.);
#4192=ORIENTED_EDGE('',*,*,#2816,.T.);
#4193=ORIENTED_EDGE('',*,*,#3178,.T.);
#4194=ORIENTED_EDGE('',*,*,#3179,.T.);
#4195=ORIENTED_EDGE('',*,*,#3180,.T.);
#4196=ORIENTED_EDGE('',*,*,#3181,.T.);
#4197=ORIENTED_EDGE('',*,*,#3182,.T.);
#4198=ORIENTED_EDGE('',*,*,#3183,.T.);
#4199=ORIENTED_EDGE('',*,*,#3184,.T.);
#4200=ORIENTED_EDGE('',*,*,#3185,.T.);
#4201=ORIENTED_EDGE('',*,*,#3186,.T.);
#4202=ORIENTED_EDGE('',*,*,#3187,.T.);
#4203=ORIENTED_EDGE('',*,*,#3188,.T.);
#4204=ORIENTED_EDGE('',*,*,#3189,.T.);
#4205=ORIENTED_EDGE('',*,*,#2963,.T.);
#4206=ORIENTED_EDGE('',*,*,#2966,.T.);
#4207=ORIENTED_EDGE('',*,*,#2956,.T.);
#4208=ORIENTED_EDGE('',*,*,#2960,.T.);
#4209=ORIENTED_EDGE('',*,*,#2939,.T.);
#4210=ORIENTED_EDGE('',*,*,#2942,.T.);
#4211=ORIENTED_EDGE('',*,*,#2945,.T.);
#4212=ORIENTED_EDGE('',*,*,#2948,.T.);
#4213=ORIENTED_EDGE('',*,*,#2951,.T.);
#4214=ORIENTED_EDGE('',*,*,#2954,.T.);
#4215=ORIENTED_EDGE('',*,*,#2920,.T.);
#4216=ORIENTED_EDGE('',*,*,#2924,.T.);
#4217=ORIENTED_EDGE('',*,*,#2927,.T.);
#4218=ORIENTED_EDGE('',*,*,#2930,.T.);
#4219=ORIENTED_EDGE('',*,*,#2933,.T.);
#4220=ORIENTED_EDGE('',*,*,#2936,.T.);
#4221=ORIENTED_EDGE('',*,*,#2903,.T.);
#4222=ORIENTED_EDGE('',*,*,#2906,.T.);
#4223=ORIENTED_EDGE('',*,*,#2909,.T.);
#4224=ORIENTED_EDGE('',*,*,#2912,.T.);
#4225=ORIENTED_EDGE('',*,*,#2915,.T.);
#4226=ORIENTED_EDGE('',*,*,#2918,.T.);
#4227=ORIENTED_EDGE('',*,*,#2884,.T.);
#4228=ORIENTED_EDGE('',*,*,#2888,.T.);
#4229=ORIENTED_EDGE('',*,*,#2891,.T.);
#4230=ORIENTED_EDGE('',*,*,#2894,.T.);
#4231=ORIENTED_EDGE('',*,*,#2897,.T.);
#4232=ORIENTED_EDGE('',*,*,#2900,.T.);
#4233=ORIENTED_EDGE('',*,*,#2867,.T.);
#4234=ORIENTED_EDGE('',*,*,#2870,.T.);
#4235=ORIENTED_EDGE('',*,*,#2873,.T.);
#4236=ORIENTED_EDGE('',*,*,#2876,.T.);
#4237=ORIENTED_EDGE('',*,*,#2879,.T.);
#4238=ORIENTED_EDGE('',*,*,#2882,.T.);
#4239=ORIENTED_EDGE('',*,*,#2848,.T.);
#4240=ORIENTED_EDGE('',*,*,#2852,.T.);
#4241=ORIENTED_EDGE('',*,*,#2855,.T.);
#4242=ORIENTED_EDGE('',*,*,#2858,.T.);
#4243=ORIENTED_EDGE('',*,*,#2861,.T.);
#4244=ORIENTED_EDGE('',*,*,#2864,.T.);
#4245=ORIENTED_EDGE('',*,*,#2843,.T.);
#4246=ORIENTED_EDGE('',*,*,#2846,.T.);
#4247=ORIENTED_EDGE('',*,*,#2836,.T.);
#4248=ORIENTED_EDGE('',*,*,#2840,.T.);
#4249=ORIENTED_EDGE('',*,*,#2795,.T.);
#4250=ORIENTED_EDGE('',*,*,#2798,.T.);
#4251=ORIENTED_EDGE('',*,*,#2784,.T.);
#4252=ORIENTED_EDGE('',*,*,#2788,.T.);
#4253=ORIENTED_EDGE('',*,*,#2753,.T.);
#4254=ORIENTED_EDGE('',*,*,#2756,.T.);
#4255=ORIENTED_EDGE('',*,*,#2759,.T.);
#4256=ORIENTED_EDGE('',*,*,#2762,.T.);
#4257=ORIENTED_EDGE('',*,*,#2765,.T.);
#4258=ORIENTED_EDGE('',*,*,#2768,.T.);
#4259=ORIENTED_EDGE('',*,*,#2734,.T.);
#4260=ORIENTED_EDGE('',*,*,#2738,.T.);
#4261=ORIENTED_EDGE('',*,*,#2741,.T.);
#4262=ORIENTED_EDGE('',*,*,#2744,.T.);
#4263=ORIENTED_EDGE('',*,*,#2747,.T.);
#4264=ORIENTED_EDGE('',*,*,#2750,.T.);
#4265=ORIENTED_EDGE('',*,*,#3127,.T.);
#4266=ORIENTED_EDGE('',*,*,#3141,.F.);
#4267=ORIENTED_EDGE('',*,*,#3144,.F.);
#4268=ORIENTED_EDGE('',*,*,#3160,.F.);
#4269=ORIENTED_EDGE('',*,*,#3130,.T.);
#4270=ORIENTED_EDGE('',*,*,#3139,.F.);
#4271=ORIENTED_EDGE('',*,*,#3190,.F.);
#4272=ORIENTED_EDGE('',*,*,#3145,.F.);
#4273=ORIENTED_EDGE('',*,*,#3111,.T.);
#4274=ORIENTED_EDGE('',*,*,#3191,.F.);
#4275=ORIENTED_EDGE('',*,*,#3116,.F.);
#4276=ORIENTED_EDGE('',*,*,#3147,.F.);
#4277=ORIENTED_EDGE('',*,*,#3192,.F.);
#4278=ORIENTED_EDGE('',*,*,#3118,.F.);
#4279=ORIENTED_EDGE('',*,*,#3102,.T.);
#4280=ORIENTED_EDGE('',*,*,#3113,.T.);
#4281=ORIENTED_EDGE('',*,*,#3110,.T.);
#4282=ORIENTED_EDGE('',*,*,#3117,.F.);
#4283=ORIENTED_EDGE('',*,*,#3191,.T.);
#4284=ORIENTED_EDGE('',*,*,#3122,.T.);
#4285=ORIENTED_EDGE('',*,*,#3193,.T.);
#4286=ORIENTED_EDGE('',*,*,#3194,.T.);
#4287=ORIENTED_EDGE('',*,*,#3092,.T.);
#4288=ORIENTED_EDGE('',*,*,#3086,.T.);
#4289=ORIENTED_EDGE('',*,*,#3195,.F.);
#4290=ORIENTED_EDGE('',*,*,#3093,.F.);
#4291=ORIENTED_EDGE('',*,*,#3194,.F.);
#4292=ORIENTED_EDGE('',*,*,#3196,.F.);
#4293=ORIENTED_EDGE('',*,*,#3095,.F.);
#4294=ORIENTED_EDGE('',*,*,#3077,.T.);
#4295=ORIENTED_EDGE('',*,*,#3088,.T.);
#4296=ORIENTED_EDGE('',*,*,#3085,.T.);
#4297=ORIENTED_EDGE('',*,*,#3094,.F.);
#4298=ORIENTED_EDGE('',*,*,#3195,.T.);
#4299=ORIENTED_EDGE('',*,*,#3099,.T.);
#4300=ORIENTED_EDGE('',*,*,#3197,.T.);
#4301=ORIENTED_EDGE('',*,*,#3198,.T.);
#4302=ORIENTED_EDGE('',*,*,#3067,.T.);
#4303=ORIENTED_EDGE('',*,*,#3061,.T.);
#4304=ORIENTED_EDGE('',*,*,#3199,.F.);
#4305=ORIENTED_EDGE('',*,*,#3068,.F.);
#4306=ORIENTED_EDGE('',*,*,#3198,.F.);
#4307=ORIENTED_EDGE('',*,*,#3200,.F.);
#4308=ORIENTED_EDGE('',*,*,#3070,.F.);
#4309=ORIENTED_EDGE('',*,*,#3052,.T.);
#4310=ORIENTED_EDGE('',*,*,#3063,.T.);
#4311=ORIENTED_EDGE('',*,*,#3060,.T.);
#4312=ORIENTED_EDGE('',*,*,#3069,.F.);
#4313=ORIENTED_EDGE('',*,*,#3199,.T.);
#4314=ORIENTED_EDGE('',*,*,#3074,.T.);
#4315=ORIENTED_EDGE('',*,*,#3201,.T.);
#4316=ORIENTED_EDGE('',*,*,#3202,.T.);
#4317=ORIENTED_EDGE('',*,*,#3042,.T.);
#4318=ORIENTED_EDGE('',*,*,#2984,.T.);
#4319=ORIENTED_EDGE('',*,*,#3203,.F.);
#4320=ORIENTED_EDGE('',*,*,#3043,.F.);
#4321=ORIENTED_EDGE('',*,*,#3202,.F.);
#4322=ORIENTED_EDGE('',*,*,#3204,.F.);
#4323=ORIENTED_EDGE('',*,*,#3045,.F.);
#4324=ORIENTED_EDGE('',*,*,#2971,.T.);
#4325=ORIENTED_EDGE('',*,*,#2986,.T.);
#4326=ORIENTED_EDGE('',*,*,#2983,.T.);
#4327=ORIENTED_EDGE('',*,*,#3044,.F.);
#4328=ORIENTED_EDGE('',*,*,#3203,.T.);
#4329=ORIENTED_EDGE('',*,*,#3049,.T.);
#4330=ORIENTED_EDGE('',*,*,#3205,.T.);
#4331=ORIENTED_EDGE('',*,*,#3206,.T.);
#4332=ORIENTED_EDGE('',*,*,#3037,.T.);
#4333=ORIENTED_EDGE('',*,*,#3207,.F.);
#4334=ORIENTED_EDGE('',*,*,#3208,.F.);
#4335=ORIENTED_EDGE('',*,*,#3188,.F.);
#4336=ORIENTED_EDGE('',*,*,#3209,.F.);
#4337=ORIENTED_EDGE('',*,*,#3210,.F.);
#4338=ORIENTED_EDGE('',*,*,#3209,.T.);
#4339=ORIENTED_EDGE('',*,*,#3187,.F.);
#4340=ORIENTED_EDGE('',*,*,#3211,.T.);
#4341=ORIENTED_EDGE('',*,*,#3212,.F.);
#4342=ORIENTED_EDGE('',*,*,#3211,.F.);
#4343=ORIENTED_EDGE('',*,*,#3186,.F.);
#4344=ORIENTED_EDGE('',*,*,#3213,.F.);
#4345=ORIENTED_EDGE('',*,*,#3214,.F.);
#4346=ORIENTED_EDGE('',*,*,#3213,.T.);
#4347=ORIENTED_EDGE('',*,*,#3189,.F.);
#4348=ORIENTED_EDGE('',*,*,#3208,.T.);
#4349=ORIENTED_EDGE('',*,*,#3215,.F.);
#4350=ORIENTED_EDGE('',*,*,#3216,.T.);
#4351=ORIENTED_EDGE('',*,*,#3217,.F.);
#4352=ORIENTED_EDGE('',*,*,#3216,.F.);
#4353=ORIENTED_EDGE('',*,*,#3217,.T.);
#4354=ORIENTED_EDGE('',*,*,#3218,.F.);
#4355=ORIENTED_EDGE('',*,*,#3219,.T.);
#4356=ORIENTED_EDGE('',*,*,#3220,.F.);
#4357=ORIENTED_EDGE('',*,*,#3219,.F.);
#4358=ORIENTED_EDGE('',*,*,#3220,.T.);
#4359=ORIENTED_EDGE('',*,*,#3221,.F.);
#4360=ORIENTED_EDGE('',*,*,#3222,.T.);
#4361=ORIENTED_EDGE('',*,*,#3223,.F.);
#4362=ORIENTED_EDGE('',*,*,#3222,.F.);
#4363=ORIENTED_EDGE('',*,*,#3223,.T.);
#4364=ORIENTED_EDGE('',*,*,#3224,.F.);
#4365=ORIENTED_EDGE('',*,*,#3225,.T.);
#4366=ORIENTED_EDGE('',*,*,#3226,.F.);
#4367=ORIENTED_EDGE('',*,*,#3225,.F.);
#4368=ORIENTED_EDGE('',*,*,#3226,.T.);
#4369=ORIENTED_EDGE('',*,*,#3227,.F.);
#4370=ORIENTED_EDGE('',*,*,#3228,.T.);
#4371=ORIENTED_EDGE('',*,*,#3175,.F.);
#4372=ORIENTED_EDGE('',*,*,#3228,.F.);
#4373=ORIENTED_EDGE('',*,*,#3229,.F.);
#4374=ORIENTED_EDGE('',*,*,#3230,.F.);
#4375=ORIENTED_EDGE('',*,*,#3231,.T.);
#4376=ORIENTED_EDGE('',*,*,#3232,.F.);
#4377=ORIENTED_EDGE('',*,*,#3233,.F.);
#4378=ORIENTED_EDGE('',*,*,#3234,.T.);
#4379=ORIENTED_EDGE('',*,*,#3235,.F.);
#4380=ORIENTED_EDGE('',*,*,#3234,.F.);
#4381=ORIENTED_EDGE('',*,*,#3235,.T.);
#4382=ORIENTED_EDGE('',*,*,#3236,.F.);
#4383=ORIENTED_EDGE('',*,*,#3237,.F.);
#4384=ORIENTED_EDGE('',*,*,#3231,.F.);
#4385=ORIENTED_EDGE('',*,*,#3238,.F.);
#4386=ORIENTED_EDGE('',*,*,#3239,.F.);
#4387=ORIENTED_EDGE('',*,*,#3232,.T.);
#4388=ORIENTED_EDGE('',*,*,#3237,.T.);
#4389=ORIENTED_EDGE('',*,*,#3240,.F.);
#4390=ORIENTED_EDGE('',*,*,#3233,.T.);
#4391=ORIENTED_EDGE('',*,*,#3240,.T.);
#4392=ORIENTED_EDGE('',*,*,#3236,.T.);
#4393=ORIENTED_EDGE('',*,*,#3241,.T.);
#4394=ORIENTED_EDGE('',*,*,#3242,.T.);
#4395=ORIENTED_EDGE('',*,*,#3243,.T.);
#4396=ORIENTED_EDGE('',*,*,#3244,.T.);
#4397=ORIENTED_EDGE('',*,*,#3245,.F.);
#4398=ORIENTED_EDGE('',*,*,#3246,.T.);
#4399=ORIENTED_EDGE('',*,*,#3247,.F.);
#4400=ORIENTED_EDGE('',*,*,#3248,.F.);
#4401=ORIENTED_EDGE('',*,*,#3249,.F.);
#4402=ORIENTED_EDGE('',*,*,#3250,.F.);
#4403=ORIENTED_EDGE('',*,*,#3251,.F.);
#4404=ORIENTED_EDGE('',*,*,#3243,.F.);
#4405=ORIENTED_EDGE('',*,*,#3252,.T.);
#4406=ORIENTED_EDGE('',*,*,#3249,.T.);
#4407=ORIENTED_EDGE('',*,*,#3253,.T.);
#4408=ORIENTED_EDGE('',*,*,#3253,.F.);
#4409=ORIENTED_EDGE('',*,*,#3254,.T.);
#4410=ORIENTED_EDGE('',*,*,#3255,.F.);
#4411=ORIENTED_EDGE('',*,*,#3254,.F.);
#4412=ORIENTED_EDGE('',*,*,#3255,.T.);
#4413=ORIENTED_EDGE('',*,*,#3256,.F.);
#4414=ORIENTED_EDGE('',*,*,#3250,.T.);
#4415=ORIENTED_EDGE('',*,*,#3252,.F.);
#4416=ORIENTED_EDGE('',*,*,#3242,.F.);
#4417=ORIENTED_EDGE('',*,*,#3230,.T.);
#4418=ORIENTED_EDGE('',*,*,#3257,.T.);
#4419=ORIENTED_EDGE('',*,*,#3258,.T.);
#4420=ORIENTED_EDGE('',*,*,#3259,.T.);
#4421=ORIENTED_EDGE('',*,*,#3260,.T.);
#4422=ORIENTED_EDGE('',*,*,#3261,.T.);
#4423=ORIENTED_EDGE('',*,*,#3262,.T.);
#4424=ORIENTED_EDGE('',*,*,#3263,.T.);
#4425=ORIENTED_EDGE('',*,*,#3264,.T.);
#4426=ORIENTED_EDGE('',*,*,#3265,.T.);
#4427=ORIENTED_EDGE('',*,*,#3247,.T.);
#4428=ORIENTED_EDGE('',*,*,#3256,.T.);
#4429=ORIENTED_EDGE('',*,*,#3241,.F.);
#4430=ORIENTED_EDGE('',*,*,#3238,.T.);
#4431=ORIENTED_EDGE('',*,*,#3227,.T.);
#4432=ORIENTED_EDGE('',*,*,#3266,.F.);
#4433=ORIENTED_EDGE('',*,*,#3267,.F.);
#4434=ORIENTED_EDGE('',*,*,#3268,.T.);
#4435=ORIENTED_EDGE('',*,*,#3269,.T.);
#4436=ORIENTED_EDGE('',*,*,#3270,.T.);
#4437=ORIENTED_EDGE('',*,*,#3271,.F.);
#4438=ORIENTED_EDGE('',*,*,#3264,.F.);
#4439=ORIENTED_EDGE('',*,*,#3272,.F.);
#4440=ORIENTED_EDGE('',*,*,#3268,.F.);
#4441=ORIENTED_EDGE('',*,*,#3270,.F.);
#4442=ORIENTED_EDGE('',*,*,#3273,.T.);
#4443=ORIENTED_EDGE('',*,*,#3274,.F.);
#4444=ORIENTED_EDGE('',*,*,#3273,.F.);
#4445=ORIENTED_EDGE('',*,*,#3274,.T.);
#4446=ORIENTED_EDGE('',*,*,#3275,.F.);
#4447=ORIENTED_EDGE('',*,*,#3269,.F.);
#4448=ORIENTED_EDGE('',*,*,#3272,.T.);
#4449=ORIENTED_EDGE('',*,*,#3263,.F.);
#4450=ORIENTED_EDGE('',*,*,#3266,.T.);
#4451=ORIENTED_EDGE('',*,*,#3275,.T.);
#4452=ORIENTED_EDGE('',*,*,#3262,.F.);
#4453=ORIENTED_EDGE('',*,*,#3276,.T.);
#4454=ORIENTED_EDGE('',*,*,#3277,.F.);
#4455=ORIENTED_EDGE('',*,*,#3278,.T.);
#4456=ORIENTED_EDGE('',*,*,#3258,.F.);
#4457=ORIENTED_EDGE('',*,*,#3279,.F.);
#4458=ORIENTED_EDGE('',*,*,#3280,.T.);
#4459=ORIENTED_EDGE('',*,*,#3281,.T.);
#4460=ORIENTED_EDGE('',*,*,#3282,.F.);
#4461=ORIENTED_EDGE('',*,*,#3283,.T.);
#4462=ORIENTED_EDGE('',*,*,#3284,.T.);
#4463=ORIENTED_EDGE('',*,*,#3280,.F.);
#4464=ORIENTED_EDGE('',*,*,#3285,.T.);
#4465=ORIENTED_EDGE('',*,*,#3285,.F.);
#4466=ORIENTED_EDGE('',*,*,#3286,.T.);
#4467=ORIENTED_EDGE('',*,*,#3287,.F.);
#4468=ORIENTED_EDGE('',*,*,#3286,.F.);
#4469=ORIENTED_EDGE('',*,*,#3287,.T.);
#4470=ORIENTED_EDGE('',*,*,#3259,.F.);
#4471=ORIENTED_EDGE('',*,*,#3281,.F.);
#4472=ORIENTED_EDGE('',*,*,#3284,.F.);
#4473=ORIENTED_EDGE('',*,*,#3288,.F.);
#4474=ORIENTED_EDGE('',*,*,#3260,.F.);
#4475=ORIENTED_EDGE('',*,*,#3288,.T.);
#4476=ORIENTED_EDGE('',*,*,#3283,.F.);
#4477=ORIENTED_EDGE('',*,*,#3289,.F.);
#4478=ORIENTED_EDGE('',*,*,#3290,.F.);
#4479=ORIENTED_EDGE('',*,*,#3291,.T.);
#4480=ORIENTED_EDGE('',*,*,#3014,.F.);
#4481=ORIENTED_EDGE('',*,*,#3292,.T.);
#4482=ORIENTED_EDGE('',*,*,#3293,.F.);
#4483=ORIENTED_EDGE('',*,*,#3292,.F.);
#4484=ORIENTED_EDGE('',*,*,#3013,.F.);
#4485=ORIENTED_EDGE('',*,*,#3294,.F.);
#4486=ORIENTED_EDGE('',*,*,#3295,.F.);
#4487=ORIENTED_EDGE('',*,*,#3294,.T.);
#4488=ORIENTED_EDGE('',*,*,#3012,.F.);
#4489=ORIENTED_EDGE('',*,*,#3296,.T.);
#4490=ORIENTED_EDGE('',*,*,#3297,.F.);
#4491=ORIENTED_EDGE('',*,*,#3296,.F.);
#4492=ORIENTED_EDGE('',*,*,#3015,.F.);
#4493=ORIENTED_EDGE('',*,*,#3291,.F.);
#4494=ORIENTED_EDGE('',*,*,#3298,.F.);
#4495=ORIENTED_EDGE('',*,*,#3299,.T.);
#4496=ORIENTED_EDGE('',*,*,#3018,.F.);
#4497=ORIENTED_EDGE('',*,*,#3300,.T.);
#4498=ORIENTED_EDGE('',*,*,#3301,.F.);
#4499=ORIENTED_EDGE('',*,*,#3300,.F.);
#4500=ORIENTED_EDGE('',*,*,#3017,.F.);
#4501=ORIENTED_EDGE('',*,*,#3302,.F.);
#4502=ORIENTED_EDGE('',*,*,#3303,.F.);
#4503=ORIENTED_EDGE('',*,*,#3302,.T.);
#4504=ORIENTED_EDGE('',*,*,#3016,.F.);
#4505=ORIENTED_EDGE('',*,*,#3304,.T.);
#4506=ORIENTED_EDGE('',*,*,#3305,.F.);
#4507=ORIENTED_EDGE('',*,*,#3304,.F.);
#4508=ORIENTED_EDGE('',*,*,#3019,.F.);
#4509=ORIENTED_EDGE('',*,*,#3299,.F.);
#4510=ORIENTED_EDGE('',*,*,#3306,.F.);
#4511=ORIENTED_EDGE('',*,*,#3307,.F.);
#4512=ORIENTED_EDGE('',*,*,#3022,.F.);
#4513=ORIENTED_EDGE('',*,*,#3308,.F.);
#4514=ORIENTED_EDGE('',*,*,#3309,.F.);
#4515=ORIENTED_EDGE('',*,*,#3308,.T.);
#4516=ORIENTED_EDGE('',*,*,#3021,.F.);
#4517=ORIENTED_EDGE('',*,*,#3310,.T.);
#4518=ORIENTED_EDGE('',*,*,#3311,.F.);
#4519=ORIENTED_EDGE('',*,*,#3310,.F.);
#4520=ORIENTED_EDGE('',*,*,#3020,.F.);
#4521=ORIENTED_EDGE('',*,*,#3312,.F.);
#4522=ORIENTED_EDGE('',*,*,#3313,.F.);
#4523=ORIENTED_EDGE('',*,*,#3312,.T.);
#4524=ORIENTED_EDGE('',*,*,#3023,.F.);
#4525=ORIENTED_EDGE('',*,*,#3307,.T.);
#4526=ORIENTED_EDGE('',*,*,#3314,.F.);
#4527=ORIENTED_EDGE('',*,*,#3315,.F.);
#4528=ORIENTED_EDGE('',*,*,#3026,.F.);
#4529=ORIENTED_EDGE('',*,*,#3316,.F.);
#4530=ORIENTED_EDGE('',*,*,#3317,.F.);
#4531=ORIENTED_EDGE('',*,*,#3316,.T.);
#4532=ORIENTED_EDGE('',*,*,#3025,.F.);
#4533=ORIENTED_EDGE('',*,*,#3318,.T.);
#4534=ORIENTED_EDGE('',*,*,#3319,.F.);
#4535=ORIENTED_EDGE('',*,*,#3318,.F.);
#4536=ORIENTED_EDGE('',*,*,#3024,.F.);
#4537=ORIENTED_EDGE('',*,*,#3320,.F.);
#4538=ORIENTED_EDGE('',*,*,#3321,.F.);
#4539=ORIENTED_EDGE('',*,*,#3320,.T.);
#4540=ORIENTED_EDGE('',*,*,#3027,.F.);
#4541=ORIENTED_EDGE('',*,*,#3315,.T.);
#4542=ORIENTED_EDGE('',*,*,#3322,.F.);
#4543=ORIENTED_EDGE('',*,*,#3323,.F.);
#4544=ORIENTED_EDGE('',*,*,#3030,.F.);
#4545=ORIENTED_EDGE('',*,*,#3324,.F.);
#4546=ORIENTED_EDGE('',*,*,#3325,.F.);
#4547=ORIENTED_EDGE('',*,*,#3324,.T.);
#4548=ORIENTED_EDGE('',*,*,#3029,.F.);
#4549=ORIENTED_EDGE('',*,*,#3326,.T.);
#4550=ORIENTED_EDGE('',*,*,#3327,.F.);
#4551=ORIENTED_EDGE('',*,*,#3326,.F.);
#4552=ORIENTED_EDGE('',*,*,#3028,.F.);
#4553=ORIENTED_EDGE('',*,*,#3328,.F.);
#4554=ORIENTED_EDGE('',*,*,#3329,.F.);
#4555=ORIENTED_EDGE('',*,*,#3328,.T.);
#4556=ORIENTED_EDGE('',*,*,#3031,.F.);
#4557=ORIENTED_EDGE('',*,*,#3323,.T.);
#4558=ORIENTED_EDGE('',*,*,#3330,.F.);
#4559=ORIENTED_EDGE('',*,*,#3331,.F.);
#4560=ORIENTED_EDGE('',*,*,#3034,.F.);
#4561=ORIENTED_EDGE('',*,*,#3332,.F.);
#4562=ORIENTED_EDGE('',*,*,#3333,.F.);
#4563=ORIENTED_EDGE('',*,*,#3332,.T.);
#4564=ORIENTED_EDGE('',*,*,#3033,.F.);
#4565=ORIENTED_EDGE('',*,*,#3334,.T.);
#4566=ORIENTED_EDGE('',*,*,#3335,.F.);
#4567=ORIENTED_EDGE('',*,*,#3334,.F.);
#4568=ORIENTED_EDGE('',*,*,#3032,.F.);
#4569=ORIENTED_EDGE('',*,*,#3336,.F.);
#4570=ORIENTED_EDGE('',*,*,#3337,.F.);
#4571=ORIENTED_EDGE('',*,*,#3336,.T.);
#4572=ORIENTED_EDGE('',*,*,#3035,.F.);
#4573=ORIENTED_EDGE('',*,*,#3331,.T.);
#4574=ORIENTED_EDGE('',*,*,#3338,.F.);
#4575=ORIENTED_EDGE('',*,*,#3339,.F.);
#4576=ORIENTED_EDGE('',*,*,#3184,.F.);
#4577=ORIENTED_EDGE('',*,*,#3340,.F.);
#4578=ORIENTED_EDGE('',*,*,#3341,.F.);
#4579=ORIENTED_EDGE('',*,*,#3340,.T.);
#4580=ORIENTED_EDGE('',*,*,#3183,.F.);
#4581=ORIENTED_EDGE('',*,*,#3342,.T.);
#4582=ORIENTED_EDGE('',*,*,#3343,.F.);
#4583=ORIENTED_EDGE('',*,*,#3342,.F.);
#4584=ORIENTED_EDGE('',*,*,#3182,.F.);
#4585=ORIENTED_EDGE('',*,*,#3344,.F.);
#4586=ORIENTED_EDGE('',*,*,#3345,.F.);
#4587=ORIENTED_EDGE('',*,*,#3344,.T.);
#4588=ORIENTED_EDGE('',*,*,#3185,.F.);
#4589=ORIENTED_EDGE('',*,*,#3339,.T.);
#4590=ORIENTED_EDGE('',*,*,#3346,.F.);
#4591=ORIENTED_EDGE('',*,*,#3347,.F.);
#4592=ORIENTED_EDGE('',*,*,#3180,.F.);
#4593=ORIENTED_EDGE('',*,*,#3348,.F.);
#4594=ORIENTED_EDGE('',*,*,#3349,.F.);
#4595=ORIENTED_EDGE('',*,*,#3348,.T.);
#4596=ORIENTED_EDGE('',*,*,#3179,.F.);
#4597=ORIENTED_EDGE('',*,*,#3350,.T.);
#4598=ORIENTED_EDGE('',*,*,#3351,.F.);
#4599=ORIENTED_EDGE('',*,*,#3350,.F.);
#4600=ORIENTED_EDGE('',*,*,#3178,.F.);
#4601=ORIENTED_EDGE('',*,*,#3352,.F.);
#4602=ORIENTED_EDGE('',*,*,#3353,.F.);
#4603=ORIENTED_EDGE('',*,*,#3352,.T.);
#4604=ORIENTED_EDGE('',*,*,#3181,.F.);
#4605=ORIENTED_EDGE('',*,*,#3347,.T.);
#4606=ORIENTED_EDGE('',*,*,#3239,.T.);
#4607=ORIENTED_EDGE('',*,*,#3246,.F.);
#4608=ORIENTED_EDGE('',*,*,#3354,.F.);
#4609=ORIENTED_EDGE('',*,*,#3276,.F.);
#4610=ORIENTED_EDGE('',*,*,#3261,.F.);
#4611=ORIENTED_EDGE('',*,*,#3289,.T.);
#4612=ORIENTED_EDGE('',*,*,#3282,.T.);
#4613=ORIENTED_EDGE('',*,*,#3279,.T.);
#4614=ORIENTED_EDGE('',*,*,#3257,.F.);
#4615=ORIENTED_EDGE('',*,*,#3229,.T.);
#4616=ORIENTED_EDGE('',*,*,#3212,.T.);
#4617=ORIENTED_EDGE('',*,*,#3214,.T.);
#4618=ORIENTED_EDGE('',*,*,#3207,.T.);
#4619=ORIENTED_EDGE('',*,*,#3210,.T.);
#4620=ORIENTED_EDGE('',*,*,#3343,.T.);
#4621=ORIENTED_EDGE('',*,*,#3345,.T.);
#4622=ORIENTED_EDGE('',*,*,#3338,.T.);
#4623=ORIENTED_EDGE('',*,*,#3341,.T.);
#4624=ORIENTED_EDGE('',*,*,#3351,.T.);
#4625=ORIENTED_EDGE('',*,*,#3353,.T.);
#4626=ORIENTED_EDGE('',*,*,#3346,.T.);
#4627=ORIENTED_EDGE('',*,*,#3349,.T.);
#4628=ORIENTED_EDGE('',*,*,#3248,.T.);
#4629=ORIENTED_EDGE('',*,*,#3265,.F.);
#4630=ORIENTED_EDGE('',*,*,#3271,.T.);
#4631=ORIENTED_EDGE('',*,*,#3267,.T.);
#4632=ORIENTED_EDGE('',*,*,#3278,.F.);
#4633=ORIENTED_EDGE('',*,*,#3355,.F.);
#4634=ORIENTED_EDGE('',*,*,#3244,.F.);
#4635=ORIENTED_EDGE('',*,*,#3251,.T.);
#4636=ORIENTED_EDGE('',*,*,#3295,.T.);
#4637=ORIENTED_EDGE('',*,*,#3297,.T.);
#4638=ORIENTED_EDGE('',*,*,#3290,.T.);
#4639=ORIENTED_EDGE('',*,*,#3293,.T.);
#4640=ORIENTED_EDGE('',*,*,#3303,.T.);
#4641=ORIENTED_EDGE('',*,*,#3305,.T.);
#4642=ORIENTED_EDGE('',*,*,#3298,.T.);
#4643=ORIENTED_EDGE('',*,*,#3301,.T.);
#4644=ORIENTED_EDGE('',*,*,#3311,.T.);
#4645=ORIENTED_EDGE('',*,*,#3313,.T.);
#4646=ORIENTED_EDGE('',*,*,#3306,.T.);
#4647=ORIENTED_EDGE('',*,*,#3309,.T.);
#4648=ORIENTED_EDGE('',*,*,#3319,.T.);
#4649=ORIENTED_EDGE('',*,*,#3321,.T.);
#4650=ORIENTED_EDGE('',*,*,#3314,.T.);
#4651=ORIENTED_EDGE('',*,*,#3317,.T.);
#4652=ORIENTED_EDGE('',*,*,#3327,.T.);
#4653=ORIENTED_EDGE('',*,*,#3329,.T.);
#4654=ORIENTED_EDGE('',*,*,#3322,.T.);
#4655=ORIENTED_EDGE('',*,*,#3325,.T.);
#4656=ORIENTED_EDGE('',*,*,#3335,.T.);
#4657=ORIENTED_EDGE('',*,*,#3337,.T.);
#4658=ORIENTED_EDGE('',*,*,#3330,.T.);
#4659=ORIENTED_EDGE('',*,*,#3333,.T.);
#4660=ORIENTED_EDGE('',*,*,#3356,.T.);
#4661=ORIENTED_EDGE('',*,*,#2988,.F.);
#4662=ORIENTED_EDGE('',*,*,#3038,.F.);
#4663=ORIENTED_EDGE('',*,*,#3206,.F.);
#4664=ORIENTED_EDGE('',*,*,#3168,.T.);
#4665=ORIENTED_EDGE('',*,*,#3177,.F.);
#4666=ORIENTED_EDGE('',*,*,#3357,.T.);
#4667=ORIENTED_EDGE('',*,*,#2989,.F.);
#4668=ORIENTED_EDGE('',*,*,#3356,.F.);
#4669=ORIENTED_EDGE('',*,*,#3205,.F.);
#4670=ORIENTED_EDGE('',*,*,#3048,.T.);
#4671=ORIENTED_EDGE('',*,*,#3046,.T.);
#4672=ORIENTED_EDGE('',*,*,#3204,.T.);
#4673=ORIENTED_EDGE('',*,*,#3201,.F.);
#4674=ORIENTED_EDGE('',*,*,#3073,.T.);
#4675=ORIENTED_EDGE('',*,*,#3071,.T.);
#4676=ORIENTED_EDGE('',*,*,#3200,.T.);
#4677=ORIENTED_EDGE('',*,*,#3197,.F.);
#4678=ORIENTED_EDGE('',*,*,#3098,.T.);
#4679=ORIENTED_EDGE('',*,*,#3096,.T.);
#4680=ORIENTED_EDGE('',*,*,#3196,.T.);
#4681=ORIENTED_EDGE('',*,*,#3193,.F.);
#4682=ORIENTED_EDGE('',*,*,#3121,.T.);
#4683=ORIENTED_EDGE('',*,*,#3119,.T.);
#4684=ORIENTED_EDGE('',*,*,#3192,.T.);
#4685=ORIENTED_EDGE('',*,*,#3146,.F.);
#4686=ORIENTED_EDGE('',*,*,#3190,.T.);
#4687=ORIENTED_EDGE('',*,*,#3138,.T.);
#4688=ORIENTED_EDGE('',*,*,#3136,.T.);
#4689=ORIENTED_EDGE('',*,*,#3162,.F.);
#4690=ORIENTED_EDGE('',*,*,#3164,.T.);
#4691=ORIENTED_EDGE('',*,*,#3166,.T.);
#4692=ORIENTED_EDGE('',*,*,#3215,.T.);
#4693=ORIENTED_EDGE('',*,*,#3218,.T.);
#4694=ORIENTED_EDGE('',*,*,#3221,.T.);
#4695=ORIENTED_EDGE('',*,*,#3224,.T.);
#4696=ORIENTED_EDGE('',*,*,#3355,.T.);
#4697=ORIENTED_EDGE('',*,*,#3277,.T.);
#4698=ORIENTED_EDGE('',*,*,#3354,.T.);
#4699=ORIENTED_EDGE('',*,*,#3245,.T.);
#4700=ORIENTED_EDGE('',*,*,#3173,.T.);
#4701=ORIENTED_EDGE('',*,*,#2990,.F.);
#4702=ORIENTED_EDGE('',*,*,#3357,.F.);
#4703=ORIENTED_EDGE('',*,*,#3176,.F.);
#4704=CYLINDRICAL_SURFACE('',#5069,0.9);
#4705=CYLINDRICAL_SURFACE('',#5075,0.11085);
#4706=CYLINDRICAL_SURFACE('',#5078,0.11085);
#4707=CYLINDRICAL_SURFACE('',#5081,0.11085);
#4708=CYLINDRICAL_SURFACE('',#5084,0.11085);
#4709=CYLINDRICAL_SURFACE('',#5094,0.11085);
#4710=CYLINDRICAL_SURFACE('',#5097,0.22);
#4711=CYLINDRICAL_SURFACE('',#5103,0.11085);
#4712=CYLINDRICAL_SURFACE('',#5106,0.22);
#4713=CYLINDRICAL_SURFACE('',#5112,0.11085);
#4714=CYLINDRICAL_SURFACE('',#5115,0.22);
#4715=CYLINDRICAL_SURFACE('',#5278,0.11085);
#4716=CYLINDRICAL_SURFACE('',#5282,0.11085);
#4717=CYLINDRICAL_SURFACE('',#5286,0.11085);
#4718=CYLINDRICAL_SURFACE('',#5290,0.11085);
#4719=CYLINDRICAL_SURFACE('',#5294,0.75085);
#4720=CYLINDRICAL_SURFACE('',#5297,0.11085);
#4721=CYLINDRICAL_SURFACE('',#5321,0.11085);
#4722=ADVANCED_FACE('',(#404),#4704,.T.);
#4723=ADVANCED_FACE('',(#405),#176,.T.);
#4724=ADVANCED_FACE('',(#406),#177,.F.);
#4725=ADVANCED_FACE('',(#407),#4705,.F.);
#4726=ADVANCED_FACE('',(#408),#4706,.F.);
#4727=ADVANCED_FACE('',(#409),#4707,.F.);
#4728=ADVANCED_FACE('',(#410),#4708,.F.);
#4729=ADVANCED_FACE('',(#411),#178,.T.);
#4730=ADVANCED_FACE('',(#412),#179,.F.);
#4731=ADVANCED_FACE('',(#413,#80,#81,#82,#83),#180,.F.);
#4732=ADVANCED_FACE('',(#414),#181,.F.);
#4733=ADVANCED_FACE('',(#415,#84,#85,#86,#87),#182,.F.);
#4734=ADVANCED_FACE('',(#416),#183,.F.);
#4735=ADVANCED_FACE('',(#417),#4709,.F.);
#4736=ADVANCED_FACE('',(#418),#4710,.T.);
#4737=ADVANCED_FACE('',(#419,#88),#184,.T.);
#4738=ADVANCED_FACE('',(#420,#89),#185,.F.);
#4739=ADVANCED_FACE('',(#421),#4711,.F.);
#4740=ADVANCED_FACE('',(#422),#4712,.T.);
#4741=ADVANCED_FACE('',(#423,#90),#186,.T.);
#4742=ADVANCED_FACE('',(#424,#91),#187,.F.);
#4743=ADVANCED_FACE('',(#425),#4713,.F.);
#4744=ADVANCED_FACE('',(#426),#4714,.T.);
#4745=ADVANCED_FACE('',(#427,#92),#188,.T.);
#4746=ADVANCED_FACE('',(#428,#93),#189,.F.);
#4747=ADVANCED_FACE('',(#429),#76,.T.);
#4748=ADVANCED_FACE('',(#430),#77,.F.);
#4749=ADVANCED_FACE('',(#431,#94),#190,.T.);
#4750=ADVANCED_FACE('',(#432),#191,.F.);
#4751=ADVANCED_FACE('',(#433),#192,.F.);
#4752=ADVANCED_FACE('',(#434),#193,.F.);
#4753=ADVANCED_FACE('',(#435),#194,.F.);
#4754=ADVANCED_FACE('',(#436),#195,.F.);
#4755=ADVANCED_FACE('',(#437),#196,.F.);
#4756=ADVANCED_FACE('',(#438),#197,.F.);
#4757=ADVANCED_FACE('',(#439),#198,.F.);
#4758=ADVANCED_FACE('',(#440),#199,.F.);
#4759=ADVANCED_FACE('',(#441),#200,.F.);
#4760=ADVANCED_FACE('',(#442),#201,.F.);
#4761=ADVANCED_FACE('',(#443),#202,.F.);
#4762=ADVANCED_FACE('',(#444),#203,.F.);
#4763=ADVANCED_FACE('',(#445),#204,.T.);
#4764=ADVANCED_FACE('',(#446),#49,.T.);
#4765=ADVANCED_FACE('',(#447),#50,.F.);
#4766=ADVANCED_FACE('',(#448,#95),#205,.F.);
#4767=ADVANCED_FACE('',(#449),#206,.T.);
#4768=ADVANCED_FACE('',(#450),#207,.T.);
#4769=ADVANCED_FACE('',(#451),#51,.T.);
#4770=ADVANCED_FACE('',(#452),#52,.F.);
#4771=ADVANCED_FACE('',(#453),#208,.F.);
#4772=ADVANCED_FACE('',(#454),#53,.T.);
#4773=ADVANCED_FACE('',(#455),#209,.T.);
#4774=ADVANCED_FACE('',(#456),#54,.F.);
#4775=ADVANCED_FACE('',(#457),#210,.F.);
#4776=ADVANCED_FACE('',(#458,#96,#97),#211,.F.);
#4777=ADVANCED_FACE('',(#459),#212,.T.);
#4778=ADVANCED_FACE('',(#460),#213,.T.);
#4779=ADVANCED_FACE('',(#461),#214,.F.);
#4780=ADVANCED_FACE('',(#462),#215,.F.);
#4781=ADVANCED_FACE('',(#463),#216,.F.);
#4782=ADVANCED_FACE('',(#464),#217,.F.);
#4783=ADVANCED_FACE('',(#465),#218,.F.);
#4784=ADVANCED_FACE('',(#466),#219,.F.);
#4785=ADVANCED_FACE('',(#467),#220,.F.);
#4786=ADVANCED_FACE('',(#468),#221,.F.);
#4787=ADVANCED_FACE('',(#469),#222,.F.);
#4788=ADVANCED_FACE('',(#470),#223,.F.);
#4789=ADVANCED_FACE('',(#471),#224,.F.);
#4790=ADVANCED_FACE('',(#472),#225,.F.);
#4791=ADVANCED_FACE('',(#473),#226,.T.);
#4792=ADVANCED_FACE('',(#474),#227,.F.);
#4793=ADVANCED_FACE('',(#475),#55,.F.);
#4794=ADVANCED_FACE('',(#476),#228,.F.);
#4795=ADVANCED_FACE('',(#477),#56,.F.);
#4796=ADVANCED_FACE('',(#478),#229,.F.);
#4797=ADVANCED_FACE('',(#479),#230,.F.);
#4798=ADVANCED_FACE('',(#480),#231,.F.);
#4799=ADVANCED_FACE('',(#481),#232,.F.);
#4800=ADVANCED_FACE('',(#482),#233,.F.);
#4801=ADVANCED_FACE('',(#483),#234,.F.);
#4802=ADVANCED_FACE('',(#484),#235,.F.);
#4803=ADVANCED_FACE('',(#485),#236,.F.);
#4804=ADVANCED_FACE('',(#486),#237,.F.);
#4805=ADVANCED_FACE('',(#487),#238,.F.);
#4806=ADVANCED_FACE('',(#488),#239,.F.);
#4807=ADVANCED_FACE('',(#489),#240,.F.);
#4808=ADVANCED_FACE('',(#490),#241,.F.);
#4809=ADVANCED_FACE('',(#491),#242,.T.);
#4810=ADVANCED_FACE('',(#492),#243,.F.);
#4811=ADVANCED_FACE('',(#493),#244,.F.);
#4812=ADVANCED_FACE('',(#494),#245,.F.);
#4813=ADVANCED_FACE('',(#495),#246,.F.);
#4814=ADVANCED_FACE('',(#496),#247,.F.);
#4815=ADVANCED_FACE('',(#497),#248,.F.);
#4816=ADVANCED_FACE('',(#498),#249,.F.);
#4817=ADVANCED_FACE('',(#499),#250,.F.);
#4818=ADVANCED_FACE('',(#500),#251,.F.);
#4819=ADVANCED_FACE('',(#501),#252,.F.);
#4820=ADVANCED_FACE('',(#502),#253,.F.);
#4821=ADVANCED_FACE('',(#503),#254,.F.);
#4822=ADVANCED_FACE('',(#504),#255,.T.);
#4823=ADVANCED_FACE('',(#505),#256,.F.);
#4824=ADVANCED_FACE('',(#506),#257,.F.);
#4825=ADVANCED_FACE('',(#507),#258,.F.);
#4826=ADVANCED_FACE('',(#508),#259,.F.);
#4827=ADVANCED_FACE('',(#509),#260,.F.);
#4828=ADVANCED_FACE('',(#510),#261,.F.);
#4829=ADVANCED_FACE('',(#511),#262,.F.);
#4830=ADVANCED_FACE('',(#512),#263,.F.);
#4831=ADVANCED_FACE('',(#513),#264,.F.);
#4832=ADVANCED_FACE('',(#514),#265,.F.);
#4833=ADVANCED_FACE('',(#515),#266,.F.);
#4834=ADVANCED_FACE('',(#516),#267,.F.);
#4835=ADVANCED_FACE('',(#517),#268,.F.);
#4836=ADVANCED_FACE('',(#518),#269,.F.);
#4837=ADVANCED_FACE('',(#519),#57,.F.);
#4838=ADVANCED_FACE('',(#520),#270,.F.);
#4839=ADVANCED_FACE('',(#521),#58,.F.);
#4840=ADVANCED_FACE('',(#522),#271,.T.);
#4841=ADVANCED_FACE('',(#523),#272,.T.);
#4842=ADVANCED_FACE('',(#524),#273,.T.);
#4843=ADVANCED_FACE('',(#525),#274,.T.);
#4844=ADVANCED_FACE('',(#526),#275,.F.);
#4845=ADVANCED_FACE('',(#527),#276,.T.);
#4846=ADVANCED_FACE('',(#528,#98,#99,#100,#101,#102,#103),#277,.F.);
#4847=ADVANCED_FACE('',(#529),#278,.F.);
#4848=ADVANCED_FACE('',(#530),#279,.F.);
#4849=ADVANCED_FACE('',(#531),#280,.T.);
#4850=ADVANCED_FACE('',(#532),#281,.T.);
#4851=ADVANCED_FACE('',(#533),#282,.T.);
#4852=ADVANCED_FACE('',(#534),#283,.T.);
#4853=ADVANCED_FACE('',(#535),#284,.T.);
#4854=ADVANCED_FACE('',(#536),#285,.F.);
#4855=ADVANCED_FACE('',(#537),#286,.T.);
#4856=ADVANCED_FACE('',(#538),#287,.F.);
#4857=ADVANCED_FACE('',(#539),#288,.T.);
#4858=ADVANCED_FACE('',(#540),#289,.T.);
#4859=ADVANCED_FACE('',(#541),#290,.T.);
#4860=ADVANCED_FACE('',(#542),#291,.T.);
#4861=ADVANCED_FACE('',(#543),#292,.T.);
#4862=ADVANCED_FACE('',(#544),#293,.F.);
#4863=ADVANCED_FACE('',(#545),#294,.T.);
#4864=ADVANCED_FACE('',(#546),#295,.F.);
#4865=ADVANCED_FACE('',(#547),#296,.T.);
#4866=ADVANCED_FACE('',(#548),#297,.T.);
#4867=ADVANCED_FACE('',(#549),#298,.T.);
#4868=ADVANCED_FACE('',(#550),#299,.T.);
#4869=ADVANCED_FACE('',(#551),#300,.T.);
#4870=ADVANCED_FACE('',(#552),#301,.F.);
#4871=ADVANCED_FACE('',(#553),#302,.T.);
#4872=ADVANCED_FACE('',(#554),#303,.F.);
#4873=ADVANCED_FACE('',(#555),#304,.T.);
#4874=ADVANCED_FACE('',(#556),#305,.T.);
#4875=ADVANCED_FACE('',(#557),#306,.F.);
#4876=ADVANCED_FACE('',(#558),#307,.T.);
#4877=ADVANCED_FACE('',(#559),#308,.T.);
#4878=ADVANCED_FACE('',(#560),#309,.F.);
#4879=ADVANCED_FACE('',(#561),#310,.T.);
#4880=ADVANCED_FACE('',(#562),#311,.T.);
#4881=ADVANCED_FACE('',(#563),#312,.F.);
#4882=ADVANCED_FACE('',(#564),#313,.T.);
#4883=ADVANCED_FACE('',(#565),#314,.T.);
#4884=ADVANCED_FACE('',(#566),#315,.T.);
#4885=ADVANCED_FACE('',(#567),#316,.F.);
#4886=ADVANCED_FACE('',(#568),#317,.T.);
#4887=ADVANCED_FACE('',(#569),#318,.T.);
#4888=ADVANCED_FACE('',(#570),#319,.T.);
#4889=ADVANCED_FACE('',(#571),#320,.F.);
#4890=ADVANCED_FACE('',(#572),#321,.F.);
#4891=ADVANCED_FACE('',(#573),#322,.T.);
#4892=ADVANCED_FACE('',(#574,#104),#323,.F.);
#4893=ADVANCED_FACE('',(#575,#105,#106,#107,#108,#109,#110,#111,#112,#113,
#114,#115,#116),#324,.T.);
#4894=ADVANCED_FACE('',(#576),#325,.F.);
#4895=ADVANCED_FACE('',(#577),#326,.T.);
#4896=ADVANCED_FACE('',(#578),#327,.F.);
#4897=ADVANCED_FACE('',(#579),#328,.T.);
#4898=ADVANCED_FACE('',(#580),#329,.T.);
#4899=ADVANCED_FACE('',(#581),#330,.F.);
#4900=ADVANCED_FACE('',(#582),#331,.T.);
#4901=ADVANCED_FACE('',(#583),#332,.T.);
#4902=ADVANCED_FACE('',(#584),#333,.F.);
#4903=ADVANCED_FACE('',(#585),#334,.T.);
#4904=ADVANCED_FACE('',(#586),#335,.T.);
#4905=ADVANCED_FACE('',(#587),#336,.F.);
#4906=ADVANCED_FACE('',(#588),#337,.T.);
#4907=ADVANCED_FACE('',(#589),#338,.T.);
#4908=ADVANCED_FACE('',(#590),#339,.F.);
#4909=ADVANCED_FACE('',(#591),#340,.T.);
#4910=ADVANCED_FACE('',(#592),#341,.T.);
#4911=ADVANCED_FACE('',(#593),#342,.T.);
#4912=ADVANCED_FACE('',(#594),#4715,.F.);
#4913=ADVANCED_FACE('',(#595),#343,.T.);
#4914=ADVANCED_FACE('',(#596),#4716,.F.);
#4915=ADVANCED_FACE('',(#597),#344,.T.);
#4916=ADVANCED_FACE('',(#598),#4717,.F.);
#4917=ADVANCED_FACE('',(#599),#345,.T.);
#4918=ADVANCED_FACE('',(#600),#4718,.F.);
#4919=ADVANCED_FACE('',(#601),#346,.T.);
#4920=ADVANCED_FACE('',(#602),#4719,.F.);
#4921=ADVANCED_FACE('',(#603),#347,.T.);
#4922=ADVANCED_FACE('',(#604),#4720,.F.);
#4923=ADVANCED_FACE('',(#605),#348,.T.);
#4924=ADVANCED_FACE('',(#606),#349,.T.);
#4925=ADVANCED_FACE('',(#607,#117),#350,.T.);
#4926=ADVANCED_FACE('',(#608),#351,.T.);
#4927=ADVANCED_FACE('',(#609),#352,.T.);
#4928=ADVANCED_FACE('',(#610,#118),#353,.T.);
#4929=ADVANCED_FACE('',(#611),#78,.T.);
#4930=ADVANCED_FACE('',(#612),#354,.T.);
#4931=ADVANCED_FACE('',(#613),#355,.T.);
#4932=ADVANCED_FACE('',(#614,#119),#356,.T.);
#4933=ADVANCED_FACE('',(#615,#120),#357,.T.);
#4934=ADVANCED_FACE('',(#616),#358,.F.);
#4935=ADVANCED_FACE('',(#617),#79,.T.);
#4936=ADVANCED_FACE('',(#618),#359,.T.);
#4937=ADVANCED_FACE('',(#619),#360,.T.);
#4938=ADVANCED_FACE('',(#620),#361,.T.);
#4939=ADVANCED_FACE('',(#621),#362,.T.);
#4940=ADVANCED_FACE('',(#622,#121),#363,.T.);
#4941=ADVANCED_FACE('',(#623),#4721,.F.);
#4942=ADVANCED_FACE('',(#624),#364,.T.);
#4943=ADVANCED_FACE('',(#625),#365,.T.);
#4944=ADVANCED_FACE('',(#626),#366,.T.);
#4945=ADVANCED_FACE('',(#627),#367,.T.);
#4946=ADVANCED_FACE('',(#628),#368,.F.);
#4947=ADVANCED_FACE('',(#629),#369,.F.);
#4948=ADVANCED_FACE('',(#630),#370,.F.);
#4949=ADVANCED_FACE('',(#631),#371,.T.);
#4950=ADVANCED_FACE('',(#632),#372,.F.);
#4951=ADVANCED_FACE('',(#633),#373,.F.);
#4952=ADVANCED_FACE('',(#634),#374,.F.);
#4953=ADVANCED_FACE('',(#635),#375,.F.);
#4954=ADVANCED_FACE('',(#636),#376,.T.);
#4955=ADVANCED_FACE('',(#637),#377,.T.);
#4956=ADVANCED_FACE('',(#638),#378,.T.);
#4957=ADVANCED_FACE('',(#639),#379,.F.);
#4958=ADVANCED_FACE('',(#640),#380,.T.);
#4959=ADVANCED_FACE('',(#641),#381,.T.);
#4960=ADVANCED_FACE('',(#642),#382,.T.);
#4961=ADVANCED_FACE('',(#643),#383,.F.);
#4962=ADVANCED_FACE('',(#644),#384,.T.);
#4963=ADVANCED_FACE('',(#645),#385,.T.);
#4964=ADVANCED_FACE('',(#646),#386,.T.);
#4965=ADVANCED_FACE('',(#647),#387,.F.);
#4966=ADVANCED_FACE('',(#648),#388,.T.);
#4967=ADVANCED_FACE('',(#649),#389,.T.);
#4968=ADVANCED_FACE('',(#650),#390,.T.);
#4969=ADVANCED_FACE('',(#651),#391,.F.);
#4970=ADVANCED_FACE('',(#652),#392,.T.);
#4971=ADVANCED_FACE('',(#653),#393,.T.);
#4972=ADVANCED_FACE('',(#654),#394,.T.);
#4973=ADVANCED_FACE('',(#655),#395,.F.);
#4974=ADVANCED_FACE('',(#656),#396,.T.);
#4975=ADVANCED_FACE('',(#657),#397,.T.);
#4976=ADVANCED_FACE('',(#658),#398,.T.);
#4977=ADVANCED_FACE('',(#659,#122,#123,#124),#399,.F.);
#4978=ADVANCED_FACE('',(#660,#125,#126,#127,#128,#129,#130),#400,.T.);
#4979=ADVANCED_FACE('',(#661),#401,.F.);
#4980=ADVANCED_FACE('',(#662,#131,#132,#133,#134,#135),#402,.F.);
#4981=ADVANCED_FACE('',(#663),#403,.F.);
#4982=CLOSED_SHELL('',(#4722,#4723,#4724));
#4983=CLOSED_SHELL('',(#4725,#4726,#4727,#4728,#4729,#4730,#4731,#4732,
#4733,#4734));
#4984=CLOSED_SHELL('',(#4735,#4736,#4737,#4738));
#4985=CLOSED_SHELL('',(#4739,#4740,#4741,#4742));
#4986=CLOSED_SHELL('',(#4743,#4744,#4745,#4746));
#4987=CLOSED_SHELL('',(#4747,#4748,#4749,#4750));
#4988=CLOSED_SHELL('',(#4751,#4752,#4753,#4754,#4755,#4756,#4757,#4758,
#4759,#4760,#4761,#4762,#4763,#4764,#4765,#4766,#4767,#4768,#4769,#4770,
#4771,#4772,#4773,#4774,#4775,#4776,#4777,#4778,#4779,#4780,#4781,#4782,
#4783,#4784,#4785,#4786,#4787,#4788,#4789,#4790,#4791,#4792,#4793,#4794,
#4795,#4796,#4797,#4798,#4799,#4800,#4801,#4802,#4803,#4804,#4805,#4806,
#4807,#4808,#4809,#4810,#4811,#4812,#4813,#4814,#4815,#4816,#4817,#4818,
#4819,#4820,#4821,#4822,#4823,#4824,#4825,#4826,#4827,#4828,#4829,#4830,
#4831,#4832,#4833,#4834,#4835,#4836,#4837,#4838,#4839,#4840,#4841,#4842,
#4843,#4844,#4845,#4846,#4847,#4848,#4849,#4850,#4851,#4852,#4853,#4854,
#4855,#4856,#4857,#4858,#4859,#4860,#4861,#4862,#4863,#4864,#4865,#4866,
#4867,#4868,#4869,#4870,#4871,#4872,#4873,#4874,#4875,#4876,#4877,#4878,
#4879,#4880,#4881,#4882,#4883,#4884,#4885,#4886,#4887,#4888,#4889,#4890,
#4891,#4892,#4893,#4894,#4895,#4896,#4897,#4898,#4899,#4900,#4901,#4902,
#4903,#4904,#4905,#4906,#4907,#4908,#4909,#4910,#4911,#4912,#4913,#4914,
#4915,#4916,#4917,#4918,#4919,#4920,#4921,#4922,#4923,#4924,#4925,#4926,
#4927,#4928,#4929,#4930,#4931,#4932,#4933,#4934,#4935,#4936,#4937,#4938,
#4939,#4940,#4941,#4942,#4943,#4944,#4945,#4946,#4947,#4948,#4949,#4950,
#4951,#4952,#4953,#4954,#4955,#4956,#4957,#4958,#4959,#4960,#4961,#4962,
#4963,#4964,#4965,#4966,#4967,#4968,#4969,#4970,#4971,#4972,#4973,#4974,
#4975,#4976,#4977,#4978,#4979,#4980,#4981));
#4989=DERIVED_UNIT_ELEMENT(#5003,1.);
#4990=DERIVED_UNIT_ELEMENT(#10058,-3.);
#4991=DERIVED_UNIT_ELEMENT(#5003,1.);
#4992=DERIVED_UNIT_ELEMENT(#10058,-3.);
#4993=DERIVED_UNIT_ELEMENT(#5003,1.);
#4994=DERIVED_UNIT_ELEMENT(#10058,-3.);
#4995=DERIVED_UNIT_ELEMENT(#5003,1.);
#4996=DERIVED_UNIT_ELEMENT(#10058,-3.);
#4997=DERIVED_UNIT_ELEMENT(#5003,1.);
#4998=DERIVED_UNIT_ELEMENT(#10058,-3.);
#4999=DERIVED_UNIT_ELEMENT(#5003,1.);
#5000=DERIVED_UNIT_ELEMENT(#10058,-3.);
#5001=DERIVED_UNIT_ELEMENT(#5003,1.);
#5002=DERIVED_UNIT_ELEMENT(#10058,-3.);
#5003=(
MASS_UNIT()
NAMED_UNIT(*)
SI_UNIT(.KILO.,.GRAM.)
);
#5004=DERIVED_UNIT((#4989,#4990));
#5005=DERIVED_UNIT((#4991,#4992));
#5006=DERIVED_UNIT((#4993,#4994));
#5007=DERIVED_UNIT((#4995,#4996));
#5008=DERIVED_UNIT((#4997,#4998));
#5009=DERIVED_UNIT((#4999,#5000));
#5010=DERIVED_UNIT((#5001,#5002));
#5011=MEASURE_REPRESENTATION_ITEM('density measure',
POSITIVE_RATIO_MEASURE(7850.),#5004);
#5012=MEASURE_REPRESENTATION_ITEM('density measure',
POSITIVE_RATIO_MEASURE(7850.),#5005);
#5013=MEASURE_REPRESENTATION_ITEM('density measure',
POSITIVE_RATIO_MEASURE(7850.),#5006);
#5014=MEASURE_REPRESENTATION_ITEM('density measure',
POSITIVE_RATIO_MEASURE(7850.),#5007);
#5015=MEASURE_REPRESENTATION_ITEM('density measure',
POSITIVE_RATIO_MEASURE(7850.),#5008);
#5016=MEASURE_REPRESENTATION_ITEM('density measure',
POSITIVE_RATIO_MEASURE(7850.),#5009);
#5017=MEASURE_REPRESENTATION_ITEM('density measure',
POSITIVE_RATIO_MEASURE(7850.),#5010);
#5018=PROPERTY_DEFINITION_REPRESENTATION(#5053,#5032);
#5019=PROPERTY_DEFINITION_REPRESENTATION(#5054,#5033);
#5020=PROPERTY_DEFINITION_REPRESENTATION(#5055,#5034);
#5021=PROPERTY_DEFINITION_REPRESENTATION(#5056,#5035);
#5022=PROPERTY_DEFINITION_REPRESENTATION(#5057,#5036);
#5023=PROPERTY_DEFINITION_REPRESENTATION(#5058,#5037);
#5024=PROPERTY_DEFINITION_REPRESENTATION(#5059,#5038);
#5025=PROPERTY_DEFINITION_REPRESENTATION(#5060,#5039);
#5026=PROPERTY_DEFINITION_REPRESENTATION(#5061,#5040);
#5027=PROPERTY_DEFINITION_REPRESENTATION(#5062,#5041);
#5028=PROPERTY_DEFINITION_REPRESENTATION(#5063,#5042);
#5029=PROPERTY_DEFINITION_REPRESENTATION(#5064,#5043);
#5030=PROPERTY_DEFINITION_REPRESENTATION(#5065,#5044);
#5031=PROPERTY_DEFINITION_REPRESENTATION(#5066,#5045);
#5032=REPRESENTATION('material name',(#5046),#10049);
#5033=REPRESENTATION('density',(#5011),#10049);
#5034=REPRESENTATION('material name',(#5047),#10050);
#5035=REPRESENTATION('density',(#5012),#10050);
#5036=REPRESENTATION('material name',(#5048),#10051);
#5037=REPRESENTATION('density',(#5013),#10051);
#5038=REPRESENTATION('material name',(#5049),#10052);
#5039=REPRESENTATION('density',(#5014),#10052);
#5040=REPRESENTATION('material name',(#5050),#10053);
#5041=REPRESENTATION('density',(#5015),#10053);
#5042=REPRESENTATION('material name',(#5051),#10054);
#5043=REPRESENTATION('density',(#5016),#10054);
#5044=REPRESENTATION('material name',(#5052),#10055);
#5045=REPRESENTATION('density',(#5017),#10055);
#5046=DESCRIPTIVE_REPRESENTATION_ITEM('Steel','Steel');
#5047=DESCRIPTIVE_REPRESENTATION_ITEM('Steel','Steel');
#5048=DESCRIPTIVE_REPRESENTATION_ITEM('Steel','Steel');
#5049=DESCRIPTIVE_REPRESENTATION_ITEM('Steel','Steel');
#5050=DESCRIPTIVE_REPRESENTATION_ITEM('Steel','Steel');
#5051=DESCRIPTIVE_REPRESENTATION_ITEM('Steel','Steel');
#5052=DESCRIPTIVE_REPRESENTATION_ITEM('Steel','Steel');
#5053=PROPERTY_DEFINITION('material property','material name',#10094);
#5054=PROPERTY_DEFINITION('material property','density of part',#10094);
#5055=PROPERTY_DEFINITION('material property','material name',#10095);
#5056=PROPERTY_DEFINITION('material property','density of part',#10095);
#5057=PROPERTY_DEFINITION('material property','material name',#10096);
#5058=PROPERTY_DEFINITION('material property','density of part',#10096);
#5059=PROPERTY_DEFINITION('material property','material name',#10097);
#5060=PROPERTY_DEFINITION('material property','density of part',#10097);
#5061=PROPERTY_DEFINITION('material property','material name',#10098);
#5062=PROPERTY_DEFINITION('material property','density of part',#10098);
#5063=PROPERTY_DEFINITION('material property','material name',#10099);
#5064=PROPERTY_DEFINITION('material property','density of part',#10099);
#5065=PROPERTY_DEFINITION('material property','material name',#10100);
#5066=PROPERTY_DEFINITION('material property','density of part',#10100);
#5067=AXIS2_PLACEMENT_3D('',#6586,#5370,#5371);
#5068=AXIS2_PLACEMENT_3D('',#6587,#5372,#5373);
#5069=AXIS2_PLACEMENT_3D('',#6588,#5374,#5375);
#5070=AXIS2_PLACEMENT_3D('',#6590,#5376,#5377);
#5071=AXIS2_PLACEMENT_3D('',#6593,#5379,#5380);
#5072=AXIS2_PLACEMENT_3D('',#6594,#5381,#5382);
#5073=AXIS2_PLACEMENT_3D('',#6595,#5383,#5384);
#5074=AXIS2_PLACEMENT_3D('',#6596,#5385,#5386);
#5075=AXIS2_PLACEMENT_3D('',#6597,#5387,#5388);
#5076=AXIS2_PLACEMENT_3D('',#6599,#5389,#5390);
#5077=AXIS2_PLACEMENT_3D('',#6602,#5392,#5393);
#5078=AXIS2_PLACEMENT_3D('',#6603,#5394,#5395);
#5079=AXIS2_PLACEMENT_3D('',#6605,#5396,#5397);
#5080=AXIS2_PLACEMENT_3D('',#6608,#5399,#5400);
#5081=AXIS2_PLACEMENT_3D('',#6609,#5401,#5402);
#5082=AXIS2_PLACEMENT_3D('',#6611,#5403,#5404);
#5083=AXIS2_PLACEMENT_3D('',#6614,#5406,#5407);
#5084=AXIS2_PLACEMENT_3D('',#6615,#5408,#5409);
#5085=AXIS2_PLACEMENT_3D('',#6617,#5410,#5411);
#5086=AXIS2_PLACEMENT_3D('',#6620,#5413,#5414);
#5087=AXIS2_PLACEMENT_3D('',#6621,#5415,#5416);
#5088=AXIS2_PLACEMENT_3D('',#6630,#5421,#5422);
#5089=AXIS2_PLACEMENT_3D('',#6639,#5427,#5428);
#5090=AXIS2_PLACEMENT_3D('',#6642,#5431,#5432);
#5091=AXIS2_PLACEMENT_3D('',#6644,#5434,#5435);
#5092=AXIS2_PLACEMENT_3D('',#6646,#5437,#5438);
#5093=AXIS2_PLACEMENT_3D('',#6647,#5439,#5440);
#5094=AXIS2_PLACEMENT_3D('',#6648,#5441,#5442);
#5095=AXIS2_PLACEMENT_3D('',#6650,#5443,#5444);
#5096=AXIS2_PLACEMENT_3D('',#6653,#5446,#5447);
#5097=AXIS2_PLACEMENT_3D('',#6654,#5448,#5449);
#5098=AXIS2_PLACEMENT_3D('',#6656,#5450,#5451);
#5099=AXIS2_PLACEMENT_3D('',#6659,#5453,#5454);
#5100=AXIS2_PLACEMENT_3D('',#6660,#5455,#5456);
#5101=AXIS2_PLACEMENT_3D('',#6661,#5457,#5458);
#5102=AXIS2_PLACEMENT_3D('',#6662,#5459,#5460);
#5103=AXIS2_PLACEMENT_3D('',#6663,#5461,#5462);
#5104=AXIS2_PLACEMENT_3D('',#6665,#5463,#5464);
#5105=AXIS2_PLACEMENT_3D('',#6668,#5466,#5467);
#5106=AXIS2_PLACEMENT_3D('',#6669,#5468,#5469);
#5107=AXIS2_PLACEMENT_3D('',#6671,#5470,#5471);
#5108=AXIS2_PLACEMENT_3D('',#6674,#5473,#5474);
#5109=AXIS2_PLACEMENT_3D('',#6675,#5475,#5476);
#5110=AXIS2_PLACEMENT_3D('',#6676,#5477,#5478);
#5111=AXIS2_PLACEMENT_3D('',#6677,#5479,#5480);
#5112=AXIS2_PLACEMENT_3D('',#6678,#5481,#5482);
#5113=AXIS2_PLACEMENT_3D('',#6680,#5483,#5484);
#5114=AXIS2_PLACEMENT_3D('',#6683,#5486,#5487);
#5115=AXIS2_PLACEMENT_3D('',#6684,#5488,#5489);
#5116=AXIS2_PLACEMENT_3D('',#6686,#5490,#5491);
#5117=AXIS2_PLACEMENT_3D('',#6689,#5493,#5494);
#5118=AXIS2_PLACEMENT_3D('',#6690,#5495,#5496);
#5119=AXIS2_PLACEMENT_3D('',#6691,#5497,#5498);
#5120=AXIS2_PLACEMENT_3D('',#6692,#5499,#5500);
#5121=AXIS2_PLACEMENT_3D('',#6802,#5501,#5502);
#5122=AXIS2_PLACEMENT_3D('',#6805,#5504,#5505);
#5123=AXIS2_PLACEMENT_3D('',#6806,#5506,#5507);
#5124=AXIS2_PLACEMENT_3D('',#6807,#5508,#5509);
#5125=AXIS2_PLACEMENT_3D('',#6808,#5510,#5511);
#5126=AXIS2_PLACEMENT_3D('',#6809,#5512,#5513);
#5127=AXIS2_PLACEMENT_3D('',#6818,#5518,#5519);
#5128=AXIS2_PLACEMENT_3D('',#6824,#5523,#5524);
#5129=AXIS2_PLACEMENT_3D('',#6830,#5528,#5529);
#5130=AXIS2_PLACEMENT_3D('',#6836,#5533,#5534);
#5131=AXIS2_PLACEMENT_3D('',#6842,#5538,#5539);
#5132=AXIS2_PLACEMENT_3D('',#6848,#5543,#5544);
#5133=AXIS2_PLACEMENT_3D('',#6854,#5548,#5549);
#5134=AXIS2_PLACEMENT_3D('',#6860,#5553,#5554);
#5135=AXIS2_PLACEMENT_3D('',#6866,#5558,#5559);
#5136=AXIS2_PLACEMENT_3D('',#6872,#5563,#5564);
#5137=AXIS2_PLACEMENT_3D('',#6878,#5568,#5569);
#5138=AXIS2_PLACEMENT_3D('',#6881,#5572,#5573);
#5139=AXIS2_PLACEMENT_3D('',#7356,#5576,#5577);
#5140=AXIS2_PLACEMENT_3D('',#7357,#5578,#5579);
#5141=AXIS2_PLACEMENT_3D('',#7358,#5580,#5581);
#5142=AXIS2_PLACEMENT_3D('',#7665,#5590,#5591);
#5143=AXIS2_PLACEMENT_3D('',#7793,#5595,#5596);
#5144=AXIS2_PLACEMENT_3D('',#7935,#5600,#5601);
#5145=AXIS2_PLACEMENT_3D('',#7938,#5604,#5605);
#5146=AXIS2_PLACEMENT_3D('',#7939,#5606,#5607);
#5147=AXIS2_PLACEMENT_3D('',#7940,#5608,#5609);
#5148=AXIS2_PLACEMENT_3D('',#7941,#5610,#5611);
#5149=AXIS2_PLACEMENT_3D('',#7950,#5616,#5617);
#5150=AXIS2_PLACEMENT_3D('',#7956,#5621,#5622);
#5151=AXIS2_PLACEMENT_3D('',#7962,#5626,#5627);
#5152=AXIS2_PLACEMENT_3D('',#7968,#5631,#5632);
#5153=AXIS2_PLACEMENT_3D('',#7974,#5636,#5637);
#5154=AXIS2_PLACEMENT_3D('',#7980,#5641,#5642);
#5155=AXIS2_PLACEMENT_3D('',#7986,#5646,#5647);
#5156=AXIS2_PLACEMENT_3D('',#7992,#5651,#5652);
#5157=AXIS2_PLACEMENT_3D('',#7998,#5656,#5657);
#5158=AXIS2_PLACEMENT_3D('',#8004,#5661,#5662);
#5159=AXIS2_PLACEMENT_3D('',#8010,#5666,#5667);
#5160=AXIS2_PLACEMENT_3D('',#8013,#5670,#5671);
#5161=AXIS2_PLACEMENT_3D('',#8014,#5672,#5673);
#5162=AXIS2_PLACEMENT_3D('',#8288,#5679,#5680);
#5163=AXIS2_PLACEMENT_3D('',#8584,#5684,#5685);
#5164=AXIS2_PLACEMENT_3D('',#8585,#5686,#5687);
#5165=AXIS2_PLACEMENT_3D('',#8594,#5692,#5693);
#5166=AXIS2_PLACEMENT_3D('',#8600,#5697,#5698);
#5167=AXIS2_PLACEMENT_3D('',#8606,#5702,#5703);
#5168=AXIS2_PLACEMENT_3D('',#8612,#5707,#5708);
#5169=AXIS2_PLACEMENT_3D('',#8618,#5712,#5713);
#5170=AXIS2_PLACEMENT_3D('',#8624,#5717,#5718);
#5171=AXIS2_PLACEMENT_3D('',#8630,#5722,#5723);
#5172=AXIS2_PLACEMENT_3D('',#8636,#5727,#5728);
#5173=AXIS2_PLACEMENT_3D('',#8642,#5732,#5733);
#5174=AXIS2_PLACEMENT_3D('',#8648,#5737,#5738);
#5175=AXIS2_PLACEMENT_3D('',#8654,#5742,#5743);
#5176=AXIS2_PLACEMENT_3D('',#8657,#5746,#5747);
#5177=AXIS2_PLACEMENT_3D('',#8658,#5748,#5749);
#5178=AXIS2_PLACEMENT_3D('',#8667,#5754,#5755);
#5179=AXIS2_PLACEMENT_3D('',#8673,#5759,#5760);
#5180=AXIS2_PLACEMENT_3D('',#8679,#5764,#5765);
#5181=AXIS2_PLACEMENT_3D('',#8685,#5769,#5770);
#5182=AXIS2_PLACEMENT_3D('',#8691,#5774,#5775);
#5183=AXIS2_PLACEMENT_3D('',#8697,#5779,#5780);
#5184=AXIS2_PLACEMENT_3D('',#8703,#5784,#5785);
#5185=AXIS2_PLACEMENT_3D('',#8709,#5789,#5790);
#5186=AXIS2_PLACEMENT_3D('',#8715,#5794,#5795);
#5187=AXIS2_PLACEMENT_3D('',#8721,#5799,#5800);
#5188=AXIS2_PLACEMENT_3D('',#8727,#5804,#5805);
#5189=AXIS2_PLACEMENT_3D('',#8730,#5808,#5809);
#5190=AXIS2_PLACEMENT_3D('',#8731,#5810,#5811);
#5191=AXIS2_PLACEMENT_3D('',#8740,#5816,#5817);
#5192=AXIS2_PLACEMENT_3D('',#8746,#5821,#5822);
#5193=AXIS2_PLACEMENT_3D('',#8752,#5826,#5827);
#5194=AXIS2_PLACEMENT_3D('',#8758,#5831,#5832);
#5195=AXIS2_PLACEMENT_3D('',#8764,#5836,#5837);
#5196=AXIS2_PLACEMENT_3D('',#8770,#5841,#5842);
#5197=AXIS2_PLACEMENT_3D('',#8776,#5846,#5847);
#5198=AXIS2_PLACEMENT_3D('',#8782,#5851,#5852);
#5199=AXIS2_PLACEMENT_3D('',#8788,#5856,#5857);
#5200=AXIS2_PLACEMENT_3D('',#8794,#5861,#5862);
#5201=AXIS2_PLACEMENT_3D('',#8800,#5866,#5867);
#5202=AXIS2_PLACEMENT_3D('',#8803,#5870,#5871);
#5203=AXIS2_PLACEMENT_3D('',#8804,#5872,#5873);
#5204=AXIS2_PLACEMENT_3D('',#8994,#5879,#5880);
#5205=AXIS2_PLACEMENT_3D('',#9206,#5884,#5885);
#5206=AXIS2_PLACEMENT_3D('',#9207,#5886,#5887);
#5207=AXIS2_PLACEMENT_3D('',#9220,#5894,#5895);
#5208=AXIS2_PLACEMENT_3D('',#9227,#5899,#5900);
#5209=AXIS2_PLACEMENT_3D('',#9234,#5905,#5906);
#5210=AXIS2_PLACEMENT_3D('',#9244,#5912,#5913);
#5211=AXIS2_PLACEMENT_3D('',#9246,#5915,#5916);
#5212=AXIS2_PLACEMENT_3D('',#9344,#5966,#5967);
#5213=AXIS2_PLACEMENT_3D('',#9350,#5971,#5972);
#5214=AXIS2_PLACEMENT_3D('',#9362,#5979,#5980);
#5215=AXIS2_PLACEMENT_3D('',#9368,#5984,#5985);
#5216=AXIS2_PLACEMENT_3D('',#9372,#5988,#5989);
#5217=AXIS2_PLACEMENT_3D('',#9382,#5995,#5996);
#5218=AXIS2_PLACEMENT_3D('',#9386,#5999,#6000);
#5219=AXIS2_PLACEMENT_3D('',#9390,#6003,#6004);
#5220=AXIS2_PLACEMENT_3D('',#9398,#6009,#6010);
#5221=AXIS2_PLACEMENT_3D('',#9400,#6012,#6013);
#5222=AXIS2_PLACEMENT_3D('',#9412,#6020,#6021);
#5223=AXIS2_PLACEMENT_3D('',#9418,#6025,#6026);
#5224=AXIS2_PLACEMENT_3D('',#9422,#6029,#6030);
#5225=AXIS2_PLACEMENT_3D('',#9432,#6036,#6037);
#5226=AXIS2_PLACEMENT_3D('',#9436,#6040,#6041);
#5227=AXIS2_PLACEMENT_3D('',#9440,#6044,#6045);
#5228=AXIS2_PLACEMENT_3D('',#9448,#6050,#6051);
#5229=AXIS2_PLACEMENT_3D('',#9450,#6053,#6054);
#5230=AXIS2_PLACEMENT_3D('',#9462,#6061,#6062);
#5231=AXIS2_PLACEMENT_3D('',#9468,#6066,#6067);
#5232=AXIS2_PLACEMENT_3D('',#9472,#6070,#6071);
#5233=AXIS2_PLACEMENT_3D('',#9482,#6077,#6078);
#5234=AXIS2_PLACEMENT_3D('',#9486,#6081,#6082);
#5235=AXIS2_PLACEMENT_3D('',#9490,#6085,#6086);
#5236=AXIS2_PLACEMENT_3D('',#9498,#6091,#6092);
#5237=AXIS2_PLACEMENT_3D('',#9500,#6094,#6095);
#5238=AXIS2_PLACEMENT_3D('',#9508,#6100,#6101);
#5239=AXIS2_PLACEMENT_3D('',#9514,#6105,#6106);
#5240=AXIS2_PLACEMENT_3D('',#9518,#6109,#6110);
#5241=AXIS2_PLACEMENT_3D('',#9528,#6116,#6117);
#5242=AXIS2_PLACEMENT_3D('',#9536,#6122,#6123);
#5243=AXIS2_PLACEMENT_3D('',#9542,#6127,#6128);
#5244=AXIS2_PLACEMENT_3D('',#9548,#6132,#6133);
#5245=AXIS2_PLACEMENT_3D('',#9552,#6136,#6137);
#5246=AXIS2_PLACEMENT_3D('',#9556,#6140,#6141);
#5247=AXIS2_PLACEMENT_3D('',#9562,#6145,#6146);
#5248=AXIS2_PLACEMENT_3D('',#9568,#6150,#6151);
#5249=AXIS2_PLACEMENT_3D('',#9576,#6156,#6157);
#5250=AXIS2_PLACEMENT_3D('',#9584,#6162,#6163);
#5251=AXIS2_PLACEMENT_3D('',#9592,#6168,#6169);
#5252=AXIS2_PLACEMENT_3D('',#9597,#6173,#6174);
#5253=AXIS2_PLACEMENT_3D('',#9601,#6177,#6178);
#5254=AXIS2_PLACEMENT_3D('',#9605,#6181,#6182);
#5255=AXIS2_PLACEMENT_3D('',#9609,#6185,#6186);
#5256=AXIS2_PLACEMENT_3D('',#9615,#6190,#6191);
#5257=AXIS2_PLACEMENT_3D('',#9617,#6193,#6194);
#5258=AXIS2_PLACEMENT_3D('',#9622,#6197,#6198);
#5259=AXIS2_PLACEMENT_3D('',#9623,#6199,#6200);
#5260=AXIS2_PLACEMENT_3D('',#9651,#6215,#6216);
#5261=AXIS2_PLACEMENT_3D('',#9652,#6217,#6218);
#5262=AXIS2_PLACEMENT_3D('',#9654,#6220,#6221);
#5263=AXIS2_PLACEMENT_3D('',#9657,#6224,#6225);
#5264=AXIS2_PLACEMENT_3D('',#9658,#6226,#6227);
#5265=AXIS2_PLACEMENT_3D('',#9662,#6230,#6231);
#5266=AXIS2_PLACEMENT_3D('',#9665,#6234,#6235);
#5267=AXIS2_PLACEMENT_3D('',#9666,#6236,#6237);
#5268=AXIS2_PLACEMENT_3D('',#9670,#6240,#6241);
#5269=AXIS2_PLACEMENT_3D('',#9673,#6244,#6245);
#5270=AXIS2_PLACEMENT_3D('',#9674,#6246,#6247);
#5271=AXIS2_PLACEMENT_3D('',#9678,#6250,#6251);
#5272=AXIS2_PLACEMENT_3D('',#9681,#6254,#6255);
#5273=AXIS2_PLACEMENT_3D('',#9682,#6256,#6257);
#5274=AXIS2_PLACEMENT_3D('',#9686,#6260,#6261);
#5275=AXIS2_PLACEMENT_3D('',#9692,#6265,#6266);
#5276=AXIS2_PLACEMENT_3D('',#9696,#6269,#6270);
#5277=AXIS2_PLACEMENT_3D('',#9700,#6273,#6274);
#5278=AXIS2_PLACEMENT_3D('',#9702,#6276,#6277);
#5279=AXIS2_PLACEMENT_3D('',#9704,#6278,#6279);
#5280=AXIS2_PLACEMENT_3D('',#9707,#6281,#6282);
#5281=AXIS2_PLACEMENT_3D('',#9708,#6283,#6284);
#5282=AXIS2_PLACEMENT_3D('',#9709,#6285,#6286);
#5283=AXIS2_PLACEMENT_3D('',#9711,#6287,#6288);
#5284=AXIS2_PLACEMENT_3D('',#9714,#6290,#6291);
#5285=AXIS2_PLACEMENT_3D('',#9715,#6292,#6293);
#5286=AXIS2_PLACEMENT_3D('',#9716,#6294,#6295);
#5287=AXIS2_PLACEMENT_3D('',#9718,#6296,#6297);
#5288=AXIS2_PLACEMENT_3D('',#9721,#6299,#6300);
#5289=AXIS2_PLACEMENT_3D('',#9722,#6301,#6302);
#5290=AXIS2_PLACEMENT_3D('',#9723,#6303,#6304);
#5291=AXIS2_PLACEMENT_3D('',#9725,#6305,#6306);
#5292=AXIS2_PLACEMENT_3D('',#9728,#6308,#6309);
#5293=AXIS2_PLACEMENT_3D('',#9729,#6310,#6311);
#5294=AXIS2_PLACEMENT_3D('',#9730,#6312,#6313);
#5295=AXIS2_PLACEMENT_3D('',#9732,#6314,#6315);
#5296=AXIS2_PLACEMENT_3D('',#9734,#6317,#6318);
#5297=AXIS2_PLACEMENT_3D('',#9743,#6323,#6324);
#5298=AXIS2_PLACEMENT_3D('',#9745,#6325,#6326);
#5299=AXIS2_PLACEMENT_3D('',#9748,#6328,#6329);
#5300=AXIS2_PLACEMENT_3D('',#9749,#6330,#6331);
#5301=AXIS2_PLACEMENT_3D('',#9750,#6332,#6333);
#5302=AXIS2_PLACEMENT_3D('',#9756,#6337,#6338);
#5303=AXIS2_PLACEMENT_3D('',#9760,#6341,#6342);
#5304=AXIS2_PLACEMENT_3D('',#9772,#6349,#6350);
#5305=AXIS2_PLACEMENT_3D('',#9781,#6355,#6356);
#5306=AXIS2_PLACEMENT_3D('',#9785,#6359,#6360);
#5307=AXIS2_PLACEMENT_3D('',#9806,#6362,#6363);
#5308=AXIS2_PLACEMENT_3D('',#9807,#6364,#6365);
#5309=AXIS2_PLACEMENT_3D('',#9808,#6366,#6367);
#5310=AXIS2_PLACEMENT_3D('',#9810,#6369,#6370);
#5311=AXIS2_PLACEMENT_3D('',#9828,#6380,#6381);
#5312=AXIS2_PLACEMENT_3D('',#9838,#6386,#6387);
#5313=AXIS2_PLACEMENT_3D('',#9839,#6388,#6389);
#5314=AXIS2_PLACEMENT_3D('',#9862,#6393,#6394);
#5315=AXIS2_PLACEMENT_3D('',#9863,#6395,#6396);
#5316=AXIS2_PLACEMENT_3D('',#9864,#6397,#6398);
#5317=AXIS2_PLACEMENT_3D('',#9866,#6400,#6401);
#5318=AXIS2_PLACEMENT_3D('',#9872,#6405,#6406);
#5319=AXIS2_PLACEMENT_3D('',#9878,#6410,#6411);
#5320=AXIS2_PLACEMENT_3D('',#9885,#6415,#6416);
#5321=AXIS2_PLACEMENT_3D('',#9886,#6417,#6418);
#5322=AXIS2_PLACEMENT_3D('',#9889,#6420,#6421);
#5323=AXIS2_PLACEMENT_3D('',#9890,#6422,#6423);
#5324=AXIS2_PLACEMENT_3D('',#9891,#6424,#6425);
#5325=AXIS2_PLACEMENT_3D('',#9893,#6427,#6428);
#5326=AXIS2_PLACEMENT_3D('',#9895,#6430,#6431);
#5327=AXIS2_PLACEMENT_3D('',#9901,#6435,#6436);
#5328=AXIS2_PLACEMENT_3D('',#9905,#6439,#6440);
#5329=AXIS2_PLACEMENT_3D('',#9909,#6443,#6444);
#5330=AXIS2_PLACEMENT_3D('',#9911,#6446,#6447);
#5331=AXIS2_PLACEMENT_3D('',#9917,#6451,#6452);
#5332=AXIS2_PLACEMENT_3D('',#9921,#6455,#6456);
#5333=AXIS2_PLACEMENT_3D('',#9925,#6459,#6460);
#5334=AXIS2_PLACEMENT_3D('',#9927,#6462,#6463);
#5335=AXIS2_PLACEMENT_3D('',#9933,#6467,#6468);
#5336=AXIS2_PLACEMENT_3D('',#9937,#6471,#6472);
#5337=AXIS2_PLACEMENT_3D('',#9941,#6475,#6476);
#5338=AXIS2_PLACEMENT_3D('',#9943,#6478,#6479);
#5339=AXIS2_PLACEMENT_3D('',#9949,#6483,#6484);
#5340=AXIS2_PLACEMENT_3D('',#9953,#6487,#6488);
#5341=AXIS2_PLACEMENT_3D('',#9957,#6491,#6492);
#5342=AXIS2_PLACEMENT_3D('',#9959,#6494,#6495);
#5343=AXIS2_PLACEMENT_3D('',#9965,#6499,#6500);
#5344=AXIS2_PLACEMENT_3D('',#9969,#6503,#6504);
#5345=AXIS2_PLACEMENT_3D('',#9973,#6507,#6508);
#5346=AXIS2_PLACEMENT_3D('',#9975,#6510,#6511);
#5347=AXIS2_PLACEMENT_3D('',#9981,#6515,#6516);
#5348=AXIS2_PLACEMENT_3D('',#9985,#6519,#6520);
#5349=AXIS2_PLACEMENT_3D('',#9989,#6523,#6524);
#5350=AXIS2_PLACEMENT_3D('',#9991,#6526,#6527);
#5351=AXIS2_PLACEMENT_3D('',#9997,#6531,#6532);
#5352=AXIS2_PLACEMENT_3D('',#10001,#6535,#6536);
#5353=AXIS2_PLACEMENT_3D('',#10005,#6539,#6540);
#5354=AXIS2_PLACEMENT_3D('',#10007,#6542,#6543);
#5355=AXIS2_PLACEMENT_3D('',#10013,#6547,#6548);
#5356=AXIS2_PLACEMENT_3D('',#10017,#6551,#6552);
#5357=AXIS2_PLACEMENT_3D('',#10021,#6555,#6556);
#5358=AXIS2_PLACEMENT_3D('',#10023,#6558,#6559);
#5359=AXIS2_PLACEMENT_3D('',#10025,#6561,#6562);
#5360=AXIS2_PLACEMENT_3D('',#10027,#6564,#6565);
#5361=AXIS2_PLACEMENT_3D('',#10029,#6567,#6568);
#5362=AXIS2_PLACEMENT_3D('',#10031,#6570,#6571);
#5363=AXIS2_PLACEMENT_3D('',#10032,#6572,#6573);
#5364=AXIS2_PLACEMENT_3D('',#10033,#6574,#6575);
#5365=AXIS2_PLACEMENT_3D('',#10034,#6576,#6577);
#5366=AXIS2_PLACEMENT_3D('',#10035,#6578,#6579);
#5367=AXIS2_PLACEMENT_3D('',#10036,#6580,#6581);
#5368=AXIS2_PLACEMENT_3D('',#10037,#6582,#6583);
#5369=AXIS2_PLACEMENT_3D('',#10038,#6584,#6585);
#5370=DIRECTION('axis',(0.,0.,1.));
#5371=DIRECTION('refdir',(1.,0.,0.));
#5372=DIRECTION('axis',(0.,0.,1.));
#5373=DIRECTION('refdir',(1.,0.,0.));
#5374=DIRECTION('center_axis',(-3.91290427047693E-15,-3.77475828372558E-15,
1.));
#5375=DIRECTION('ref_axis',(2.34326020266315E-17,-1.,2.09708793540308E-16));
#5376=DIRECTION('center_axis',(-1.20768650323359E-17,2.09708793540308E-16,
1.));
#5377=DIRECTION('ref_axis',(2.34326020266315E-17,-1.,2.09708793540308E-16));
#5378=DIRECTION('',(3.91290427047693E-15,3.77475828372558E-15,-1.));
#5379=DIRECTION('center_axis',(-1.20768650323359E-17,2.09708793540308E-16,
1.));
#5380=DIRECTION('ref_axis',(2.34326020266315E-17,-1.,2.09708793540308E-16));
#5381=DIRECTION('center_axis',(-1.20768650323359E-17,2.09708793540308E-16,
1.));
#5382=DIRECTION('ref_axis',(1.,0.,1.20768650323359E-17));
#5383=DIRECTION('center_axis',(-1.20768650323359E-17,2.09708793540308E-16,
1.));
#5384=DIRECTION('ref_axis',(1.,0.,1.20768650323359E-17));
#5385=DIRECTION('axis',(0.,0.,1.));
#5386=DIRECTION('refdir',(1.,0.,0.));
#5387=DIRECTION('center_axis',(-1.23306187636404E-16,2.4138126963738E-16,
1.));
#5388=DIRECTION('ref_axis',(-1.,-2.71926214689378E-32,-1.21628915094208E-16));
#5389=DIRECTION('center_axis',(-1.22464679914735E-16,2.20183439576783E-16,
1.));
#5390=DIRECTION('ref_axis',(-1.,-2.71926214689378E-32,-1.21628915094208E-16));
#5391=DIRECTION('',(-1.23306187636404E-16,2.4138126963738E-16,1.));
#5392=DIRECTION('center_axis',(1.22464679914735E-16,-2.20183439576783E-16,
-1.));
#5393=DIRECTION('ref_axis',(-1.,-2.71926214689378E-32,-1.21628915094208E-16));
#5394=DIRECTION('center_axis',(-1.23306187636404E-16,2.4138126963738E-16,
1.));
#5395=DIRECTION('ref_axis',(-1.,-2.71926214689378E-32,-1.21628915094208E-16));
#5396=DIRECTION('center_axis',(-1.22464679914735E-16,2.20183439576783E-16,
1.));
#5397=DIRECTION('ref_axis',(-1.,-2.71926214689378E-32,-1.21628915094208E-16));
#5398=DIRECTION('',(-1.23306187636404E-16,2.4138126963738E-16,1.));
#5399=DIRECTION('center_axis',(1.22464679914735E-16,-2.20183439576783E-16,
-1.));
#5400=DIRECTION('ref_axis',(-1.,-2.71926214689378E-32,-1.21628915094208E-16));
#5401=DIRECTION('center_axis',(-1.23306187636404E-16,2.4138126963738E-16,
1.));
#5402=DIRECTION('ref_axis',(-1.,-2.71926214689378E-32,-1.21628915094208E-16));
#5403=DIRECTION('center_axis',(-1.22464679914735E-16,2.20183439576783E-16,
1.));
#5404=DIRECTION('ref_axis',(-1.,-2.71926214689378E-32,-1.21628915094208E-16));
#5405=DIRECTION('',(-1.23306187636404E-16,2.4138126963738E-16,1.));
#5406=DIRECTION('center_axis',(1.22464679914735E-16,-2.20183439576783E-16,
-1.));
#5407=DIRECTION('ref_axis',(-1.,-2.71926214689378E-32,-1.21628915094208E-16));
#5408=DIRECTION('center_axis',(-1.23306187636404E-16,2.4138126963738E-16,
1.));
#5409=DIRECTION('ref_axis',(-1.,-2.71926214689378E-32,-1.21628915094208E-16));
#5410=DIRECTION('center_axis',(-1.22464679914735E-16,2.20183439576783E-16,
1.));
#5411=DIRECTION('ref_axis',(-1.,-2.71926214689378E-32,-1.21628915094208E-16));
#5412=DIRECTION('',(-1.23306187636404E-16,2.4138126963738E-16,1.));
#5413=DIRECTION('center_axis',(1.22464679914735E-16,-2.20183439576783E-16,
-1.));
#5414=DIRECTION('ref_axis',(-1.,-2.71926214689378E-32,-1.21628915094208E-16));
#5415=DIRECTION('center_axis',(2.46710484247876E-31,-1.,-1.79249937967237E-15));
#5416=DIRECTION('ref_axis',(0.,1.79249937967237E-15,-1.));
#5417=DIRECTION('',(1.22464679914735E-16,1.79249937967237E-15,-1.));
#5418=DIRECTION('',(1.,2.71926214689378E-32,1.22464679914735E-16));
#5419=DIRECTION('',(-1.22464679914735E-16,-1.79249937967237E-15,1.));
#5420=DIRECTION('',(-1.,-2.71926214689378E-32,-1.22464679914735E-16));
#5421=DIRECTION('center_axis',(2.46710484247876E-31,-1.,-1.79249937967237E-15));
#5422=DIRECTION('ref_axis',(0.,1.79249937967237E-15,-1.));
#5423=DIRECTION('',(-1.22464679914735E-16,-1.79249937967237E-15,1.));
#5424=DIRECTION('',(1.,2.71926214689378E-32,1.22464679914735E-16));
#5425=DIRECTION('',(1.22464679914735E-16,1.79249937967237E-15,-1.));
#5426=DIRECTION('',(-1.,-2.71926214689378E-32,-1.22464679914735E-16));
#5427=DIRECTION('center_axis',(1.22464679914735E-16,-2.20183439576783E-16,
-1.));
#5428=DIRECTION('ref_axis',(-1.,0.,-1.22464679914735E-16));
#5429=DIRECTION('',(-2.2792701864162E-34,1.,-2.20183439576783E-16));
#5430=DIRECTION('',(-2.2792701864162E-34,1.,-2.20183439576783E-16));
#5431=DIRECTION('center_axis',(-1.,-2.71926214689378E-32,-1.22464679914735E-16));
#5432=DIRECTION('ref_axis',(-1.22464679914735E-16,0.,1.));
#5433=DIRECTION('',(-2.2792701864162E-34,1.,-2.20183439576783E-16));
#5434=DIRECTION('center_axis',(-1.22464679914735E-16,2.20183439576783E-16,
1.));
#5435=DIRECTION('ref_axis',(1.,0.,1.22464679914735E-16));
#5436=DIRECTION('',(-2.2792701864162E-34,1.,-2.20183439576783E-16));
#5437=DIRECTION('center_axis',(1.,2.71926214689378E-32,1.22464679914735E-16));
#5438=DIRECTION('ref_axis',(1.22464679914735E-16,0.,-1.));
#5439=DIRECTION('axis',(0.,0.,1.));
#5440=DIRECTION('refdir',(1.,0.,0.));
#5441=DIRECTION('center_axis',(5.33420963692557E-17,2.23191266415547E-16,
1.));
#5442=DIRECTION('ref_axis',(6.12323399573677E-17,1.,-2.2090383449197E-16));
#5443=DIRECTION('center_axis',(3.65482420381049E-17,2.22044604925031E-16,
1.));
#5444=DIRECTION('ref_axis',(6.12323399573677E-17,1.,-2.2090383449197E-16));
#5445=DIRECTION('',(5.33420963692557E-17,2.23191266415547E-16,1.));
#5446=DIRECTION('center_axis',(-3.65482420381049E-17,-2.22044604925031E-16,
-1.));
#5447=DIRECTION('ref_axis',(6.12323399573677E-17,1.,-2.2090383449197E-16));
#5448=DIRECTION('center_axis',(7.07573965857729E-16,2.22044604925031E-16,
1.));
#5449=DIRECTION('ref_axis',(6.12323399573677E-17,1.,-2.22044604925031E-16));
#5450=DIRECTION('center_axis',(3.65482420381049E-17,2.22044604925031E-16,
1.));
#5451=DIRECTION('ref_axis',(6.12323399573677E-17,1.,-2.22044604925031E-16));
#5452=DIRECTION('',(-7.07573965857729E-16,-2.22044604925031E-16,-1.));
#5453=DIRECTION('center_axis',(3.65482420381049E-17,2.22044604925031E-16,
1.));
#5454=DIRECTION('ref_axis',(6.12323399573677E-17,1.,-2.22044604925031E-16));
#5455=DIRECTION('center_axis',(3.65482420381049E-17,2.22044604925031E-16,
1.));
#5456=DIRECTION('ref_axis',(1.,0.,-3.65482420381049E-17));
#5457=DIRECTION('center_axis',(3.65482420381049E-17,2.22044604925031E-16,
1.));
#5458=DIRECTION('ref_axis',(1.,0.,-3.65482420381049E-17));
#5459=DIRECTION('axis',(0.,0.,1.));
#5460=DIRECTION('refdir',(1.,0.,0.));
#5461=DIRECTION('center_axis',(2.67050104691501E-17,2.23475472916938E-16,
1.));
#5462=DIRECTION('ref_axis',(6.12323399573677E-17,1.,-2.20622898489799E-16));
#5463=DIRECTION('center_axis',(7.30964840762108E-17,2.22044604925031E-16,
1.));
#5464=DIRECTION('ref_axis',(6.12323399573677E-17,1.,-2.20622898489799E-16));
#5465=DIRECTION('',(2.67050104691501E-17,2.23475472916938E-16,1.));
#5466=DIRECTION('center_axis',(-7.30964840762108E-17,-2.22044604925031E-16,
-1.));
#5467=DIRECTION('ref_axis',(6.12323399573677E-17,1.,-2.20622898489799E-16));
#5468=DIRECTION('center_axis',(3.5378698292886E-16,2.22044604925031E-16,
1.));
#5469=DIRECTION('ref_axis',(6.12323399573677E-17,1.,-2.22044604925031E-16));
#5470=DIRECTION('center_axis',(7.30964840762108E-17,2.22044604925031E-16,
1.));
#5471=DIRECTION('ref_axis',(6.12323399573677E-17,1.,-2.22044604925031E-16));
#5472=DIRECTION('',(-3.5378698292886E-16,-2.22044604925031E-16,-1.));
#5473=DIRECTION('center_axis',(7.30964840762108E-17,2.22044604925031E-16,
1.));
#5474=DIRECTION('ref_axis',(6.12323399573677E-17,1.,-2.22044604925031E-16));
#5475=DIRECTION('center_axis',(7.30964840762108E-17,2.22044604925031E-16,
1.));
#5476=DIRECTION('ref_axis',(1.,0.,-7.30964840762108E-17));
#5477=DIRECTION('center_axis',(7.30964840762108E-17,2.22044604925031E-16,
1.));
#5478=DIRECTION('ref_axis',(1.,0.,-7.30964840762108E-17));
#5479=DIRECTION('axis',(0.,0.,1.));
#5480=DIRECTION('refdir',(1.,0.,0.));
#5481=DIRECTION('center_axis',(3.55915734684346E-17,2.23380657027959E-16,
1.));
#5482=DIRECTION('ref_axis',(6.12323399573677E-17,1.,-2.20716543823856E-16));
#5483=DIRECTION('center_axis',(5.48223630571581E-17,2.22044604925031E-16,
1.));
#5484=DIRECTION('ref_axis',(6.12323399573677E-17,1.,-2.20716543823856E-16));
#5485=DIRECTION('',(3.55915734684346E-17,2.23380657027959E-16,1.));
#5486=DIRECTION('center_axis',(-5.48223630571581E-17,-2.22044604925031E-16,
-1.));
#5487=DIRECTION('ref_axis',(6.12323399573677E-17,1.,-2.20716543823856E-16));
#5488=DIRECTION('center_axis',(4.71715977238479E-16,2.22044604925031E-16,
1.));
#5489=DIRECTION('ref_axis',(6.12323399573677E-17,1.,-2.22044604925031E-16));
#5490=DIRECTION('center_axis',(5.48223630571581E-17,2.22044604925031E-16,
1.));
#5491=DIRECTION('ref_axis',(6.12323399573677E-17,1.,-2.22044604925031E-16));
#5492=DIRECTION('',(-4.71715977238479E-16,-2.22044604925031E-16,-1.));
#5493=DIRECTION('center_axis',(5.48223630571581E-17,2.22044604925031E-16,
1.));
#5494=DIRECTION('ref_axis',(6.12323399573677E-17,1.,-2.22044604925031E-16));
#5495=DIRECTION('center_axis',(5.48223630571581E-17,2.22044604925031E-16,
1.));
#5496=DIRECTION('ref_axis',(1.,0.,-5.48223630571581E-17));
#5497=DIRECTION('center_axis',(5.48223630571581E-17,2.22044604925031E-16,
1.));
#5498=DIRECTION('ref_axis',(1.,0.,-5.48223630571581E-17));
#5499=DIRECTION('axis',(0.,0.,1.));
#5500=DIRECTION('refdir',(1.,0.,0.));
#5501=DIRECTION('center_axis',(0.,1.78239428263286E-17,1.));
#5502=DIRECTION('ref_axis',(1.,0.,0.));
#5503=DIRECTION('',(0.,-9.54140069323007E-17,-1.));
#5504=DIRECTION('center_axis',(0.,1.78239428263286E-17,1.));
#5505=DIRECTION('ref_axis',(1.,0.,0.));
#5506=DIRECTION('center_axis',(0.,1.78239428263286E-17,1.));
#5507=DIRECTION('ref_axis',(1.,0.,0.));
#5508=DIRECTION('center_axis',(0.,1.78239428263286E-17,1.));
#5509=DIRECTION('ref_axis',(1.,0.,0.));
#5510=DIRECTION('axis',(0.,0.,1.));
#5511=DIRECTION('refdir',(1.,0.,0.));
#5512=DIRECTION('center_axis',(0.,2.83882803754067E-16,1.));
#5513=DIRECTION('ref_axis',(1.,0.,0.));
#5514=DIRECTION('',(1.,5.41559599568507E-32,-1.53739457525438E-47));
#5515=DIRECTION('',(0.,-1.,2.83882803754067E-16));
#5516=DIRECTION('',(1.,0.,0.));
#5517=DIRECTION('',(0.,-1.,2.83882803754067E-16));
#5518=DIRECTION('center_axis',(0.818407818178415,1.63129800170532E-16,0.574637836506131));
#5519=DIRECTION('ref_axis',(0.574637836506131,0.,-0.818407818178414));
#5520=DIRECTION('',(0.574637836506131,-6.10850981872654E-17,-0.818407818178415));
#5521=DIRECTION('',(0.574637836506131,-2.31341284978468E-16,-0.818407818178415));
#5522=DIRECTION('',(0.,-1.,2.83882803754067E-16));
#5523=DIRECTION('center_axis',(-0.814804463442623,1.64577046021591E-16,
0.579735876373008));
#5524=DIRECTION('ref_axis',(0.579735876373008,0.,0.814804463442623));
#5525=DIRECTION('',(0.579735876373008,6.08161475822612E-17,0.814804463442623));
#5526=DIRECTION('',(0.579735876373008,2.30322716122825E-16,0.814804463442623));
#5527=DIRECTION('',(0.,-1.,2.83882803754067E-16));
#5528=DIRECTION('center_axis',(0.,2.83882803754067E-16,1.));
#5529=DIRECTION('ref_axis',(1.,0.,0.));
#5530=DIRECTION('',(1.,5.41559599568507E-32,-1.53739457525438E-47));
#5531=DIRECTION('',(1.,0.,0.));
#5532=DIRECTION('',(0.,-1.,2.83882803754067E-16));
#5533=DIRECTION('center_axis',(0.80994964710335,-1.66497099627958E-16,-0.586499419571033));
#5534=DIRECTION('ref_axis',(-0.586499419571033,0.,-0.80994964710335));
#5535=DIRECTION('',(-0.586499419571033,-6.0453789200317E-17,-0.80994964710335));
#5536=DIRECTION('',(-0.586499419571032,-2.28950393638465E-16,-0.80994964710335));
#5537=DIRECTION('',(0.,-1.,2.83882803754067E-16));
#5538=DIRECTION('center_axis',(0.817602479722308,1.63454922484748E-16,0.575783105997331));
#5539=DIRECTION('ref_axis',(0.575783105997331,0.,-0.817602479722308));
#5540=DIRECTION('',(0.575783105997331,-6.10249885725079E-17,-0.817602479722308));
#5541=DIRECTION('',(0.575783105997331,-2.31113638041158E-16,-0.817602479722308));
#5542=DIRECTION('',(0.,-1.,2.83882803754067E-16));
#5543=DIRECTION('center_axis',(0.,-2.83882803754067E-16,-1.));
#5544=DIRECTION('ref_axis',(-1.,0.,0.));
#5545=DIRECTION('',(-1.,-5.41559599568507E-32,1.53739457525438E-47));
#5546=DIRECTION('',(-1.,0.,0.));
#5547=DIRECTION('',(0.,-1.,2.83882803754067E-16));
#5548=DIRECTION('center_axis',(-0.83283575125818,-1.57134866212601E-16,
-0.553520199655101));
#5549=DIRECTION('ref_axis',(-0.553520199655101,0.,0.83283575125818));
#5550=DIRECTION('',(-0.553520199655101,6.21619839271627E-17,0.83283575125818));
#5551=DIRECTION('',(-0.553520199655101,2.35419663146561E-16,0.83283575125818));
#5552=DIRECTION('',(0.,-1.,2.83882803754067E-16));
#5553=DIRECTION('center_axis',(0.824356141115176,-1.60697966925735E-16,
-0.566071508385377));
#5554=DIRECTION('ref_axis',(-0.566071508385377,0.,-0.824356141115176));
#5555=DIRECTION('',(-0.566071508385377,-6.15290747507475E-17,-0.824356141115176));
#5556=DIRECTION('',(-0.566071508385377,-2.3302271157422E-16,-0.824356141115176));
#5557=DIRECTION('',(0.,-1.,2.83882803754067E-16));
#5558=DIRECTION('center_axis',(0.,-2.83882803754067E-16,-1.));
#5559=DIRECTION('ref_axis',(-1.,0.,0.));
#5560=DIRECTION('',(-1.,-5.41559599568507E-32,1.53739457525438E-47));
#5561=DIRECTION('',(-1.,0.,0.));
#5562=DIRECTION('',(0.,-1.,2.83882803754067E-16));
#5563=DIRECTION('center_axis',(-0.818152759298306,1.63232874429694E-16,
0.575000923871056));
#5564=DIRECTION('ref_axis',(0.575000923871056,0.,0.818152759298306));
#5565=DIRECTION('',(0.575000923871056,6.10660608608998E-17,0.818152759298306));
#5566=DIRECTION('',(0.575000923871056,2.31269186878035E-16,0.818152759298306));
#5567=DIRECTION('',(0.,-1.,2.83882803754067E-16));
#5568=DIRECTION('center_axis',(-0.812301047207619,-1.65571346766167E-16,
-0.583238380686153));
#5569=DIRECTION('ref_axis',(-0.583238380686153,0.,0.812301047207619));
#5570=DIRECTION('',(-0.583238380686153,6.06292952292872E-17,0.812301047207619));
#5571=DIRECTION('',(-0.583238380686153,2.29615069499982E-16,0.812301047207619));
#5572=DIRECTION('center_axis',(0.,-1.,2.82672379026607E-16));
#5573=DIRECTION('ref_axis',(0.,-2.82672379026607E-16,-1.));
#5574=DIRECTION('',(0.,-1.,2.83882803754067E-16));
#5575=DIRECTION('',(0.,-1.,2.83882803754067E-16));
#5576=DIRECTION('center_axis',(0.,1.,-2.82672379026607E-16));
#5577=DIRECTION('ref_axis',(0.,2.82672379026607E-16,1.));
#5578=DIRECTION('center_axis',(5.41559599568507E-32,-1.,7.46389475154657E-17));
#5579=DIRECTION('ref_axis',(0.,-7.46389475154657E-17,-1.));
#5580=DIRECTION('center_axis',(-1.,0.,0.));
#5581=DIRECTION('ref_axis',(0.,0.,1.));
#5582=DIRECTION('',(0.,-7.46389475154657E-17,-1.));
#5583=DIRECTION('',(0.,-1.,2.83882803754067E-16));
#5584=DIRECTION('',(0.,-2.82672379026607E-16,-1.));
#5585=DIRECTION('',(0.,-1.,2.83882803754067E-16));
#5586=DIRECTION('',(0.,-1.,2.83882803754067E-16));
#5587=DIRECTION('',(0.,-1.,2.83882803754067E-16));
#5588=DIRECTION('',(0.,-1.,2.83882803754067E-16));
#5589=DIRECTION('',(0.,-1.,2.83882803754067E-16));
#5590=DIRECTION('center_axis',(-1.,0.,0.));
#5591=DIRECTION('ref_axis',(0.,0.,1.));
#5592=DIRECTION('',(0.,7.46389475154657E-17,1.));
#5593=DIRECTION('',(0.,2.82672379026607E-16,1.));
#5594=DIRECTION('',(0.,-1.,2.83882803754067E-16));
#5595=DIRECTION('center_axis',(-1.,0.,0.));
#5596=DIRECTION('ref_axis',(0.,0.,1.));
#5597=DIRECTION('',(0.,-7.46389475154657E-17,-1.));
#5598=DIRECTION('',(0.,-2.82672379026607E-16,-1.));
#5599=DIRECTION('',(0.,-1.,2.83882803754067E-16));
#5600=DIRECTION('center_axis',(1.,0.,0.));
#5601=DIRECTION('ref_axis',(0.,0.,-1.));
#5602=DIRECTION('',(0.,-7.46389475154657E-17,-1.));
#5603=DIRECTION('',(0.,-2.82672379026607E-16,-1.));
#5604=DIRECTION('center_axis',(0.,1.,-2.82672379026607E-16));
#5605=DIRECTION('ref_axis',(0.,2.82672379026607E-16,1.));
#5606=DIRECTION('center_axis',(5.41559599568507E-32,-1.,7.46389475154657E-17));
#5607=DIRECTION('ref_axis',(0.,-7.46389475154657E-17,-1.));
#5608=DIRECTION('center_axis',(5.41559599568507E-32,-1.,7.46389475154657E-17));
#5609=DIRECTION('ref_axis',(0.,-7.46389475154657E-17,-1.));
#5610=DIRECTION('center_axis',(0.,2.83882803754067E-16,1.));
#5611=DIRECTION('ref_axis',(1.,0.,0.));
#5612=DIRECTION('',(1.,5.41559599568507E-32,-1.53739457525438E-47));
#5613=DIRECTION('',(0.,-1.,2.83882803754067E-16));
#5614=DIRECTION('',(1.,0.,0.));
#5615=DIRECTION('',(0.,-1.,2.83882803754067E-16));
#5616=DIRECTION('center_axis',(1.,0.,0.));
#5617=DIRECTION('ref_axis',(0.,0.,-1.));
#5618=DIRECTION('',(0.,-7.46389475154657E-17,-1.));
#5619=DIRECTION('',(0.,-2.82672379026607E-16,-1.));
#5620=DIRECTION('',(0.,-1.,2.83882803754067E-16));
#5621=DIRECTION('center_axis',(0.,-2.83882803754067E-16,-1.));
#5622=DIRECTION('ref_axis',(-1.,0.,0.));
#5623=DIRECTION('',(-1.,-5.41559599568507E-32,1.53739457525438E-47));
#5624=DIRECTION('',(-1.,0.,0.));
#5625=DIRECTION('',(0.,-1.,2.83882803754067E-16));
#5626=DIRECTION('center_axis',(1.,0.,0.));
#5627=DIRECTION('ref_axis',(0.,0.,-1.));
#5628=DIRECTION('',(0.,-7.46389475154657E-17,-1.));
#5629=DIRECTION('',(0.,-2.82672379026607E-16,-1.));
#5630=DIRECTION('',(0.,-1.,2.83882803754067E-16));
#5631=DIRECTION('center_axis',(0.,2.83882803754067E-16,1.));
#5632=DIRECTION('ref_axis',(1.,0.,0.));
#5633=DIRECTION('',(1.,5.41559599568507E-32,-1.53739457525438E-47));
#5634=DIRECTION('',(1.,0.,0.));
#5635=DIRECTION('',(0.,-1.,2.83882803754067E-16));
#5636=DIRECTION('center_axis',(1.,0.,0.));
#5637=DIRECTION('ref_axis',(0.,0.,-1.));
#5638=DIRECTION('',(0.,-7.46389475154657E-17,-1.));
#5639=DIRECTION('',(0.,-2.82672379026607E-16,-1.));
#5640=DIRECTION('',(0.,-1.,2.83882803754067E-16));
#5641=DIRECTION('center_axis',(0.,-2.83882803754067E-16,-1.));
#5642=DIRECTION('ref_axis',(-1.,0.,0.));
#5643=DIRECTION('',(-1.,-5.41559599568507E-32,1.53739457525438E-47));
#5644=DIRECTION('',(-1.,0.,0.));
#5645=DIRECTION('',(0.,-1.,2.83882803754067E-16));
#5646=DIRECTION('center_axis',(-1.,0.,0.));
#5647=DIRECTION('ref_axis',(0.,0.,1.));
#5648=DIRECTION('',(0.,7.46389475154657E-17,1.));
#5649=DIRECTION('',(0.,2.82672379026607E-16,1.));
#5650=DIRECTION('',(0.,-1.,2.83882803754067E-16));
#5651=DIRECTION('center_axis',(0.,2.83882803754067E-16,1.));
#5652=DIRECTION('ref_axis',(1.,0.,0.));
#5653=DIRECTION('',(1.,5.41559599568507E-32,-1.53739457525438E-47));
#5654=DIRECTION('',(1.,0.,0.));
#5655=DIRECTION('',(0.,-1.,2.83882803754067E-16));
#5656=DIRECTION('center_axis',(1.,0.,0.));
#5657=DIRECTION('ref_axis',(0.,0.,-1.));
#5658=DIRECTION('',(0.,-7.46389475154657E-17,-1.));
#5659=DIRECTION('',(0.,-2.82672379026607E-16,-1.));
#5660=DIRECTION('',(0.,-1.,2.83882803754067E-16));
#5661=DIRECTION('center_axis',(0.,-2.83882803754067E-16,-1.));
#5662=DIRECTION('ref_axis',(-1.,0.,0.));
#5663=DIRECTION('',(-1.,-5.41559599568507E-32,1.53739457525438E-47));
#5664=DIRECTION('',(-1.,0.,0.));
#5665=DIRECTION('',(0.,-1.,2.83882803754067E-16));
#5666=DIRECTION('center_axis',(1.,0.,0.));
#5667=DIRECTION('ref_axis',(0.,0.,-1.));
#5668=DIRECTION('',(0.,-7.46389475154657E-17,-1.));
#5669=DIRECTION('',(0.,-2.82672379026607E-16,-1.));
#5670=DIRECTION('center_axis',(0.,-1.,2.82672379026607E-16));
#5671=DIRECTION('ref_axis',(0.,-2.82672379026607E-16,-1.));
#5672=DIRECTION('center_axis',(0.893201240880409,-1.27649929548126E-16,
-0.449657139707242));
#5673=DIRECTION('ref_axis',(-0.449657139707242,0.,-0.893201240880409));
#5674=DIRECTION('',(-0.449657139707242,-6.66676005388217E-17,-0.893201240880409));
#5675=DIRECTION('',(0.,-1.,2.83882803754067E-16));
#5676=DIRECTION('',(-0.449657139707242,-2.52483319709183E-16,-0.893201240880409));
#5677=DIRECTION('',(0.,-1.,2.83882803754067E-16));
#5678=DIRECTION('',(0.,-1.,2.83882803754067E-16));
#5679=DIRECTION('center_axis',(-1.,0.,0.));
#5680=DIRECTION('ref_axis',(0.,0.,1.));
#5681=DIRECTION('',(0.,7.46389475154657E-17,1.));
#5682=DIRECTION('',(0.,2.82672379026607E-16,1.));
#5683=DIRECTION('',(0.,-1.,2.83882803754067E-16));
#5684=DIRECTION('center_axis',(0.,1.,-2.82672379026607E-16));
#5685=DIRECTION('ref_axis',(0.,2.82672379026607E-16,1.));
#5686=DIRECTION('center_axis',(0.,2.83882803754067E-16,1.));
#5687=DIRECTION('ref_axis',(1.,0.,0.));
#5688=DIRECTION('',(1.,5.41559599568507E-32,-1.53739457525438E-47));
#5689=DIRECTION('',(0.,-1.,2.83882803754067E-16));
#5690=DIRECTION('',(1.,0.,0.));
#5691=DIRECTION('',(0.,-1.,2.83882803754067E-16));
#5692=DIRECTION('center_axis',(1.,0.,0.));
#5693=DIRECTION('ref_axis',(0.,0.,-1.));
#5694=DIRECTION('',(0.,-7.46389475154657E-17,-1.));
#5695=DIRECTION('',(0.,-2.82672379026607E-16,-1.));
#5696=DIRECTION('',(0.,-1.,2.83882803754067E-16));
#5697=DIRECTION('center_axis',(0.,-2.83882803754067E-16,-1.));
#5698=DIRECTION('ref_axis',(-1.,0.,0.));
#5699=DIRECTION('',(-1.,-5.41559599568507E-32,1.53739457525438E-47));
#5700=DIRECTION('',(-1.,0.,0.));
#5701=DIRECTION('',(0.,-1.,2.83882803754067E-16));
#5702=DIRECTION('center_axis',(1.,0.,0.));
#5703=DIRECTION('ref_axis',(0.,0.,-1.));
#5704=DIRECTION('',(0.,-7.46389475154657E-17,-1.));
#5705=DIRECTION('',(0.,-2.82672379026607E-16,-1.));
#5706=DIRECTION('',(0.,-1.,2.83882803754067E-16));
#5707=DIRECTION('center_axis',(0.,2.83882803754067E-16,1.));
#5708=DIRECTION('ref_axis',(1.,0.,0.));
#5709=DIRECTION('',(1.,5.41559599568507E-32,-1.53739457525438E-47));
#5710=DIRECTION('',(1.,0.,0.));
#5711=DIRECTION('',(0.,-1.,2.83882803754067E-16));
#5712=DIRECTION('center_axis',(1.,0.,0.));
#5713=DIRECTION('ref_axis',(0.,0.,-1.));
#5714=DIRECTION('',(0.,-7.46389475154657E-17,-1.));
#5715=DIRECTION('',(0.,-2.82672379026607E-16,-1.));
#5716=DIRECTION('',(0.,-1.,2.83882803754067E-16));
#5717=DIRECTION('center_axis',(0.,-2.83882803754067E-16,-1.));
#5718=DIRECTION('ref_axis',(-1.,0.,0.));
#5719=DIRECTION('',(-1.,-5.41559599568507E-32,1.53739457525438E-47));
#5720=DIRECTION('',(-1.,0.,0.));
#5721=DIRECTION('',(0.,-1.,2.83882803754067E-16));
#5722=DIRECTION('center_axis',(-1.,0.,0.));
#5723=DIRECTION('ref_axis',(0.,0.,1.));
#5724=DIRECTION('',(0.,7.46389475154657E-17,1.));
#5725=DIRECTION('',(0.,2.82672379026607E-16,1.));
#5726=DIRECTION('',(0.,-1.,2.83882803754067E-16));
#5727=DIRECTION('center_axis',(0.,2.83882803754067E-16,1.));
#5728=DIRECTION('ref_axis',(1.,0.,0.));
#5729=DIRECTION('',(1.,5.41559599568507E-32,-1.53739457525438E-47));
#5730=DIRECTION('',(1.,0.,0.));
#5731=DIRECTION('',(0.,-1.,2.83882803754067E-16));
#5732=DIRECTION('center_axis',(1.,0.,0.));
#5733=DIRECTION('ref_axis',(0.,0.,-1.));
#5734=DIRECTION('',(0.,-7.46389475154657E-17,-1.));
#5735=DIRECTION('',(0.,-2.82672379026607E-16,-1.));
#5736=DIRECTION('',(0.,-1.,2.83882803754067E-16));
#5737=DIRECTION('center_axis',(0.,-2.83882803754067E-16,-1.));
#5738=DIRECTION('ref_axis',(-1.,0.,0.));
#5739=DIRECTION('',(-1.,-5.41559599568507E-32,1.53739457525438E-47));
#5740=DIRECTION('',(-1.,0.,0.));
#5741=DIRECTION('',(0.,-1.,2.83882803754067E-16));
#5742=DIRECTION('center_axis',(1.,0.,0.));
#5743=DIRECTION('ref_axis',(0.,0.,-1.));
#5744=DIRECTION('',(0.,-7.46389475154657E-17,-1.));
#5745=DIRECTION('',(0.,-2.82672379026607E-16,-1.));
#5746=DIRECTION('center_axis',(0.,-1.,2.82672379026607E-16));
#5747=DIRECTION('ref_axis',(0.,-2.82672379026607E-16,-1.));
#5748=DIRECTION('center_axis',(0.,2.83882803754067E-16,1.));
#5749=DIRECTION('ref_axis',(1.,0.,0.));
#5750=DIRECTION('',(1.,5.41559599568507E-32,-1.53739457525438E-47));
#5751=DIRECTION('',(0.,-1.,2.83882803754067E-16));
#5752=DIRECTION('',(1.,0.,0.));
#5753=DIRECTION('',(0.,-1.,2.83882803754067E-16));
#5754=DIRECTION('center_axis',(1.,0.,0.));
#5755=DIRECTION('ref_axis',(0.,0.,-1.));
#5756=DIRECTION('',(0.,-7.46389475154657E-17,-1.));
#5757=DIRECTION('',(0.,-2.82672379026607E-16,-1.));
#5758=DIRECTION('',(0.,-1.,2.83882803754067E-16));
#5759=DIRECTION('center_axis',(0.,-2.83882803754067E-16,-1.));
#5760=DIRECTION('ref_axis',(-1.,0.,0.));
#5761=DIRECTION('',(-1.,-5.41559599568507E-32,1.53739457525438E-47));
#5762=DIRECTION('',(-1.,0.,0.));
#5763=DIRECTION('',(0.,-1.,2.83882803754067E-16));
#5764=DIRECTION('center_axis',(1.,0.,0.));
#5765=DIRECTION('ref_axis',(0.,0.,-1.));
#5766=DIRECTION('',(0.,-7.46389475154657E-17,-1.));
#5767=DIRECTION('',(0.,-2.82672379026607E-16,-1.));
#5768=DIRECTION('',(0.,-1.,2.83882803754067E-16));
#5769=DIRECTION('center_axis',(0.,2.83882803754067E-16,1.));
#5770=DIRECTION('ref_axis',(1.,0.,0.));
#5771=DIRECTION('',(1.,5.41559599568507E-32,-1.53739457525438E-47));
#5772=DIRECTION('',(1.,0.,0.));
#5773=DIRECTION('',(0.,-1.,2.83882803754067E-16));
#5774=DIRECTION('center_axis',(1.,0.,0.));
#5775=DIRECTION('ref_axis',(0.,0.,-1.));
#5776=DIRECTION('',(0.,-7.46389475154657E-17,-1.));
#5777=DIRECTION('',(0.,-2.82672379026607E-16,-1.));
#5778=DIRECTION('',(0.,-1.,2.83882803754067E-16));
#5779=DIRECTION('center_axis',(0.,-2.83882803754067E-16,-1.));
#5780=DIRECTION('ref_axis',(-1.,0.,0.));
#5781=DIRECTION('',(-1.,-5.41559599568507E-32,1.53739457525438E-47));
#5782=DIRECTION('',(-1.,0.,0.));
#5783=DIRECTION('',(0.,-1.,2.83882803754067E-16));
#5784=DIRECTION('center_axis',(-1.,0.,0.));
#5785=DIRECTION('ref_axis',(0.,0.,1.));
#5786=DIRECTION('',(0.,7.46389475154657E-17,1.));
#5787=DIRECTION('',(0.,2.82672379026607E-16,1.));
#5788=DIRECTION('',(0.,-1.,2.83882803754067E-16));
#5789=DIRECTION('center_axis',(0.,2.83882803754067E-16,1.));
#5790=DIRECTION('ref_axis',(1.,0.,0.));
#5791=DIRECTION('',(1.,5.41559599568507E-32,-1.53739457525438E-47));
#5792=DIRECTION('',(1.,0.,0.));
#5793=DIRECTION('',(0.,-1.,2.83882803754067E-16));
#5794=DIRECTION('center_axis',(1.,0.,0.));
#5795=DIRECTION('ref_axis',(0.,0.,-1.));
#5796=DIRECTION('',(0.,-7.46389475154657E-17,-1.));
#5797=DIRECTION('',(0.,-2.82672379026607E-16,-1.));
#5798=DIRECTION('',(0.,-1.,2.83882803754067E-16));
#5799=DIRECTION('center_axis',(0.,-2.83882803754067E-16,-1.));
#5800=DIRECTION('ref_axis',(-1.,0.,0.));
#5801=DIRECTION('',(-1.,-5.41559599568507E-32,1.53739457525438E-47));
#5802=DIRECTION('',(-1.,0.,0.));
#5803=DIRECTION('',(0.,-1.,2.83882803754067E-16));
#5804=DIRECTION('center_axis',(1.,0.,0.));
#5805=DIRECTION('ref_axis',(0.,0.,-1.));
#5806=DIRECTION('',(0.,-7.46389475154657E-17,-1.));
#5807=DIRECTION('',(0.,-2.82672379026607E-16,-1.));
#5808=DIRECTION('center_axis',(0.,-1.,2.82672379026607E-16));
#5809=DIRECTION('ref_axis',(0.,-2.82672379026607E-16,-1.));
#5810=DIRECTION('center_axis',(0.,2.83882803754067E-16,1.));
#5811=DIRECTION('ref_axis',(1.,0.,0.));
#5812=DIRECTION('',(1.,5.41559599568507E-32,-1.53739457525438E-47));
#5813=DIRECTION('',(0.,-1.,2.83882803754067E-16));
#5814=DIRECTION('',(1.,0.,0.));
#5815=DIRECTION('',(0.,-1.,2.83882803754067E-16));
#5816=DIRECTION('center_axis',(1.,0.,0.));
#5817=DIRECTION('ref_axis',(0.,0.,-1.));
#5818=DIRECTION('',(0.,-7.46389475154657E-17,-1.));
#5819=DIRECTION('',(0.,-2.82672379026607E-16,-1.));
#5820=DIRECTION('',(0.,-1.,2.83882803754067E-16));
#5821=DIRECTION('center_axis',(0.,2.83882803754067E-16,1.));
#5822=DIRECTION('ref_axis',(1.,0.,0.));
#5823=DIRECTION('',(1.,5.41559599568507E-32,-1.53739457525438E-47));
#5824=DIRECTION('',(1.,0.,0.));
#5825=DIRECTION('',(0.,-1.,2.83882803754067E-16));
#5826=DIRECTION('center_axis',(-1.,0.,0.));
#5827=DIRECTION('ref_axis',(0.,0.,1.));
#5828=DIRECTION('',(0.,7.46389475154657E-17,1.));
#5829=DIRECTION('',(0.,2.82672379026607E-16,1.));
#5830=DIRECTION('',(0.,-1.,2.83882803754067E-16));
#5831=DIRECTION('center_axis',(0.,2.83882803754067E-16,1.));
#5832=DIRECTION('ref_axis',(1.,0.,0.));
#5833=DIRECTION('',(1.,5.41559599568507E-32,-1.53739457525438E-47));
#5834=DIRECTION('',(1.,0.,0.));
#5835=DIRECTION('',(0.,-1.,2.83882803754067E-16));
#5836=DIRECTION('center_axis',(1.,0.,0.));
#5837=DIRECTION('ref_axis',(0.,0.,-1.));
#5838=DIRECTION('',(0.,-7.46389475154657E-17,-1.));
#5839=DIRECTION('',(0.,-2.82672379026607E-16,-1.));
#5840=DIRECTION('',(0.,-1.,2.83882803754067E-16));
#5841=DIRECTION('center_axis',(0.,-2.83882803754067E-16,-1.));
#5842=DIRECTION('ref_axis',(-1.,0.,0.));
#5843=DIRECTION('',(-1.,-5.41559599568507E-32,1.53739457525438E-47));
#5844=DIRECTION('',(-1.,0.,0.));
#5845=DIRECTION('',(0.,-1.,2.83882803754067E-16));
#5846=DIRECTION('center_axis',(-1.,0.,0.));
#5847=DIRECTION('ref_axis',(0.,0.,1.));
#5848=DIRECTION('',(0.,7.46389475154657E-17,1.));
#5849=DIRECTION('',(0.,2.82672379026607E-16,1.));
#5850=DIRECTION('',(0.,-1.,2.83882803754067E-16));
#5851=DIRECTION('center_axis',(0.,-2.83882803754067E-16,-1.));
#5852=DIRECTION('ref_axis',(-1.,0.,0.));
#5853=DIRECTION('',(-1.,-5.41559599568507E-32,1.53739457525438E-47));
#5854=DIRECTION('',(-1.,0.,0.));
#5855=DIRECTION('',(0.,-1.,2.83882803754067E-16));
#5856=DIRECTION('center_axis',(1.,0.,0.));
#5857=DIRECTION('ref_axis',(0.,0.,-1.));
#5858=DIRECTION('',(0.,-7.46389475154657E-17,-1.));
#5859=DIRECTION('',(0.,-2.82672379026607E-16,-1.));
#5860=DIRECTION('',(0.,-1.,2.83882803754067E-16));
#5861=DIRECTION('center_axis',(0.,-2.83882803754067E-16,-1.));
#5862=DIRECTION('ref_axis',(-1.,0.,0.));
#5863=DIRECTION('',(-1.,-5.41559599568507E-32,1.53739457525438E-47));
#5864=DIRECTION('',(-1.,0.,0.));
#5865=DIRECTION('',(0.,-1.,2.83882803754067E-16));
#5866=DIRECTION('center_axis',(-1.,0.,0.));
#5867=DIRECTION('ref_axis',(0.,0.,1.));
#5868=DIRECTION('',(0.,7.46389475154657E-17,1.));
#5869=DIRECTION('',(0.,2.82672379026607E-16,1.));
#5870=DIRECTION('center_axis',(0.,1.,-2.82672379026607E-16));
#5871=DIRECTION('ref_axis',(0.,2.82672379026607E-16,1.));
#5872=DIRECTION('center_axis',(0.860168286262782,-1.44783157581618E-16,
-0.510010312942541));
#5873=DIRECTION('ref_axis',(-0.510010312942541,0.,-0.860168286262782));
#5874=DIRECTION('',(-0.510010312942541,-6.42020555728359E-17,-0.860168286262782));
#5875=DIRECTION('',(0.,-1.,2.83882803754067E-16));
#5876=DIRECTION('',(-0.510010312942541,-2.4314581584114E-16,-0.860168286262782));
#5877=DIRECTION('',(0.,-1.,2.83882803754067E-16));
#5878=DIRECTION('',(0.,-1.,2.83882803754067E-16));
#5879=DIRECTION('center_axis',(1.,0.,0.));
#5880=DIRECTION('ref_axis',(0.,0.,-1.));
#5881=DIRECTION('',(0.,-7.46389475154657E-17,-1.));
#5882=DIRECTION('',(0.,-2.82672379026607E-16,-1.));
#5883=DIRECTION('',(0.,-1.,2.83882803754067E-16));
#5884=DIRECTION('center_axis',(0.,-1.,2.82672379026607E-16));
#5885=DIRECTION('ref_axis',(0.,-2.82672379026607E-16,-1.));
#5886=DIRECTION('center_axis',(-4.68125230912224E-16,2.15374904190692E-16,
1.));
#5887=DIRECTION('ref_axis',(1.,0.,4.68125230912224E-16));
#5888=DIRECTION('',(1.,8.90963344975735E-32,4.68125230912224E-16));
#5889=DIRECTION('',(4.26677253355793E-17,-1.,2.15374904190692E-16));
#5890=DIRECTION('',(1.,-1.01479204337137E-31,4.68125230912224E-16));
#5891=DIRECTION('',(1.36551233362999E-17,-1.,2.15374904190692E-16));
#5892=DIRECTION('',(-1.,-3.26911314118988E-16,-4.68125230912224E-16));
#5893=DIRECTION('',(-4.26677253355793E-17,1.,-2.15374904190692E-16));
#5894=DIRECTION('center_axis',(2.39310488700691E-31,1.,-2.94432504940964E-16));
#5895=DIRECTION('ref_axis',(0.,2.94432504940964E-16,1.));
#5896=DIRECTION('',(-1.,1.31137741278424E-31,-3.67394039744206E-16));
#5897=DIRECTION('',(1.09604462926273E-16,-2.94432504940964E-16,-1.));
#5898=DIRECTION('',(0.382820886327186,-2.72003397892E-16,-0.923822585235752));
#5899=DIRECTION('center_axis',(-1.,-4.26677253355793E-17,-1.09604462926272E-16));
#5900=DIRECTION('ref_axis',(-1.09604462926272E-16,0.,1.));
#5901=DIRECTION('',(-1.09604462926272E-16,7.46389475154657E-17,1.));
#5902=DIRECTION('',(1.09604462926273E-16,-4.02791652690318E-16,-1.));
#5903=DIRECTION('',(-4.26677253355793E-17,1.,-1.4536175198122E-16));
#5904=DIRECTION('',(4.26677253355793E-17,-1.,1.96608678498972E-16));
#5905=DIRECTION('center_axis',(-1.,-4.26677253355793E-17,-1.09604462926272E-16));
#5906=DIRECTION('ref_axis',(-1.09604462926272E-16,0.,1.));
#5907=DIRECTION('',(1.09604462926272E-16,-7.46389475154657E-17,-1.));
#5908=DIRECTION('',(-4.26677253355793E-17,1.,-1.96608678498972E-16));
#5909=DIRECTION('',(-1.09604462926273E-16,4.02791652690318E-16,1.));
#5910=DIRECTION('',(-4.26677253355793E-17,1.,-1.4536175198122E-16));
#5911=DIRECTION('',(-1.09604462926273E-16,2.94432504940964E-16,1.));
#5912=DIRECTION('center_axis',(2.39310488700691E-31,1.,-2.94432504940964E-16));
#5913=DIRECTION('ref_axis',(0.,2.94432504940964E-16,1.));
#5914=DIRECTION('',(-0.382820886327186,2.72003397892E-16,0.923822585235752));
#5915=DIRECTION('center_axis',(5.41559599568507E-32,-1.,7.46389475154657E-17));
#5916=DIRECTION('ref_axis',(0.,-7.46389475154657E-17,-1.));
#5917=DIRECTION('',(1.,8.15778644068135E-32,3.67394039744206E-16));
#5918=DIRECTION('',(3.67394039744206E-16,-7.46389475154657E-17,-1.));
#5919=DIRECTION('',(-1.,-8.15778644068135E-32,-3.67394039744206E-16));
#5920=DIRECTION('',(-3.67394039744206E-16,7.46389475154657E-17,1.));
#5921=DIRECTION('',(1.,8.15778644068135E-32,3.67394039744206E-16));
#5922=DIRECTION('',(1.09604462926273E-16,-7.46389475154657E-17,-1.));
#5923=DIRECTION('',(1.,8.90963344975735E-32,4.68125230912224E-16));
#5924=DIRECTION('',(-1.09604462926273E-16,7.46389475154657E-17,1.));
#5925=DIRECTION('',(1.,8.15778644068135E-32,3.67394039744206E-16));
#5926=DIRECTION('',(1.09604462926273E-16,-7.46389475154657E-17,-1.));
#5927=DIRECTION('',(1.,8.90963344975735E-32,4.68125230912224E-16));
#5928=DIRECTION('',(-1.09604462926273E-16,7.46389475154657E-17,1.));
#5929=DIRECTION('',(1.,8.15778644068135E-32,3.67394039744206E-16));
#5930=DIRECTION('',(1.09604462926272E-16,-7.46389475154657E-17,-1.));
#5931=DIRECTION('',(1.,8.90963344975735E-32,4.68125230912224E-16));
#5932=DIRECTION('',(-1.09604462926272E-16,7.46389475154657E-17,1.));
#5933=DIRECTION('',(1.,8.15778644068135E-32,3.67394039744206E-16));
#5934=DIRECTION('',(1.09604462926273E-16,-7.46389475154657E-17,-1.));
#5935=DIRECTION('',(1.,8.90963344975735E-32,4.68125230912224E-16));
#5936=DIRECTION('',(-1.09604462926273E-16,7.46389475154657E-17,1.));
#5937=DIRECTION('',(1.,8.15778644068135E-32,3.67394039744206E-16));
#5938=DIRECTION('',(1.09604462926272E-16,-7.46389475154657E-17,-1.));
#5939=DIRECTION('',(1.,8.90963344975735E-32,4.68125230912224E-16));
#5940=DIRECTION('',(-1.09604462926272E-16,7.46389475154657E-17,1.));
#5941=DIRECTION('',(1.,8.15778644068135E-32,3.67394039744206E-16));
#5942=DIRECTION('',(1.,8.17020363121606E-32,3.69057673938959E-16));
#5943=DIRECTION('',(-3.657379048617E-16,7.46389475154657E-17,1.));
#5944=DIRECTION('',(-1.,-8.17020363121606E-32,-3.69057673938959E-16));
#5945=DIRECTION('',(3.657379048617E-16,-7.46389475154657E-17,-1.));
#5946=DIRECTION('',(1.,8.15778644068135E-32,3.67394039744206E-16));
#5947=DIRECTION('',(-3.67394039744206E-16,7.46389475154657E-17,1.));
#5948=DIRECTION('',(-1.,-8.15778644068135E-32,-3.67394039744206E-16));
#5949=DIRECTION('',(3.67394039744206E-16,-7.46389475154657E-17,-1.));
#5950=DIRECTION('',(1.,8.1608683230496E-32,3.67806945133529E-16));
#5951=DIRECTION('',(-3.66981597888437E-16,7.46389475154657E-17,1.));
#5952=DIRECTION('',(-1.,-8.1608683230496E-32,-3.67806945133529E-16));
#5953=DIRECTION('',(3.66981597888437E-16,-7.46389475154657E-17,-1.));
#5954=DIRECTION('',(1.,8.1575389489817E-32,3.67360881224708E-16));
#5955=DIRECTION('',(-3.67427201256639E-16,7.46389475154657E-17,1.));
#5956=DIRECTION('',(-1.,-8.1575389489817E-32,-3.67360881224708E-16));
#5957=DIRECTION('',(3.67427201256639E-16,-7.46389475154657E-17,-1.));
#5958=DIRECTION('',(1.,8.16088898219843E-32,3.67809713011362E-16));
#5959=DIRECTION('',(-3.66978836242418E-16,7.46389475154657E-17,1.));
#5960=DIRECTION('',(-1.,-8.16088898219843E-32,-3.67809713011362E-16));
#5961=DIRECTION('',(3.66978836242418E-16,-7.46389475154657E-17,-1.));
#5962=DIRECTION('',(1.,8.15799853478196E-32,3.6742245575323E-16));
#5963=DIRECTION('',(-3.67365625932842E-16,7.46389475154657E-17,1.));
#5964=DIRECTION('',(-1.,-8.15799853478196E-32,-3.6742245575323E-16));
#5965=DIRECTION('',(3.67365625932842E-16,-7.46389475154657E-17,-1.));
#5966=DIRECTION('center_axis',(3.67394039744206E-16,-1.96608678498972E-16,
-1.));
#5967=DIRECTION('ref_axis',(-1.,0.,-3.67394039744206E-16));
#5968=DIRECTION('',(2.14316198921695E-17,-1.,1.96608678498972E-16));
#5969=DIRECTION('',(-1.,-8.15778644068135E-32,-3.67394039744206E-16));
#5970=DIRECTION('',(-9.34500776430638E-33,1.,-1.96608678498972E-16));
#5971=DIRECTION('center_axis',(3.67394039744206E-16,-1.96608678498972E-16,
-1.));
#5972=DIRECTION('ref_axis',(-1.,0.,-3.67394039744206E-16));
#5973=DIRECTION('',(4.37980849262861E-17,-1.,1.96608678498972E-16));
#5974=DIRECTION('',(-1.,1.42020671317252E-31,-3.67394039744206E-16));
#5975=DIRECTION('',(2.14316198921694E-17,-1.,1.96608678498972E-16));
#5976=DIRECTION('',(-1.,-8.15778644068135E-32,-3.67394039744206E-16));
#5977=DIRECTION('',(-2.14316198921695E-17,1.,-1.96608678498972E-16));
#5978=DIRECTION('',(1.,3.26911314118988E-16,3.67394039744206E-16));
#5979=DIRECTION('center_axis',(3.26911314118988E-16,-1.,4.02791652690319E-16));
#5980=DIRECTION('ref_axis',(0.,-4.02791652690319E-16,-1.));
#5981=DIRECTION('',(0.382820886327186,-2.46959546878335E-16,-0.923822585235752));
#5982=DIRECTION('',(-1.,-3.26911314118988E-16,-3.67394039744206E-16));
#5983=DIRECTION('',(-0.382820886327186,2.46959546878335E-16,0.923822585235752));
#5984=DIRECTION('center_axis',(-0.923822585235752,-9.50649230571672E-17,
-0.382820886327186));
#5985=DIRECTION('ref_axis',(-0.382820886327186,0.,0.923822585235752));
#5986=DIRECTION('',(-2.14316198921695E-17,1.,-1.96608678498972E-16));
#5987=DIRECTION('',(0.382820886327186,-6.89531454530131E-17,-0.923822585235752));
#5988=DIRECTION('center_axis',(-4.68125230912224E-16,2.15193209435636E-16,
1.));
#5989=DIRECTION('ref_axis',(1.,0.,4.68125230912224E-16));
#5990=DIRECTION('',(4.37980849262861E-17,-1.,2.15193209435636E-16));
#5991=DIRECTION('',(1.,-1.12550622442372E-31,4.68125230912224E-16));
#5992=DIRECTION('',(1.37304154413891E-17,-1.,2.15193209435636E-16));
#5993=DIRECTION('',(-1.,-3.26911314118988E-16,-4.68125230912224E-16));
#5994=DIRECTION('',(-4.37980849262861E-17,1.,-2.15193209435636E-16));
#5995=DIRECTION('center_axis',(2.49505951517524E-31,1.,-2.92561306315985E-16));
#5996=DIRECTION('ref_axis',(0.,2.92561306315985E-16,1.));
#5997=DIRECTION('',(1.09604462926273E-16,-2.92561306315985E-16,-1.));
#5998=DIRECTION('',(0.382820886327186,-2.70274742340782E-16,-0.923822585235752));
#5999=DIRECTION('center_axis',(-1.,-4.37980849262861E-17,-1.09604462926272E-16));
#6000=DIRECTION('ref_axis',(-1.09604462926272E-16,0.,1.));
#6001=DIRECTION('',(1.09604462926273E-16,-4.02791652690319E-16,-1.));
#6002=DIRECTION('',(-4.37980849262861E-17,1.,-1.426339705131E-16));
#6003=DIRECTION('center_axis',(-1.,-4.37980849262861E-17,-1.09604462926272E-16));
#6004=DIRECTION('ref_axis',(-1.09604462926272E-16,0.,1.));
#6005=DIRECTION('',(-4.37980849262861E-17,1.,-1.96608678498972E-16));
#6006=DIRECTION('',(-1.09604462926273E-16,4.02791652690319E-16,1.));
#6007=DIRECTION('',(-4.37980849262861E-17,1.,-1.426339705131E-16));
#6008=DIRECTION('',(-1.09604462926273E-16,2.92561306315985E-16,1.));
#6009=DIRECTION('center_axis',(2.49505951517524E-31,1.,-2.92561306315985E-16));
#6010=DIRECTION('ref_axis',(0.,2.92561306315985E-16,1.));
#6011=DIRECTION('',(-0.382820886327186,2.70274742340782E-16,0.923822585235752));
#6012=DIRECTION('center_axis',(3.67394039744206E-16,-1.96608678498972E-16,
-1.));
#6013=DIRECTION('ref_axis',(-1.,0.,-3.67394039744206E-16));
#6014=DIRECTION('',(4.41009852241451E-17,-1.,1.96608678498972E-16));
#6015=DIRECTION('',(-1.,1.51324705874993E-31,-3.67394039744206E-16));
#6016=DIRECTION('',(2.14316198921692E-17,-1.,1.96608678498972E-16));
#6017=DIRECTION('',(-1.,-8.15778644068135E-32,-3.67394039744206E-16));
#6018=DIRECTION('',(-2.14316198921694E-17,1.,-1.96608678498972E-16));
#6019=DIRECTION('',(1.,3.26911314118988E-16,3.67394039744206E-16));
#6020=DIRECTION('center_axis',(3.26911314118988E-16,-1.,4.02791652690319E-16));
#6021=DIRECTION('ref_axis',(0.,-4.02791652690319E-16,-1.));
#6022=DIRECTION('',(0.382820886327186,-2.46959546878335E-16,-0.923822585235752));
#6023=DIRECTION('',(-1.,-3.26911314118988E-16,-3.67394039744206E-16));
#6024=DIRECTION('',(-0.382820886327186,2.46959546878335E-16,0.923822585235752));
#6025=DIRECTION('center_axis',(-0.923822585235752,-9.50649230571671E-17,
-0.382820886327186));
#6026=DIRECTION('ref_axis',(-0.382820886327186,0.,0.923822585235752));
#6027=DIRECTION('',(-2.14316198921694E-17,1.,-1.96608678498972E-16));
#6028=DIRECTION('',(0.382820886327186,-6.89531454530131E-17,-0.923822585235752));
#6029=DIRECTION('center_axis',(-4.68125230912224E-16,2.15144521039591E-16,
1.));
#6030=DIRECTION('ref_axis',(1.,0.,4.68125230912224E-16));
#6031=DIRECTION('',(4.41009852241451E-17,-1.,2.15144521039591E-16));
#6032=DIRECTION('',(1.,-1.21903523438335E-31,4.68125230912224E-16));
#6033=DIRECTION('',(1.37505913228035E-17,-1.,2.15144521039591E-16));
#6034=DIRECTION('',(-1.,-3.26911314118988E-16,-4.68125230912224E-16));
#6035=DIRECTION('',(-4.41009852241451E-17,1.,-2.15144521039591E-16));
#6036=DIRECTION('center_axis',(2.58631756889859E-31,1.,-2.9207618906822E-16));
#6037=DIRECTION('ref_axis',(0.,2.9207618906822E-16,1.));
#6038=DIRECTION('',(1.09604462926273E-16,-2.9207618906822E-16,-1.));
#6039=DIRECTION('',(0.382820886327186,-2.69826580070809E-16,-0.923822585235752));
#6040=DIRECTION('center_axis',(-1.,-4.41009852241452E-17,-1.09604462926273E-16));
#6041=DIRECTION('ref_axis',(-1.09604462926273E-16,0.,1.));
#6042=DIRECTION('',(1.09604462926273E-16,-4.02791652690319E-16,-1.));
#6043=DIRECTION('',(-4.41009852241451E-17,1.,-1.41903012129607E-16));
#6044=DIRECTION('center_axis',(-1.,-4.41009852241452E-17,-1.09604462926273E-16));
#6045=DIRECTION('ref_axis',(-1.09604462926273E-16,0.,1.));
#6046=DIRECTION('',(-4.41009852241451E-17,1.,-1.96608678498972E-16));
#6047=DIRECTION('',(-1.09604462926273E-16,4.02791652690319E-16,1.));
#6048=DIRECTION('',(-4.41009852241451E-17,1.,-1.41903012129607E-16));
#6049=DIRECTION('',(-1.09604462926273E-16,2.9207618906822E-16,1.));
#6050=DIRECTION('center_axis',(2.58631756889859E-31,1.,-2.9207618906822E-16));
#6051=DIRECTION('ref_axis',(0.,2.9207618906822E-16,1.));
#6052=DIRECTION('',(-0.382820886327186,2.69826580070809E-16,0.923822585235752));
#6053=DIRECTION('center_axis',(3.67394039744206E-16,-1.96608678498972E-16,
-1.));
#6054=DIRECTION('ref_axis',(-1.,0.,-3.67394039744206E-16));
#6055=DIRECTION('',(4.38411014018513E-17,-1.,1.96608678498972E-16));
#6056=DIRECTION('',(-1.,1.52705070401976E-31,-3.67394039744206E-16));
#6057=DIRECTION('',(2.14316198921692E-17,-1.,1.96608678498972E-16));
#6058=DIRECTION('',(-1.,-8.15778644068135E-32,-3.67394039744206E-16));
#6059=DIRECTION('',(-2.14316198921692E-17,1.,-1.96608678498972E-16));
#6060=DIRECTION('',(1.,3.26911314118988E-16,3.67394039744206E-16));
#6061=DIRECTION('center_axis',(3.26911314118988E-16,-1.,4.02791652690319E-16));
#6062=DIRECTION('ref_axis',(0.,-4.02791652690319E-16,-1.));
#6063=DIRECTION('',(0.382820886327186,-2.46959546878335E-16,-0.923822585235752));
#6064=DIRECTION('',(-1.,-3.26911314118988E-16,-3.67394039744206E-16));
#6065=DIRECTION('',(-0.382820886327186,2.46959546878335E-16,0.923822585235752));
#6066=DIRECTION('center_axis',(-0.923822585235752,-9.50649230571669E-17,
-0.382820886327186));
#6067=DIRECTION('ref_axis',(-0.382820886327186,0.,0.923822585235752));
#6068=DIRECTION('',(-2.14316198921692E-17,1.,-1.96608678498972E-16));
#6069=DIRECTION('',(0.382820886327186,-6.89531454530131E-17,-0.923822585235752));
#6070=DIRECTION('center_axis',(-4.68125230912224E-16,2.15186294938643E-16,
1.));
#6071=DIRECTION('ref_axis',(1.,0.,4.68125230912224E-16));
#6072=DIRECTION('',(4.38411014018513E-17,-1.,2.15186294938643E-16));
#6073=DIRECTION('',(1.,-1.23242002468555E-31,4.68125230912224E-16));
#6074=DIRECTION('',(1.37332807251671E-17,-1.,2.15186294938643E-16));
#6075=DIRECTION('',(-1.,-3.26911314118988E-16,-4.68125230912224E-16));
#6076=DIRECTION('',(-4.38411014018513E-17,1.,-2.15186294938643E-16));
#6077=DIRECTION('center_axis',(2.60164889210851E-31,1.,-2.92492003636458E-16));
#6078=DIRECTION('ref_axis',(0.,2.92492003636458E-16,1.));
#6079=DIRECTION('',(1.09604462926273E-16,-2.92492003636458E-16,-1.));
#6080=DIRECTION('',(0.382820886327186,-2.70210718960218E-16,-0.923822585235752));
#6081=DIRECTION('center_axis',(-1.,-4.38411014018514E-17,-1.09604462926272E-16));
#6082=DIRECTION('ref_axis',(-1.09604462926272E-16,0.,1.));
#6083=DIRECTION('',(1.09604462926273E-16,-4.02791652690319E-16,-1.));
#6084=DIRECTION('',(-4.38411014018513E-17,1.,-1.42530163241647E-16));
#6085=DIRECTION('center_axis',(-1.,-4.38411014018514E-17,-1.09604462926272E-16));
#6086=DIRECTION('ref_axis',(-1.09604462926272E-16,0.,1.));
#6087=DIRECTION('',(-4.38411014018513E-17,1.,-1.96608678498972E-16));
#6088=DIRECTION('',(-1.09604462926273E-16,4.02791652690319E-16,1.));
#6089=DIRECTION('',(-4.38411014018513E-17,1.,-1.42530163241647E-16));
#6090=DIRECTION('',(-1.09604462926273E-16,2.92492003636458E-16,1.));
#6091=DIRECTION('center_axis',(2.60164889210851E-31,1.,-2.92492003636458E-16));
#6092=DIRECTION('ref_axis',(0.,2.92492003636458E-16,1.));
#6093=DIRECTION('',(-0.382820886327186,2.70210718960218E-16,0.923822585235752));
#6094=DIRECTION('center_axis',(3.67394039744206E-16,-1.96608678498972E-16,
-1.));
#6095=DIRECTION('ref_axis',(-1.,0.,-3.67394039744206E-16));
#6096=DIRECTION('',(3.911572702956E-17,-1.,1.96608678498972E-16));
#6097=DIRECTION('',(-1.,-8.15778644068135E-32,-3.67394039744206E-16));
#6098=DIRECTION('',(-2.14316198921692E-17,1.,-1.96608678498972E-16));
#6099=DIRECTION('',(1.,3.26911314118988E-16,3.67394039744206E-16));
#6100=DIRECTION('center_axis',(3.26911314118988E-16,-1.,4.02791652690319E-16));
#6101=DIRECTION('ref_axis',(0.,-4.02791652690319E-16,-1.));
#6102=DIRECTION('',(0.382820886327186,-2.46959546878335E-16,-0.923822585235752));
#6103=DIRECTION('',(-1.,-3.26911314118988E-16,-3.67394039744206E-16));
#6104=DIRECTION('',(-0.382820886327186,2.46959546878335E-16,0.923822585235752));
#6105=DIRECTION('center_axis',(-0.923822585235752,-9.50649230571669E-17,
-0.382820886327186));
#6106=DIRECTION('ref_axis',(-0.382820886327186,0.,0.923822585235752));
#6107=DIRECTION('',(-2.14316198921692E-17,1.,-1.96608678498972E-16));
#6108=DIRECTION('',(0.382820886327186,-6.89531454530131E-17,-0.923822585235752));
#6109=DIRECTION('center_axis',(-1.,-3.911572702956E-17,-1.09604462926273E-16));
#6110=DIRECTION('ref_axis',(-1.09604462926273E-16,0.,1.));
#6111=DIRECTION('',(-1.09604462926273E-16,7.46389475154657E-17,1.));
#6112=DIRECTION('',(3.911572702956E-17,-1.,2.15945854769142E-16));
#6113=DIRECTION('',(-3.911572702956E-17,1.,-1.96608678498972E-16));
#6114=DIRECTION('',(-1.09604462926273E-16,4.02791652690319E-16,1.));
#6115=DIRECTION('',(-3.911572702956E-17,1.,-1.539334270779E-16));
#6116=DIRECTION('center_axis',(-1.,-3.911572702956E-17,-1.09604462926273E-16));
#6117=DIRECTION('ref_axis',(-1.09604462926273E-16,0.,1.));
#6118=DIRECTION('',(-3.911572702956E-17,1.,-2.15945854769142E-16));
#6119=DIRECTION('',(1.09604462926273E-16,-4.02791652690319E-16,-1.));
#6120=DIRECTION('',(-3.911572702956E-17,1.,-1.539334270779E-16));
#6121=DIRECTION('',(1.09604462926273E-16,-7.46389475154657E-17,-1.));
#6122=DIRECTION('center_axis',(-4.68125230912224E-16,2.15945854769142E-16,
1.));
#6123=DIRECTION('ref_axis',(1.,0.,4.68125230912224E-16));
#6124=DIRECTION('',(-1.,-8.90963344975735E-32,-4.68125230912224E-16));
#6125=DIRECTION('',(1.34185283342024E-17,-1.,2.15945854769142E-16));
#6126=DIRECTION('',(-1.,-3.26911314118988E-16,-4.68125230912224E-16));
#6127=DIRECTION('center_axis',(-0.923822585235752,-9.50649230571669E-17,
-0.382820886327186));
#6128=DIRECTION('ref_axis',(-0.382820886327186,0.,0.923822585235752));
#6129=DIRECTION('',(-0.382820886327186,6.89531454530131E-17,0.923822585235752));
#6130=DIRECTION('',(2.14316198921692E-17,-1.,1.96608678498972E-16));
#6131=DIRECTION('',(0.382820886327186,-2.46959546878335E-16,-0.923822585235752));
#6132=DIRECTION('center_axis',(3.26911314118988E-16,-1.,4.02791652690319E-16));
#6133=DIRECTION('ref_axis',(0.,-4.02791652690319E-16,-1.));
#6134=DIRECTION('',(-1.,-3.26911314118988E-16,-3.67394039744206E-16));
#6135=DIRECTION('',(-0.382820886327186,2.46959546878335E-16,0.923822585235752));
#6136=DIRECTION('center_axis',(3.26911314118988E-16,-1.,4.02791652690319E-16));
#6137=DIRECTION('ref_axis',(0.,-4.02791652690319E-16,-1.));
#6138=DIRECTION('',(1.,3.26911314118988E-16,3.67394039744206E-16));
#6139=DIRECTION('',(0.382820886327186,-2.46959546878335E-16,-0.923822585235752));
#6140=DIRECTION('center_axis',(3.67394039744206E-16,-1.96608678498972E-16,
-1.));
#6141=DIRECTION('ref_axis',(-1.,0.,-3.67394039744206E-16));
#6142=DIRECTION('',(4.19460182248353E-17,-1.,1.96608678498972E-16));
#6143=DIRECTION('',(-1.,-8.15778644068135E-32,-3.67394039744206E-16));
#6144=DIRECTION('',(-2.14316198921692E-17,1.,-1.96608678498972E-16));
#6145=DIRECTION('center_axis',(5.41559599568507E-32,-1.,7.46389475154657E-17));
#6146=DIRECTION('ref_axis',(0.,-7.46389475154657E-17,-1.));
#6147=DIRECTION('',(0.382820886327186,-6.89531454530131E-17,-0.923822585235752));
#6148=DIRECTION('',(1.,8.15778644068135E-32,3.67394039744206E-16));
#6149=DIRECTION('',(-0.382820886327186,6.89531454530131E-17,0.923822585235752));
#6150=DIRECTION('center_axis',(-1.,-4.19460182248353E-17,-1.09604462926273E-16));
#6151=DIRECTION('ref_axis',(-1.09604462926273E-16,0.,1.));
#6152=DIRECTION('',(-4.19460182248353E-17,1.,-2.15490911873368E-16));
#6153=DIRECTION('',(1.09604462926273E-16,-4.02791652690319E-16,-1.));
#6154=DIRECTION('',(-4.19460182248353E-17,1.,-1.47103374114816E-16));
#6155=DIRECTION('',(1.09604462926273E-16,-7.46389475154657E-17,-1.));
#6156=DIRECTION('center_axis',(-4.68125230912224E-16,2.15490911873368E-16,
1.));
#6157=DIRECTION('ref_axis',(1.,0.,4.68125230912224E-16));
#6158=DIRECTION('',(4.19460182248353E-17,-1.,2.15490911873368E-16));
#6159=DIRECTION('',(-1.,-8.90963344975735E-32,-4.68125230912224E-16));
#6160=DIRECTION('',(1.36070511581427E-17,-1.,2.15490911873368E-16));
#6161=DIRECTION('',(-1.,-3.26911314118988E-16,-4.68125230912224E-16));
#6162=DIRECTION('center_axis',(-1.,-4.19460182248353E-17,-1.09604462926273E-16));
#6163=DIRECTION('ref_axis',(-1.09604462926273E-16,0.,1.));
#6164=DIRECTION('',(-4.19460182248353E-17,1.,-1.96608678498972E-16));
#6165=DIRECTION('',(-1.09604462926273E-16,4.02791652690319E-16,1.));
#6166=DIRECTION('',(-4.19460182248353E-17,1.,-1.47103374114816E-16));
#6167=DIRECTION('',(-1.09604462926273E-16,7.46389475154657E-17,1.));
#6168=DIRECTION('center_axis',(5.41559599568507E-32,-1.,7.46389475154657E-17));
#6169=DIRECTION('ref_axis',(0.,-7.46389475154657E-17,-1.));
#6170=DIRECTION('',(-0.382820886327186,6.89531454530131E-17,0.923822585235752));
#6171=DIRECTION('',(0.382820886327186,-6.89531454530131E-17,-0.923822585235752));
#6172=DIRECTION('',(1.,8.15778644068135E-32,3.67394039744206E-16));
#6173=DIRECTION('center_axis',(-0.923822585235752,-9.50649230571669E-17,
-0.382820886327186));
#6174=DIRECTION('ref_axis',(-0.382820886327186,0.,0.923822585235752));
#6175=DIRECTION('',(-0.382820886327186,2.46959546878335E-16,0.923822585235752));
#6176=DIRECTION('',(-2.14316198921692E-17,1.,-1.96608678498972E-16));
#6177=DIRECTION('center_axis',(3.26911314118988E-16,-1.,4.02791652690319E-16));
#6178=DIRECTION('ref_axis',(0.,-4.02791652690319E-16,-1.));
#6179=DIRECTION('',(0.382820886327186,-2.46959546878335E-16,-0.923822585235752));
#6180=DIRECTION('',(-1.,-3.26911314118988E-16,-3.67394039744206E-16));
#6181=DIRECTION('center_axis',(-0.923822585235752,-9.50649230571669E-17,
-0.382820886327186));
#6182=DIRECTION('ref_axis',(-0.382820886327186,0.,0.923822585235752));
#6183=DIRECTION('',(-0.382820886327186,6.89531454530131E-17,0.923822585235752));
#6184=DIRECTION('',(2.14316198921692E-17,-1.,1.96608678498972E-16));
#6185=DIRECTION('center_axis',(-0.923822585235752,-9.50649230571669E-17,
-0.382820886327186));
#6186=DIRECTION('ref_axis',(-0.382820886327186,0.,0.923822585235752));
#6187=DIRECTION('',(0.382820886327186,-2.46959546878335E-16,-0.923822585235752));
#6188=DIRECTION('',(-2.14316198921692E-17,1.,-1.96608678498972E-16));
#6189=DIRECTION('',(-0.382820886327186,6.89531454530131E-17,0.923822585235752));
#6190=DIRECTION('center_axis',(3.26911314118988E-16,-1.,4.02791652690319E-16));
#6191=DIRECTION('ref_axis',(0.,-4.02791652690319E-16,-1.));
#6192=DIRECTION('',(1.,3.26911314118988E-16,3.67394039744206E-16));
#6193=DIRECTION('center_axis',(3.67394039744206E-16,-1.96608678498972E-16,
-1.));
#6194=DIRECTION('ref_axis',(-1.,0.,-3.67394039744206E-16));
#6195=DIRECTION('',(-9.34500776430638E-33,1.,-1.96608678498972E-16));
#6196=DIRECTION('',(-1.,-8.15778644068135E-32,-3.67394039744206E-16));
#6197=DIRECTION('center_axis',(3.67394039744206E-16,-1.96608678498972E-16,
-1.));
#6198=DIRECTION('ref_axis',(1.,5.43852429378756E-32,2.44860041738023E-16));
#6199=DIRECTION('center_axis',(5.41559599568507E-32,-1.,7.46389475154657E-17));
#6200=DIRECTION('ref_axis',(0.,-7.46389475154657E-17,-1.));
#6201=DIRECTION('',(3.67394039744206E-16,-7.46389475154657E-17,-1.));
#6202=DIRECTION('',(1.,8.15778644068135E-32,3.67394039744206E-16));
#6203=DIRECTION('',(-1.,-8.15753894898169E-32,-3.67360881224708E-16));
#6204=DIRECTION('',(-3.67427201256639E-16,7.46389475154657E-17,1.));
#6205=DIRECTION('',(1.,8.15753894898169E-32,3.67360881224708E-16));
#6206=DIRECTION('',(3.67427201256639E-16,-7.46389475154657E-17,-1.));
#6207=DIRECTION('',(-1.,-8.16244025295697E-32,-3.6801754964494E-16));
#6208=DIRECTION('',(-3.66771586218628E-16,7.46389475154657E-17,1.));
#6209=DIRECTION('',(1.,8.16244025295697E-32,3.6801754964494E-16));
#6210=DIRECTION('',(3.66771586218628E-16,-7.46389475154657E-17,-1.));
#6211=DIRECTION('',(1.,7.24372295901592E-32,2.44929359829471E-16));
#6212=DIRECTION('',(2.44929359829471E-16,-7.46389475154657E-17,-1.));
#6213=DIRECTION('',(-1.,-7.24372295901592E-32,-2.44929359829471E-16));
#6214=DIRECTION('',(-2.44929359829471E-16,7.46389475154657E-17,1.));
#6215=DIRECTION('center_axis',(-0.923822585235752,-9.50649230571669E-17,
-0.382820886327186));
#6216=DIRECTION('ref_axis',(-0.382820886327186,0.,0.923822585235752));
#6217=DIRECTION('center_axis',(-0.923822585235752,-9.50649230571669E-17,
-0.382820886327186));
#6218=DIRECTION('ref_axis',(-0.382820886327186,0.,0.923822585235752));
#6219=DIRECTION('',(-2.14316198921692E-17,1.,-1.96608678498972E-16));
#6220=DIRECTION('center_axis',(-0.923822585235752,-9.50649230571669E-17,
-0.382820886327186));
#6221=DIRECTION('ref_axis',(-0.382820886327186,0.,0.923822585235752));
#6222=DIRECTION('',(0.382820886327186,-2.46959546878335E-16,-0.923822585235752));
#6223=DIRECTION('',(2.14316198921692E-17,-1.,1.96608678498972E-16));
#6224=DIRECTION('center_axis',(3.26911314118988E-16,-1.,4.02791652690319E-16));
#6225=DIRECTION('ref_axis',(0.,-4.02791652690319E-16,-1.));
#6226=DIRECTION('center_axis',(5.41559599568507E-32,-1.,7.46389475154657E-17));
#6227=DIRECTION('ref_axis',(0.,-7.46389475154657E-17,-1.));
#6228=DIRECTION('',(1.,8.15778644068135E-32,3.67394039744206E-16));
#6229=DIRECTION('',(-0.382820886327186,6.89531454530131E-17,0.923822585235752));
#6230=DIRECTION('center_axis',(-0.923822585235752,-9.50649230571669E-17,
-0.382820886327186));
#6231=DIRECTION('ref_axis',(-0.382820886327186,0.,0.923822585235752));
#6232=DIRECTION('',(0.382820886327186,-2.46959546878335E-16,-0.923822585235752));
#6233=DIRECTION('',(2.14316198921692E-17,-1.,1.96608678498972E-16));
#6234=DIRECTION('center_axis',(3.26911314118988E-16,-1.,4.02791652690319E-16));
#6235=DIRECTION('ref_axis',(0.,-4.02791652690319E-16,-1.));
#6236=DIRECTION('center_axis',(5.41559599568507E-32,-1.,7.46389475154657E-17));
#6237=DIRECTION('ref_axis',(0.,-7.46389475154657E-17,-1.));
#6238=DIRECTION('',(1.,8.15778644068135E-32,3.67394039744206E-16));
#6239=DIRECTION('',(-0.382820886327186,6.89531454530131E-17,0.923822585235752));
#6240=DIRECTION('center_axis',(-0.923822585235752,-9.50649230571671E-17,
-0.382820886327186));
#6241=DIRECTION('ref_axis',(-0.382820886327186,0.,0.923822585235752));
#6242=DIRECTION('',(0.382820886327186,-2.46959546878335E-16,-0.923822585235752));
#6243=DIRECTION('',(2.14316198921694E-17,-1.,1.96608678498972E-16));
#6244=DIRECTION('center_axis',(3.26911314118988E-16,-1.,4.02791652690319E-16));
#6245=DIRECTION('ref_axis',(0.,-4.02791652690319E-16,-1.));
#6246=DIRECTION('center_axis',(5.41559599568507E-32,-1.,7.46389475154657E-17));
#6247=DIRECTION('ref_axis',(0.,-7.46389475154657E-17,-1.));
#6248=DIRECTION('',(1.,8.15778644068135E-32,3.67394039744206E-16));
#6249=DIRECTION('',(-0.382820886327186,6.89531454530131E-17,0.923822585235752));
#6250=DIRECTION('center_axis',(-0.923822585235752,-9.50649230571672E-17,
-0.382820886327186));
#6251=DIRECTION('ref_axis',(-0.382820886327186,0.,0.923822585235752));
#6252=DIRECTION('',(0.382820886327186,-2.46959546878335E-16,-0.923822585235752));
#6253=DIRECTION('',(2.14316198921695E-17,-1.,1.96608678498972E-16));
#6254=DIRECTION('center_axis',(3.26911314118988E-16,-1.,4.02791652690319E-16));
#6255=DIRECTION('ref_axis',(0.,-4.02791652690319E-16,-1.));
#6256=DIRECTION('center_axis',(5.41559599568507E-32,-1.,7.46389475154657E-17));
#6257=DIRECTION('ref_axis',(0.,-7.46389475154657E-17,-1.));
#6258=DIRECTION('',(1.,8.15778644068135E-32,3.67394039744206E-16));
#6259=DIRECTION('',(-3.67394039744206E-16,7.46389475154657E-17,1.));
#6260=DIRECTION('center_axis',(2.44929359829471E-16,-9.88807732542184E-17,
-1.));
#6261=DIRECTION('ref_axis',(-1.,0.,-2.44929359829471E-16));
#6262=DIRECTION('',(1.,7.36939061590558E-32,2.44929359829471E-16));
#6263=DIRECTION('',(-3.04986743743963E-32,1.,-9.88807732542184E-17));
#6264=DIRECTION('',(3.04986743743963E-32,-1.,9.88807732542184E-17));
#6265=DIRECTION('center_axis',(-1.,-5.47174788669951E-32,-2.44929359829471E-16));
#6266=DIRECTION('ref_axis',(-2.44929359829471E-16,0.,1.));
#6267=DIRECTION('',(-2.44929359829471E-16,6.43527456207054E-17,1.));
#6268=DIRECTION('',(-3.04986743743963E-32,1.,-9.88807732542184E-17));
#6269=DIRECTION('center_axis',(2.44929359829471E-16,-9.88807732542184E-17,
-1.));
#6270=DIRECTION('ref_axis',(-1.,0.,-2.44929359829471E-16));
#6271=DIRECTION('',(-1.,-7.36939061590558E-32,-2.44929359829471E-16));
#6272=DIRECTION('',(3.04986743743963E-32,-1.,9.88807732542184E-17));
#6273=DIRECTION('center_axis',(1.,5.47174788669951E-32,2.44929359829471E-16));
#6274=DIRECTION('ref_axis',(2.44929359829471E-16,0.,-1.));
#6275=DIRECTION('',(2.44929359829471E-16,-6.43527456207054E-17,-1.));
#6276=DIRECTION('center_axis',(-3.69918562909211E-16,2.4138126963738E-16,
1.));
#6277=DIRECTION('ref_axis',(-1.,-8.15778644068135E-32,-3.64886745282623E-16));
#6278=DIRECTION('center_axis',(-3.67394039744206E-16,1.96608678498972E-16,
1.));
#6279=DIRECTION('ref_axis',(-1.,-8.15778644068135E-32,-3.64886745282623E-16));
#6280=DIRECTION('',(-3.69918562909211E-16,2.4138126963738E-16,1.));
#6281=DIRECTION('center_axis',(3.64886745282623E-16,-1.67248194050699E-15,
-1.));
#6282=DIRECTION('ref_axis',(-1.,-8.15778644068135E-32,-3.64886745282623E-16));
#6283=DIRECTION('center_axis',(3.64886745282623E-16,-1.67248194050699E-15,
-1.));
#6284=DIRECTION('ref_axis',(-1.,0.,-3.64886745282623E-16));
#6285=DIRECTION('center_axis',(-3.69918562909211E-16,2.4138126963738E-16,
1.));
#6286=DIRECTION('ref_axis',(-1.,-8.15778644068135E-32,-3.64886745282623E-16));
#6287=DIRECTION('center_axis',(-3.67394039744206E-16,1.96608678498972E-16,
1.));
#6288=DIRECTION('ref_axis',(-1.,-8.15778644068135E-32,-3.64886745282623E-16));
#6289=DIRECTION('',(-3.69918562909211E-16,2.4138126963738E-16,1.));
#6290=DIRECTION('center_axis',(3.64886745282623E-16,-1.67248194050699E-15,
-1.));
#6291=DIRECTION('ref_axis',(-1.,-8.15778644068135E-32,-3.64886745282623E-16));
#6292=DIRECTION('center_axis',(3.64886745282623E-16,-1.67248194050699E-15,
-1.));
#6293=DIRECTION('ref_axis',(-1.,0.,-3.64886745282623E-16));
#6294=DIRECTION('center_axis',(-3.69918562909211E-16,2.4138126963738E-16,
1.));
#6295=DIRECTION('ref_axis',(-1.,-8.15778644068135E-32,-3.64886745282623E-16));
#6296=DIRECTION('center_axis',(-3.67394039744206E-16,1.96608678498972E-16,
1.));
#6297=DIRECTION('ref_axis',(-1.,-8.15778644068135E-32,-3.64886745282623E-16));
#6298=DIRECTION('',(-3.69918562909211E-16,2.4138126963738E-16,1.));
#6299=DIRECTION('center_axis',(3.64886745282623E-16,-1.67248194050699E-15,
-1.));
#6300=DIRECTION('ref_axis',(-1.,-8.15778644068135E-32,-3.64886745282623E-16));
#6301=DIRECTION('center_axis',(3.64886745282623E-16,-1.67248194050699E-15,
-1.));
#6302=DIRECTION('ref_axis',(-1.,0.,-3.64886745282623E-16));
#6303=DIRECTION('center_axis',(-3.69918562909211E-16,2.4138126963738E-16,
1.));
#6304=DIRECTION('ref_axis',(-1.,-8.15778644068135E-32,-3.64886745282623E-16));
#6305=DIRECTION('center_axis',(-3.67394039744206E-16,1.96608678498972E-16,
1.));
#6306=DIRECTION('ref_axis',(-1.,-8.15778644068135E-32,-3.64886745282623E-16));
#6307=DIRECTION('',(-3.69918562909211E-16,2.4138126963738E-16,1.));
#6308=DIRECTION('center_axis',(3.64886745282623E-16,-1.67248194050699E-15,
-1.));
#6309=DIRECTION('ref_axis',(-1.,-8.15778644068135E-32,-3.64886745282623E-16));
#6310=DIRECTION('center_axis',(3.64886745282623E-16,-1.67248194050699E-15,
-1.));
#6311=DIRECTION('ref_axis',(-1.,0.,-3.64886745282623E-16));
#6312=DIRECTION('center_axis',(-2.44998697544365E-16,1.0146412182276E-16,
1.));
#6313=DIRECTION('ref_axis',(1.,5.43852429378756E-32,2.44860041738023E-16));
#6314=DIRECTION('center_axis',(-3.67524293221941E-16,1.98322310804777E-16,
1.));
#6315=DIRECTION('ref_axis',(1.,5.43852429378756E-32,2.44860041738023E-16));
#6316=DIRECTION('',(-2.44998697544365E-16,1.0146412182276E-16,1.));
#6317=DIRECTION('center_axis',(-1.,-8.15778644068135E-32,-3.67394039744206E-16));
#6318=DIRECTION('ref_axis',(-3.67394039744206E-16,0.,1.));
#6319=DIRECTION('',(3.67394039744206E-16,-6.43527456207054E-17,-1.));
#6320=DIRECTION('',(8.71542946884052E-33,-1.,1.98322310804777E-16));
#6321=DIRECTION('',(3.67394039744206E-16,-2.57752766960983E-16,-1.));
#6322=DIRECTION('',(3.85768108593265E-32,1.,-3.27045793529466E-16));
#6323=DIRECTION('center_axis',(-3.69918562909211E-16,2.4138126963738E-16,
1.));
#6324=DIRECTION('ref_axis',(-1.,-8.15778644068134E-32,-3.64886745282623E-16));
#6325=DIRECTION('center_axis',(-3.67394039744206E-16,3.27045793529466E-16,
1.));
#6326=DIRECTION('ref_axis',(-1.,-8.15778644068134E-32,-3.64886745282623E-16));
#6327=DIRECTION('',(-3.69918562909211E-16,2.4138126963738E-16,1.));
#6328=DIRECTION('center_axis',(3.64886745282623E-16,-1.67248194050699E-15,
-1.));
#6329=DIRECTION('ref_axis',(-1.,-8.15778644068134E-32,-3.64886745282623E-16));
#6330=DIRECTION('center_axis',(3.64886745282623E-16,-1.67248194050699E-15,
-1.));
#6331=DIRECTION('ref_axis',(-1.,0.,-3.64886745282623E-16));
#6332=DIRECTION('center_axis',(1.31189659022289E-32,1.,-2.57752766960983E-16));
#6333=DIRECTION('ref_axis',(0.,2.57752766960983E-16,1.));
#6334=DIRECTION('',(-3.6726383242932E-16,2.57752766960983E-16,1.));
#6335=DIRECTION('',(1.,8.15778644068135E-32,3.67394039744206E-16));
#6336=DIRECTION('',(-1.,-8.16114376011061E-32,-3.67524293221941E-16));
#6337=DIRECTION('center_axis',(3.67394039744206E-16,-3.27045793529466E-16,
-1.));
#6338=DIRECTION('ref_axis',(-1.,0.,-3.67394039744206E-16));
#6339=DIRECTION('',(1.,8.15748445531299E-32,3.67394039744206E-16));
#6340=DIRECTION('',(3.85395890674863E-32,1.,-3.27045793529466E-16));
#6341=DIRECTION('center_axis',(-1.,-8.15725024440333E-32,-3.6726383242932E-16));
#6342=DIRECTION('ref_axis',(-3.6726383242932E-16,0.,1.));
#6343=DIRECTION('',(-8.73589052163229E-33,1.,-1.98322310804777E-16));
#6344=DIRECTION('',(3.6726383242932E-16,-2.22044604925031E-16,-1.));
#6345=DIRECTION('',(-2.35498690121325E-35,1.,-2.22044604925031E-16));
#6346=DIRECTION('',(3.6726383242932E-16,-6.43527456207053E-17,-1.));
#6347=DIRECTION('',(-9.36524568963692E-33,1.,-1.96608678498972E-16));
#6348=DIRECTION('',(-3.6726383242932E-16,6.43527456207053E-17,1.));
#6349=DIRECTION('center_axis',(-1.,4.85700233200482E-17,-4.03102201780158E-16));
#6350=DIRECTION('ref_axis',(-4.03102201780158E-16,0.,1.));
#6351=DIRECTION('',(-4.85700233200482E-17,-1.,1.98322310804777E-16));
#6352=DIRECTION('',(-4.03102201780158E-16,6.43527456207054E-17,1.));
#6353=DIRECTION('',(4.85700233200482E-17,1.,-2.22044604925031E-16));
#6354=DIRECTION('',(4.03102201780157E-16,-2.22044604925031E-16,-1.));
#6355=DIRECTION('center_axis',(4.7239522834864E-16,-2.22044604925031E-16,
-1.));
#6356=DIRECTION('ref_axis',(-1.,0.,-4.7239522834864E-16));
#6357=DIRECTION('',(-1.,-8.83319593332627E-32,-4.7239522834864E-16));
#6358=DIRECTION('',(-1.,7.71957516254064E-17,-4.7239522834864E-16));
#6359=DIRECTION('center_axis',(-4.7239522834864E-16,2.22044604925031E-16,
1.));
#6360=DIRECTION('ref_axis',(-5.96912292555996E-17,-1.,2.20572142107067E-16));
#6361=DIRECTION('',(-3.87729463215616E-16,2.2352689739206E-16,1.));
#6362=DIRECTION('center_axis',(1.81683943263387E-15,-2.20572142107067E-16,
-1.));
#6363=DIRECTION('ref_axis',(-5.96912292555996E-17,-1.,2.20572142107067E-16));
#6364=DIRECTION('center_axis',(1.81683943263387E-15,-2.20572142107067E-16,
-1.));
#6365=DIRECTION('ref_axis',(-1.,0.,-1.81683943263387E-15));
#6366=DIRECTION('center_axis',(-7.71957516254065E-17,-1.,2.22044604925031E-16));
#6367=DIRECTION('ref_axis',(0.,-2.22044604925031E-16,-1.));
#6368=DIRECTION('',(1.,-7.71957516254064E-17,3.67524293221941E-16));
#6369=DIRECTION('center_axis',(3.67524293221941E-16,-1.98322310804777E-16,
-1.));
#6370=DIRECTION('ref_axis',(-1.,0.,-3.67524293221942E-16));
#6371=DIRECTION('',(-1.,-8.15832267220488E-32,-3.67524293221942E-16));
#6372=DIRECTION('',(-8.71542946884052E-33,1.,-1.98322310804777E-16));
#6373=DIRECTION('',(-1.,-8.16114376011061E-32,-3.67524293221941E-16));
#6374=DIRECTION('',(8.71542946884052E-33,-1.,1.98322310804777E-16));
#6375=DIRECTION('',(-1.,-8.15832267220488E-32,-3.67524293221942E-16));
#6376=DIRECTION('',(-8.73589052163229E-33,1.,-1.98322310804777E-16));
#6377=DIRECTION('',(1.,-6.36020343704421E-17,3.67524293221941E-16));
#6378=DIRECTION('',(5.89509359844802E-17,1.,-1.98322310804777E-16));
#6379=DIRECTION('',(1.,8.15832267220488E-32,3.67524293221942E-16));
#6380=DIRECTION('center_axis',(4.53905137388064E-16,-2.22044604925031E-16,
-1.));
#6381=DIRECTION('ref_axis',(-1.,0.,-4.53905137388064E-16));
#6382=DIRECTION('',(2.35498690121106E-35,-1.,2.22044604925031E-16));
#6383=DIRECTION('',(-1.,-8.7142071213173E-32,-4.53905137388064E-16));
#6384=DIRECTION('',(-5.89509359844802E-17,-1.,2.22044604925031E-16));
#6385=DIRECTION('',(-1.,6.36020343704421E-17,-4.53905137388063E-16));
#6386=DIRECTION('center_axis',(-4.53905137388064E-16,2.22044604925031E-16,
1.));
#6387=DIRECTION('ref_axis',(-5.96912292555996E-17,-1.,2.20572142107067E-16));
#6388=DIRECTION('center_axis',(-1.,5.89509359844801E-17,-4.10734137821448E-16));
#6389=DIRECTION('ref_axis',(-4.10734137821448E-16,0.,1.));
#6390=DIRECTION('',(4.10734137821448E-16,-6.43527456207054E-17,-1.));
#6391=DIRECTION('',(-4.10734137821448E-16,2.22044604925031E-16,1.));
#6392=DIRECTION('',(-3.87729463215616E-16,2.2352689739206E-16,1.));
#6393=DIRECTION('center_axis',(1.81683943263387E-15,-2.20572142107067E-16,
-1.));
#6394=DIRECTION('ref_axis',(-5.96912292555996E-17,-1.,2.20572142107067E-16));
#6395=DIRECTION('center_axis',(1.81683943263387E-15,-2.20572142107067E-16,
-1.));
#6396=DIRECTION('ref_axis',(-1.,0.,-1.81683943263387E-15));
#6397=DIRECTION('center_axis',(-6.36020343704422E-17,-1.,2.22044604925031E-16));
#6398=DIRECTION('ref_axis',(0.,-2.22044604925031E-16,-1.));
#6399=DIRECTION('',(-3.6726383242932E-16,2.22044604925031E-16,1.));
#6400=DIRECTION('center_axis',(1.,8.15725024440333E-32,3.6726383242932E-16));
#6401=DIRECTION('ref_axis',(3.6726383242932E-16,0.,-1.));
#6402=DIRECTION('',(3.6726383242932E-16,-6.43527456207053E-17,-1.));
#6403=DIRECTION('',(9.36524568963692E-33,-1.,1.96608678498972E-16));
#6404=DIRECTION('',(-3.6726383242932E-16,6.43527456207053E-17,1.));
#6405=DIRECTION('center_axis',(1.,8.15778644068135E-32,3.67394039744206E-16));
#6406=DIRECTION('ref_axis',(3.67394039744206E-16,0.,-1.));
#6407=DIRECTION('',(-3.67394039744206E-16,6.43527456207054E-17,1.));
#6408=DIRECTION('',(3.85768108593265E-32,1.,-3.27045793529466E-16));
#6409=DIRECTION('',(-3.67394039744206E-16,2.57752766960983E-16,1.));
#6410=DIRECTION('center_axis',(3.67394039744206E-16,-3.27045793529466E-16,
-1.));
#6411=DIRECTION('ref_axis',(-1.,0.,-3.67394039744206E-16));
#6412=DIRECTION('',(1.,8.15748445531299E-32,3.67394039744206E-16));
#6413=DIRECTION('',(3.85768108593265E-32,1.,-3.27045793529466E-16));
#6414=DIRECTION('',(1.,8.15778644068135E-32,3.67394039744206E-16));
#6415=DIRECTION('center_axis',(-3.67394039744206E-16,3.27045793529466E-16,
1.));
#6416=DIRECTION('ref_axis',(-1.,-8.15778644068134E-32,-3.64886745282623E-16));
#6417=DIRECTION('center_axis',(-3.69918562909211E-16,2.4138126963738E-16,
1.));
#6418=DIRECTION('ref_axis',(-1.,-8.15778644068134E-32,-3.64886745282623E-16));
#6419=DIRECTION('',(-3.69918562909211E-16,2.4138126963738E-16,1.));
#6420=DIRECTION('center_axis',(3.64886745282623E-16,-1.67248194050699E-15,
-1.));
#6421=DIRECTION('ref_axis',(-1.,-8.15778644068134E-32,-3.64886745282623E-16));
#6422=DIRECTION('center_axis',(3.64886745282623E-16,-1.67248194050699E-15,
-1.));
#6423=DIRECTION('ref_axis',(-1.,0.,-3.64886745282623E-16));
#6424=DIRECTION('center_axis',(1.31189659022289E-32,1.,-2.57752766960983E-16));
#6425=DIRECTION('ref_axis',(0.,2.57752766960983E-16,1.));
#6426=DIRECTION('',(3.67394039744206E-16,-2.57752766960983E-16,-1.));
#6427=DIRECTION('center_axis',(-1.,-8.15778644068135E-32,-3.67394039744206E-16));
#6428=DIRECTION('ref_axis',(-3.67394039744206E-16,0.,1.));
#6429=DIRECTION('',(3.67394039744206E-16,-6.43527456207054E-17,-1.));
#6430=DIRECTION('center_axis',(3.69057673938959E-16,-2.52916163583787E-16,
-1.));
#6431=DIRECTION('ref_axis',(-1.,0.,-3.69057673938959E-16));
#6432=DIRECTION('',(1.,8.16819039812707E-32,3.69057673938959E-16));
#6433=DIRECTION('',(-2.33220620573887E-16,1.,-2.52916163583787E-16));
#6434=DIRECTION('',(2.33220620573887E-16,-1.,2.52916163583787E-16));
#6435=DIRECTION('center_axis',(1.,2.33220620573887E-16,3.657379048617E-16));
#6436=DIRECTION('ref_axis',(3.657379048617E-16,0.,-1.));
#6437=DIRECTION('',(3.657379048617E-16,-6.43527456207054E-17,-1.));
#6438=DIRECTION('',(-2.33220620573887E-16,1.,-2.52916163583787E-16));
#6439=DIRECTION('center_axis',(3.69057673938959E-16,-2.52916163583787E-16,
-1.));
#6440=DIRECTION('ref_axis',(-1.,0.,-3.69057673938959E-16));
#6441=DIRECTION('',(-1.,-8.16819039812707E-32,-3.69057673938959E-16));
#6442=DIRECTION('',(2.33220620573887E-16,-1.,2.52916163583787E-16));
#6443=DIRECTION('center_axis',(-1.,-2.33220620573887E-16,-3.657379048617E-16));
#6444=DIRECTION('ref_axis',(-3.657379048617E-16,0.,1.));
#6445=DIRECTION('',(-3.657379048617E-16,6.43527456207054E-17,1.));
#6446=DIRECTION('center_axis',(3.67394039744206E-16,-2.8211138283353E-16,
-1.));
#6447=DIRECTION('ref_axis',(-1.,0.,-3.67394039744206E-16));
#6448=DIRECTION('',(1.,8.15748445531299E-32,3.67394039744206E-16));
#6449=DIRECTION('',(-9.34466587196558E-17,1.,-2.8211138283353E-16));
#6450=DIRECTION('',(9.34466587196558E-17,-1.,2.8211138283353E-16));
#6451=DIRECTION('center_axis',(1.,9.34466587196559E-17,3.67394039744206E-16));
#6452=DIRECTION('ref_axis',(3.67394039744206E-16,0.,-1.));
#6453=DIRECTION('',(3.67394039744206E-16,-6.43527456207054E-17,-1.));
#6454=DIRECTION('',(-9.34466587196558E-17,1.,-2.8211138283353E-16));
#6455=DIRECTION('center_axis',(3.67394039744206E-16,-2.8211138283353E-16,
-1.));
#6456=DIRECTION('ref_axis',(-1.,0.,-3.67394039744206E-16));
#6457=DIRECTION('',(-1.,-8.15748445531299E-32,-3.67394039744206E-16));
#6458=DIRECTION('',(9.34466587196558E-17,-1.,2.8211138283353E-16));
#6459=DIRECTION('center_axis',(-1.,-9.34466587196559E-17,-3.67394039744206E-16));
#6460=DIRECTION('ref_axis',(-3.67394039744206E-16,0.,1.));
#6461=DIRECTION('',(-3.67394039744206E-16,6.43527456207054E-17,1.));
#6462=DIRECTION('center_axis',(-3.67806945133529E-16,1.83084977467414E-16,
1.));
#6463=DIRECTION('ref_axis',(1.,0.,3.67806945133529E-16));
#6464=DIRECTION('',(1.,8.16014161486144E-32,3.67806945133529E-16));
#6465=DIRECTION('',(-1.30139990958961E-16,-1.,1.83084977467414E-16));
#6466=DIRECTION('',(1.30139990958961E-16,1.,-1.83084977467414E-16));
#6467=DIRECTION('center_axis',(-1.,1.30139990958961E-16,-3.66981597888437E-16));
#6468=DIRECTION('ref_axis',(-3.66981597888437E-16,0.,1.));
#6469=DIRECTION('',(3.66981597888437E-16,-6.43527456207054E-17,-1.));
#6470=DIRECTION('',(-1.30139990958961E-16,-1.,1.83084977467414E-16));
#6471=DIRECTION('center_axis',(-3.67806945133529E-16,1.83084977467414E-16,
1.));
#6472=DIRECTION('ref_axis',(1.,0.,3.67806945133529E-16));
#6473=DIRECTION('',(-1.,-8.16014161486144E-32,-3.67806945133529E-16));
#6474=DIRECTION('',(1.30139990958961E-16,1.,-1.83084977467414E-16));
#6475=DIRECTION('center_axis',(1.,-1.30139990958961E-16,3.66981597888437E-16));
#6476=DIRECTION('ref_axis',(3.66981597888437E-16,0.,-1.));
#6477=DIRECTION('',(-3.66981597888437E-16,6.43527456207054E-17,1.));
#6478=DIRECTION('center_axis',(-3.67360881224708E-16,1.36387629842514E-16,
1.));
#6479=DIRECTION('ref_axis',(1.,0.,3.67360881224708E-16));
#6480=DIRECTION('',(1.,8.15727107113594E-32,3.67360881224708E-16));
#6481=DIRECTION('',(-1.2249234501908E-16,-1.,1.36387629842514E-16));
#6482=DIRECTION('',(1.2249234501908E-16,1.,-1.36387629842514E-16));
#6483=DIRECTION('center_axis',(-1.,1.2249234501908E-16,-3.67427201256639E-16));
#6484=DIRECTION('ref_axis',(-3.67427201256639E-16,0.,1.));
#6485=DIRECTION('',(3.67427201256639E-16,-6.43527456207054E-17,-1.));
#6486=DIRECTION('',(-1.2249234501908E-16,-1.,1.36387629842514E-16));
#6487=DIRECTION('center_axis',(-3.67360881224708E-16,1.36387629842514E-16,
1.));
#6488=DIRECTION('ref_axis',(1.,0.,3.67360881224708E-16));
#6489=DIRECTION('',(-1.,-8.15727107113594E-32,-3.67360881224708E-16));
#6490=DIRECTION('',(1.2249234501908E-16,1.,-1.36387629842514E-16));
#6491=DIRECTION('center_axis',(1.,-1.2249234501908E-16,3.67427201256639E-16));
#6492=DIRECTION('ref_axis',(3.67427201256639E-16,0.,-1.));
#6493=DIRECTION('',(-3.67427201256639E-16,6.43527456207054E-17,1.));
#6494=DIRECTION('center_axis',(-3.67809713011362E-16,1.93032700944585E-16,
1.));
#6495=DIRECTION('ref_axis',(1.,0.,3.67809713011362E-16));
#6496=DIRECTION('',(1.,8.16015942691525E-32,3.67809713011362E-16));
#6497=DIRECTION('',(-7.66064693797915E-17,-1.,1.93032700944585E-16));
#6498=DIRECTION('',(7.66064693797915E-17,1.,-1.93032700944585E-16));
#6499=DIRECTION('center_axis',(-1.,7.66064693797915E-17,-3.66978836242418E-16));
#6500=DIRECTION('ref_axis',(-3.66978836242418E-16,0.,1.));
#6501=DIRECTION('',(3.66978836242418E-16,-6.43527456207054E-17,-1.));
#6502=DIRECTION('',(-7.66064693797915E-17,-1.,1.93032700944585E-16));
#6503=DIRECTION('center_axis',(-3.67809713011362E-16,1.93032700944585E-16,
1.));
#6504=DIRECTION('ref_axis',(1.,0.,3.67809713011362E-16));
#6505=DIRECTION('',(-1.,-8.16015942691525E-32,-3.67809713011362E-16));
#6506=DIRECTION('',(7.66064693797915E-17,1.,-1.93032700944585E-16));
#6507=DIRECTION('center_axis',(1.,-7.66064693797915E-17,3.66978836242418E-16));
#6508=DIRECTION('ref_axis',(3.66978836242418E-16,0.,-1.));
#6509=DIRECTION('',(-3.66978836242418E-16,6.43527456207054E-17,1.));
#6510=DIRECTION('center_axis',(-3.6742245575323E-16,1.36387629842513E-16,
1.));
#6511=DIRECTION('ref_axis',(1.,0.,3.6742245575323E-16));
#6512=DIRECTION('',(1.,8.15766732013301E-32,3.6742245575323E-16));
#6513=DIRECTION('',(-1.45435282838725E-16,-1.,1.36387629842513E-16));
#6514=DIRECTION('',(1.45435282838725E-16,1.,-1.36387629842513E-16));
#6515=DIRECTION('center_axis',(-1.,1.45435282838725E-16,-3.67365625932842E-16));
#6516=DIRECTION('ref_axis',(-3.67365625932842E-16,0.,1.));
#6517=DIRECTION('',(3.67365625932842E-16,-6.43527456207054E-17,-1.));
#6518=DIRECTION('',(-1.45435282838725E-16,-1.,1.36387629842513E-16));
#6519=DIRECTION('center_axis',(-3.6742245575323E-16,1.36387629842513E-16,
1.));
#6520=DIRECTION('ref_axis',(1.,0.,3.6742245575323E-16));
#6521=DIRECTION('',(-1.,-8.15766732013301E-32,-3.6742245575323E-16));
#6522=DIRECTION('',(1.45435282838725E-16,1.,-1.36387629842513E-16));
#6523=DIRECTION('center_axis',(1.,-1.45435282838725E-16,3.67365625932842E-16));
#6524=DIRECTION('ref_axis',(3.67365625932842E-16,0.,-1.));
#6525=DIRECTION('',(-3.67365625932842E-16,6.43527456207054E-17,1.));
#6526=DIRECTION('center_axis',(-3.6801754964494E-16,2.47173014094277E-16,
1.));
#6527=DIRECTION('ref_axis',(1.,0.,3.6801754964494E-16));
#6528=DIRECTION('',(-1.,-8.16149691271638E-32,-3.6801754964494E-16));
#6529=DIRECTION('',(9.00778295473779E-33,1.,-2.47173014094277E-16));
#6530=DIRECTION('',(-9.00778295473779E-33,-1.,2.47173014094277E-16));
#6531=DIRECTION('center_axis',(1.,8.16482554950596E-32,3.66771586218628E-16));
#6532=DIRECTION('ref_axis',(3.66771586218628E-16,0.,-1.));
#6533=DIRECTION('',(3.66771586218628E-16,-6.43527456207054E-17,-1.));
#6534=DIRECTION('',(9.00778295473779E-33,1.,-2.47173014094277E-16));
#6535=DIRECTION('center_axis',(-3.6801754964494E-16,2.47173014094277E-16,
1.));
#6536=DIRECTION('ref_axis',(1.,0.,3.6801754964494E-16));
#6537=DIRECTION('',(1.,8.16149691271638E-32,3.6801754964494E-16));
#6538=DIRECTION('',(-9.00778295473779E-33,-1.,2.47173014094277E-16));
#6539=DIRECTION('center_axis',(-1.,-8.16482554950596E-32,-3.66771586218628E-16));
#6540=DIRECTION('ref_axis',(-3.66771586218628E-16,0.,1.));
#6541=DIRECTION('',(-3.66771586218628E-16,6.43527456207054E-17,1.));
#6542=DIRECTION('center_axis',(-3.67360881224708E-16,3.07761811403203E-16,
1.));
#6543=DIRECTION('ref_axis',(1.,0.,3.67360881224708E-16));
#6544=DIRECTION('',(-1.,-8.15727107113594E-32,-3.67360881224708E-16));
#6545=DIRECTION('',(3.14837679492457E-32,1.,-3.07761811403203E-16));
#6546=DIRECTION('',(-3.14837679492457E-32,-1.,3.07761811403203E-16));
#6547=DIRECTION('center_axis',(1.,8.1596293068307E-32,3.67427201256639E-16));
#6548=DIRECTION('ref_axis',(3.67427201256639E-16,0.,-1.));
#6549=DIRECTION('',(3.67427201256639E-16,-6.43527456207054E-17,-1.));
#6550=DIRECTION('',(3.14837679492457E-32,1.,-3.07761811403203E-16));
#6551=DIRECTION('center_axis',(-3.67360881224708E-16,3.07761811403203E-16,
1.));
#6552=DIRECTION('ref_axis',(1.,0.,3.67360881224708E-16));
#6553=DIRECTION('',(1.,8.15727107113594E-32,3.67360881224708E-16));
#6554=DIRECTION('',(-3.14837679492457E-32,-1.,3.07761811403203E-16));
#6555=DIRECTION('center_axis',(-1.,-8.1596293068307E-32,-3.67427201256639E-16));
#6556=DIRECTION('ref_axis',(-3.67427201256639E-16,0.,1.));
#6557=DIRECTION('',(-3.67427201256639E-16,6.43527456207054E-17,1.));
#6558=DIRECTION('center_axis',(5.79320293709076E-32,-1.,6.43527456207054E-17));
#6559=DIRECTION('ref_axis',(0.,-6.43527456207054E-17,-1.));
#6560=DIRECTION('',(1.,8.15748445531299E-32,3.67394039744206E-16));
#6561=DIRECTION('center_axis',(5.79320293709076E-32,-1.,6.43527456207054E-17));
#6562=DIRECTION('ref_axis',(0.,-6.43527456207054E-17,-1.));
#6563=DIRECTION('',(-1.,-8.15748445531299E-32,-3.67394039744206E-16));
#6564=DIRECTION('center_axis',(-1.,-8.15778644068135E-32,-3.67394039744206E-16));
#6565=DIRECTION('ref_axis',(-3.67394039744206E-16,0.,1.));
#6566=DIRECTION('',(-9.34500776430638E-33,1.,-1.96608678498972E-16));
#6567=DIRECTION('center_axis',(-3.67394039744206E-16,1.96608678498972E-16,
1.));
#6568=DIRECTION('ref_axis',(1.,0.,3.67394039744206E-16));
#6569=DIRECTION('',(-9.34500776430638E-33,1.,-1.96608678498972E-16));
#6570=DIRECTION('center_axis',(1.,8.15778644068135E-32,3.67394039744206E-16));
#6571=DIRECTION('ref_axis',(3.67394039744206E-16,0.,-1.));
#6572=DIRECTION('',(0.,0.,1.));
#6573=DIRECTION('',(1.,0.,0.));
#6574=DIRECTION('',(0.,0.,1.));
#6575=DIRECTION('',(1.,0.,0.));
#6576=DIRECTION('',(0.,0.,1.));
#6577=DIRECTION('',(1.,0.,0.));
#6578=DIRECTION('',(0.,0.,1.));
#6579=DIRECTION('',(1.,0.,0.));
#6580=DIRECTION('',(0.,0.,1.));
#6581=DIRECTION('',(1.,0.,0.));
#6582=DIRECTION('',(0.,0.,1.));
#6583=DIRECTION('',(1.,0.,0.));
#6584=DIRECTION('',(0.,0.,1.));
#6585=DIRECTION('',(1.,0.,0.));
#6586=CARTESIAN_POINT('',(0.,0.,0.));
#6587=CARTESIAN_POINT('',(0.,0.,0.));
#6588=CARTESIAN_POINT('Origin',(-11.4600001144409,-7.38999992370606,0.950000000000004));
#6589=CARTESIAN_POINT('',(-11.4600001144409,-6.48999992370606,1.05));
#6590=CARTESIAN_POINT('Origin',(-11.4600001144409,-7.38999992370606,1.05));
#6591=CARTESIAN_POINT('',(-11.4600001144409,-6.48999992370606,0.950000000000004));
#6592=CARTESIAN_POINT('',(-11.4600001144409,-6.48999992370606,0.950000000000004));
#6593=CARTESIAN_POINT('Origin',(-11.4600001144409,-7.38999992370606,0.950000000000004));
#6594=CARTESIAN_POINT('Origin',(-11.4600001144409,-7.38999992370606,1.05));
#6595=CARTESIAN_POINT('Origin',(-11.4600001144409,-7.38999992370606,0.950000000000004));
#6596=CARTESIAN_POINT('',(0.,0.,0.));
#6597=CARTESIAN_POINT('Origin',(7.935,-4.21,1.66085));
#6598=CARTESIAN_POINT('',(8.04584999999999,-4.21,-3.09514190371225E-15));
#6599=CARTESIAN_POINT('Origin',(7.935,-4.21,-3.10862446895044E-15));
#6600=CARTESIAN_POINT('',(8.04584999999999,-4.21,0.299999999999997));
#6601=CARTESIAN_POINT('',(8.04584999999999,-4.21,1.66085));
#6602=CARTESIAN_POINT('Origin',(7.935,-4.21,0.299999999999997));
#6603=CARTESIAN_POINT('Origin',(7.935,5.34,1.66084999999999));
#6604=CARTESIAN_POINT('',(8.04584999999999,5.34,-5.31558795296256E-15));
#6605=CARTESIAN_POINT('Origin',(7.935,5.34,-5.32907051820075E-15));
#6606=CARTESIAN_POINT('',(8.04584999999999,5.34,0.299999999999995));
#6607=CARTESIAN_POINT('',(8.04584999999999,5.34,1.66084999999999));
#6608=CARTESIAN_POINT('Origin',(7.935,5.34,0.299999999999995));
#6609=CARTESIAN_POINT('Origin',(-6.79500000000001,5.34,1.66084999999999));
#6610=CARTESIAN_POINT('',(-6.68415000000001,5.34,-7.09194479236281E-15));
#6611=CARTESIAN_POINT('Origin',(-6.79500000000001,5.34,-7.105427357601E-15));
#6612=CARTESIAN_POINT('',(-6.68415000000001,5.34,0.299999999999993));
#6613=CARTESIAN_POINT('',(-6.68415000000001,5.34,1.66084999999999));
#6614=CARTESIAN_POINT('Origin',(-6.79500000000001,5.34,0.299999999999993));
#6615=CARTESIAN_POINT('Origin',(-6.79500000000001,-4.21,1.66084999999999));
#6616=CARTESIAN_POINT('',(-6.68415000000001,-4.21,-4.8714987431125E-15));
#6617=CARTESIAN_POINT('Origin',(-6.79500000000001,-4.21,-4.88498130835069E-15));
#6618=CARTESIAN_POINT('',(-6.68415000000001,-4.21,0.299999999999995));
#6619=CARTESIAN_POINT('',(-6.68415000000001,-4.21,1.66084999999999));
#6620=CARTESIAN_POINT('Origin',(-6.79500000000001,-4.21,0.299999999999995));
#6621=CARTESIAN_POINT('Origin',(0.569999999999997,-4.37,0.149999999999996));
#6622=CARTESIAN_POINT('',(-6.95500000000001,-4.37,0.299999999999995));
#6623=CARTESIAN_POINT('',(-6.95500000000001,-4.37,-4.88498130835069E-15));
#6624=CARTESIAN_POINT('',(-6.95500000000001,-4.37,0.149999999999995));
#6625=CARTESIAN_POINT('',(8.095,-4.37,-3.01980662698043E-15));
#6626=CARTESIAN_POINT('',(0.569999999999997,-4.37,-3.95239396766556E-15));
#6627=CARTESIAN_POINT('',(8.095,-4.37,0.299999999999997));
#6628=CARTESIAN_POINT('',(8.095,-4.37,0.149999999999997));
#6629=CARTESIAN_POINT('',(0.569999999999997,-4.37,0.299999999999996));
#6630=CARTESIAN_POINT('Origin',(0.569999999999997,5.5,0.149999999999994));
#6631=CARTESIAN_POINT('',(-6.95500000000001,5.5,-7.01660951563099E-15));
#6632=CARTESIAN_POINT('',(-6.95500000000001,5.5,0.299999999999993));
#6633=CARTESIAN_POINT('',(-6.95500000000001,5.5,0.149999999999993));
#6634=CARTESIAN_POINT('',(8.095,5.5,0.299999999999995));
#6635=CARTESIAN_POINT('',(0.569999999999997,5.5,0.299999999999994));
#6636=CARTESIAN_POINT('',(8.095,5.5,-5.15143483426073E-15));
#6637=CARTESIAN_POINT('',(8.095,5.5,0.149999999999995));
#6638=CARTESIAN_POINT('',(0.569999999999997,5.5,-6.08402217494586E-15));
#6639=CARTESIAN_POINT('Origin',(0.569999999999997,0.565000000000002,0.299999999999995));
#6640=CARTESIAN_POINT('',(8.095,0.565000000000002,0.299999999999996));
#6641=CARTESIAN_POINT('',(-6.95500000000001,0.565000000000002,0.299999999999994));
#6642=CARTESIAN_POINT('Origin',(8.095,0.565000000000002,0.149999999999996));
#6643=CARTESIAN_POINT('',(8.095,0.565000000000003,-4.08562073062058E-15));
#6644=CARTESIAN_POINT('Origin',(0.569999999999997,0.565000000000003,-5.01820807130571E-15));
#6645=CARTESIAN_POINT('',(-6.95500000000001,0.565000000000003,-5.95079541199084E-15));
#6646=CARTESIAN_POINT('Origin',(-6.95500000000001,0.565000000000002,0.149999999999994));
#6647=CARTESIAN_POINT('',(0.,0.,0.));
#6648=CARTESIAN_POINT('Origin',(-9.86,-7.38999998092652,-0.284183333333329));
#6649=CARTESIAN_POINT('',(-9.86,-7.50084998092652,5.79598702366013E-16));
#6650=CARTESIAN_POINT('Origin',(-9.86,-7.38999998092652,5.55111512312578E-16));
#6651=CARTESIAN_POINT('',(-9.86,-7.50084998092652,0.0999999999999992));
#6652=CARTESIAN_POINT('',(-9.86,-7.50084998092652,-0.284183333333329));
#6653=CARTESIAN_POINT('Origin',(-9.86,-7.38999998092652,0.0999999999999991));
#6654=CARTESIAN_POINT('Origin',(-9.86,-7.38999998092652,5.32907051820075E-16));
#6655=CARTESIAN_POINT('',(-9.86,-7.60999998092652,0.0999999999999992));
#6656=CARTESIAN_POINT('Origin',(-9.86,-7.38999998092652,0.0999999999999991));
#6657=CARTESIAN_POINT('',(-9.86,-7.60999998092652,5.81756864903582E-16));
#6658=CARTESIAN_POINT('',(-9.86,-7.60999998092652,5.81756864903582E-16));
#6659=CARTESIAN_POINT('Origin',(-9.86,-7.38999998092652,5.32907051820075E-16));
#6660=CARTESIAN_POINT('Origin',(-9.86,-7.38999998092652,0.0999999999999991));
#6661=CARTESIAN_POINT('Origin',(-9.86,-7.38999998092652,5.32907051820075E-16));
#6662=CARTESIAN_POINT('',(0.,0.,0.));
#6663=CARTESIAN_POINT('Origin',(-7.86,-7.38999998092652,-0.567516666666666));
#6664=CARTESIAN_POINT('',(-7.86,-7.50084998092652,8.01612165535204E-16));
#6665=CARTESIAN_POINT('Origin',(-7.86,-7.38999998092652,7.7715611723761E-16));
#6666=CARTESIAN_POINT('',(-7.86,-7.50084998092652,0.200000000000001));
#6667=CARTESIAN_POINT('',(-7.86,-7.50084998092652,-0.567516666666666));
#6668=CARTESIAN_POINT('Origin',(-7.86,-7.38999998092652,0.200000000000001));
#6669=CARTESIAN_POINT('Origin',(-7.86,-7.38999998092652,7.99360577730113E-16));
#6670=CARTESIAN_POINT('',(-7.86,-7.60999998092652,0.200000000000001));
#6671=CARTESIAN_POINT('Origin',(-7.86,-7.38999998092652,0.200000000000001));
#6672=CARTESIAN_POINT('',(-7.86,-7.60999998092652,8.4821039081362E-16));
#6673=CARTESIAN_POINT('',(-7.86,-7.60999998092652,8.4821039081362E-16));
#6674=CARTESIAN_POINT('Origin',(-7.86,-7.38999998092652,7.99360577730113E-16));
#6675=CARTESIAN_POINT('Origin',(-7.86,-7.38999998092652,0.200000000000001));
#6676=CARTESIAN_POINT('Origin',(-7.86,-7.38999998092652,7.99360577730113E-16));
#6677=CARTESIAN_POINT('',(0.,0.,0.));
#6678=CARTESIAN_POINT('Origin',(-8.86,-7.38999998092652,-0.42585));
#6679=CARTESIAN_POINT('',(-8.86,-7.50084998092652,6.3508909242671E-16));
#6680=CARTESIAN_POINT('Origin',(-8.86,-7.38999998092652,6.10622663543836E-16));
#6681=CARTESIAN_POINT('',(-8.86,-7.50084998092652,0.150000000000001));
#6682=CARTESIAN_POINT('',(-8.86,-7.50084998092652,-0.42585));
#6683=CARTESIAN_POINT('Origin',(-8.86,-7.38999998092652,0.150000000000001));
#6684=CARTESIAN_POINT('Origin',(-8.86,-7.38999998092652,6.21724893790088E-16));
#6685=CARTESIAN_POINT('',(-8.86,-7.60999998092652,0.150000000000001));
#6686=CARTESIAN_POINT('Origin',(-8.86,-7.38999998092652,0.150000000000001));
#6687=CARTESIAN_POINT('',(-8.86,-7.60999998092652,6.70574706873595E-16));
#6688=CARTESIAN_POINT('',(-8.86,-7.60999998092652,6.70574706873595E-16));
#6689=CARTESIAN_POINT('Origin',(-8.86,-7.38999998092652,6.21724893790088E-16));
#6690=CARTESIAN_POINT('Origin',(-8.86,-7.38999998092652,0.150000000000001));
#6691=CARTESIAN_POINT('Origin',(-8.86,-7.38999998092652,6.21724893790088E-16));
#6692=CARTESIAN_POINT('',(0.,0.,0.));
#6693=CARTESIAN_POINT('Ctrl Pts',(-11.4600264654444,-6.40480169366389,2.40625));
#6694=CARTESIAN_POINT('Ctrl Pts',(-11.4600264654444,-6.40480169366389,2.40625));
#6695=CARTESIAN_POINT('Ctrl Pts',(-11.4600264654444,-6.40480169366389,2.40625));
#6696=CARTESIAN_POINT('Ctrl Pts',(-11.4600264654444,-6.40480169366389,2.40625));
#6697=CARTESIAN_POINT('Ctrl Pts',(-11.4600264654444,-6.40480169366389,2.40625));
#6698=CARTESIAN_POINT('Ctrl Pts',(-11.4600264654444,-6.40480169366389,2.40625));
#6699=CARTESIAN_POINT('Ctrl Pts',(-11.4600264654444,-6.40480169366389,2.40625));
#6700=CARTESIAN_POINT('Ctrl Pts',(-11.4600264654444,-6.40480169366389,2.40625));
#6701=CARTESIAN_POINT('Ctrl Pts',(-11.4600264654444,-6.40480169366389,2.40625));
#6702=CARTESIAN_POINT('Ctrl Pts',(-12.4608764654444,-6.40480169366389,2.40625));
#6703=CARTESIAN_POINT('Ctrl Pts',(-12.4608764654444,-6.40480169366389,1.5304));
#6704=CARTESIAN_POINT('Ctrl Pts',(-11.4600264654444,-6.40480169366389,1.5304));
#6705=CARTESIAN_POINT('Ctrl Pts',(-10.4591764654444,-6.40480169366389,1.5304));
#6706=CARTESIAN_POINT('Ctrl Pts',(-10.4591764654444,-6.40480169366389,2.40625));
#6707=CARTESIAN_POINT('Ctrl Pts',(-10.4591764654444,-6.40480169366389,3.2821));
#6708=CARTESIAN_POINT('Ctrl Pts',(-11.4600264654444,-6.40480169366389,3.2821));
#6709=CARTESIAN_POINT('Ctrl Pts',(-12.4608764654444,-6.40480169366389,3.2821));
#6710=CARTESIAN_POINT('Ctrl Pts',(-12.4608764654444,-6.40480169366389,2.40625));
#6711=CARTESIAN_POINT('Ctrl Pts',(-12.4608764654444,-7.38995626472843,2.40625));
#6712=CARTESIAN_POINT('Ctrl Pts',(-12.4608764654444,-7.38995626472843,1.5304));
#6713=CARTESIAN_POINT('Ctrl Pts',(-11.4600264654444,-7.38995626472843,1.5304));
#6714=CARTESIAN_POINT('Ctrl Pts',(-10.4591764654444,-7.38995626472843,1.5304));
#6715=CARTESIAN_POINT('Ctrl Pts',(-10.4591764654444,-7.38995626472843,2.40625));
#6716=CARTESIAN_POINT('Ctrl Pts',(-10.4591764654444,-7.38995626472843,3.2821));
#6717=CARTESIAN_POINT('Ctrl Pts',(-11.4600264654444,-7.38995626472843,3.2821));
#6718=CARTESIAN_POINT('Ctrl Pts',(-12.4608764654444,-7.38995626472843,3.2821));
#6719=CARTESIAN_POINT('Ctrl Pts',(-12.4608764654444,-7.38995626472843,2.40625));
#6720=CARTESIAN_POINT('Ctrl Pts',(-12.4608764654444,-8.37511083579296,2.40625));
#6721=CARTESIAN_POINT('Ctrl Pts',(-12.4608764654444,-8.37511083579296,1.5304));
#6722=CARTESIAN_POINT('Ctrl Pts',(-11.4600264654444,-8.37511083579296,1.5304));
#6723=CARTESIAN_POINT('Ctrl Pts',(-10.4591764654444,-8.37511083579296,1.5304));
#6724=CARTESIAN_POINT('Ctrl Pts',(-10.4591764654444,-8.37511083579296,2.40625));
#6725=CARTESIAN_POINT('Ctrl Pts',(-10.4591764654444,-8.37511083579296,3.2821));
#6726=CARTESIAN_POINT('Ctrl Pts',(-11.4600264654444,-8.37511083579296,3.2821));
#6727=CARTESIAN_POINT('Ctrl Pts',(-12.4608764654444,-8.37511083579296,3.2821));
#6728=CARTESIAN_POINT('Ctrl Pts',(-12.4608764654444,-8.37511083579296,2.40625));
#6729=CARTESIAN_POINT('Ctrl Pts',(-11.4600264654444,-8.37511083579296,2.40625));
#6730=CARTESIAN_POINT('Ctrl Pts',(-11.4600264654444,-8.37511083579296,2.40625));
#6731=CARTESIAN_POINT('Ctrl Pts',(-11.4600264654444,-8.37511083579296,2.40625));
#6732=CARTESIAN_POINT('Ctrl Pts',(-11.4600264654444,-8.37511083579296,2.40625));
#6733=CARTESIAN_POINT('Ctrl Pts',(-11.4600264654444,-8.37511083579296,2.40625));
#6734=CARTESIAN_POINT('Ctrl Pts',(-11.4600264654444,-8.37511083579296,2.40625));
#6735=CARTESIAN_POINT('Ctrl Pts',(-11.4600264654444,-8.37511083579296,2.40625));
#6736=CARTESIAN_POINT('Ctrl Pts',(-11.4600264654444,-8.37511083579296,2.40625));
#6737=CARTESIAN_POINT('Ctrl Pts',(-11.4600264654444,-8.37511083579296,2.40625));
#6738=CARTESIAN_POINT('',(-10.9473415057118,-7.80347677965669,1.75));
#6739=CARTESIAN_POINT('Ctrl Pts',(-10.9473415057118,-7.80347677965669,1.75));
#6740=CARTESIAN_POINT('Ctrl Pts',(-11.0008192298226,-7.86771554718208,1.75));
#6741=CARTESIAN_POINT('Ctrl Pts',(-11.0661069987106,-7.92112830143437,1.75));
#6742=CARTESIAN_POINT('Ctrl Pts',(-11.1875775987193,-7.98716894904041,1.75));
#6743=CARTESIAN_POINT('Ctrl Pts',(-11.2386403291347,-8.00727283358929,1.75));
#6744=CARTESIAN_POINT('Ctrl Pts',(-11.3388884383649,-8.03320446652493,1.75));
#6745=CARTESIAN_POINT('Ctrl Pts',(-11.3874263772724,-8.04024448352166,1.75));
#6746=CARTESIAN_POINT('Ctrl Pts',(-11.4858957475949,-8.04371859743428,1.75));
#6747=CARTESIAN_POINT('Ctrl Pts',(-11.5355636647103,-8.03997761918413,1.75));
#6748=CARTESIAN_POINT('Ctrl Pts',(-11.6346319592437,-8.02135641935086,1.75));
#6749=CARTESIAN_POINT('Ctrl Pts',(-11.6836821137087,-8.00619449109873,1.75000000000003));
#6750=CARTESIAN_POINT('Ctrl Pts',(-11.7961931288003,-7.95669222087847,1.75000000000003));
#6751=CARTESIAN_POINT('Ctrl Pts',(-11.8568089797377,-7.91739255792793,1.75));
#6752=CARTESIAN_POINT('Ctrl Pts',(-11.9688054197906,-7.8155158465735,1.75));
#6753=CARTESIAN_POINT('Ctrl Pts',(-12.017507969871,-7.75169192704437,1.75));
#6754=CARTESIAN_POINT('Ctrl Pts',(-12.0892294590661,-7.6098256819877,1.75));
#6755=CARTESIAN_POINT('Ctrl Pts',(-12.111700992008,-7.53310478988188,1.75));
#6756=CARTESIAN_POINT('Ctrl Pts',(-12.1280641291807,-7.370277117531,1.75));
#6757=CARTESIAN_POINT('Ctrl Pts',(-12.1198895096228,-7.28560535995156,1.74999999996852));
#6758=CARTESIAN_POINT('Ctrl Pts',(-12.0709493601079,-7.12279564968944,1.74999999996852));
#6759=CARTESIAN_POINT('Ctrl Pts',(-12.0301944257008,-7.04652886604775,1.75000000000001));
#6760=CARTESIAN_POINT('Ctrl Pts',(-11.9225502550415,-6.91521527450252,1.75000000000001));
#6761=CARTESIAN_POINT('Ctrl Pts',(-11.8571947027746,-6.86105267113708,1.75));
#6762=CARTESIAN_POINT('Ctrl Pts',(-11.735384020546,-6.79401366500411,1.75));
#6763=CARTESIAN_POINT('Ctrl Pts',(-11.684166760281,-6.77358063166293,1.75));
#6764=CARTESIAN_POINT('Ctrl Pts',(-11.5837883409202,-6.74719361355395,1.75));
#6765=CARTESIAN_POINT('Ctrl Pts',(-11.5352996004324,-6.73996407906679,1.75));
#6766=CARTESIAN_POINT('Ctrl Pts',(-11.4368277884516,-6.73609401858447,1.75));
#6767=CARTESIAN_POINT('Ctrl Pts',(-11.3871071866837,-6.73964258913636,1.75000000000038));
#6768=CARTESIAN_POINT('Ctrl Pts',(-11.2880755988424,-6.75786230963822,1.75000000000038));
#6769=CARTESIAN_POINT('Ctrl Pts',(-11.2391049913361,-6.77277531347841,1.75000000000003));
#6770=CARTESIAN_POINT('Ctrl Pts',(-11.1271321688561,-6.82143589015235,1.75000000000003));
#6771=CARTESIAN_POINT('Ctrl Pts',(-11.0668646521895,-6.85999098915627,1.75));
#6772=CARTESIAN_POINT('Ctrl Pts',(-10.9545836012349,-6.96056075669826,1.75));
#6773=CARTESIAN_POINT('Ctrl Pts',(-10.9053788244875,-7.02402207620859,1.75));
#6774=CARTESIAN_POINT('Ctrl Pts',(-10.8325549051522,-7.16534642516749,1.75));
#6775=CARTESIAN_POINT('Ctrl Pts',(-10.8094869908162,-7.24189093181034,1.75));
#6776=CARTESIAN_POINT('Ctrl Pts',(-10.7918869039909,-7.40429473921116,1.75));
#6777=CARTESIAN_POINT('Ctrl Pts',(-10.7993161435632,-7.48873260002816,1.75));
#6778=CARTESIAN_POINT('Ctrl Pts',(-10.8346973525316,-7.61045211681051,1.75));
#6779=CARTESIAN_POINT('Ctrl Pts',(-10.8506693031522,-7.65018205220001,1.75));
#6780=CARTESIAN_POINT('Ctrl Pts',(-10.8918846441917,-7.72916188534104,1.75));
#6781=CARTESIAN_POINT('Ctrl Pts',(-10.9176768045729,-7.76784280547656,1.75));
#6782=CARTESIAN_POINT('Ctrl Pts',(-10.9473415057118,-7.80347677965669,1.75));
#6783=CARTESIAN_POINT('Ctrl Pts',(-12.1600264654444,-7.38995626472843,4.20979583622251E-15));
#6784=CARTESIAN_POINT('Ctrl Pts',(-12.1600264654444,-8.0789694644736,4.27553734643945E-15));
#6785=CARTESIAN_POINT('Ctrl Pts',(-11.4600264654444,-8.0789694644736,4.27553734643945E-15));
#6786=CARTESIAN_POINT('Ctrl Pts',(-10.7600264654444,-8.0789694644736,4.27553734643945E-15));
#6787=CARTESIAN_POINT('Ctrl Pts',(-10.7600264654444,-7.38995626472843,4.20979583622251E-15));
#6788=CARTESIAN_POINT('Ctrl Pts',(-10.7600264654444,-6.70094306498325,4.14405432600558E-15));
#6789=CARTESIAN_POINT('Ctrl Pts',(-11.4600264654444,-6.70094306498325,4.14405432600558E-15));
#6790=CARTESIAN_POINT('Ctrl Pts',(-12.1600264654444,-6.70094306498325,4.14405432600558E-15));
#6791=CARTESIAN_POINT('Ctrl Pts',(-12.1600264654444,-7.38995626472843,4.20979583622251E-15));
#6792=CARTESIAN_POINT('Ctrl Pts',(-12.1600264654444,-7.38995626472843,1.75));
#6793=CARTESIAN_POINT('Ctrl Pts',(-12.1600264654444,-8.0789694644736,1.75));
#6794=CARTESIAN_POINT('Ctrl Pts',(-11.4600264654444,-8.0789694644736,1.75));
#6795=CARTESIAN_POINT('Ctrl Pts',(-10.7600264654444,-8.0789694644736,1.75));
#6796=CARTESIAN_POINT('Ctrl Pts',(-10.7600264654444,-7.38995626472843,1.75));
#6797=CARTESIAN_POINT('Ctrl Pts',(-10.7600264654444,-6.70094306498325,1.75));
#6798=CARTESIAN_POINT('Ctrl Pts',(-11.4600264654444,-6.70094306498325,1.75));
#6799=CARTESIAN_POINT('Ctrl Pts',(-12.1600264654444,-6.70094306498325,1.75));
#6800=CARTESIAN_POINT('Ctrl Pts',(-12.1600264654444,-7.38995626472843,1.75));
#6801=CARTESIAN_POINT('',(-12.1600264654444,-7.38995626472843,1.75));
#6802=CARTESIAN_POINT('Origin',(-11.4600264654444,-7.38995626472843,1.75));
#6803=CARTESIAN_POINT('',(-12.1600264654444,-7.38995626472843,4.2632564145606E-15));
#6804=CARTESIAN_POINT('',(-12.1600264654444,-7.38995626472843,4.2632564145606E-15));
#6805=CARTESIAN_POINT('Origin',(-11.4600264654444,-7.38995626472843,4.2632564145606E-15));
#6806=CARTESIAN_POINT('Origin',(-11.4600264654444,-7.38995626472843,1.75));
#6807=CARTESIAN_POINT('Origin',(-11.4600264654444,-7.38995626472843,4.2632564145606E-15));
#6808=CARTESIAN_POINT('',(0.,0.,0.));
#6809=CARTESIAN_POINT('Origin',(-2.87623154555065,-4.13915,1.12675835480639));
#6810=CARTESIAN_POINT('',(-2.94586964636261,-4.37750011444092,1.12675835480639));
#6811=CARTESIAN_POINT('',(-2.87623154555065,-4.37750011444092,1.12675835480639));
#6812=CARTESIAN_POINT('',(-1.14561562018743,-4.37750011444092,1.12675835480639));
#6813=CARTESIAN_POINT('',(-2.94586964636261,-4.13915,1.12675835480639));
#6814=CARTESIAN_POINT('',(-2.94586964636261,-4.13915,1.12675835480639));
#6815=CARTESIAN_POINT('',(-2.87623154555065,-4.13915,1.12675835480639));
#6816=CARTESIAN_POINT('',(-2.94586964636261,-4.13915,1.12675835480639));
#6817=CARTESIAN_POINT('',(-2.87623154555065,-4.13915,1.12675835480639));
#6818=CARTESIAN_POINT('Origin',(-2.76016804419737,-4.13915,0.961458976870859));
#6819=CARTESIAN_POINT('',(-2.76016804419737,-4.37750011444092,0.961458976870859));
#6820=CARTESIAN_POINT('',(-2.53437345172275,-4.37750011444092,0.639878934548557));
#6821=CARTESIAN_POINT('',(-2.76016804419737,-4.13915,0.961458976870859));
#6822=CARTESIAN_POINT('',(-2.87623154555065,-4.13915,1.12675835480639));
#6823=CARTESIAN_POINT('',(-2.76016804419737,-4.13915,0.961458976870859));
#6824=CARTESIAN_POINT('Origin',(-2.64255702949271,-4.13915,1.12675835480639));
#6825=CARTESIAN_POINT('',(-2.64255702949271,-4.37750011444092,1.12675835480639));
#6826=CARTESIAN_POINT('',(-1.81126403641386,-4.37750011444092,2.29512013608318));
#6827=CARTESIAN_POINT('',(-2.64255702949271,-4.13915,1.12675835480639));
#6828=CARTESIAN_POINT('',(-2.76016804419737,-4.13915,0.96145897687086));
#6829=CARTESIAN_POINT('',(-2.64255702949271,-4.13915,1.12675835480639));
#6830=CARTESIAN_POINT('Origin',(-2.5760139553835,-4.13915,1.12675835480639));
#6831=CARTESIAN_POINT('',(-2.5760139553835,-4.37750011444092,1.12675835480639));
#6832=CARTESIAN_POINT('',(-0.995506825103859,-4.37750011444092,1.12675835480639));
#6833=CARTESIAN_POINT('',(-2.5760139553835,-4.13915,1.12675835480639));
#6834=CARTESIAN_POINT('',(-2.64255702949271,-4.13915,1.12675835480639));
#6835=CARTESIAN_POINT('',(-2.5760139553835,-4.13915,1.12675835480639));
#6836=CARTESIAN_POINT('Origin',(-2.7240593993319,-4.13915,0.922309124201918));
#6837=CARTESIAN_POINT('',(-2.7240593993319,-4.37750011444092,0.922309124201918));
#6838=CARTESIAN_POINT('',(-1.81583005843735,-4.37750011444092,2.17656447314069));
#6839=CARTESIAN_POINT('',(-2.7240593993319,-4.13915,0.922309124201918));
#6840=CARTESIAN_POINT('',(-2.5760139553835,-4.13915,1.12675835480639));
#6841=CARTESIAN_POINT('',(-2.7240593993319,-4.13915,0.922309124201918));
#6842=CARTESIAN_POINT('Origin',(-2.56414968635628,-4.13915,0.695239978722052));
#6843=CARTESIAN_POINT('',(-2.56414968635627,-4.37750011444092,0.695239978722053));
#6844=CARTESIAN_POINT('',(-2.43163566119509,-4.37750011444092,0.507072256464724));
#6845=CARTESIAN_POINT('',(-2.56414968635627,-4.13915,0.695239978722052));
#6846=CARTESIAN_POINT('',(-2.7240593993319,-4.13915,0.922309124201918));
#6847=CARTESIAN_POINT('',(-2.56414968635627,-4.13915,0.695239978722052));
#6848=CARTESIAN_POINT('Origin',(-2.63791448943858,-4.13915,0.695239978722052));
#6849=CARTESIAN_POINT('',(-2.63791448943858,-4.37750011444092,0.695239978722053));
#6850=CARTESIAN_POINT('',(-1.0264570921314,-4.37750011444092,0.695239978722052));
#6851=CARTESIAN_POINT('',(-2.63791448943858,-4.13915,0.695239978722052));
#6852=CARTESIAN_POINT('',(-2.56414968635627,-4.13915,0.695239978722052));
#6853=CARTESIAN_POINT('',(-2.63791448943858,-4.13915,0.695239978722052));
#6854=CARTESIAN_POINT('Origin',(-2.76223139533254,-4.13915,0.882289274806998));
#6855=CARTESIAN_POINT('',(-2.76223139533254,-4.37750011444092,0.882289274806998));
#6856=CARTESIAN_POINT('',(-2.58776227268107,-4.37750011444092,0.619780114481267));
#6857=CARTESIAN_POINT('',(-2.76223139533254,-4.13915,0.882289274806998));
#6858=CARTESIAN_POINT('',(-2.63791448943858,-4.13915,0.695239978722052));
#6859=CARTESIAN_POINT('',(-2.76223139533254,-4.13915,0.882289274806998));
#6860=CARTESIAN_POINT('Origin',(-2.89067500349683,-4.13915,0.695239978722053));
#6861=CARTESIAN_POINT('',(-2.89067500349683,-4.37750011444092,0.695239978722053));
#6862=CARTESIAN_POINT('',(-1.9477152499811,-4.37750011444092,2.06844928553271));
#6863=CARTESIAN_POINT('',(-2.89067500349683,-4.13915,0.695239978722053));
#6864=CARTESIAN_POINT('',(-2.76223139533254,-4.13915,0.882289274806999));
#6865=CARTESIAN_POINT('',(-2.89067500349683,-4.13915,0.695239978722053));
#6866=CARTESIAN_POINT('Origin',(-2.95618640203846,-4.13915,0.695239978722052));
#6867=CARTESIAN_POINT('',(-2.95618640203846,-4.37750011444092,0.695239978722053));
#6868=CARTESIAN_POINT('',(-1.18559304843134,-4.37750011444092,0.695239978722052));
#6869=CARTESIAN_POINT('',(-2.95618640203846,-4.13915,0.695239978722052));
#6870=CARTESIAN_POINT('',(-2.89067500349683,-4.13915,0.695239978722052));
#6871=CARTESIAN_POINT('',(-2.95618640203846,-4.13915,0.695239978722052));
#6872=CARTESIAN_POINT('Origin',(-2.79782420241421,-4.13915,0.920569130749965));
#6873=CARTESIAN_POINT('',(-2.79782420241421,-4.37750011444092,0.920569130749965));
#6874=CARTESIAN_POINT('',(-1.90236950588053,-4.37750011444092,2.19468661540282));
#6875=CARTESIAN_POINT('',(-2.79782420241421,-4.13915,0.920569130749965));
#6876=CARTESIAN_POINT('',(-2.95618640203846,-4.13915,0.695239978722052));
#6877=CARTESIAN_POINT('',(-2.79782420241421,-4.13915,0.920569130749965));
#6878=CARTESIAN_POINT('Origin',(-2.94586964636261,-4.13915,1.12675835480639));
#6879=CARTESIAN_POINT('',(-2.63509154076365,-4.37750011444092,0.693924390192729));
#6880=CARTESIAN_POINT('',(-2.79782420241421,-4.13915,0.920569130749965));
#6881=CARTESIAN_POINT('Origin',(-2.56414968635627,-4.13915,0.695239978722052));
#6882=CARTESIAN_POINT('Ctrl Pts',(-3.37556252026164,-4.13915,0.911434165127211));
#6883=CARTESIAN_POINT('Ctrl Pts',(-3.37556252026164,-4.21860003814697,0.911434165127211));
#6884=CARTESIAN_POINT('Ctrl Pts',(-3.37556252026164,-4.29805007629395,0.911434165127212));
#6885=CARTESIAN_POINT('Ctrl Pts',(-3.37556252026164,-4.37750011444092,0.911434165127212));
#6886=CARTESIAN_POINT('Ctrl Pts',(-3.37556252026164,-4.13915,0.88446426662194));
#6887=CARTESIAN_POINT('Ctrl Pts',(-3.37556252026164,-4.21860003814697,0.88446426662194));
#6888=CARTESIAN_POINT('Ctrl Pts',(-3.37556252026164,-4.29805007629395,0.88446426662194));
#6889=CARTESIAN_POINT('Ctrl Pts',(-3.37556252026164,-4.37750011444092,0.88446426662194));
#6890=CARTESIAN_POINT('Ctrl Pts',(-3.37246749355889,-4.13915,0.860249357748928));
#6891=CARTESIAN_POINT('Ctrl Pts',(-3.37246749355889,-4.21860003814697,0.860249357748928));
#6892=CARTESIAN_POINT('Ctrl Pts',(-3.37246749355889,-4.29805007629395,0.860249357748928));
#6893=CARTESIAN_POINT('Ctrl Pts',(-3.37246749355889,-4.37750011444092,0.860249357748928));
#6894=CARTESIAN_POINT('Ctrl Pts',(-3.36002684948449,-4.13915,0.817119646315094));
#6895=CARTESIAN_POINT('Ctrl Pts',(-3.36002684948449,-4.21860003814697,0.817119646315094));
#6896=CARTESIAN_POINT('Ctrl Pts',(-3.36002684948449,-4.29805007629395,0.817119646315094));
#6897=CARTESIAN_POINT('Ctrl Pts',(-3.36002684948449,-4.37750011444092,0.817119646315094));
#6898=CARTESIAN_POINT('Ctrl Pts',(-3.35114619849547,-4.13915,0.798769589113256));
#6899=CARTESIAN_POINT('Ctrl Pts',(-3.35114619849547,-4.21860003814697,0.798769589113256));
#6900=CARTESIAN_POINT('Ctrl Pts',(-3.35114619849547,-4.29805007629395,0.798769589113256));
#6901=CARTESIAN_POINT('Ctrl Pts',(-3.35114619849547,-4.37750011444092,0.798769589113256));
#6902=CARTESIAN_POINT('Ctrl Pts',(-3.3256502160813,-4.13915,0.769133924200656));
#6903=CARTESIAN_POINT('Ctrl Pts',(-3.3256502160813,-4.21860003814697,0.769133924200656));
#6904=CARTESIAN_POINT('Ctrl Pts',(-3.3256502160813,-4.29805007629394,0.769133924200656));
#6905=CARTESIAN_POINT('Ctrl Pts',(-3.3256502160813,-4.37750011444092,0.769133924200656));
#6906=CARTESIAN_POINT('Ctrl Pts',(-3.31022306764795,-4.13915,0.757299745175042));
#6907=CARTESIAN_POINT('Ctrl Pts',(-3.31022306764795,-4.21860003814697,0.757299745175042));
#6908=CARTESIAN_POINT('Ctrl Pts',(-3.31022306764795,-4.29805007629395,0.757299745175043));
#6909=CARTESIAN_POINT('Ctrl Pts',(-3.31022306764795,-4.37750011444092,0.757299745175043));
#6910=CARTESIAN_POINT('Ctrl Pts',(-3.27184275740252,-4.13915,0.741116971585835));
#6911=CARTESIAN_POINT('Ctrl Pts',(-3.27184275740252,-4.21860003814697,0.741116971585835));
#6912=CARTESIAN_POINT('Ctrl Pts',(-3.27184275740252,-4.29805007629394,0.741116971585835));
#6913=CARTESIAN_POINT('Ctrl Pts',(-3.27184275740252,-4.37750011444092,0.741116971585835));
#6914=CARTESIAN_POINT('Ctrl Pts',(-3.24883837137666,-4.13915,0.737434819931913));
#6915=CARTESIAN_POINT('Ctrl Pts',(-3.24883837137666,-4.21860003814697,0.737434819931913));
#6916=CARTESIAN_POINT('Ctrl Pts',(-3.24883837137666,-4.29805007629395,0.737434819931913));
#6917=CARTESIAN_POINT('Ctrl Pts',(-3.24883837137666,-4.37750011444092,0.737434819931913));
#6918=CARTESIAN_POINT('Ctrl Pts',(-3.19553513371811,-4.13915,0.737434819931912));
#6919=CARTESIAN_POINT('Ctrl Pts',(-3.19553513371811,-4.21860003814697,0.737434819931912));
#6920=CARTESIAN_POINT('Ctrl Pts',(-3.19553513371811,-4.29805007629394,0.737434819931912));
#6921=CARTESIAN_POINT('Ctrl Pts',(-3.19553513371811,-4.37750011444092,0.737434819931912));
#6922=CARTESIAN_POINT('Ctrl Pts',(-3.17266632530332,-4.13914999999999,0.741349805198807));
#6923=CARTESIAN_POINT('Ctrl Pts',(-3.17266632530332,-4.21860003814697,0.741349805198807));
#6924=CARTESIAN_POINT('Ctrl Pts',(-3.17266632530332,-4.29805007629395,0.741349805198807));
#6925=CARTESIAN_POINT('Ctrl Pts',(-3.17266632530332,-4.37750011444092,0.741349805198807));
#6926=CARTESIAN_POINT('Ctrl Pts',(-3.13442455971288,-4.13915,0.757180992328207));
#6927=CARTESIAN_POINT('Ctrl Pts',(-3.13442455971288,-4.21860003814697,0.757180992328207));
#6928=CARTESIAN_POINT('Ctrl Pts',(-3.13442455971288,-4.29805007629395,0.757180992328208));
#6929=CARTESIAN_POINT('Ctrl Pts',(-3.13442455971288,-4.37750011444092,0.757180992328208));
#6930=CARTESIAN_POINT('Ctrl Pts',(-3.11850335800512,-4.13915,0.768899701521396));
#6931=CARTESIAN_POINT('Ctrl Pts',(-3.11850335800512,-4.21860003814697,0.768899701521396));
#6932=CARTESIAN_POINT('Ctrl Pts',(-3.11850335800512,-4.29805007629395,0.768899701521396));
#6933=CARTESIAN_POINT('Ctrl Pts',(-3.11850335800512,-4.37750011444092,0.768899701521396));
#6934=CARTESIAN_POINT('Ctrl Pts',(-3.09333330729129,-4.13915,0.798730177483227));
#6935=CARTESIAN_POINT('Ctrl Pts',(-3.09333330729129,-4.21860003814697,0.798730177483227));
#6936=CARTESIAN_POINT('Ctrl Pts',(-3.09333330729129,-4.29805007629395,0.798730177483227));
#6937=CARTESIAN_POINT('Ctrl Pts',(-3.09333330729129,-4.37750011444092,0.798730177483227));
#6938=CARTESIAN_POINT('Ctrl Pts',(-3.0842861183469,-4.13915,0.817039520358761));
#6939=CARTESIAN_POINT('Ctrl Pts',(-3.0842861183469,-4.21860003814697,0.817039520358761));
#6940=CARTESIAN_POINT('Ctrl Pts',(-3.0842861183469,-4.29805007629394,0.817039520358762));
#6941=CARTESIAN_POINT('Ctrl Pts',(-3.0842861183469,-4.37750011444092,0.817039520358762));
#6942=CARTESIAN_POINT('Ctrl Pts',(-3.07266791047237,-4.13915,0.860263620166434));
#6943=CARTESIAN_POINT('Ctrl Pts',(-3.07266791047237,-4.21860003814697,0.860263620166434));
#6944=CARTESIAN_POINT('Ctrl Pts',(-3.07266791047237,-4.29805007629395,0.860263620166433));
#6945=CARTESIAN_POINT('Ctrl Pts',(-3.07266791047237,-4.37750011444092,0.860263620166433));
#6946=CARTESIAN_POINT('Ctrl Pts',(-3.06967071447278,-4.13915,0.88446426662194));
#6947=CARTESIAN_POINT('Ctrl Pts',(-3.06967071447278,-4.21860003814697,0.88446426662194));
#6948=CARTESIAN_POINT('Ctrl Pts',(-3.06967071447278,-4.29805007629394,0.88446426662194));
#6949=CARTESIAN_POINT('Ctrl Pts',(-3.06967071447278,-4.37750011444092,0.88446426662194));
#6950=CARTESIAN_POINT('Ctrl Pts',(-3.06967071447278,-4.13915,0.938404063632483));
#6951=CARTESIAN_POINT('Ctrl Pts',(-3.06967071447278,-4.21860003814697,0.938404063632483));
#6952=CARTESIAN_POINT('Ctrl Pts',(-3.06967071447278,-4.29805007629395,0.938404063632483));
#6953=CARTESIAN_POINT('Ctrl Pts',(-3.06967071447278,-4.37750011444092,0.938404063632483));
#6954=CARTESIAN_POINT('Ctrl Pts',(-3.0725937952476,-4.13915,0.962618972505495));
#6955=CARTESIAN_POINT('Ctrl Pts',(-3.0725937952476,-4.21860003814697,0.962618972505495));
#6956=CARTESIAN_POINT('Ctrl Pts',(-3.0725937952476,-4.29805007629394,0.962618972505496));
#6957=CARTESIAN_POINT('Ctrl Pts',(-3.0725937952476,-4.37750011444092,0.962618972505496));
#6958=CARTESIAN_POINT('Ctrl Pts',(-3.08428611834689,-4.13915,1.005538810987));
#6959=CARTESIAN_POINT('Ctrl Pts',(-3.08428611834689,-4.21860003814697,1.005538810987));
#6960=CARTESIAN_POINT('Ctrl Pts',(-3.08428611834689,-4.29805007629395,1.005538810987));
#6961=CARTESIAN_POINT('Ctrl Pts',(-3.08428611834689,-4.37750011444092,1.005538810987));
#6962=CARTESIAN_POINT('Ctrl Pts',(-3.09339925252723,-4.13914999999999,1.02366374277818));
#6963=CARTESIAN_POINT('Ctrl Pts',(-3.09339925252723,-4.21860003814697,1.02366374277818));
#6964=CARTESIAN_POINT('Ctrl Pts',(-3.09339925252723,-4.29805007629395,1.02366374277818));
#6965=CARTESIAN_POINT('Ctrl Pts',(-3.09339925252723,-4.37750011444092,1.02366374277818));
#6966=CARTESIAN_POINT('Ctrl Pts',(-3.11815946614926,-4.13915,1.05324363146138));
#6967=CARTESIAN_POINT('Ctrl Pts',(-3.11815946614926,-4.21860003814697,1.05324363146138));
#6968=CARTESIAN_POINT('Ctrl Pts',(-3.11815946614926,-4.29805007629394,1.05324363146138));
#6969=CARTESIAN_POINT('Ctrl Pts',(-3.11815946614926,-4.37750011444092,1.05324363146138));
#6970=CARTESIAN_POINT('Ctrl Pts',(-3.13390872192909,-4.13914999999999,1.06481734120024));
#6971=CARTESIAN_POINT('Ctrl Pts',(-3.13390872192909,-4.21860003814697,1.06481734120024));
#6972=CARTESIAN_POINT('Ctrl Pts',(-3.13390872192909,-4.29805007629394,1.06481734120024));
#6973=CARTESIAN_POINT('Ctrl Pts',(-3.13390872192909,-4.37750011444092,1.06481734120024));
#6974=CARTESIAN_POINT('Ctrl Pts',(-3.17215048751953,-4.13915,1.08064852832964));
#6975=CARTESIAN_POINT('Ctrl Pts',(-3.17215048751953,-4.21860003814697,1.08064852832964));
#6976=CARTESIAN_POINT('Ctrl Pts',(-3.17215048751953,-4.29805007629394,1.08064852832964));
#6977=CARTESIAN_POINT('Ctrl Pts',(-3.17215048751953,-4.37750011444092,1.08064852832964));
#6978=CARTESIAN_POINT('Ctrl Pts',(-3.19484735000639,-4.13914999999999,1.08456351359653));
#6979=CARTESIAN_POINT('Ctrl Pts',(-3.19484735000639,-4.21860003814697,1.08456351359653));
#6980=CARTESIAN_POINT('Ctrl Pts',(-3.19484735000639,-4.29805007629395,1.08456351359653));
#6981=CARTESIAN_POINT('Ctrl Pts',(-3.19484735000639,-4.37750011444092,1.08456351359653));
#6982=CARTESIAN_POINT('Ctrl Pts',(-3.24815058766493,-4.13915,1.08456351359653));
#6983=CARTESIAN_POINT('Ctrl Pts',(-3.24815058766493,-4.21860003814697,1.08456351359653));
#6984=CARTESIAN_POINT('Ctrl Pts',(-3.24815058766493,-4.29805007629394,1.08456351359653));
#6985=CARTESIAN_POINT('Ctrl Pts',(-3.24815058766493,-4.37750011444092,1.08456351359653));
#6986=CARTESIAN_POINT('Ctrl Pts',(-3.27119134200766,-4.13914999999999,1.08064852832964));
#6987=CARTESIAN_POINT('Ctrl Pts',(-3.27119134200766,-4.21860003814697,1.08064852832964));
#6988=CARTESIAN_POINT('Ctrl Pts',(-3.27119134200766,-4.29805007629395,1.08064852832964));
#6989=CARTESIAN_POINT('Ctrl Pts',(-3.27119134200766,-4.37750011444092,1.08064852832964));
#6990=CARTESIAN_POINT('Ctrl Pts',(-3.30984376872073,-4.13915,1.0649330727571));
#6991=CARTESIAN_POINT('Ctrl Pts',(-3.30984376872073,-4.21860003814697,1.0649330727571));
#6992=CARTESIAN_POINT('Ctrl Pts',(-3.30984376872073,-4.29805007629394,1.0649330727571));
#6993=CARTESIAN_POINT('Ctrl Pts',(-3.30984376872073,-4.37750011444092,1.0649330727571));
#6994=CARTESIAN_POINT('Ctrl Pts',(-3.32569820116172,-4.13915,1.05324363146138));
#6995=CARTESIAN_POINT('Ctrl Pts',(-3.32569820116172,-4.21860003814697,1.05324363146138));
#6996=CARTESIAN_POINT('Ctrl Pts',(-3.32569820116172,-4.29805007629394,1.05324363146138));
#6997=CARTESIAN_POINT('Ctrl Pts',(-3.32569820116172,-4.37750011444092,1.05324363146138));
#6998=CARTESIAN_POINT('Ctrl Pts',(-3.35114619849547,-4.13915,1.02366374277818));
#6999=CARTESIAN_POINT('Ctrl Pts',(-3.35114619849547,-4.21860003814697,1.02366374277818));
#7000=CARTESIAN_POINT('Ctrl Pts',(-3.35114619849547,-4.29805007629395,1.02366374277818));
#7001=CARTESIAN_POINT('Ctrl Pts',(-3.35114619849547,-4.37750011444092,1.02366374277818));
#7002=CARTESIAN_POINT('Ctrl Pts',(-3.36043127860373,-4.13915,1.005538810987));
#7003=CARTESIAN_POINT('Ctrl Pts',(-3.36043127860373,-4.21860003814697,1.005538810987));
#7004=CARTESIAN_POINT('Ctrl Pts',(-3.36043127860373,-4.29805007629395,1.005538810987));
#7005=CARTESIAN_POINT('Ctrl Pts',(-3.36043127860373,-4.37750011444092,1.005538810987));
#7006=CARTESIAN_POINT('Ctrl Pts',(-3.37214132122011,-4.13915,0.962553928219212));
#7007=CARTESIAN_POINT('Ctrl Pts',(-3.37214132122011,-4.21860003814697,0.962553928219212));
#7008=CARTESIAN_POINT('Ctrl Pts',(-3.37214132122011,-4.29805007629395,0.962553928219212));
#7009=CARTESIAN_POINT('Ctrl Pts',(-3.37214132122011,-4.37750011444092,0.962553928219212));
#7010=CARTESIAN_POINT('Ctrl Pts',(-3.37556252026164,-4.13915,0.938404063632483));
#7011=CARTESIAN_POINT('Ctrl Pts',(-3.37556252026164,-4.21860003814697,0.938404063632483));
#7012=CARTESIAN_POINT('Ctrl Pts',(-3.37556252026164,-4.29805007629395,0.938404063632483));
#7013=CARTESIAN_POINT('Ctrl Pts',(-3.37556252026164,-4.37750011444092,0.938404063632483));
#7014=CARTESIAN_POINT('Ctrl Pts',(-3.37556252026164,-4.13915,0.911434165127211));
#7015=CARTESIAN_POINT('Ctrl Pts',(-3.37556252026164,-4.21860003814697,0.911434165127211));
#7016=CARTESIAN_POINT('Ctrl Pts',(-3.37556252026164,-4.29805007629395,0.911434165127212));
#7017=CARTESIAN_POINT('Ctrl Pts',(-3.37556252026164,-4.37750011444092,0.911434165127212));
#7018=CARTESIAN_POINT('',(-3.37556252026164,-4.37750011444092,0.911434165127212));
#7019=CARTESIAN_POINT('Ctrl Pts',(-3.37556252026164,-4.37750011444092,0.911434165127212));
#7020=CARTESIAN_POINT('Ctrl Pts',(-3.37556252026164,-4.37750011444092,0.88446426662194));
#7021=CARTESIAN_POINT('Ctrl Pts',(-3.37246749355889,-4.37750011444092,0.860249357748928));
#7022=CARTESIAN_POINT('Ctrl Pts',(-3.36627744015338,-4.37750011444092,0.838789438508174));
#7023=CARTESIAN_POINT('Ctrl Pts',(-3.36002684948449,-4.37750011444092,0.817119646315094));
#7024=CARTESIAN_POINT('Ctrl Pts',(-3.35114619849547,-4.37750011444092,0.798769589113256));
#7025=CARTESIAN_POINT('Ctrl Pts',(-3.33842219982859,-4.37750011444092,0.783979644771655));
#7026=CARTESIAN_POINT('Ctrl Pts',(-3.3256502160813,-4.37750011444092,0.769133924200656));
#7027=CARTESIAN_POINT('Ctrl Pts',(-3.31022306764795,-4.37750011444092,0.757299745175043));
#7028=CARTESIAN_POINT('Ctrl Pts',(-3.2909651237197,-4.37750011444092,0.749179775732595));
#7029=CARTESIAN_POINT('Ctrl Pts',(-3.27184275740252,-4.37750011444092,0.741116971585835));
#7030=CARTESIAN_POINT('Ctrl Pts',(-3.24883837137666,-4.37750011444092,0.737434819931913));
#7031=CARTESIAN_POINT('Ctrl Pts',(-3.22235869847531,-4.37750011444092,0.737434819931913));
#7032=CARTESIAN_POINT('Ctrl Pts',(-3.19553513371811,-4.37750011444092,0.737434819931912));
#7033=CARTESIAN_POINT('Ctrl Pts',(-3.17266632530332,-4.37750011444092,0.741349805198807));
#7034=CARTESIAN_POINT('Ctrl Pts',(-3.15375227323093,-4.37750011444092,0.749179775732595));
#7035=CARTESIAN_POINT('Ctrl Pts',(-3.13442455971288,-4.37750011444092,0.757180992328208));
#7036=CARTESIAN_POINT('Ctrl Pts',(-3.11850335800512,-4.37750011444092,0.768899701521396));
#7037=CARTESIAN_POINT('Ctrl Pts',(-3.10577935933824,-4.37750011444092,0.783979644771655));
#7038=CARTESIAN_POINT('Ctrl Pts',(-3.09333330729129,-4.37750011444092,0.798730177483227));
#7039=CARTESIAN_POINT('Ctrl Pts',(-3.0842861183469,-4.37750011444092,0.817039520358762));
#7040=CARTESIAN_POINT('Ctrl Pts',(-3.07843995679725,-4.37750011444092,0.838789438508174));
#7041=CARTESIAN_POINT('Ctrl Pts',(-3.07266791047237,-4.37750011444092,0.860263620166433));
#7042=CARTESIAN_POINT('Ctrl Pts',(-3.06967071447278,-4.37750011444092,0.88446426662194));
#7043=CARTESIAN_POINT('Ctrl Pts',(-3.06967071447278,-4.37750011444092,0.911434165127212));
#7044=CARTESIAN_POINT('Ctrl Pts',(-3.06967071447278,-4.37750011444092,0.938404063632483));
#7045=CARTESIAN_POINT('Ctrl Pts',(-3.0725937952476,-4.37750011444092,0.962618972505496));
#7046=CARTESIAN_POINT('Ctrl Pts',(-3.07843995679725,-4.37750011444092,0.984078891746249));
#7047=CARTESIAN_POINT('Ctrl Pts',(-3.08428611834689,-4.37750011444092,1.005538810987));
#7048=CARTESIAN_POINT('Ctrl Pts',(-3.09339925252723,-4.37750011444092,1.02366374277818));
#7049=CARTESIAN_POINT('Ctrl Pts',(-3.10577935933824,-4.37750011444092,1.03845368711978));
#7050=CARTESIAN_POINT('Ctrl Pts',(-3.11815946614926,-4.37750011444092,1.05324363146138));
#7051=CARTESIAN_POINT('Ctrl Pts',(-3.13390872192909,-4.37750011444092,1.06481734120024));
#7052=CARTESIAN_POINT('Ctrl Pts',(-3.15323643544714,-4.37750011444092,1.07281855779585));
#7053=CARTESIAN_POINT('Ctrl Pts',(-3.17215048751953,-4.37750011444092,1.08064852832964));
#7054=CARTESIAN_POINT('Ctrl Pts',(-3.19484735000639,-4.37750011444092,1.08456351359653));
#7055=CARTESIAN_POINT('Ctrl Pts',(-3.22132702290773,-4.37750011444092,1.08456351359653));
#7056=CARTESIAN_POINT('Ctrl Pts',(-3.24815058766493,-4.37750011444092,1.08456351359653));
#7057=CARTESIAN_POINT('Ctrl Pts',(-3.27119134200766,-4.37750011444092,1.08064852832964));
#7058=CARTESIAN_POINT('Ctrl Pts',(-3.29044928593591,-4.37750011444092,1.07281855779585));
#7059=CARTESIAN_POINT('Ctrl Pts',(-3.30984376872073,-4.37750011444092,1.0649330727571));
#7060=CARTESIAN_POINT('Ctrl Pts',(-3.32569820116172,-4.37750011444092,1.05324363146138));
#7061=CARTESIAN_POINT('Ctrl Pts',(-3.33842219982859,-4.37750011444092,1.03845368711978));
#7062=CARTESIAN_POINT('Ctrl Pts',(-3.35114619849547,-4.37750011444092,1.02366374277818));
#7063=CARTESIAN_POINT('Ctrl Pts',(-3.36043127860373,-4.37750011444092,1.005538810987));
#7064=CARTESIAN_POINT('Ctrl Pts',(-3.36627744015338,-4.37750011444092,0.984078891746249));
#7065=CARTESIAN_POINT('Ctrl Pts',(-3.37214132122011,-4.37750011444092,0.962553928219212));
#7066=CARTESIAN_POINT('Ctrl Pts',(-3.37556252026164,-4.37750011444092,0.938404063632483));
#7067=CARTESIAN_POINT('Ctrl Pts',(-3.37556252026164,-4.37750011444092,0.911434165127212));
#7068=CARTESIAN_POINT('',(-3.37556252026164,-4.13915,0.911434165127212));
#7069=CARTESIAN_POINT('',(-3.37556252026164,-4.13915,0.911434165127212));
#7070=CARTESIAN_POINT('Ctrl Pts',(-3.37556252026164,-4.13915,0.911434165127212));
#7071=CARTESIAN_POINT('Ctrl Pts',(-3.37556252026164,-4.13915,0.88446426662194));
#7072=CARTESIAN_POINT('Ctrl Pts',(-3.37246749355889,-4.13915,0.860249357748928));
#7073=CARTESIAN_POINT('Ctrl Pts',(-3.36627744015338,-4.13915,0.838789438508174));
#7074=CARTESIAN_POINT('Ctrl Pts',(-3.36002684948449,-4.13915,0.817119646315094));
#7075=CARTESIAN_POINT('Ctrl Pts',(-3.35114619849547,-4.13915,0.798769589113255));
#7076=CARTESIAN_POINT('Ctrl Pts',(-3.33842219982859,-4.13915,0.783979644771655));
#7077=CARTESIAN_POINT('Ctrl Pts',(-3.3256502160813,-4.13915,0.769133924200656));
#7078=CARTESIAN_POINT('Ctrl Pts',(-3.31022306764795,-4.13915,0.757299745175042));
#7079=CARTESIAN_POINT('Ctrl Pts',(-3.2909651237197,-4.13915,0.749179775732595));
#7080=CARTESIAN_POINT('Ctrl Pts',(-3.27184275740252,-4.13915,0.741116971585835));
#7081=CARTESIAN_POINT('Ctrl Pts',(-3.24883837137666,-4.13915,0.737434819931912));
#7082=CARTESIAN_POINT('Ctrl Pts',(-3.22235869847532,-4.13915,0.737434819931912));
#7083=CARTESIAN_POINT('Ctrl Pts',(-3.19553513371811,-4.13915,0.737434819931912));
#7084=CARTESIAN_POINT('Ctrl Pts',(-3.17266632530332,-4.13915,0.741349805198807));
#7085=CARTESIAN_POINT('Ctrl Pts',(-3.15375227323093,-4.13915,0.749179775732595));
#7086=CARTESIAN_POINT('Ctrl Pts',(-3.13442455971288,-4.13915,0.757180992328208));
#7087=CARTESIAN_POINT('Ctrl Pts',(-3.11850335800512,-4.13915,0.768899701521396));
#7088=CARTESIAN_POINT('Ctrl Pts',(-3.10577935933824,-4.13915,0.783979644771655));
#7089=CARTESIAN_POINT('Ctrl Pts',(-3.09333330729129,-4.13915,0.798730177483227));
#7090=CARTESIAN_POINT('Ctrl Pts',(-3.0842861183469,-4.13915,0.817039520358762));
#7091=CARTESIAN_POINT('Ctrl Pts',(-3.07843995679725,-4.13915,0.838789438508174));
#7092=CARTESIAN_POINT('Ctrl Pts',(-3.07266791047237,-4.13915,0.860263620166434));
#7093=CARTESIAN_POINT('Ctrl Pts',(-3.06967071447278,-4.13915,0.88446426662194));
#7094=CARTESIAN_POINT('Ctrl Pts',(-3.06967071447278,-4.13915,0.911434165127212));
#7095=CARTESIAN_POINT('Ctrl Pts',(-3.06967071447278,-4.13915,0.938404063632483));
#7096=CARTESIAN_POINT('Ctrl Pts',(-3.0725937952476,-4.13915,0.962618972505495));
#7097=CARTESIAN_POINT('Ctrl Pts',(-3.07843995679725,-4.13915,0.984078891746249));
#7098=CARTESIAN_POINT('Ctrl Pts',(-3.0842861183469,-4.13915,1.005538810987));
#7099=CARTESIAN_POINT('Ctrl Pts',(-3.09339925252723,-4.13915,1.02366374277818));
#7100=CARTESIAN_POINT('Ctrl Pts',(-3.10577935933824,-4.13915,1.03845368711978));
#7101=CARTESIAN_POINT('Ctrl Pts',(-3.11815946614926,-4.13915,1.05324363146138));
#7102=CARTESIAN_POINT('Ctrl Pts',(-3.13390872192909,-4.13915,1.06481734120024));
#7103=CARTESIAN_POINT('Ctrl Pts',(-3.15323643544714,-4.13915,1.07281855779585));
#7104=CARTESIAN_POINT('Ctrl Pts',(-3.17215048751953,-4.13915,1.08064852832964));
#7105=CARTESIAN_POINT('Ctrl Pts',(-3.19484735000639,-4.13915,1.08456351359653));
#7106=CARTESIAN_POINT('Ctrl Pts',(-3.22132702290773,-4.13915,1.08456351359653));
#7107=CARTESIAN_POINT('Ctrl Pts',(-3.24815058766493,-4.13915,1.08456351359653));
#7108=CARTESIAN_POINT('Ctrl Pts',(-3.27119134200766,-4.13915,1.08064852832964));
#7109=CARTESIAN_POINT('Ctrl Pts',(-3.29044928593591,-4.13915,1.07281855779585));
#7110=CARTESIAN_POINT('Ctrl Pts',(-3.30984376872073,-4.13915,1.0649330727571));
#7111=CARTESIAN_POINT('Ctrl Pts',(-3.32569820116172,-4.13915,1.05324363146138));
#7112=CARTESIAN_POINT('Ctrl Pts',(-3.33842219982859,-4.13915,1.03845368711978));
#7113=CARTESIAN_POINT('Ctrl Pts',(-3.35114619849547,-4.13915,1.02366374277818));
#7114=CARTESIAN_POINT('Ctrl Pts',(-3.36043127860373,-4.13915,1.005538810987));
#7115=CARTESIAN_POINT('Ctrl Pts',(-3.36627744015338,-4.13915,0.984078891746249));
#7116=CARTESIAN_POINT('Ctrl Pts',(-3.37214132122011,-4.13915,0.962553928219212));
#7117=CARTESIAN_POINT('Ctrl Pts',(-3.37556252026164,-4.13915,0.938404063632483));
#7118=CARTESIAN_POINT('Ctrl Pts',(-3.37556252026164,-4.13915,0.911434165127212));
#7119=CARTESIAN_POINT('Ctrl Pts',(-3.0005484514446,-4.13915,0.910999166764223));
#7120=CARTESIAN_POINT('Ctrl Pts',(-3.0005484514446,-4.21860003814697,0.910999166764223));
#7121=CARTESIAN_POINT('Ctrl Pts',(-3.0005484514446,-4.29805007629395,0.910999166764223));
#7122=CARTESIAN_POINT('Ctrl Pts',(-3.0005484514446,-4.37750011444092,0.910999166764223));
#7123=CARTESIAN_POINT('Ctrl Pts',(-3.0005484514446,-4.13915,0.944639040168648));
#7124=CARTESIAN_POINT('Ctrl Pts',(-3.0005484514446,-4.21860003814697,0.944639040168648));
#7125=CARTESIAN_POINT('Ctrl Pts',(-3.0005484514446,-4.29805007629395,0.944639040168648));
#7126=CARTESIAN_POINT('Ctrl Pts',(-3.0005484514446,-4.37750011444092,0.944639040168648));
#7127=CARTESIAN_POINT('Ctrl Pts',(-3.00536293742667,-4.13915,0.975088925577825));
#7128=CARTESIAN_POINT('Ctrl Pts',(-3.00536293742667,-4.21860003814697,0.975088925577825));
#7129=CARTESIAN_POINT('Ctrl Pts',(-3.00536293742667,-4.29805007629394,0.975088925577825));
#7130=CARTESIAN_POINT('Ctrl Pts',(-3.00536293742667,-4.37750011444092,0.975088925577825));
#7131=CARTESIAN_POINT('Ctrl Pts',(-3.02459331625175,-4.13914999999999,1.0295306828034));
#7132=CARTESIAN_POINT('Ctrl Pts',(-3.02459331625175,-4.21860003814697,1.0295306828034));
#7133=CARTESIAN_POINT('Ctrl Pts',(-3.02459331625175,-4.29805007629395,1.0295306828034));
#7134=CARTESIAN_POINT('Ctrl Pts',(-3.02459331625175,-4.37750011444092,1.0295306828034));
#7135=CARTESIAN_POINT('Ctrl Pts',(-3.03837655558938,-4.13915,1.05295363255272));
#7136=CARTESIAN_POINT('Ctrl Pts',(-3.03837655558938,-4.21860003814697,1.05295363255272));
#7137=CARTESIAN_POINT('Ctrl Pts',(-3.03837655558938,-4.29805007629394,1.05295363255272));
#7138=CARTESIAN_POINT('Ctrl Pts',(-3.03837655558938,-4.37750011444092,1.05295363255272));
#7139=CARTESIAN_POINT('Ctrl Pts',(-3.07606697254754,-4.13915,1.09167204375179));
#7140=CARTESIAN_POINT('Ctrl Pts',(-3.07606697254754,-4.21860003814697,1.09167204375179));
#7141=CARTESIAN_POINT('Ctrl Pts',(-3.07606697254754,-4.29805007629395,1.09167204375179));
#7142=CARTESIAN_POINT('Ctrl Pts',(-3.07606697254754,-4.37750011444092,1.09167204375179));
#7143=CARTESIAN_POINT('Ctrl Pts',(-3.09890152222101,-4.13915,1.10674843010893));
#7144=CARTESIAN_POINT('Ctrl Pts',(-3.09890152222101,-4.21860003814697,1.10674843010893));
#7145=CARTESIAN_POINT('Ctrl Pts',(-3.09890152222101,-4.29805007629394,1.10674843010893));
#7146=CARTESIAN_POINT('Ctrl Pts',(-3.09890152222101,-4.37750011444092,1.10674843010893));
#7147=CARTESIAN_POINT('Ctrl Pts',(-3.15377007266139,-4.13915,1.12756985627616));
#7148=CARTESIAN_POINT('Ctrl Pts',(-3.15377007266139,-4.21860003814697,1.12756985627616));
#7149=CARTESIAN_POINT('Ctrl Pts',(-3.15377007266139,-4.29805007629395,1.12756985627616));
#7150=CARTESIAN_POINT('Ctrl Pts',(-3.15377007266139,-4.37750011444092,1.12756985627616));
#7151=CARTESIAN_POINT('Ctrl Pts',(-3.18521837804226,-4.13914999999999,1.13328333025122));
#7152=CARTESIAN_POINT('Ctrl Pts',(-3.18521837804226,-4.21860003814697,1.13328333025122));
#7153=CARTESIAN_POINT('Ctrl Pts',(-3.18521837804226,-4.29805007629395,1.13328333025122));
#7154=CARTESIAN_POINT('Ctrl Pts',(-3.18521837804226,-4.37750011444092,1.13328333025122));
#7155=CARTESIAN_POINT('Ctrl Pts',(-3.25949901890837,-4.13915,1.13328333025122));
#7156=CARTESIAN_POINT('Ctrl Pts',(-3.25949901890837,-4.21860003814697,1.13328333025122));
#7157=CARTESIAN_POINT('Ctrl Pts',(-3.25949901890837,-4.29805007629395,1.13328333025122));
#7158=CARTESIAN_POINT('Ctrl Pts',(-3.25949901890837,-4.37750011444092,1.13328333025122));
#7159=CARTESIAN_POINT('Ctrl Pts',(-3.29232741617746,-4.13915,1.12756960792986));
#7160=CARTESIAN_POINT('Ctrl Pts',(-3.29232741617746,-4.21860003814697,1.12756960792986));
#7161=CARTESIAN_POINT('Ctrl Pts',(-3.29232741617746,-4.29805007629395,1.12756960792986));
#7162=CARTESIAN_POINT('Ctrl Pts',(-3.29232741617746,-4.37750011444092,1.12756960792986));
#7163=CARTESIAN_POINT('Ctrl Pts',(-3.34856700957651,-4.13915,1.10674843010893));
#7164=CARTESIAN_POINT('Ctrl Pts',(-3.34856700957651,-4.21860003814697,1.10674843010893));
#7165=CARTESIAN_POINT('Ctrl Pts',(-3.34856700957651,-4.29805007629395,1.10674843010894));
#7166=CARTESIAN_POINT('Ctrl Pts',(-3.34856700957651,-4.37750011444092,1.10674843010894));
#7167=CARTESIAN_POINT('Ctrl Pts',(-3.37140265013046,-4.13914999999999,1.0915576729181));
#7168=CARTESIAN_POINT('Ctrl Pts',(-3.37140265013046,-4.21860003814697,1.0915576729181));
#7169=CARTESIAN_POINT('Ctrl Pts',(-3.37140265013046,-4.29805007629394,1.0915576729181));
#7170=CARTESIAN_POINT('Ctrl Pts',(-3.37140265013046,-4.37750011444092,1.0915576729181));
#7171=CARTESIAN_POINT('Ctrl Pts',(-3.40857613842435,-4.13915,1.05324363146138));
#7172=CARTESIAN_POINT('Ctrl Pts',(-3.40857613842435,-4.21860003814697,1.05324363146138));
#7173=CARTESIAN_POINT('Ctrl Pts',(-3.40857613842435,-4.29805007629394,1.05324363146138));
#7174=CARTESIAN_POINT('Ctrl Pts',(-3.40857613842435,-4.37750011444092,1.05324363146138));
#7175=CARTESIAN_POINT('Ctrl Pts',(-3.42265256357739,-4.13914999999999,1.03011709294906));
#7176=CARTESIAN_POINT('Ctrl Pts',(-3.42265256357739,-4.21860003814697,1.03011709294906));
#7177=CARTESIAN_POINT('Ctrl Pts',(-3.42265256357739,-4.29805007629394,1.03011709294906));
#7178=CARTESIAN_POINT('Ctrl Pts',(-3.42265256357739,-4.37750011444092,1.03011709294906));
#7179=CARTESIAN_POINT('Ctrl Pts',(-3.43987029730776,-4.13915,0.975523923940813));
#7180=CARTESIAN_POINT('Ctrl Pts',(-3.43987029730776,-4.21860003814697,0.975523923940813));
#7181=CARTESIAN_POINT('Ctrl Pts',(-3.43987029730776,-4.29805007629395,0.975523923940813));
#7182=CARTESIAN_POINT('Ctrl Pts',(-3.43987029730776,-4.37750011444092,0.975523923940813));
#7183=CARTESIAN_POINT('Ctrl Pts',(-3.44416894550603,-4.13915,0.945219037985965));
#7184=CARTESIAN_POINT('Ctrl Pts',(-3.44416894550603,-4.21860003814697,0.945219037985965));
#7185=CARTESIAN_POINT('Ctrl Pts',(-3.44416894550603,-4.29805007629395,0.945219037985965));
#7186=CARTESIAN_POINT('Ctrl Pts',(-3.44416894550603,-4.37750011444092,0.945219037985965));
#7187=CARTESIAN_POINT('Ctrl Pts',(-3.44416894550603,-4.13915,0.878229290085775));
#7188=CARTESIAN_POINT('Ctrl Pts',(-3.44416894550603,-4.21860003814697,0.878229290085775));
#7189=CARTESIAN_POINT('Ctrl Pts',(-3.44416894550603,-4.29805007629395,0.878229290085776));
#7190=CARTESIAN_POINT('Ctrl Pts',(-3.44416894550603,-4.37750011444092,0.878229290085776));
#7191=CARTESIAN_POINT('Ctrl Pts',(-3.44010289527192,-4.13915,0.847726481023827));
#7192=CARTESIAN_POINT('Ctrl Pts',(-3.44010289527192,-4.21860003814697,0.847726481023827));
#7193=CARTESIAN_POINT('Ctrl Pts',(-3.44010289527192,-4.29805007629395,0.847726481023827));
#7194=CARTESIAN_POINT('Ctrl Pts',(-3.44010289527192,-4.37750011444092,0.847726481023827));
#7195=CARTESIAN_POINT('Ctrl Pts',(-3.42233181265882,-4.13915,0.792969610940079));
#7196=CARTESIAN_POINT('Ctrl Pts',(-3.42233181265882,-4.21860003814697,0.792969610940079));
#7197=CARTESIAN_POINT('Ctrl Pts',(-3.42233181265882,-4.29805007629395,0.792969610940079));
#7198=CARTESIAN_POINT('Ctrl Pts',(-3.42233181265882,-4.37750011444092,0.792969610940079));
#7199=CARTESIAN_POINT('Ctrl Pts',(-3.40895732142165,-4.13915,0.769338810265859));
#7200=CARTESIAN_POINT('Ctrl Pts',(-3.40895732142165,-4.21860003814697,0.769338810265859));
#7201=CARTESIAN_POINT('Ctrl Pts',(-3.40895732142165,-4.29805007629395,0.769338810265859));
#7202=CARTESIAN_POINT('Ctrl Pts',(-3.40895732142165,-4.37750011444092,0.769338810265859));
#7203=CARTESIAN_POINT('Ctrl Pts',(-3.3719516557751,-4.13915,0.73061984557843));
#7204=CARTESIAN_POINT('Ctrl Pts',(-3.3719516557751,-4.21860003814697,0.73061984557843));
#7205=CARTESIAN_POINT('Ctrl Pts',(-3.3719516557751,-4.29805007629395,0.73061984557843));
#7206=CARTESIAN_POINT('Ctrl Pts',(-3.3719516557751,-4.37750011444092,0.73061984557843));
#7207=CARTESIAN_POINT('Ctrl Pts',(-3.34886805892584,-4.13915,0.715298290532004));
#7208=CARTESIAN_POINT('Ctrl Pts',(-3.34886805892584,-4.21860003814697,0.715298290532004));
#7209=CARTESIAN_POINT('Ctrl Pts',(-3.34886805892584,-4.29805007629394,0.715298290532004));
#7210=CARTESIAN_POINT('Ctrl Pts',(-3.34886805892584,-4.37750011444092,0.715298290532004));
#7211=CARTESIAN_POINT('Ctrl Pts',(-3.29302847485487,-4.13915,0.694369981996076));
#7212=CARTESIAN_POINT('Ctrl Pts',(-3.29302847485487,-4.21860003814697,0.694369981996076));
#7213=CARTESIAN_POINT('Ctrl Pts',(-3.29302847485487,-4.29805007629395,0.694369981996076));
#7214=CARTESIAN_POINT('Ctrl Pts',(-3.29302847485487,-4.37750011444092,0.694369981996076));
#7215=CARTESIAN_POINT('Ctrl Pts',(-3.26018680262009,-4.13915,0.689150001640217));
#7216=CARTESIAN_POINT('Ctrl Pts',(-3.26018680262009,-4.21860003814697,0.689150001640217));
#7217=CARTESIAN_POINT('Ctrl Pts',(-3.26018680262009,-4.29805007629395,0.689150001640217));
#7218=CARTESIAN_POINT('Ctrl Pts',(-3.26018680262009,-4.37750011444092,0.689150001640217));
#7219=CARTESIAN_POINT('Ctrl Pts',(-3.18625005360985,-4.13915,0.689150001640217));
#7220=CARTESIAN_POINT('Ctrl Pts',(-3.18625005360985,-4.21860003814697,0.689150001640217));
#7221=CARTESIAN_POINT('Ctrl Pts',(-3.18625005360985,-4.29805007629395,0.689150001640217));
#7222=CARTESIAN_POINT('Ctrl Pts',(-3.18625005360985,-4.37750011444092,0.689150001640217));
#7223=CARTESIAN_POINT('Ctrl Pts',(-3.15426811101473,-4.13915,0.694369981996076));
#7224=CARTESIAN_POINT('Ctrl Pts',(-3.15426811101473,-4.21860003814697,0.694369981996076));
#7225=CARTESIAN_POINT('Ctrl Pts',(-3.15426811101473,-4.29805007629395,0.694369981996076));
#7226=CARTESIAN_POINT('Ctrl Pts',(-3.15426811101473,-4.37750011444092,0.694369981996076));
#7227=CARTESIAN_POINT('Ctrl Pts',(-3.09871406179655,-4.13915,0.715191273948762));
#7228=CARTESIAN_POINT('Ctrl Pts',(-3.09871406179655,-4.21860003814697,0.715191273948762));
#7229=CARTESIAN_POINT('Ctrl Pts',(-3.09871406179655,-4.29805007629395,0.715191273948762));
#7230=CARTESIAN_POINT('Ctrl Pts',(-3.09871406179655,-4.37750011444092,0.715191273948762));
#7231=CARTESIAN_POINT('Ctrl Pts',(-3.07586076787829,-4.13914999999999,0.73061984557843));
#7232=CARTESIAN_POINT('Ctrl Pts',(-3.07586076787829,-4.21860003814697,0.73061984557843));
#7233=CARTESIAN_POINT('Ctrl Pts',(-3.07586076787829,-4.29805007629395,0.73061984557843));
#7234=CARTESIAN_POINT('Ctrl Pts',(-3.07586076787829,-4.37750011444092,0.73061984557843));
#7235=CARTESIAN_POINT('Ctrl Pts',(-3.0385842723586,-4.13915,0.769622179099005));
#7236=CARTESIAN_POINT('Ctrl Pts',(-3.0385842723586,-4.21860003814697,0.769622179099005));
#7237=CARTESIAN_POINT('Ctrl Pts',(-3.0385842723586,-4.29805007629394,0.769622179099005));
#7238=CARTESIAN_POINT('Ctrl Pts',(-3.0385842723586,-4.37750011444092,0.769622179099005));
#7239=CARTESIAN_POINT('Ctrl Pts',(-3.02427698949905,-4.13915,0.792824611485749));
#7240=CARTESIAN_POINT('Ctrl Pts',(-3.02427698949905,-4.21860003814697,0.792824611485749));
#7241=CARTESIAN_POINT('Ctrl Pts',(-3.02427698949905,-4.29805007629395,0.792824611485749));
#7242=CARTESIAN_POINT('Ctrl Pts',(-3.02427698949905,-4.37750011444092,0.792824611485749));
#7243=CARTESIAN_POINT('Ctrl Pts',(-3.00558914540759,-4.13915,0.847689912256531));
#7244=CARTESIAN_POINT('Ctrl Pts',(-3.00558914540759,-4.21860003814697,0.847689912256531));
#7245=CARTESIAN_POINT('Ctrl Pts',(-3.00558914540759,-4.29805007629394,0.847689912256531));
#7246=CARTESIAN_POINT('Ctrl Pts',(-3.00558914540759,-4.37750011444092,0.847689912256531));
#7247=CARTESIAN_POINT('Ctrl Pts',(-3.0005484514446,-4.13915,0.877939291177116));
#7248=CARTESIAN_POINT('Ctrl Pts',(-3.0005484514446,-4.21860003814697,0.877939291177116));
#7249=CARTESIAN_POINT('Ctrl Pts',(-3.0005484514446,-4.29805007629395,0.877939291177117));
#7250=CARTESIAN_POINT('Ctrl Pts',(-3.0005484514446,-4.37750011444092,0.877939291177117));
#7251=CARTESIAN_POINT('Ctrl Pts',(-3.0005484514446,-4.13915,0.910999166764223));
#7252=CARTESIAN_POINT('Ctrl Pts',(-3.0005484514446,-4.21860003814697,0.910999166764223));
#7253=CARTESIAN_POINT('Ctrl Pts',(-3.0005484514446,-4.29805007629395,0.910999166764223));
#7254=CARTESIAN_POINT('Ctrl Pts',(-3.0005484514446,-4.37750011444092,0.910999166764223));
#7255=CARTESIAN_POINT('',(-3.0005484514446,-4.37750011444092,0.910999166764223));
#7256=CARTESIAN_POINT('Ctrl Pts',(-3.0005484514446,-4.37750011444092,0.910999166764223));
#7257=CARTESIAN_POINT('Ctrl Pts',(-3.0005484514446,-4.37750011444092,0.877939291177117));
#7258=CARTESIAN_POINT('Ctrl Pts',(-3.00558914540759,-4.37750011444092,0.847689912256531));
#7259=CARTESIAN_POINT('Ctrl Pts',(-3.01499190939079,-4.37750011444092,0.82008450889968));
#7260=CARTESIAN_POINT('Ctrl Pts',(-3.02427698949905,-4.37750011444092,0.792824611485749));
#7261=CARTESIAN_POINT('Ctrl Pts',(-3.0385842723586,-4.37750011444092,0.769622179099005));
#7262=CARTESIAN_POINT('Ctrl Pts',(-3.05729060766176,-4.37750011444092,0.750049772458572));
#7263=CARTESIAN_POINT('Ctrl Pts',(-3.07586076787829,-4.37750011444092,0.73061984557843));
#7264=CARTESIAN_POINT('Ctrl Pts',(-3.09871406179655,-4.37750011444092,0.715191273948762));
#7265=CARTESIAN_POINT('Ctrl Pts',(-3.12641287068994,-4.37750011444092,0.704809942707794));
#7266=CARTESIAN_POINT('Ctrl Pts',(-3.15426811101473,-4.37750011444092,0.694369981996076));
#7267=CARTESIAN_POINT('Ctrl Pts',(-3.18625005360985,-4.37750011444092,0.689150001640217));
#7268=CARTESIAN_POINT('Ctrl Pts',(-3.22235869847531,-4.37750011444092,0.689150001640217));
#7269=CARTESIAN_POINT('Ctrl Pts',(-3.26018680262009,-4.37750011444092,0.689150001640217));
#7270=CARTESIAN_POINT('Ctrl Pts',(-3.29302847485487,-4.37750011444092,0.694369981996076));
#7271=CARTESIAN_POINT('Ctrl Pts',(-3.32088371517966,-4.37750011444092,0.704809942707794));
#7272=CARTESIAN_POINT('Ctrl Pts',(-3.34886805892584,-4.37750011444092,0.715298290532004));
#7273=CARTESIAN_POINT('Ctrl Pts',(-3.3719516557751,-4.37750011444092,0.73061984557843));
#7274=CARTESIAN_POINT('Ctrl Pts',(-3.39052181599162,-4.37750011444092,0.750049772458572));
#7275=CARTESIAN_POINT('Ctrl Pts',(-3.40895732142165,-4.37750011444092,0.769338810265859));
#7276=CARTESIAN_POINT('Ctrl Pts',(-3.42233181265882,-4.37750011444092,0.792969610940079));
#7277=CARTESIAN_POINT('Ctrl Pts',(-3.43127300091122,-4.37750011444092,0.820519507262668));
#7278=CARTESIAN_POINT('Ctrl Pts',(-3.44010289527192,-4.37750011444092,0.847726481023827));
#7279=CARTESIAN_POINT('Ctrl Pts',(-3.44416894550603,-4.37750011444092,0.878229290085776));
#7280=CARTESIAN_POINT('Ctrl Pts',(-3.44416894550603,-4.37750011444092,0.9118691634902));
#7281=CARTESIAN_POINT('Ctrl Pts',(-3.44416894550603,-4.37750011444092,0.945219037985965));
#7282=CARTESIAN_POINT('Ctrl Pts',(-3.43987029730776,-4.37750011444092,0.975523923940813));
#7283=CARTESIAN_POINT('Ctrl Pts',(-3.43127300091122,-4.37750011444092,1.00278382135474));
#7284=CARTESIAN_POINT('Ctrl Pts',(-3.42265256357739,-4.37750011444092,1.03011709294906));
#7285=CARTESIAN_POINT('Ctrl Pts',(-3.40857613842435,-4.37750011444092,1.05324363146138));
#7286=CARTESIAN_POINT('Ctrl Pts',(-3.39000597820783,-4.37750011444092,1.07238355943286));
#7287=CARTESIAN_POINT('Ctrl Pts',(-3.37140265013046,-4.37750011444092,1.0915576729181));
#7288=CARTESIAN_POINT('Ctrl Pts',(-3.34856700957651,-4.37750011444092,1.10674843010894));
#7289=CARTESIAN_POINT('Ctrl Pts',(-3.32036787739586,-4.37750011444092,1.11718839082065));
#7290=CARTESIAN_POINT('Ctrl Pts',(-3.29232741617746,-4.37750011444092,1.12756960792986));
#7291=CARTESIAN_POINT('Ctrl Pts',(-3.25949901890837,-4.37750011444092,1.13328333025122));
#7292=CARTESIAN_POINT('Ctrl Pts',(-3.22132702290773,-4.37750011444092,1.13328333025122));
#7293=CARTESIAN_POINT('Ctrl Pts',(-3.18521837804226,-4.37750011444092,1.13328333025122));
#7294=CARTESIAN_POINT('Ctrl Pts',(-3.15377007266139,-4.37750011444092,1.12756985627616));
#7295=CARTESIAN_POINT('Ctrl Pts',(-3.12641287068994,-4.37750011444092,1.11718839082065));
#7296=CARTESIAN_POINT('Ctrl Pts',(-3.09890152222101,-4.37750011444092,1.10674843010893));
#7297=CARTESIAN_POINT('Ctrl Pts',(-3.07606697254754,-4.37750011444092,1.09167204375179));
#7298=CARTESIAN_POINT('Ctrl Pts',(-3.05729060766176,-4.37750011444092,1.07238355943286));
#7299=CARTESIAN_POINT('Ctrl Pts',(-3.03837655558938,-4.37750011444092,1.05295363255272));
#7300=CARTESIAN_POINT('Ctrl Pts',(-3.02459331625175,-4.37750011444092,1.0295306828034));
#7301=CARTESIAN_POINT('Ctrl Pts',(-3.01499190939079,-4.37750011444092,1.00234882299175));
#7302=CARTESIAN_POINT('Ctrl Pts',(-3.00536293742667,-4.37750011444092,0.975088925577825));
#7303=CARTESIAN_POINT('Ctrl Pts',(-3.0005484514446,-4.37750011444092,0.944639040168648));
#7304=CARTESIAN_POINT('Ctrl Pts',(-3.0005484514446,-4.37750011444092,0.910999166764224));
#7305=CARTESIAN_POINT('',(-3.0005484514446,-4.13915,0.910999166764223));
#7306=CARTESIAN_POINT('',(-3.0005484514446,-4.13915,0.910999166764223));
#7307=CARTESIAN_POINT('Ctrl Pts',(-3.0005484514446,-4.13915,0.910999166764223));
#7308=CARTESIAN_POINT('Ctrl Pts',(-3.0005484514446,-4.13915,0.877939291177116));
#7309=CARTESIAN_POINT('Ctrl Pts',(-3.0055891454076,-4.13915,0.847689912256531));
#7310=CARTESIAN_POINT('Ctrl Pts',(-3.01499190939079,-4.13915,0.820084508899679));
#7311=CARTESIAN_POINT('Ctrl Pts',(-3.02427698949905,-4.13915,0.792824611485749));
#7312=CARTESIAN_POINT('Ctrl Pts',(-3.0385842723586,-4.13915,0.769622179099005));
#7313=CARTESIAN_POINT('Ctrl Pts',(-3.05729060766176,-4.13915,0.750049772458572));
#7314=CARTESIAN_POINT('Ctrl Pts',(-3.07586076787829,-4.13915,0.73061984557843));
#7315=CARTESIAN_POINT('Ctrl Pts',(-3.09871406179655,-4.13915,0.715191273948762));
#7316=CARTESIAN_POINT('Ctrl Pts',(-3.12641287068994,-4.13915,0.704809942707794));
#7317=CARTESIAN_POINT('Ctrl Pts',(-3.15426811101473,-4.13915,0.694369981996076));
#7318=CARTESIAN_POINT('Ctrl Pts',(-3.18625005360985,-4.13915,0.689150001640217));
#7319=CARTESIAN_POINT('Ctrl Pts',(-3.22235869847532,-4.13915,0.689150001640217));
#7320=CARTESIAN_POINT('Ctrl Pts',(-3.26018680262009,-4.13915,0.689150001640217));
#7321=CARTESIAN_POINT('Ctrl Pts',(-3.29302847485487,-4.13915,0.694369981996076));
#7322=CARTESIAN_POINT('Ctrl Pts',(-3.32088371517965,-4.13915,0.704809942707794));
#7323=CARTESIAN_POINT('Ctrl Pts',(-3.34886805892584,-4.13915,0.715298290532005));
#7324=CARTESIAN_POINT('Ctrl Pts',(-3.3719516557751,-4.13915,0.73061984557843));
#7325=CARTESIAN_POINT('Ctrl Pts',(-3.39052181599162,-4.13915,0.750049772458572));
#7326=CARTESIAN_POINT('Ctrl Pts',(-3.40895732142165,-4.13915,0.769338810265859));
#7327=CARTESIAN_POINT('Ctrl Pts',(-3.42233181265882,-4.13915,0.792969610940079));
#7328=CARTESIAN_POINT('Ctrl Pts',(-3.43127300091122,-4.13915,0.820519507262668));
#7329=CARTESIAN_POINT('Ctrl Pts',(-3.44010289527192,-4.13915,0.847726481023827));
#7330=CARTESIAN_POINT('Ctrl Pts',(-3.44416894550603,-4.13915,0.878229290085775));
#7331=CARTESIAN_POINT('Ctrl Pts',(-3.44416894550603,-4.13915,0.9118691634902));
#7332=CARTESIAN_POINT('Ctrl Pts',(-3.44416894550603,-4.13915,0.945219037985965));
#7333=CARTESIAN_POINT('Ctrl Pts',(-3.43987029730776,-4.13915,0.975523923940813));
#7334=CARTESIAN_POINT('Ctrl Pts',(-3.43127300091122,-4.13915,1.00278382135474));
#7335=CARTESIAN_POINT('Ctrl Pts',(-3.42265256357739,-4.13915,1.03011709294906));
#7336=CARTESIAN_POINT('Ctrl Pts',(-3.40857613842435,-4.13915,1.05324363146138));
#7337=CARTESIAN_POINT('Ctrl Pts',(-3.39000597820783,-4.13915,1.07238355943286));
#7338=CARTESIAN_POINT('Ctrl Pts',(-3.37140265013046,-4.13915,1.0915576729181));
#7339=CARTESIAN_POINT('Ctrl Pts',(-3.34856700957651,-4.13915,1.10674843010893));
#7340=CARTESIAN_POINT('Ctrl Pts',(-3.32036787739586,-4.13915,1.11718839082065));
#7341=CARTESIAN_POINT('Ctrl Pts',(-3.29232741617746,-4.13915,1.12756960792986));
#7342=CARTESIAN_POINT('Ctrl Pts',(-3.25949901890836,-4.13915,1.13328333025122));
#7343=CARTESIAN_POINT('Ctrl Pts',(-3.22132702290773,-4.13915,1.13328333025122));
#7344=CARTESIAN_POINT('Ctrl Pts',(-3.18521837804227,-4.13915,1.13328333025122));
#7345=CARTESIAN_POINT('Ctrl Pts',(-3.15377007266139,-4.13915,1.12756985627616));
#7346=CARTESIAN_POINT('Ctrl Pts',(-3.12641287068994,-4.13915,1.11718839082065));
#7347=CARTESIAN_POINT('Ctrl Pts',(-3.09890152222101,-4.13915,1.10674843010893));
#7348=CARTESIAN_POINT('Ctrl Pts',(-3.07606697254754,-4.13915,1.09167204375179));
#7349=CARTESIAN_POINT('Ctrl Pts',(-3.05729060766176,-4.13915,1.07238355943286));
#7350=CARTESIAN_POINT('Ctrl Pts',(-3.03837655558938,-4.13915,1.05295363255272));
#7351=CARTESIAN_POINT('Ctrl Pts',(-3.02459331625175,-4.13915,1.0295306828034));
#7352=CARTESIAN_POINT('Ctrl Pts',(-3.01499190939079,-4.13915,1.00234882299176));
#7353=CARTESIAN_POINT('Ctrl Pts',(-3.00536293742667,-4.13915,0.975088925577825));
#7354=CARTESIAN_POINT('Ctrl Pts',(-3.0005484514446,-4.13915,0.944639040168648));
#7355=CARTESIAN_POINT('Ctrl Pts',(-3.0005484514446,-4.13915,0.910999166764223));
#7356=CARTESIAN_POINT('Origin',(-3.2186583224428,-4.13915,0.911239977521201));
#7357=CARTESIAN_POINT('Origin',(0.585000305175779,-4.37750011444092,2.35));
#7358=CARTESIAN_POINT('Origin',(-3.79854950297137,-4.13915,1.07977853160366));
#7359=CARTESIAN_POINT('',(-3.79854950297137,-4.37750011444092,1.07977853160366));
#7360=CARTESIAN_POINT('',(-3.79854950297137,-4.37750011444092,0.94405904235133));
#7361=CARTESIAN_POINT('',(-3.79854950297137,-4.37750011444092,1.71488926580183));
#7362=CARTESIAN_POINT('',(-3.79854950297137,-4.13915,1.07977853160366));
#7363=CARTESIAN_POINT('',(-3.79854950297137,-4.13915,1.07977853160366));
#7364=CARTESIAN_POINT('',(-3.79854950297137,-4.13915,0.94405904235133));
#7365=CARTESIAN_POINT('',(-3.79854950297137,-4.13915,1.10326844320503));
#7366=CARTESIAN_POINT('',(-3.79854950297137,-4.13915,0.94405904235133));
#7367=CARTESIAN_POINT('Ctrl Pts',(-3.79854950297137,-4.13915,0.741784803561795));
#7368=CARTESIAN_POINT('Ctrl Pts',(-3.79854950297137,-4.21860003814697,0.741784803561795));
#7369=CARTESIAN_POINT('Ctrl Pts',(-3.79854950297137,-4.29805007629395,0.741784803561795));
#7370=CARTESIAN_POINT('Ctrl Pts',(-3.79854950297137,-4.37750011444092,0.741784803561795));
#7371=CARTESIAN_POINT('Ctrl Pts',(-3.76759923594383,-4.13915,0.741784803561795));
#7372=CARTESIAN_POINT('Ctrl Pts',(-3.76759923594383,-4.21860003814697,0.741784803561795));
#7373=CARTESIAN_POINT('Ctrl Pts',(-3.76759923594383,-4.29805007629395,0.741784803561795));
#7374=CARTESIAN_POINT('Ctrl Pts',(-3.76759923594383,-4.37750011444092,0.741784803561795));
#7375=CARTESIAN_POINT('Ctrl Pts',(-3.73664896891629,-4.13915,0.741784803561795));
#7376=CARTESIAN_POINT('Ctrl Pts',(-3.73664896891629,-4.21860003814697,0.741784803561795));
#7377=CARTESIAN_POINT('Ctrl Pts',(-3.73664896891629,-4.29805007629394,0.741784803561795));
#7378=CARTESIAN_POINT('Ctrl Pts',(-3.73664896891629,-4.37750011444092,0.741784803561795));
#7379=CARTESIAN_POINT('Ctrl Pts',(-3.68540908239292,-4.13915,0.741784803561795));
#7380=CARTESIAN_POINT('Ctrl Pts',(-3.68540908239292,-4.21860003814697,0.741784803561795));
#7381=CARTESIAN_POINT('Ctrl Pts',(-3.68540908239292,-4.29805007629395,0.741784803561795));
#7382=CARTESIAN_POINT('Ctrl Pts',(-3.68540908239292,-4.37750011444092,0.741784803561795));
#7383=CARTESIAN_POINT('Ctrl Pts',(-3.66828427918727,-4.13915,0.743991418114988));
#7384=CARTESIAN_POINT('Ctrl Pts',(-3.66828427918727,-4.21860003814697,0.743991418114988));
#7385=CARTESIAN_POINT('Ctrl Pts',(-3.66828427918727,-4.29805007629395,0.743991418114988));
#7386=CARTESIAN_POINT('Ctrl Pts',(-3.66828427918727,-4.37750011444092,0.743991418114988));
#7387=CARTESIAN_POINT('Ctrl Pts',(-3.64035924927505,-4.13915,0.751644766456195));
#7388=CARTESIAN_POINT('Ctrl Pts',(-3.64035924927505,-4.21860003814697,0.751644766456195));
#7389=CARTESIAN_POINT('Ctrl Pts',(-3.64035924927505,-4.29805007629395,0.751644766456195));
#7390=CARTESIAN_POINT('Ctrl Pts',(-3.64035924927505,-4.37750011444092,0.751644766456195));
#7391=CARTESIAN_POINT('Ctrl Pts',(-3.62918276395955,-4.13915,0.757154745720713));
#7392=CARTESIAN_POINT('Ctrl Pts',(-3.62918276395955,-4.21860003814697,0.757154745720713));
#7393=CARTESIAN_POINT('Ctrl Pts',(-3.62918276395955,-4.29805007629394,0.757154745720713));
#7394=CARTESIAN_POINT('Ctrl Pts',(-3.62918276395955,-4.37750011444092,0.757154745720713));
#7395=CARTESIAN_POINT('Ctrl Pts',(-3.61233206302233,-4.13915,0.771364692244995));
#7396=CARTESIAN_POINT('Ctrl Pts',(-3.61233206302233,-4.21860003814697,0.771364692244995));
#7397=CARTESIAN_POINT('Ctrl Pts',(-3.61233206302233,-4.29805007629394,0.771364692244995));
#7398=CARTESIAN_POINT('Ctrl Pts',(-3.61233206302233,-4.37750011444092,0.771364692244995));
#7399=CARTESIAN_POINT('Ctrl Pts',(-3.60631395554475,-4.13915,0.779774660596102));
#7400=CARTESIAN_POINT('Ctrl Pts',(-3.60631395554475,-4.21860003814697,0.779774660596102));
#7401=CARTESIAN_POINT('Ctrl Pts',(-3.60631395554475,-4.29805007629395,0.779774660596102));
#7402=CARTESIAN_POINT('Ctrl Pts',(-3.60631395554475,-4.37750011444092,0.779774660596102));
#7403=CARTESIAN_POINT('Ctrl Pts',(-3.5987483347158,-4.13915,0.799494586384902));
#7404=CARTESIAN_POINT('Ctrl Pts',(-3.5987483347158,-4.21860003814697,0.799494586384902));
#7405=CARTESIAN_POINT('Ctrl Pts',(-3.5987483347158,-4.29805007629395,0.799494586384902));
#7406=CARTESIAN_POINT('Ctrl Pts',(-3.5987483347158,-4.37750011444092,0.799494586384902));
#7407=CARTESIAN_POINT('Ctrl Pts',(-3.59685692950856,-4.13914999999999,0.810369545459608));
#7408=CARTESIAN_POINT('Ctrl Pts',(-3.59685692950856,-4.21860003814697,0.810369545459608));
#7409=CARTESIAN_POINT('Ctrl Pts',(-3.59685692950856,-4.29805007629394,0.810369545459608));
#7410=CARTESIAN_POINT('Ctrl Pts',(-3.59685692950856,-4.37750011444092,0.810369545459608));
#7411=CARTESIAN_POINT('Ctrl Pts',(-3.59685692950856,-4.13915,0.833279459243656));
#7412=CARTESIAN_POINT('Ctrl Pts',(-3.59685692950856,-4.21860003814697,0.833279459243656));
#7413=CARTESIAN_POINT('Ctrl Pts',(-3.59685692950856,-4.29805007629395,0.833279459243656));
#7414=CARTESIAN_POINT('Ctrl Pts',(-3.59685692950856,-4.37750011444092,0.833279459243656));
#7415=CARTESIAN_POINT('Ctrl Pts',(-3.59863976471368,-4.13915,0.843461399981065));
#7416=CARTESIAN_POINT('Ctrl Pts',(-3.59863976471368,-4.21860003814697,0.843461399981065));
#7417=CARTESIAN_POINT('Ctrl Pts',(-3.59863976471368,-4.29805007629394,0.843461399981065));
#7418=CARTESIAN_POINT('Ctrl Pts',(-3.59863976471368,-4.37750011444092,0.843461399981065));
#7419=CARTESIAN_POINT('Ctrl Pts',(-3.60631395554476,-4.13915,0.861699352292222));
#7420=CARTESIAN_POINT('Ctrl Pts',(-3.60631395554476,-4.21860003814697,0.861699352292222));
#7421=CARTESIAN_POINT('Ctrl Pts',(-3.60631395554476,-4.29805007629395,0.861699352292222));
#7422=CARTESIAN_POINT('Ctrl Pts',(-3.60631395554476,-4.37750011444092,0.861699352292222));
#7423=CARTESIAN_POINT('Ctrl Pts',(-3.61283192561896,-4.13915,0.869383529420401));
#7424=CARTESIAN_POINT('Ctrl Pts',(-3.61283192561896,-4.21860003814697,0.869383529420401));
#7425=CARTESIAN_POINT('Ctrl Pts',(-3.61283192561896,-4.29805007629394,0.869383529420401));
#7426=CARTESIAN_POINT('Ctrl Pts',(-3.61283192561896,-4.37750011444092,0.869383529420401));
#7427=CARTESIAN_POINT('Ctrl Pts',(-3.63021443952713,-4.13915,0.882869272624316));
#7428=CARTESIAN_POINT('Ctrl Pts',(-3.63021443952713,-4.21860003814697,0.882869272624316));
#7429=CARTESIAN_POINT('Ctrl Pts',(-3.63021443952713,-4.29805007629395,0.882869272624316));
#7430=CARTESIAN_POINT('Ctrl Pts',(-3.63021443952713,-4.37750011444092,0.882869272624316));
#7431=CARTESIAN_POINT('Ctrl Pts',(-3.64182852119066,-4.13914999999999,0.887678713068019));
#7432=CARTESIAN_POINT('Ctrl Pts',(-3.64182852119066,-4.21860003814697,0.887678713068019));
#7433=CARTESIAN_POINT('Ctrl Pts',(-3.64182852119066,-4.29805007629394,0.887678713068019));
#7434=CARTESIAN_POINT('Ctrl Pts',(-3.64182852119066,-4.37750011444092,0.887678713068019));
#7435=CARTESIAN_POINT('Ctrl Pts',(-3.67062173259087,-4.13915,0.895194226242317));
#7436=CARTESIAN_POINT('Ctrl Pts',(-3.67062173259087,-4.21860003814697,0.895194226242317));
#7437=CARTESIAN_POINT('Ctrl Pts',(-3.67062173259087,-4.29805007629395,0.895194226242317));
#7438=CARTESIAN_POINT('Ctrl Pts',(-3.67062173259087,-4.37750011444092,0.895194226242317));
#7439=CARTESIAN_POINT('Ctrl Pts',(-3.68850410909567,-4.13915,0.897079219148599));
#7440=CARTESIAN_POINT('Ctrl Pts',(-3.68850410909567,-4.21860003814697,0.897079219148599));
#7441=CARTESIAN_POINT('Ctrl Pts',(-3.68850410909567,-4.29805007629394,0.897079219148599));
#7442=CARTESIAN_POINT('Ctrl Pts',(-3.68850410909567,-4.37750011444092,0.897079219148599));
#7443=CARTESIAN_POINT('Ctrl Pts',(-3.73940010376318,-4.13915,0.897079219148599));
#7444=CARTESIAN_POINT('Ctrl Pts',(-3.73940010376318,-4.21860003814697,0.897079219148599));
#7445=CARTESIAN_POINT('Ctrl Pts',(-3.73940010376318,-4.29805007629395,0.897079219148599));
#7446=CARTESIAN_POINT('Ctrl Pts',(-3.73940010376318,-4.37750011444092,0.897079219148599));
#7447=CARTESIAN_POINT('Ctrl Pts',(-3.76897480336728,-4.13915,0.897079219148599));
#7448=CARTESIAN_POINT('Ctrl Pts',(-3.76897480336728,-4.21860003814697,0.897079219148599));
#7449=CARTESIAN_POINT('Ctrl Pts',(-3.76897480336728,-4.29805007629395,0.897079219148599));
#7450=CARTESIAN_POINT('Ctrl Pts',(-3.76897480336728,-4.37750011444092,0.897079219148599));
#7451=CARTESIAN_POINT('Ctrl Pts',(-3.79854950297137,-4.13915,0.897079219148599));
#7452=CARTESIAN_POINT('Ctrl Pts',(-3.79854950297137,-4.21860003814697,0.897079219148599));
#7453=CARTESIAN_POINT('Ctrl Pts',(-3.79854950297137,-4.29805007629395,0.897079219148599));
#7454=CARTESIAN_POINT('Ctrl Pts',(-3.79854950297137,-4.37750011444092,0.897079219148599));
#7455=CARTESIAN_POINT('',(-3.79854950297137,-4.37750011444092,0.741784803561795));
#7456=CARTESIAN_POINT('',(-3.79854950297137,-4.37750011444092,0.897079219148599));
#7457=CARTESIAN_POINT('Ctrl Pts',(-3.79854950297137,-4.37750011444092,0.741784803561795));
#7458=CARTESIAN_POINT('Ctrl Pts',(-3.76759923594383,-4.37750011444092,0.741784803561795));
#7459=CARTESIAN_POINT('Ctrl Pts',(-3.73664896891629,-4.37750011444092,0.741784803561795));
#7460=CARTESIAN_POINT('Ctrl Pts',(-3.70569870188875,-4.37750011444092,0.741784803561795));
#7461=CARTESIAN_POINT('Ctrl Pts',(-3.68540908239292,-4.37750011444092,0.741784803561795));
#7462=CARTESIAN_POINT('Ctrl Pts',(-3.66828427918727,-4.37750011444092,0.743991418114988));
#7463=CARTESIAN_POINT('Ctrl Pts',(-3.65411492350951,-4.37750011444092,0.747874780643631));
#7464=CARTESIAN_POINT('Ctrl Pts',(-3.64035924927505,-4.37750011444092,0.751644766456195));
#7465=CARTESIAN_POINT('Ctrl Pts',(-3.62918276395955,-4.37750011444092,0.757154745720713));
#7466=CARTESIAN_POINT('Ctrl Pts',(-3.62058546756301,-4.37750011444092,0.764404718437184));
#7467=CARTESIAN_POINT('Ctrl Pts',(-3.61233206302233,-4.37750011444092,0.771364692244995));
#7468=CARTESIAN_POINT('Ctrl Pts',(-3.60631395554475,-4.37750011444092,0.779774660596102));
#7469=CARTESIAN_POINT('Ctrl Pts',(-3.60253114513028,-4.37750011444092,0.789634623490502));
#7470=CARTESIAN_POINT('Ctrl Pts',(-3.5987483347158,-4.37750011444092,0.799494586384902));
#7471=CARTESIAN_POINT('Ctrl Pts',(-3.59685692950856,-4.37750011444092,0.810369545459608));
#7472=CARTESIAN_POINT('Ctrl Pts',(-3.59685692950856,-4.37750011444092,0.822259500714621));
#7473=CARTESIAN_POINT('Ctrl Pts',(-3.59685692950856,-4.37750011444092,0.833279459243656));
#7474=CARTESIAN_POINT('Ctrl Pts',(-3.59863976471368,-4.37750011444092,0.843461399981065));
#7475=CARTESIAN_POINT('Ctrl Pts',(-3.60253114513028,-4.37750011444092,0.852709386123798));
#7476=CARTESIAN_POINT('Ctrl Pts',(-3.60631395554476,-4.37750011444092,0.861699352292222));
#7477=CARTESIAN_POINT('Ctrl Pts',(-3.61283192561896,-4.37750011444092,0.869383529420401));
#7478=CARTESIAN_POINT('Ctrl Pts',(-3.62161714313059,-4.37750011444092,0.876199297725163));
#7479=CARTESIAN_POINT('Ctrl Pts',(-3.63021443952713,-4.37750011444092,0.882869272624316));
#7480=CARTESIAN_POINT('Ctrl Pts',(-3.64182852119066,-4.37750011444092,0.887678713068019));
#7481=CARTESIAN_POINT('Ctrl Pts',(-3.65617827464468,-4.37750011444092,0.891424240429752));
#7482=CARTESIAN_POINT('Ctrl Pts',(-3.67062173259087,-4.37750011444092,0.895194226242317));
#7483=CARTESIAN_POINT('Ctrl Pts',(-3.68850410909567,-4.37750011444092,0.897079219148599));
#7484=CARTESIAN_POINT('Ctrl Pts',(-3.70982540415909,-4.37750011444092,0.897079219148599));
#7485=CARTESIAN_POINT('Ctrl Pts',(-3.73940010376318,-4.37750011444092,0.897079219148599));
#7486=CARTESIAN_POINT('Ctrl Pts',(-3.76897480336728,-4.37750011444092,0.897079219148599));
#7487=CARTESIAN_POINT('Ctrl Pts',(-3.79854950297137,-4.37750011444092,0.897079219148599));
#7488=CARTESIAN_POINT('',(-3.79854950297137,-4.13915,0.741784803561795));
#7489=CARTESIAN_POINT('',(-3.79854950297137,-4.13915,0.741784803561795));
#7490=CARTESIAN_POINT('',(-3.79854950297137,-4.13915,0.897079219148599));
#7491=CARTESIAN_POINT('Ctrl Pts',(-3.79854950297137,-4.13915,0.741784803561795));
#7492=CARTESIAN_POINT('Ctrl Pts',(-3.76759923594383,-4.13915,0.741784803561795));
#7493=CARTESIAN_POINT('Ctrl Pts',(-3.73664896891629,-4.13915,0.741784803561795));
#7494=CARTESIAN_POINT('Ctrl Pts',(-3.70569870188875,-4.13915,0.741784803561795));
#7495=CARTESIAN_POINT('Ctrl Pts',(-3.68540908239292,-4.13915,0.741784803561795));
#7496=CARTESIAN_POINT('Ctrl Pts',(-3.66828427918727,-4.13915,0.743991418114987));
#7497=CARTESIAN_POINT('Ctrl Pts',(-3.65411492350951,-4.13915,0.74787478064363));
#7498=CARTESIAN_POINT('Ctrl Pts',(-3.64035924927505,-4.13915,0.751644766456195));
#7499=CARTESIAN_POINT('Ctrl Pts',(-3.62918276395955,-4.13915,0.757154745720713));
#7500=CARTESIAN_POINT('Ctrl Pts',(-3.62058546756301,-4.13915,0.764404718437184));
#7501=CARTESIAN_POINT('Ctrl Pts',(-3.61233206302233,-4.13915,0.771364692244996));
#7502=CARTESIAN_POINT('Ctrl Pts',(-3.60631395554475,-4.13915,0.779774660596102));
#7503=CARTESIAN_POINT('Ctrl Pts',(-3.60253114513028,-4.13915,0.789634623490502));
#7504=CARTESIAN_POINT('Ctrl Pts',(-3.5987483347158,-4.13915,0.799494586384902));
#7505=CARTESIAN_POINT('Ctrl Pts',(-3.59685692950856,-4.13915,0.810369545459609));
#7506=CARTESIAN_POINT('Ctrl Pts',(-3.59685692950856,-4.13915,0.822259500714621));
#7507=CARTESIAN_POINT('Ctrl Pts',(-3.59685692950856,-4.13915,0.833279459243656));
#7508=CARTESIAN_POINT('Ctrl Pts',(-3.59863976471368,-4.13915,0.843461399981065));
#7509=CARTESIAN_POINT('Ctrl Pts',(-3.60253114513028,-4.13915,0.852709386123798));
#7510=CARTESIAN_POINT('Ctrl Pts',(-3.60631395554476,-4.13915,0.861699352292222));
#7511=CARTESIAN_POINT('Ctrl Pts',(-3.61283192561896,-4.13915,0.869383529420401));
#7512=CARTESIAN_POINT('Ctrl Pts',(-3.6216171431306,-4.13915,0.876199297725163));
#7513=CARTESIAN_POINT('Ctrl Pts',(-3.63021443952713,-4.13915,0.882869272624317));
#7514=CARTESIAN_POINT('Ctrl Pts',(-3.64182852119066,-4.13915,0.88767871306802));
#7515=CARTESIAN_POINT('Ctrl Pts',(-3.65617827464468,-4.13915,0.891424240429752));
#7516=CARTESIAN_POINT('Ctrl Pts',(-3.67062173259087,-4.13915,0.895194226242317));
#7517=CARTESIAN_POINT('Ctrl Pts',(-3.68850410909567,-4.13915,0.897079219148599));
#7518=CARTESIAN_POINT('Ctrl Pts',(-3.70982540415909,-4.13915,0.897079219148599));
#7519=CARTESIAN_POINT('Ctrl Pts',(-3.73940010376318,-4.13915,0.897079219148599));
#7520=CARTESIAN_POINT('Ctrl Pts',(-3.76897480336728,-4.13915,0.897079219148599));
#7521=CARTESIAN_POINT('Ctrl Pts',(-3.79854950297137,-4.13915,0.897079219148599));
#7522=CARTESIAN_POINT('',(-3.79854950297137,-4.13915,0.897079219148599));
#7523=CARTESIAN_POINT('Ctrl Pts',(-3.86354506372921,-4.13915,0.695239978722052));
#7524=CARTESIAN_POINT('Ctrl Pts',(-3.86354506372921,-4.21860003814697,0.695239978722052));
#7525=CARTESIAN_POINT('Ctrl Pts',(-3.86354506372921,-4.29805007629395,0.695239978722052));
#7526=CARTESIAN_POINT('Ctrl Pts',(-3.86354506372921,-4.37750011444092,0.695239978722052));
#7527=CARTESIAN_POINT('Ctrl Pts',(-3.80714679936791,-4.13915,0.695239978722052));
#7528=CARTESIAN_POINT('Ctrl Pts',(-3.80714679936791,-4.21860003814697,0.695239978722052));
#7529=CARTESIAN_POINT('Ctrl Pts',(-3.80714679936791,-4.29805007629395,0.695239978722052));
#7530=CARTESIAN_POINT('Ctrl Pts',(-3.80714679936791,-4.37750011444092,0.695239978722052));
#7531=CARTESIAN_POINT('Ctrl Pts',(-3.75074853500661,-4.13915,0.695239978722052));
#7532=CARTESIAN_POINT('Ctrl Pts',(-3.75074853500661,-4.21860003814697,0.695239978722052));
#7533=CARTESIAN_POINT('Ctrl Pts',(-3.75074853500661,-4.29805007629395,0.695239978722052));
#7534=CARTESIAN_POINT('Ctrl Pts',(-3.75074853500661,-4.37750011444092,0.695239978722052));
#7535=CARTESIAN_POINT('Ctrl Pts',(-3.66821448959984,-4.13915,0.695239978722052));
#7536=CARTESIAN_POINT('Ctrl Pts',(-3.66821448959984,-4.21860003814697,0.695239978722052));
#7537=CARTESIAN_POINT('Ctrl Pts',(-3.66821448959984,-4.29805007629395,0.695239978722052));
#7538=CARTESIAN_POINT('Ctrl Pts',(-3.66821448959984,-4.37750011444092,0.695239978722052));
#7539=CARTESIAN_POINT('Ctrl Pts',(-3.64493406366078,-4.13915,0.697820673099565));
#7540=CARTESIAN_POINT('Ctrl Pts',(-3.64493406366078,-4.21860003814697,0.697820673099565));
#7541=CARTESIAN_POINT('Ctrl Pts',(-3.64493406366078,-4.29805007629395,0.697820673099565));
#7542=CARTESIAN_POINT('Ctrl Pts',(-3.64493406366078,-4.37750011444092,0.697820673099565));
#7543=CARTESIAN_POINT('Ctrl Pts',(-3.60407865848166,-4.13915,0.709304925792006));
#7544=CARTESIAN_POINT('Ctrl Pts',(-3.60407865848166,-4.21860003814697,0.709304925792006));
#7545=CARTESIAN_POINT('Ctrl Pts',(-3.60407865848166,-4.29805007629395,0.709304925792006));
#7546=CARTESIAN_POINT('Ctrl Pts',(-3.60407865848166,-4.37750011444092,0.709304925792006));
#7547=CARTESIAN_POINT('Ctrl Pts',(-3.58638684080895,-4.13915,0.717424876852024));
#7548=CARTESIAN_POINT('Ctrl Pts',(-3.58638684080895,-4.21860003814697,0.717424876852024));
#7549=CARTESIAN_POINT('Ctrl Pts',(-3.58638684080895,-4.29805007629395,0.717424876852024));
#7550=CARTESIAN_POINT('Ctrl Pts',(-3.58638684080895,-4.37750011444092,0.717424876852024));
#7551=CARTESIAN_POINT('Ctrl Pts',(-3.5579971497962,-4.13915,0.739029813929536));
#7552=CARTESIAN_POINT('Ctrl Pts',(-3.5579971497962,-4.21860003814697,0.739029813929536));
#7553=CARTESIAN_POINT('Ctrl Pts',(-3.5579971497962,-4.29805007629395,0.739029813929536));
#7554=CARTESIAN_POINT('Ctrl Pts',(-3.5579971497962,-4.37750011444092,0.739029813929536));
#7555=CARTESIAN_POINT('Ctrl Pts',(-3.54745495271561,-4.13915,0.752183718427611));
#7556=CARTESIAN_POINT('Ctrl Pts',(-3.54745495271561,-4.21860003814697,0.752183718427611));
#7557=CARTESIAN_POINT('Ctrl Pts',(-3.54745495271561,-4.29805007629394,0.752183718427612));
#7558=CARTESIAN_POINT('Ctrl Pts',(-3.54745495271561,-4.37750011444092,0.752183718427612));
#7559=CARTESIAN_POINT('Ctrl Pts',(-3.5316894228228,-4.13915,0.78281964913702));
#7560=CARTESIAN_POINT('Ctrl Pts',(-3.5316894228228,-4.21860003814697,0.78281964913702));
#7561=CARTESIAN_POINT('Ctrl Pts',(-3.5316894228228,-4.29805007629394,0.78281964913702));
#7562=CARTESIAN_POINT('Ctrl Pts',(-3.5316894228228,-4.37750011444092,0.78281964913702));
#7563=CARTESIAN_POINT('Ctrl Pts',(-3.52773466648039,-4.13915,0.800364583110879));
#7564=CARTESIAN_POINT('Ctrl Pts',(-3.52773466648039,-4.21860003814697,0.800364583110879));
#7565=CARTESIAN_POINT('Ctrl Pts',(-3.52773466648039,-4.29805007629394,0.800364583110879));
#7566=CARTESIAN_POINT('Ctrl Pts',(-3.52773466648039,-4.37750011444092,0.800364583110879));
#7567=CARTESIAN_POINT('Ctrl Pts',(-3.52773466648039,-4.13915,0.836904445601891));
#7568=CARTESIAN_POINT('Ctrl Pts',(-3.52773466648039,-4.21860003814697,0.836904445601891));
#7569=CARTESIAN_POINT('Ctrl Pts',(-3.52773466648039,-4.29805007629394,0.836904445601892));
#7570=CARTESIAN_POINT('Ctrl Pts',(-3.52773466648039,-4.37750011444092,0.836904445601892));
#7571=CARTESIAN_POINT('Ctrl Pts',(-3.53112188077171,-4.13915,0.851154235159593));
#7572=CARTESIAN_POINT('Ctrl Pts',(-3.53112188077171,-4.21860003814697,0.851154235159593));
#7573=CARTESIAN_POINT('Ctrl Pts',(-3.53112188077171,-4.29805007629395,0.851154235159593));
#7574=CARTESIAN_POINT('Ctrl Pts',(-3.53112188077171,-4.37750011444092,0.851154235159593));
#7575=CARTESIAN_POINT('Ctrl Pts',(-3.5428659081383,-4.13915,0.875039302090528));
#7576=CARTESIAN_POINT('Ctrl Pts',(-3.5428659081383,-4.21860003814697,0.875039302090528));
#7577=CARTESIAN_POINT('Ctrl Pts',(-3.5428659081383,-4.29805007629394,0.875039302090528));
#7578=CARTESIAN_POINT('Ctrl Pts',(-3.5428659081383,-4.37750011444092,0.875039302090528));
#7579=CARTESIAN_POINT('Ctrl Pts',(-3.55109658721878,-4.13915,0.884921322667955));
#7580=CARTESIAN_POINT('Ctrl Pts',(-3.55109658721878,-4.21860003814697,0.884921322667955));
#7581=CARTESIAN_POINT('Ctrl Pts',(-3.55109658721878,-4.29805007629395,0.884921322667955));
#7582=CARTESIAN_POINT('Ctrl Pts',(-3.55109658721878,-4.37750011444092,0.884921322667955));
#7583=CARTESIAN_POINT('Ctrl Pts',(-3.57209671588653,-4.13915,0.900269207143847));
#7584=CARTESIAN_POINT('Ctrl Pts',(-3.57209671588653,-4.21860003814697,0.900269207143847));
#7585=CARTESIAN_POINT('Ctrl Pts',(-3.57209671588653,-4.29805007629395,0.900269207143847));
#7586=CARTESIAN_POINT('Ctrl Pts',(-3.57209671588653,-4.37750011444092,0.900269207143847));
#7587=CARTESIAN_POINT('Ctrl Pts',(-3.58413293084168,-4.13915,0.906359184225682));
#7588=CARTESIAN_POINT('Ctrl Pts',(-3.58413293084168,-4.21860003814697,0.906359184225682));
#7589=CARTESIAN_POINT('Ctrl Pts',(-3.58413293084168,-4.29805007629394,0.906359184225682));
#7590=CARTESIAN_POINT('Ctrl Pts',(-3.58413293084168,-4.37750011444092,0.906359184225682));
#7591=CARTESIAN_POINT('Ctrl Pts',(-3.61182833451294,-4.13915,0.915701233713195));
#7592=CARTESIAN_POINT('Ctrl Pts',(-3.61182833451294,-4.21860003814697,0.915701233713195));
#7593=CARTESIAN_POINT('Ctrl Pts',(-3.61182833451294,-4.29805007629394,0.915701233713195));
#7594=CARTESIAN_POINT('Ctrl Pts',(-3.61182833451294,-4.37750011444092,0.915701233713195));
#7595=CARTESIAN_POINT('Ctrl Pts',(-3.62694746689645,-4.13915,0.918684137843682));
#7596=CARTESIAN_POINT('Ctrl Pts',(-3.62694746689645,-4.21860003814697,0.918684137843682));
#7597=CARTESIAN_POINT('Ctrl Pts',(-3.62694746689645,-4.29805007629395,0.918684137843682));
#7598=CARTESIAN_POINT('Ctrl Pts',(-3.62694746689645,-4.37750011444092,0.918684137843682));
#7599=CARTESIAN_POINT('Ctrl Pts',(-3.64276649226608,-4.13915,0.921004129112953));
#7600=CARTESIAN_POINT('Ctrl Pts',(-3.64276649226608,-4.21860003814697,0.921004129112953));
#7601=CARTESIAN_POINT('Ctrl Pts',(-3.64276649226608,-4.29805007629395,0.921004129112953));
#7602=CARTESIAN_POINT('Ctrl Pts',(-3.64276649226608,-4.37750011444092,0.921004129112953));
#7603=CARTESIAN_POINT('',(-3.64276649226608,-4.37750011444092,0.921004129112953));
#7604=CARTESIAN_POINT('',(-3.86354506372921,-4.37750011444092,0.695239978722053));
#7605=CARTESIAN_POINT('Ctrl Pts',(-3.64276649226608,-4.37750011444092,0.921004129112953));
#7606=CARTESIAN_POINT('Ctrl Pts',(-3.62694746689645,-4.37750011444092,0.918684137843682));
#7607=CARTESIAN_POINT('Ctrl Pts',(-3.61182833451294,-4.37750011444092,0.915701233713195));
#7608=CARTESIAN_POINT('Ctrl Pts',(-3.59788860507615,-4.37750011444092,0.910999166764223));
#7609=CARTESIAN_POINT('Ctrl Pts',(-3.58413293084168,-4.37750011444092,0.906359184225682));
#7610=CARTESIAN_POINT('Ctrl Pts',(-3.57209671588653,-4.37750011444092,0.900269207143847));
#7611=CARTESIAN_POINT('Ctrl Pts',(-3.56177996021068,-4.37750011444092,0.892729235518717));
#7612=CARTESIAN_POINT('Ctrl Pts',(-3.55109658721878,-4.37750011444092,0.884921322667955));
#7613=CARTESIAN_POINT('Ctrl Pts',(-3.5428659081383,-4.37750011444092,0.875039302090528));
#7614=CARTESIAN_POINT('Ctrl Pts',(-3.53701974658865,-4.37750011444092,0.863149346835516));
#7615=CARTESIAN_POINT('Ctrl Pts',(-3.53112188077171,-4.37750011444092,0.851154235159593));
#7616=CARTESIAN_POINT('Ctrl Pts',(-3.52773466648039,-4.37750011444092,0.836904445601892));
#7617=CARTESIAN_POINT('Ctrl Pts',(-3.52773466648039,-4.37750011444092,0.820084508899679));
#7618=CARTESIAN_POINT('Ctrl Pts',(-3.52773466648039,-4.37750011444092,0.800364583110879));
#7619=CARTESIAN_POINT('Ctrl Pts',(-3.5316894228228,-4.37750011444092,0.78281964913702));
#7620=CARTESIAN_POINT('Ctrl Pts',(-3.53959893550761,-4.37750011444092,0.767449706978102));
#7621=CARTESIAN_POINT('Ctrl Pts',(-3.54745495271561,-4.37750011444092,0.752183718427612));
#7622=CARTESIAN_POINT('Ctrl Pts',(-3.5579971497962,-4.37750011444092,0.739029813929536));
#7623=CARTESIAN_POINT('Ctrl Pts',(-3.57209671588653,-4.37750011444092,0.728299854309159));
#7624=CARTESIAN_POINT('Ctrl Pts',(-3.58638684080895,-4.37750011444092,0.717424876852024));
#7625=CARTESIAN_POINT('Ctrl Pts',(-3.60407865848166,-4.37750011444092,0.709304925792006));
#7626=CARTESIAN_POINT('Ctrl Pts',(-3.62471216983335,-4.37750011444092,0.703504947618829));
#7627=CARTESIAN_POINT('Ctrl Pts',(-3.64493406366078,-4.37750011444092,0.697820673099565));
#7628=CARTESIAN_POINT('Ctrl Pts',(-3.66821448959984,-4.37750011444092,0.695239978722052));
#7629=CARTESIAN_POINT('Ctrl Pts',(-3.69435027064532,-4.37750011444092,0.695239978722052));
#7630=CARTESIAN_POINT('Ctrl Pts',(-3.75074853500661,-4.37750011444092,0.695239978722052));
#7631=CARTESIAN_POINT('Ctrl Pts',(-3.80714679936791,-4.37750011444092,0.695239978722052));
#7632=CARTESIAN_POINT('Ctrl Pts',(-3.86354506372921,-4.37750011444092,0.695239978722052));
#7633=CARTESIAN_POINT('',(-3.64276649226608,-4.13915,0.921004129112953));
#7634=CARTESIAN_POINT('',(-3.64276649226608,-4.13915,0.921004129112953));
#7635=CARTESIAN_POINT('',(-3.86354506372921,-4.13915,0.695239978722052));
#7636=CARTESIAN_POINT('Ctrl Pts',(-3.64276649226608,-4.13915,0.921004129112953));
#7637=CARTESIAN_POINT('Ctrl Pts',(-3.62694746689645,-4.13915,0.918684137843682));
#7638=CARTESIAN_POINT('Ctrl Pts',(-3.61182833451294,-4.13915,0.915701233713195));
#7639=CARTESIAN_POINT('Ctrl Pts',(-3.59788860507615,-4.13915,0.910999166764223));
#7640=CARTESIAN_POINT('Ctrl Pts',(-3.58413293084169,-4.13915,0.906359184225682));
#7641=CARTESIAN_POINT('Ctrl Pts',(-3.57209671588653,-4.13915,0.900269207143846));
#7642=CARTESIAN_POINT('Ctrl Pts',(-3.56177996021068,-4.13915,0.892729235518717));
#7643=CARTESIAN_POINT('Ctrl Pts',(-3.55109658721878,-4.13915,0.884921322667955));
#7644=CARTESIAN_POINT('Ctrl Pts',(-3.5428659081383,-4.13915,0.875039302090528));
#7645=CARTESIAN_POINT('Ctrl Pts',(-3.53701974658865,-4.13915,0.863149346835516));
#7646=CARTESIAN_POINT('Ctrl Pts',(-3.53112188077171,-4.13915,0.851154235159593));
#7647=CARTESIAN_POINT('Ctrl Pts',(-3.52773466648039,-4.13915,0.836904445601892));
#7648=CARTESIAN_POINT('Ctrl Pts',(-3.52773466648039,-4.13915,0.820084508899679));
#7649=CARTESIAN_POINT('Ctrl Pts',(-3.52773466648039,-4.13915,0.800364583110879));
#7650=CARTESIAN_POINT('Ctrl Pts',(-3.5316894228228,-4.13915,0.78281964913702));
#7651=CARTESIAN_POINT('Ctrl Pts',(-3.53959893550761,-4.13915,0.767449706978102));
#7652=CARTESIAN_POINT('Ctrl Pts',(-3.54745495271561,-4.13915,0.752183718427612));
#7653=CARTESIAN_POINT('Ctrl Pts',(-3.55799714979621,-4.13915,0.739029813929536));
#7654=CARTESIAN_POINT('Ctrl Pts',(-3.57209671588653,-4.13915,0.728299854309159));
#7655=CARTESIAN_POINT('Ctrl Pts',(-3.58638684080895,-4.13915,0.717424876852024));
#7656=CARTESIAN_POINT('Ctrl Pts',(-3.60407865848166,-4.13915,0.709304925792006));
#7657=CARTESIAN_POINT('Ctrl Pts',(-3.62471216983335,-4.13915,0.703504947618829));
#7658=CARTESIAN_POINT('Ctrl Pts',(-3.64493406366078,-4.13915,0.697820673099565));
#7659=CARTESIAN_POINT('Ctrl Pts',(-3.66821448959984,-4.13915,0.695239978722052));
#7660=CARTESIAN_POINT('Ctrl Pts',(-3.69435027064532,-4.13915,0.695239978722052));
#7661=CARTESIAN_POINT('Ctrl Pts',(-3.75074853500661,-4.13915,0.695239978722052));
#7662=CARTESIAN_POINT('Ctrl Pts',(-3.80714679936791,-4.13915,0.695239978722052));
#7663=CARTESIAN_POINT('Ctrl Pts',(-3.86354506372921,-4.13915,0.695239978722052));
#7664=CARTESIAN_POINT('',(-3.86354506372921,-4.13915,0.695239978722052));
#7665=CARTESIAN_POINT('Origin',(-3.86354506372921,-4.13915,1.12675835480639));
#7666=CARTESIAN_POINT('',(-3.86354506372921,-4.37750011444092,1.12675835480639));
#7667=CARTESIAN_POINT('',(-3.86354506372921,-4.37750011444092,1.73837917740319));
#7668=CARTESIAN_POINT('',(-3.86354506372921,-4.13915,1.12675835480639));
#7669=CARTESIAN_POINT('',(-3.86354506372921,-4.13915,0.695239978722052));
#7670=CARTESIAN_POINT('',(-3.86354506372921,-4.13915,1.12675835480639));
#7671=CARTESIAN_POINT('Ctrl Pts',(-3.79854950297137,-4.13915,0.94405904235133));
#7672=CARTESIAN_POINT('Ctrl Pts',(-3.79854950297137,-4.21860003814697,0.94405904235133));
#7673=CARTESIAN_POINT('Ctrl Pts',(-3.79854950297137,-4.29805007629395,0.94405904235133));
#7674=CARTESIAN_POINT('Ctrl Pts',(-3.79854950297137,-4.37750011444092,0.94405904235133));
#7675=CARTESIAN_POINT('Ctrl Pts',(-3.77000647893486,-4.13915,0.94405904235133));
#7676=CARTESIAN_POINT('Ctrl Pts',(-3.77000647893486,-4.21860003814697,0.94405904235133));
#7677=CARTESIAN_POINT('Ctrl Pts',(-3.77000647893486,-4.29805007629395,0.94405904235133));
#7678=CARTESIAN_POINT('Ctrl Pts',(-3.77000647893486,-4.37750011444092,0.94405904235133));
#7679=CARTESIAN_POINT('Ctrl Pts',(-3.74146345489835,-4.13915,0.94405904235133));
#7680=CARTESIAN_POINT('Ctrl Pts',(-3.74146345489835,-4.21860003814697,0.94405904235133));
#7681=CARTESIAN_POINT('Ctrl Pts',(-3.74146345489835,-4.29805007629395,0.94405904235133));
#7682=CARTESIAN_POINT('Ctrl Pts',(-3.74146345489835,-4.37750011444092,0.94405904235133));
#7683=CARTESIAN_POINT('Ctrl Pts',(-3.69297470322187,-4.13915,0.94405904235133));
#7684=CARTESIAN_POINT('Ctrl Pts',(-3.69297470322187,-4.21860003814697,0.94405904235133));
#7685=CARTESIAN_POINT('Ctrl Pts',(-3.69297470322187,-4.29805007629395,0.94405904235133));
#7686=CARTESIAN_POINT('Ctrl Pts',(-3.69297470322187,-4.37750011444092,0.94405904235133));
#7687=CARTESIAN_POINT('Ctrl Pts',(-3.67646789414052,-4.13915,0.945509036894624));
#7688=CARTESIAN_POINT('Ctrl Pts',(-3.67646789414052,-4.21860003814697,0.945509036894624));
#7689=CARTESIAN_POINT('Ctrl Pts',(-3.67646789414052,-4.29805007629395,0.945509036894624));
#7690=CARTESIAN_POINT('Ctrl Pts',(-3.67646789414052,-4.37750011444092,0.945509036894624));
#7691=CARTESIAN_POINT('Ctrl Pts',(-3.65001022653171,-4.13915,0.951380447218165));
#7692=CARTESIAN_POINT('Ctrl Pts',(-3.65001022653171,-4.21860003814697,0.951380447218165));
#7693=CARTESIAN_POINT('Ctrl Pts',(-3.65001022653171,-4.29805007629395,0.951380447218165));
#7694=CARTESIAN_POINT('Ctrl Pts',(-3.65001022653171,-4.37750011444092,0.951380447218165));
#7695=CARTESIAN_POINT('Ctrl Pts',(-3.63915562777954,-4.13915,0.955658998697683));
#7696=CARTESIAN_POINT('Ctrl Pts',(-3.63915562777954,-4.21860003814697,0.955658998697683));
#7697=CARTESIAN_POINT('Ctrl Pts',(-3.63915562777954,-4.29805007629395,0.955658998697683));
#7698=CARTESIAN_POINT('Ctrl Pts',(-3.63915562777954,-4.37750011444092,0.955658998697683));
#7699=CARTESIAN_POINT('Ctrl Pts',(-3.62264881869818,-4.13915,0.967258955044036));
#7700=CARTESIAN_POINT('Ctrl Pts',(-3.62264881869818,-4.21860003814697,0.967258955044036));
#7701=CARTESIAN_POINT('Ctrl Pts',(-3.62264881869818,-4.29805007629395,0.967258955044036));
#7702=CARTESIAN_POINT('Ctrl Pts',(-3.62264881869818,-4.37750011444092,0.967258955044036));
#7703=CARTESIAN_POINT('Ctrl Pts',(-3.6166307112206,-4.13915,0.974508927760507));
#7704=CARTESIAN_POINT('Ctrl Pts',(-3.6166307112206,-4.21860003814697,0.974508927760507));
#7705=CARTESIAN_POINT('Ctrl Pts',(-3.6166307112206,-4.29805007629395,0.974508927760507));
#7706=CARTESIAN_POINT('Ctrl Pts',(-3.6166307112206,-4.37750011444092,0.974508927760507));
#7707=CARTESIAN_POINT('Ctrl Pts',(-3.60910419506898,-4.13915,0.991818926656718));
#7708=CARTESIAN_POINT('Ctrl Pts',(-3.60910419506898,-4.21860003814697,0.991818926656718));
#7709=CARTESIAN_POINT('Ctrl Pts',(-3.60910419506898,-4.29805007629395,0.991818926656718));
#7710=CARTESIAN_POINT('Ctrl Pts',(-3.60910419506898,-4.37750011444092,0.991818926656718));
#7711=CARTESIAN_POINT('Ctrl Pts',(-3.6076895229682,-4.13915,1.0020588240831));
#7712=CARTESIAN_POINT('Ctrl Pts',(-3.6076895229682,-4.21860003814697,1.0020588240831));
#7713=CARTESIAN_POINT('Ctrl Pts',(-3.6076895229682,-4.29805007629395,1.0020588240831));
#7714=CARTESIAN_POINT('Ctrl Pts',(-3.6076895229682,-4.37750011444092,1.0020588240831));
#7715=CARTESIAN_POINT('Ctrl Pts',(-3.6076895229682,-4.13915,1.03714869203081));
#7716=CARTESIAN_POINT('Ctrl Pts',(-3.6076895229682,-4.21860003814697,1.03714869203081));
#7717=CARTESIAN_POINT('Ctrl Pts',(-3.6076895229682,-4.29805007629395,1.03714869203081));
#7718=CARTESIAN_POINT('Ctrl Pts',(-3.6076895229682,-4.37750011444092,1.03714869203081));
#7719=CARTESIAN_POINT('Ctrl Pts',(-3.6166307112206,-4.13915,1.05396862873303));
#7720=CARTESIAN_POINT('Ctrl Pts',(-3.6166307112206,-4.21860003814697,1.05396862873303));
#7721=CARTESIAN_POINT('Ctrl Pts',(-3.6166307112206,-4.29805007629394,1.05396862873303));
#7722=CARTESIAN_POINT('Ctrl Pts',(-3.6166307112206,-4.37750011444092,1.05396862873303));
#7723=CARTESIAN_POINT('Ctrl Pts',(-3.65279159815237,-4.13915,1.07449339628971));
#7724=CARTESIAN_POINT('Ctrl Pts',(-3.65279159815237,-4.21860003814697,1.07449339628971));
#7725=CARTESIAN_POINT('Ctrl Pts',(-3.65279159815237,-4.29805007629394,1.07449339628971));
#7726=CARTESIAN_POINT('Ctrl Pts',(-3.65279159815237,-4.37750011444092,1.07449339628971));
#7727=CARTESIAN_POINT('Ctrl Pts',(-3.68128238012258,-4.13915,1.07977853160366));
#7728=CARTESIAN_POINT('Ctrl Pts',(-3.68128238012258,-4.21860003814697,1.07977853160366));
#7729=CARTESIAN_POINT('Ctrl Pts',(-3.68128238012258,-4.29805007629395,1.07977853160366));
#7730=CARTESIAN_POINT('Ctrl Pts',(-3.68128238012258,-4.37750011444092,1.07977853160366));
#7731=CARTESIAN_POINT('Ctrl Pts',(-3.74627794088041,-4.13915,1.07977853160366));
#7732=CARTESIAN_POINT('Ctrl Pts',(-3.74627794088041,-4.21860003814697,1.07977853160366));
#7733=CARTESIAN_POINT('Ctrl Pts',(-3.74627794088041,-4.29805007629394,1.07977853160366));
#7734=CARTESIAN_POINT('Ctrl Pts',(-3.74627794088041,-4.37750011444092,1.07977853160366));
#7735=CARTESIAN_POINT('Ctrl Pts',(-3.77241372192589,-4.13915,1.07977853160366));
#7736=CARTESIAN_POINT('Ctrl Pts',(-3.77241372192589,-4.21860003814697,1.07977853160366));
#7737=CARTESIAN_POINT('Ctrl Pts',(-3.77241372192589,-4.29805007629395,1.07977853160366));
#7738=CARTESIAN_POINT('Ctrl Pts',(-3.77241372192589,-4.37750011444092,1.07977853160366));
#7739=CARTESIAN_POINT('Ctrl Pts',(-3.79854950297137,-4.13915,1.07977853160366));
#7740=CARTESIAN_POINT('Ctrl Pts',(-3.79854950297137,-4.21860003814697,1.07977853160366));
#7741=CARTESIAN_POINT('Ctrl Pts',(-3.79854950297137,-4.29805007629395,1.07977853160366));
#7742=CARTESIAN_POINT('Ctrl Pts',(-3.79854950297137,-4.37750011444092,1.07977853160366));
#7743=CARTESIAN_POINT('Ctrl Pts',(-3.79854950297137,-4.37750011444092,0.94405904235133));
#7744=CARTESIAN_POINT('Ctrl Pts',(-3.77000647893486,-4.37750011444092,0.94405904235133));
#7745=CARTESIAN_POINT('Ctrl Pts',(-3.74146345489835,-4.37750011444092,0.94405904235133));
#7746=CARTESIAN_POINT('Ctrl Pts',(-3.71292043086184,-4.37750011444092,0.94405904235133));
#7747=CARTESIAN_POINT('Ctrl Pts',(-3.69297470322187,-4.37750011444092,0.94405904235133));
#7748=CARTESIAN_POINT('Ctrl Pts',(-3.67646789414052,-4.37750011444092,0.945509036894624));
#7749=CARTESIAN_POINT('Ctrl Pts',(-3.66340000361778,-4.37750011444092,0.948409025981213));
#7750=CARTESIAN_POINT('Ctrl Pts',(-3.65001022653171,-4.37750011444092,0.951380447218165));
#7751=CARTESIAN_POINT('Ctrl Pts',(-3.63915562777954,-4.37750011444092,0.955658998697683));
#7752=CARTESIAN_POINT('Ctrl Pts',(-3.63090222323886,-4.37750011444092,0.96145897687086));
#7753=CARTESIAN_POINT('Ctrl Pts',(-3.62264881869818,-4.37750011444092,0.967258955044036));
#7754=CARTESIAN_POINT('Ctrl Pts',(-3.6166307112206,-4.37750011444092,0.974508927760507));
#7755=CARTESIAN_POINT('Ctrl Pts',(-3.61284790080613,-4.37750011444092,0.983208895020272));
#7756=CARTESIAN_POINT('Ctrl Pts',(-3.60910419506898,-4.37750011444092,0.991818926656718));
#7757=CARTESIAN_POINT('Ctrl Pts',(-3.6076895229682,-4.37750011444092,1.0020588240831));
#7758=CARTESIAN_POINT('Ctrl Pts',(-3.6076895229682,-4.37750011444092,1.01365878042945));
#7759=CARTESIAN_POINT('Ctrl Pts',(-3.6076895229682,-4.37750011444092,1.03714869203081));
#7760=CARTESIAN_POINT('Ctrl Pts',(-3.6166307112206,-4.37750011444092,1.05396862873303));
#7761=CARTESIAN_POINT('Ctrl Pts',(-3.6345130877254,-4.37750011444092,1.06411859053609));
#7762=CARTESIAN_POINT('Ctrl Pts',(-3.65279159815237,-4.37750011444092,1.07449339628971));
#7763=CARTESIAN_POINT('Ctrl Pts',(-3.68128238012258,-4.37750011444092,1.07977853160366));
#7764=CARTESIAN_POINT('Ctrl Pts',(-3.72014215983493,-4.37750011444092,1.07977853160366));
#7765=CARTESIAN_POINT('Ctrl Pts',(-3.74627794088041,-4.37750011444092,1.07977853160366));
#7766=CARTESIAN_POINT('Ctrl Pts',(-3.77241372192589,-4.37750011444092,1.07977853160366));
#7767=CARTESIAN_POINT('Ctrl Pts',(-3.79854950297137,-4.37750011444092,1.07977853160366));
#7768=CARTESIAN_POINT('Ctrl Pts',(-3.79854950297137,-4.13915,0.94405904235133));
#7769=CARTESIAN_POINT('Ctrl Pts',(-3.77000647893486,-4.13915,0.94405904235133));
#7770=CARTESIAN_POINT('Ctrl Pts',(-3.74146345489835,-4.13915,0.94405904235133));
#7771=CARTESIAN_POINT('Ctrl Pts',(-3.71292043086184,-4.13915,0.94405904235133));
#7772=CARTESIAN_POINT('Ctrl Pts',(-3.69297470322187,-4.13915,0.94405904235133));
#7773=CARTESIAN_POINT('Ctrl Pts',(-3.67646789414052,-4.13915,0.945509036894624));
#7774=CARTESIAN_POINT('Ctrl Pts',(-3.66340000361778,-4.13915,0.948409025981213));
#7775=CARTESIAN_POINT('Ctrl Pts',(-3.65001022653171,-4.13915,0.951380447218165));
#7776=CARTESIAN_POINT('Ctrl Pts',(-3.63915562777954,-4.13915,0.955658998697683));
#7777=CARTESIAN_POINT('Ctrl Pts',(-3.63090222323886,-4.13915,0.96145897687086));
#7778=CARTESIAN_POINT('Ctrl Pts',(-3.62264881869818,-4.13915,0.967258955044036));
#7779=CARTESIAN_POINT('Ctrl Pts',(-3.6166307112206,-4.13915,0.974508927760507));
#7780=CARTESIAN_POINT('Ctrl Pts',(-3.61284790080613,-4.13915,0.983208895020272));
#7781=CARTESIAN_POINT('Ctrl Pts',(-3.60910419506898,-4.13915,0.991818926656718));
#7782=CARTESIAN_POINT('Ctrl Pts',(-3.6076895229682,-4.13915,1.0020588240831));
#7783=CARTESIAN_POINT('Ctrl Pts',(-3.6076895229682,-4.13915,1.01365878042945));
#7784=CARTESIAN_POINT('Ctrl Pts',(-3.6076895229682,-4.13915,1.03714869203081));
#7785=CARTESIAN_POINT('Ctrl Pts',(-3.6166307112206,-4.13915,1.05396862873303));
#7786=CARTESIAN_POINT('Ctrl Pts',(-3.6345130877254,-4.13915,1.06411859053609));
#7787=CARTESIAN_POINT('Ctrl Pts',(-3.65279159815237,-4.13915,1.07449339628971));
#7788=CARTESIAN_POINT('Ctrl Pts',(-3.68128238012258,-4.13915,1.07977853160366));
#7789=CARTESIAN_POINT('Ctrl Pts',(-3.72014215983493,-4.13915,1.07977853160366));
#7790=CARTESIAN_POINT('Ctrl Pts',(-3.74627794088041,-4.13915,1.07977853160366));
#7791=CARTESIAN_POINT('Ctrl Pts',(-3.77241372192589,-4.13915,1.07977853160366));
#7792=CARTESIAN_POINT('Ctrl Pts',(-3.79854950297137,-4.13915,1.07977853160366));
#7793=CARTESIAN_POINT('Origin',(-3.79854950297137,-4.13915,0.897079219148599));
#7794=CARTESIAN_POINT('',(-3.79854950297137,-4.37750011444092,1.6235396095743));
#7795=CARTESIAN_POINT('',(-3.79854950297137,-4.13915,1.0119187869775));
#7796=CARTESIAN_POINT('Ctrl Pts',(-3.64276649226608,-4.13915,0.924049117653871));
#7797=CARTESIAN_POINT('Ctrl Pts',(-3.64276649226608,-4.21860003814697,0.924049117653871));
#7798=CARTESIAN_POINT('Ctrl Pts',(-3.64276649226608,-4.29805007629395,0.924049117653871));
#7799=CARTESIAN_POINT('Ctrl Pts',(-3.64276649226608,-4.37750011444092,0.924049117653871));
#7800=CARTESIAN_POINT('Ctrl Pts',(-3.62694746689645,-4.13915,0.925789111105824));
#7801=CARTESIAN_POINT('Ctrl Pts',(-3.62694746689645,-4.21860003814697,0.925789111105824));
#7802=CARTESIAN_POINT('Ctrl Pts',(-3.62694746689645,-4.29805007629395,0.925789111105824));
#7803=CARTESIAN_POINT('Ctrl Pts',(-3.62694746689645,-4.37750011444092,0.925789111105824));
#7804=CARTESIAN_POINT('Ctrl Pts',(-3.61284790080613,-4.13915,0.929414097464059));
#7805=CARTESIAN_POINT('Ctrl Pts',(-3.61284790080613,-4.21860003814697,0.929414097464059));
#7806=CARTESIAN_POINT('Ctrl Pts',(-3.61284790080613,-4.29805007629395,0.929414097464059));
#7807=CARTESIAN_POINT('Ctrl Pts',(-3.61284790080613,-4.37750011444092,0.929414097464059));
#7808=CARTESIAN_POINT('Ctrl Pts',(-3.58795392464429,-4.13915,0.940493589309883));
#7809=CARTESIAN_POINT('Ctrl Pts',(-3.58795392464429,-4.21860003814697,0.940493589309883));
#7810=CARTESIAN_POINT('Ctrl Pts',(-3.58795392464429,-4.29805007629395,0.940493589309883));
#7811=CARTESIAN_POINT('Ctrl Pts',(-3.58795392464429,-4.37750011444092,0.940493589309883));
#7812=CARTESIAN_POINT('Ctrl Pts',(-3.57708314779652,-4.13915,0.946814031983589));
#7813=CARTESIAN_POINT('Ctrl Pts',(-3.57708314779652,-4.21860003814697,0.946814031983589));
#7814=CARTESIAN_POINT('Ctrl Pts',(-3.57708314779652,-4.29805007629395,0.946814031983589));
#7815=CARTESIAN_POINT('Ctrl Pts',(-3.57708314779652,-4.37750011444092,0.946814031983589));
#7816=CARTESIAN_POINT('Ctrl Pts',(-3.56003936947232,-4.13915,0.962911529707652));
#7817=CARTESIAN_POINT('Ctrl Pts',(-3.56003936947232,-4.21860003814697,0.962911529707652));
#7818=CARTESIAN_POINT('Ctrl Pts',(-3.56003936947232,-4.29805007629395,0.962911529707652));
#7819=CARTESIAN_POINT('Ctrl Pts',(-3.56003936947232,-4.37750011444092,0.962911529707652));
#7820=CARTESIAN_POINT('Ctrl Pts',(-3.55387044752587,-4.13915,0.972478935399896));
#7821=CARTESIAN_POINT('Ctrl Pts',(-3.55387044752587,-4.21860003814697,0.972478935399896));
#7822=CARTESIAN_POINT('Ctrl Pts',(-3.55387044752587,-4.29805007629395,0.972478935399896));
#7823=CARTESIAN_POINT('Ctrl Pts',(-3.55387044752587,-4.37750011444092,0.972478935399896));
#7824=CARTESIAN_POINT('Ctrl Pts',(-3.54499662222506,-4.13915,0.993777175514769));
#7825=CARTESIAN_POINT('Ctrl Pts',(-3.54499662222506,-4.21860003814697,0.993777175514769));
#7826=CARTESIAN_POINT('Ctrl Pts',(-3.54499662222506,-4.29805007629395,0.993777175514769));
#7827=CARTESIAN_POINT('Ctrl Pts',(-3.54499662222506,-4.37750011444092,0.993777175514769));
#7828=CARTESIAN_POINT('Ctrl Pts',(-3.54217812442657,-4.13915,1.00495881316968));
#7829=CARTESIAN_POINT('Ctrl Pts',(-3.54217812442657,-4.21860003814697,1.00495881316968));
#7830=CARTESIAN_POINT('Ctrl Pts',(-3.54217812442657,-4.29805007629395,1.00495881316968));
#7831=CARTESIAN_POINT('Ctrl Pts',(-3.54217812442657,-4.37750011444092,1.00495881316968));
#7832=CARTESIAN_POINT('Ctrl Pts',(-3.54217812442657,-4.13915,1.03743869093947));
#7833=CARTESIAN_POINT('Ctrl Pts',(-3.54217812442657,-4.21860003814697,1.03743869093947));
#7834=CARTESIAN_POINT('Ctrl Pts',(-3.54217812442657,-4.29805007629395,1.03743869093947));
#7835=CARTESIAN_POINT('Ctrl Pts',(-3.54217812442657,-4.37750011444092,1.03743869093947));
#7836=CARTESIAN_POINT('Ctrl Pts',(-3.54641596019037,-4.13915,1.05443673805879));
#7837=CARTESIAN_POINT('Ctrl Pts',(-3.54641596019037,-4.21860003814697,1.05443673805879));
#7838=CARTESIAN_POINT('Ctrl Pts',(-3.54641596019037,-4.29805007629394,1.05443673805879));
#7839=CARTESIAN_POINT('Ctrl Pts',(-3.54641596019037,-4.37750011444092,1.05443673805879));
#7840=CARTESIAN_POINT('Ctrl Pts',(-3.56160801428275,-4.13915,1.08238852178159));
#7841=CARTESIAN_POINT('Ctrl Pts',(-3.56160801428275,-4.21860003814697,1.08238852178159));
#7842=CARTESIAN_POINT('Ctrl Pts',(-3.56160801428275,-4.29805007629395,1.08238852178159));
#7843=CARTESIAN_POINT('Ctrl Pts',(-3.56160801428275,-4.37750011444092,1.08238852178159));
#7844=CARTESIAN_POINT('Ctrl Pts',(-3.57307430782465,-4.13915,1.09376728271571));
#7845=CARTESIAN_POINT('Ctrl Pts',(-3.57307430782465,-4.21860003814697,1.09376728271571));
#7846=CARTESIAN_POINT('Ctrl Pts',(-3.57307430782465,-4.29805007629395,1.09376728271571));
#7847=CARTESIAN_POINT('Ctrl Pts',(-3.57307430782465,-4.37750011444092,1.09376728271571));
#7848=CARTESIAN_POINT('Ctrl Pts',(-3.60373476662579,-4.13915,1.11080841483016));
#7849=CARTESIAN_POINT('Ctrl Pts',(-3.60373476662579,-4.21860003814697,1.11080841483016));
#7850=CARTESIAN_POINT('Ctrl Pts',(-3.60373476662579,-4.29805007629395,1.11080841483016));
#7851=CARTESIAN_POINT('Ctrl Pts',(-3.60373476662579,-4.37750011444092,1.11080841483016));
#7852=CARTESIAN_POINT('Ctrl Pts',(-3.62264881869818,-4.13915,1.11689839191199));
#7853=CARTESIAN_POINT('Ctrl Pts',(-3.62264881869818,-4.21860003814697,1.11689839191199));
#7854=CARTESIAN_POINT('Ctrl Pts',(-3.62264881869818,-4.29805007629394,1.11689839191199));
#7855=CARTESIAN_POINT('Ctrl Pts',(-3.62264881869818,-4.37750011444092,1.11689839191199));
#7856=CARTESIAN_POINT('Ctrl Pts',(-3.66811015735809,-4.13915,1.12444959428048));
#7857=CARTESIAN_POINT('Ctrl Pts',(-3.66811015735809,-4.21860003814697,1.12444959428048));
#7858=CARTESIAN_POINT('Ctrl Pts',(-3.66811015735809,-4.29805007629395,1.12444959428048));
#7859=CARTESIAN_POINT('Ctrl Pts',(-3.66811015735809,-4.37750011444092,1.12444959428048));
#7860=CARTESIAN_POINT('Ctrl Pts',(-3.69435027064532,-4.13914999999999,1.12675835480639));
#7861=CARTESIAN_POINT('Ctrl Pts',(-3.69435027064532,-4.21860003814697,1.12675835480639));
#7862=CARTESIAN_POINT('Ctrl Pts',(-3.69435027064532,-4.29805007629395,1.12675835480639));
#7863=CARTESIAN_POINT('Ctrl Pts',(-3.69435027064532,-4.37750011444092,1.12675835480639));
#7864=CARTESIAN_POINT('Ctrl Pts',(-3.77069426264659,-4.13915,1.12675835480639));
#7865=CARTESIAN_POINT('Ctrl Pts',(-3.77069426264659,-4.21860003814697,1.12675835480639));
#7866=CARTESIAN_POINT('Ctrl Pts',(-3.77069426264659,-4.29805007629395,1.12675835480639));
#7867=CARTESIAN_POINT('Ctrl Pts',(-3.77069426264659,-4.37750011444092,1.12675835480639));
#7868=CARTESIAN_POINT('Ctrl Pts',(-3.8171196631879,-4.13915,1.12675835480639));
#7869=CARTESIAN_POINT('Ctrl Pts',(-3.8171196631879,-4.21860003814697,1.12675835480639));
#7870=CARTESIAN_POINT('Ctrl Pts',(-3.8171196631879,-4.29805007629395,1.12675835480639));
#7871=CARTESIAN_POINT('Ctrl Pts',(-3.8171196631879,-4.37750011444092,1.12675835480639));
#7872=CARTESIAN_POINT('Ctrl Pts',(-3.86354506372921,-4.13915,1.12675835480639));
#7873=CARTESIAN_POINT('Ctrl Pts',(-3.86354506372921,-4.21860003814697,1.12675835480639));
#7874=CARTESIAN_POINT('Ctrl Pts',(-3.86354506372921,-4.29805007629395,1.12675835480639));
#7875=CARTESIAN_POINT('Ctrl Pts',(-3.86354506372921,-4.37750011444092,1.12675835480639));
#7876=CARTESIAN_POINT('',(-3.64276649226608,-4.37750011444092,0.924049117653871));
#7877=CARTESIAN_POINT('Ctrl Pts',(-3.86354506372921,-4.37750011444092,1.12675835480639));
#7878=CARTESIAN_POINT('Ctrl Pts',(-3.8171196631879,-4.37750011444092,1.12675835480639));
#7879=CARTESIAN_POINT('Ctrl Pts',(-3.77069426264659,-4.37750011444092,1.12675835480639));
#7880=CARTESIAN_POINT('Ctrl Pts',(-3.72426886210527,-4.37750011444092,1.12675835480639));
#7881=CARTESIAN_POINT('Ctrl Pts',(-3.69435027064532,-4.37750011444092,1.12675835480639));
#7882=CARTESIAN_POINT('Ctrl Pts',(-3.66811015735809,-4.37750011444092,1.12444959428048));
#7883=CARTESIAN_POINT('Ctrl Pts',(-3.64534568118504,-4.37750011444092,1.12066837772456));
#7884=CARTESIAN_POINT('Ctrl Pts',(-3.62264881869818,-4.37750011444092,1.11689839191199));
#7885=CARTESIAN_POINT('Ctrl Pts',(-3.60373476662579,-4.37750011444092,1.11080841483016));
#7886=CARTESIAN_POINT('Ctrl Pts',(-3.58860352496789,-4.37750011444092,1.10239844647905));
#7887=CARTESIAN_POINT('Ctrl Pts',(-3.57307430782465,-4.37750011444092,1.09376728271571));
#7888=CARTESIAN_POINT('Ctrl Pts',(-3.56160801428275,-4.37750011444092,1.08238852178159));
#7889=CARTESIAN_POINT('Ctrl Pts',(-3.5540423934538,-4.37750011444092,1.06846857416597));
#7890=CARTESIAN_POINT('Ctrl Pts',(-3.54641596019037,-4.37750011444092,1.05443673805879));
#7891=CARTESIAN_POINT('Ctrl Pts',(-3.54217812442657,-4.37750011444092,1.03743869093947));
#7892=CARTESIAN_POINT('Ctrl Pts',(-3.54217812442657,-4.37750011444092,1.01713876733336));
#7893=CARTESIAN_POINT('Ctrl Pts',(-3.54217812442657,-4.37750011444092,1.00495881316968));
#7894=CARTESIAN_POINT('Ctrl Pts',(-3.54499662222506,-4.37750011444092,0.993777175514769));
#7895=CARTESIAN_POINT('Ctrl Pts',(-3.54939985339967,-4.37750011444092,0.983208895020273));
#7896=CARTESIAN_POINT('Ctrl Pts',(-3.55387044752587,-4.37750011444092,0.972478935399896));
#7897=CARTESIAN_POINT('Ctrl Pts',(-3.56003936947232,-4.37750011444092,0.962911529707652));
#7898=CARTESIAN_POINT('Ctrl Pts',(-3.56848585139998,-4.37750011444092,0.954934001426037));
#7899=CARTESIAN_POINT('Ctrl Pts',(-3.57708314779652,-4.37750011444092,0.946814031983589));
#7900=CARTESIAN_POINT('Ctrl Pts',(-3.58795392464429,-4.37750011444092,0.940493589309883));
#7901=CARTESIAN_POINT('Ctrl Pts',(-3.60046779399511,-4.37750011444092,0.934924076728577));
#7902=CARTESIAN_POINT('Ctrl Pts',(-3.61284790080613,-4.37750011444092,0.929414097464059));
#7903=CARTESIAN_POINT('Ctrl Pts',(-3.62694746689645,-4.37750011444092,0.925789111105824));
#7904=CARTESIAN_POINT('Ctrl Pts',(-3.64276649226608,-4.37750011444092,0.924049117653871));
#7905=CARTESIAN_POINT('',(-3.64276649226608,-4.13915,0.924049117653871));
#7906=CARTESIAN_POINT('Ctrl Pts',(-3.86354506372921,-4.13915,1.12675835480639));
#7907=CARTESIAN_POINT('Ctrl Pts',(-3.8171196631879,-4.13915,1.12675835480639));
#7908=CARTESIAN_POINT('Ctrl Pts',(-3.77069426264659,-4.13915,1.12675835480639));
#7909=CARTESIAN_POINT('Ctrl Pts',(-3.72426886210527,-4.13915,1.12675835480639));
#7910=CARTESIAN_POINT('Ctrl Pts',(-3.69435027064532,-4.13915,1.12675835480639));
#7911=CARTESIAN_POINT('Ctrl Pts',(-3.66811015735809,-4.13915,1.12444959428048));
#7912=CARTESIAN_POINT('Ctrl Pts',(-3.64534568118504,-4.13915,1.12066837772456));
#7913=CARTESIAN_POINT('Ctrl Pts',(-3.62264881869818,-4.13915,1.11689839191199));
#7914=CARTESIAN_POINT('Ctrl Pts',(-3.60373476662579,-4.13915,1.11080841483016));
#7915=CARTESIAN_POINT('Ctrl Pts',(-3.58860352496788,-4.13915,1.10239844647905));
#7916=CARTESIAN_POINT('Ctrl Pts',(-3.57307430782465,-4.13915,1.09376728271571));
#7917=CARTESIAN_POINT('Ctrl Pts',(-3.56160801428275,-4.13915,1.08238852178159));
#7918=CARTESIAN_POINT('Ctrl Pts',(-3.5540423934538,-4.13915,1.06846857416597));
#7919=CARTESIAN_POINT('Ctrl Pts',(-3.54641596019037,-4.13915,1.05443673805879));
#7920=CARTESIAN_POINT('Ctrl Pts',(-3.54217812442657,-4.13915,1.03743869093947));
#7921=CARTESIAN_POINT('Ctrl Pts',(-3.54217812442657,-4.13915,1.01713876733336));
#7922=CARTESIAN_POINT('Ctrl Pts',(-3.54217812442657,-4.13915,1.00495881316968));
#7923=CARTESIAN_POINT('Ctrl Pts',(-3.54499662222506,-4.13915,0.993777175514769));
#7924=CARTESIAN_POINT('Ctrl Pts',(-3.54939985339967,-4.13915,0.983208895020272));
#7925=CARTESIAN_POINT('Ctrl Pts',(-3.55387044752587,-4.13915,0.972478935399896));
#7926=CARTESIAN_POINT('Ctrl Pts',(-3.56003936947232,-4.13915,0.962911529707652));
#7927=CARTESIAN_POINT('Ctrl Pts',(-3.56848585139998,-4.13915,0.954934001426036));
#7928=CARTESIAN_POINT('Ctrl Pts',(-3.57708314779652,-4.13915,0.946814031983589));
#7929=CARTESIAN_POINT('Ctrl Pts',(-3.5879539246443,-4.13915,0.940493589309882));
#7930=CARTESIAN_POINT('Ctrl Pts',(-3.60046779399511,-4.13915,0.934924076728577));
#7931=CARTESIAN_POINT('Ctrl Pts',(-3.61284790080613,-4.13915,0.929414097464059));
#7932=CARTESIAN_POINT('Ctrl Pts',(-3.62694746689645,-4.13915,0.925789111105824));
#7933=CARTESIAN_POINT('Ctrl Pts',(-3.64276649226608,-4.13915,0.924049117653871));
#7934=CARTESIAN_POINT('',(-3.64276649226608,-4.13915,0.924049117653871));
#7935=CARTESIAN_POINT('Origin',(-3.64276649226608,-4.13915,0.921004129112953));
#7936=CARTESIAN_POINT('',(-3.64276649226608,-4.37750011444092,1.63550206455647));
#7937=CARTESIAN_POINT('',(-3.64276649226608,-4.13915,0.924049117653871));
#7938=CARTESIAN_POINT('Origin',(-3.86354506372921,-4.13915,1.12675835480639));
#7939=CARTESIAN_POINT('Origin',(0.585000305175779,-4.37750011444092,2.35));
#7940=CARTESIAN_POINT('Origin',(0.585000305175779,-4.37750011444092,2.35));
#7941=CARTESIAN_POINT('Origin',(-3.98940948297454,-4.13915,0.944929039077307));
#7942=CARTESIAN_POINT('',(-4.17665859849117,-4.37750011444092,0.944929039077307));
#7943=CARTESIAN_POINT('',(-3.98940948297454,-4.37750011444092,0.944929039077307));
#7944=CARTESIAN_POINT('',(-1.70220458889938,-4.37750011444092,0.944929039077307));
#7945=CARTESIAN_POINT('',(-4.17665859849117,-4.13915,0.944929039077307));
#7946=CARTESIAN_POINT('',(-4.17665859849117,-4.13915,0.944929039077307));
#7947=CARTESIAN_POINT('',(-3.98940948297454,-4.13915,0.944929039077307));
#7948=CARTESIAN_POINT('',(-4.17665859849116,-4.13915,0.944929039077307));
#7949=CARTESIAN_POINT('',(-3.98940948297454,-4.13915,0.944929039077307));
#7950=CARTESIAN_POINT('Origin',(-3.98940948297454,-4.13915,0.896209222422623));
#7951=CARTESIAN_POINT('',(-3.98940948297454,-4.37750011444092,0.896209222422623));
#7952=CARTESIAN_POINT('',(-3.98940948297454,-4.37750011444092,1.62310461121131));
#7953=CARTESIAN_POINT('',(-3.98940948297454,-4.13915,0.896209222422623));
#7954=CARTESIAN_POINT('',(-3.98940948297454,-4.13915,0.944929039077307));
#7955=CARTESIAN_POINT('',(-3.98940948297454,-4.13915,0.896209222422623));
#7956=CARTESIAN_POINT('Origin',(-4.17665859849116,-4.13915,0.896209222422623));
#7957=CARTESIAN_POINT('',(-4.17665859849116,-4.37750011444092,0.896209222422623));
#7958=CARTESIAN_POINT('',(-1.79582914665769,-4.37750011444092,0.896209222422623));
#7959=CARTESIAN_POINT('',(-4.17665859849116,-4.13915,0.896209222422623));
#7960=CARTESIAN_POINT('',(-3.98940948297454,-4.13915,0.896209222422623));
#7961=CARTESIAN_POINT('',(-4.17665859849116,-4.13915,0.896209222422623));
#7962=CARTESIAN_POINT('Origin',(-4.17665859849116,-4.13915,0.743524797013748));
#7963=CARTESIAN_POINT('',(-4.17665859849116,-4.37750011444092,0.743524797013748));
#7964=CARTESIAN_POINT('',(-4.17665859849116,-4.37750011444092,1.54676239850687));
#7965=CARTESIAN_POINT('',(-4.17665859849116,-4.13915,0.743524797013748));
#7966=CARTESIAN_POINT('',(-4.17665859849116,-4.13915,0.896209222422623));
#7967=CARTESIAN_POINT('',(-4.17665859849116,-4.13915,0.743524797013748));
#7968=CARTESIAN_POINT('Origin',(-3.97599770059594,-4.13915,0.743524797013748));
#7969=CARTESIAN_POINT('',(-3.97599770059594,-4.37750011444092,0.743524797013748));
#7970=CARTESIAN_POINT('',(-1.69549869771008,-4.37750011444092,0.743524797013748));
#7971=CARTESIAN_POINT('',(-3.97599770059594,-4.13915,0.743524797013748));
#7972=CARTESIAN_POINT('',(-4.17665859849116,-4.13915,0.743524797013748));
#7973=CARTESIAN_POINT('',(-3.97599770059594,-4.13915,0.743524797013748));
#7974=CARTESIAN_POINT('Origin',(-3.97599770059594,-4.13915,0.695239978722052));
#7975=CARTESIAN_POINT('',(-3.97599770059594,-4.37750011444092,0.695239978722053));
#7976=CARTESIAN_POINT('',(-3.97599770059594,-4.37750011444092,1.52261998936102));
#7977=CARTESIAN_POINT('',(-3.97599770059594,-4.13915,0.695239978722052));
#7978=CARTESIAN_POINT('',(-3.97599770059594,-4.13915,0.743524797013748));
#7979=CARTESIAN_POINT('',(-3.97599770059594,-4.13915,0.695239978722052));
#7980=CARTESIAN_POINT('Origin',(-4.241654159249,-4.13915,0.695239978722052));
#7981=CARTESIAN_POINT('',(-4.241654159249,-4.37750011444092,0.695239978722053));
#7982=CARTESIAN_POINT('',(-1.82832692703661,-4.37750011444092,0.695239978722052));
#7983=CARTESIAN_POINT('',(-4.241654159249,-4.13915,0.695239978722052));
#7984=CARTESIAN_POINT('',(-3.97599770059594,-4.13915,0.695239978722052));
#7985=CARTESIAN_POINT('',(-4.241654159249,-4.13915,0.695239978722052));
#7986=CARTESIAN_POINT('Origin',(-4.241654159249,-4.13915,1.12675835480639));
#7987=CARTESIAN_POINT('',(-4.241654159249,-4.37750011444092,1.12675835480639));
#7988=CARTESIAN_POINT('',(-4.241654159249,-4.37750011444092,1.73837917740319));
#7989=CARTESIAN_POINT('',(-4.241654159249,-4.13915,1.12675835480639));
#7990=CARTESIAN_POINT('',(-4.241654159249,-4.13915,0.695239978722052));
#7991=CARTESIAN_POINT('',(-4.241654159249,-4.13915,1.12675835480639));
#7992=CARTESIAN_POINT('Origin',(-3.97599770059594,-4.13915,1.12675835480639));
#7993=CARTESIAN_POINT('',(-3.97599770059594,-4.37750011444092,1.12675835480639));
#7994=CARTESIAN_POINT('',(-1.69549869771008,-4.37750011444092,1.12675835480639));
#7995=CARTESIAN_POINT('',(-3.97599770059594,-4.13915,1.12675835480639));
#7996=CARTESIAN_POINT('',(-4.241654159249,-4.13915,1.12675835480639));
#7997=CARTESIAN_POINT('',(-3.97599770059594,-4.13915,1.12675835480639));
#7998=CARTESIAN_POINT('Origin',(-3.97599770059594,-4.13915,1.07803853815171));
#7999=CARTESIAN_POINT('',(-3.97599770059594,-4.37750011444092,1.07803853815171));
#8000=CARTESIAN_POINT('',(-3.97599770059594,-4.37750011444092,1.71401926907585));
#8001=CARTESIAN_POINT('',(-3.97599770059594,-4.13915,1.07803853815171));
#8002=CARTESIAN_POINT('',(-3.97599770059594,-4.13915,1.12675835480639));
#8003=CARTESIAN_POINT('',(-3.97599770059594,-4.13915,1.07803853815171));
#8004=CARTESIAN_POINT('Origin',(-4.17665859849116,-4.13915,1.07803853815171));
#8005=CARTESIAN_POINT('',(-4.17665859849116,-4.37750011444092,1.07803853815171));
#8006=CARTESIAN_POINT('',(-1.79582914665769,-4.37750011444092,1.07803853815171));
#8007=CARTESIAN_POINT('',(-4.17665859849116,-4.13915,1.07803853815171));
#8008=CARTESIAN_POINT('',(-3.97599770059594,-4.13915,1.07803853815171));
#8009=CARTESIAN_POINT('',(-4.17665859849116,-4.13915,1.07803853815171));
#8010=CARTESIAN_POINT('Origin',(-4.17665859849117,-4.13915,0.944929039077307));
#8011=CARTESIAN_POINT('',(-4.17665859849117,-4.37750011444092,1.64746451953865));
#8012=CARTESIAN_POINT('',(-4.17665859849117,-4.13915,1.07803853815171));
#8013=CARTESIAN_POINT('Origin',(-3.97599770059594,-4.13915,0.695239978722052));
#8014=CARTESIAN_POINT('Origin',(-4.37628782081881,-4.13915,1.06281359544712));
#8015=CARTESIAN_POINT('',(-4.35307512054815,-4.37750011444092,1.10892342192388));
#8016=CARTESIAN_POINT('',(-4.37628782081881,-4.37750011444092,1.06281359544712));
#8017=CARTESIAN_POINT('',(-3.6162334543328,-4.37750011444092,2.57258947429533));
#8018=CARTESIAN_POINT('',(-4.35307512054815,-4.13915,1.10892342192388));
#8019=CARTESIAN_POINT('',(-4.35307512054815,-4.13915,1.10892342192388));
#8020=CARTESIAN_POINT('',(-4.37628782081881,-4.13915,1.06281359544712));
#8021=CARTESIAN_POINT('',(-4.35307512054815,-4.13915,1.10892342192388));
#8022=CARTESIAN_POINT('',(-4.37628782081881,-4.13915,1.06281359544712));
#8023=CARTESIAN_POINT('Ctrl Pts',(-4.64710265730979,-4.13915,0.709159926337676));
#8024=CARTESIAN_POINT('Ctrl Pts',(-4.64710265730979,-4.21860003814697,0.709159926337676));
#8025=CARTESIAN_POINT('Ctrl Pts',(-4.64710265730979,-4.29805007629395,0.709159926337676));
#8026=CARTESIAN_POINT('Ctrl Pts',(-4.64710265730979,-4.37750011444092,0.709159926337676));
#8027=CARTESIAN_POINT('Ctrl Pts',(-4.63197141565188,-4.13915,0.702489951438523));
#8028=CARTESIAN_POINT('Ctrl Pts',(-4.63197141565188,-4.21860003814697,0.702489951438523));
#8029=CARTESIAN_POINT('Ctrl Pts',(-4.63197141565188,-4.29805007629395,0.702489951438523));
#8030=CARTESIAN_POINT('Ctrl Pts',(-4.63197141565188,-4.37750011444092,0.702489951438523));
#8031=CARTESIAN_POINT('Ctrl Pts',(-4.61322930950742,-4.13915,0.697559969991323));
#8032=CARTESIAN_POINT('Ctrl Pts',(-4.61322930950742,-4.21860003814697,0.697559969991323));
#8033=CARTESIAN_POINT('Ctrl Pts',(-4.61322930950742,-4.29805007629395,0.697559969991323));
#8034=CARTESIAN_POINT('Ctrl Pts',(-4.61322930950742,-4.37750011444092,0.697559969991323));
#8035=CARTESIAN_POINT('Ctrl Pts',(-4.56813077836869,-4.13914999999999,0.691123967577562));
#8036=CARTESIAN_POINT('Ctrl Pts',(-4.56813077836869,-4.21860003814697,0.691123967577562));
#8037=CARTESIAN_POINT('Ctrl Pts',(-4.56813077836869,-4.29805007629394,0.691123967577562));
#8038=CARTESIAN_POINT('Ctrl Pts',(-4.56813077836869,-4.37750011444092,0.691123967577562));
#8039=CARTESIAN_POINT('Ctrl Pts',(-4.54393510055132,-4.13915,0.689150001640217));
#8040=CARTESIAN_POINT('Ctrl Pts',(-4.54393510055132,-4.21860003814697,0.689150001640217));
#8041=CARTESIAN_POINT('Ctrl Pts',(-4.54393510055132,-4.29805007629395,0.689150001640217));
#8042=CARTESIAN_POINT('Ctrl Pts',(-4.54393510055132,-4.37750011444092,0.689150001640217));
#8043=CARTESIAN_POINT('Ctrl Pts',(-4.4913196466045,-4.13915,0.689150001640217));
#8044=CARTESIAN_POINT('Ctrl Pts',(-4.4913196466045,-4.21860003814697,0.689150001640217));
#8045=CARTESIAN_POINT('Ctrl Pts',(-4.4913196466045,-4.29805007629395,0.689150001640217));
#8046=CARTESIAN_POINT('Ctrl Pts',(-4.4913196466045,-4.37750011444092,0.689150001640217));
#8047=CARTESIAN_POINT('Ctrl Pts',(-4.46724721669419,-4.13914999999999,0.691759991818146));
#8048=CARTESIAN_POINT('Ctrl Pts',(-4.46724721669419,-4.21860003814697,0.691759991818146));
#8049=CARTESIAN_POINT('Ctrl Pts',(-4.46724721669419,-4.29805007629395,0.691759991818146));
#8050=CARTESIAN_POINT('Ctrl Pts',(-4.46724721669419,-4.37750011444092,0.691759991818146));
#8051=CARTESIAN_POINT('Ctrl Pts',(-4.42419422301658,-4.13915,0.702300429469312));
#8052=CARTESIAN_POINT('Ctrl Pts',(-4.42419422301658,-4.21860003814697,0.702300429469312));
#8053=CARTESIAN_POINT('Ctrl Pts',(-4.42419422301658,-4.29805007629395,0.702300429469312));
#8054=CARTESIAN_POINT('Ctrl Pts',(-4.42419422301658,-4.37750011444092,0.702300429469312));
#8055=CARTESIAN_POINT('Ctrl Pts',(-4.40603446635083,-4.13915,0.710464921426641));
#8056=CARTESIAN_POINT('Ctrl Pts',(-4.40603446635083,-4.21860003814697,0.710464921426641));
#8057=CARTESIAN_POINT('Ctrl Pts',(-4.40603446635083,-4.29805007629395,0.710464921426641));
#8058=CARTESIAN_POINT('Ctrl Pts',(-4.40603446635083,-4.37750011444092,0.710464921426641));
#8059=CARTESIAN_POINT('Ctrl Pts',(-4.37625663108523,-4.13914999999999,0.731488257887498));
#8060=CARTESIAN_POINT('Ctrl Pts',(-4.37625663108523,-4.21860003814697,0.731488257887498));
#8061=CARTESIAN_POINT('Ctrl Pts',(-4.37625663108523,-4.29805007629394,0.731488257887498));
#8062=CARTESIAN_POINT('Ctrl Pts',(-4.37625663108523,-4.37750011444092,0.731488257887498));
#8063=CARTESIAN_POINT('Ctrl Pts',(-4.36459549771951,-4.13915,0.744104794831065));
#8064=CARTESIAN_POINT('Ctrl Pts',(-4.36459549771951,-4.21860003814697,0.744104794831065));
#8065=CARTESIAN_POINT('Ctrl Pts',(-4.36459549771951,-4.29805007629395,0.744104794831066));
#8066=CARTESIAN_POINT('Ctrl Pts',(-4.36459549771951,-4.37750011444092,0.744104794831066));
#8067=CARTESIAN_POINT('Ctrl Pts',(-4.3487191872041,-4.13915,0.774373898774167));
#8068=CARTESIAN_POINT('Ctrl Pts',(-4.3487191872041,-4.21860003814697,0.774373898774167));
#8069=CARTESIAN_POINT('Ctrl Pts',(-4.3487191872041,-4.29805007629395,0.774373898774167));
#8070=CARTESIAN_POINT('Ctrl Pts',(-4.3487191872041,-4.37750011444092,0.774373898774167));
#8071=CARTESIAN_POINT('Ctrl Pts',(-4.34430587822368,-4.13915,0.791229617488126));
#8072=CARTESIAN_POINT('Ctrl Pts',(-4.34430587822368,-4.21860003814697,0.791229617488126));
#8073=CARTESIAN_POINT('Ctrl Pts',(-4.34430587822368,-4.29805007629395,0.791229617488126));
#8074=CARTESIAN_POINT('Ctrl Pts',(-4.34430587822368,-4.37750011444092,0.791229617488126));
#8075=CARTESIAN_POINT('Ctrl Pts',(-4.34430587822368,-4.13915,0.827189482161821));
#8076=CARTESIAN_POINT('Ctrl Pts',(-4.34430587822368,-4.21860003814697,0.827189482161821));
#8077=CARTESIAN_POINT('Ctrl Pts',(-4.34430587822368,-4.29805007629395,0.827189482161821));
#8078=CARTESIAN_POINT('Ctrl Pts',(-4.34430587822368,-4.37750011444092,0.827189482161821));
#8079=CARTESIAN_POINT('Ctrl Pts',(-4.34705701307057,-4.13915,0.841979426503422));
#8080=CARTESIAN_POINT('Ctrl Pts',(-4.34705701307057,-4.21860003814697,0.841979426503422));
#8081=CARTESIAN_POINT('Ctrl Pts',(-4.34705701307057,-4.29805007629395,0.841979426503422));
#8082=CARTESIAN_POINT('Ctrl Pts',(-4.34705701307057,-4.37750011444092,0.841979426503422));
#8083=CARTESIAN_POINT('Ctrl Pts',(-4.35794931680732,-4.13915,0.866664969743919));
#8084=CARTESIAN_POINT('Ctrl Pts',(-4.35794931680732,-4.21860003814697,0.866664969743919));
#8085=CARTESIAN_POINT('Ctrl Pts',(-4.35794931680732,-4.29805007629394,0.866664969743919));
#8086=CARTESIAN_POINT('Ctrl Pts',(-4.35794931680732,-4.37750011444092,0.866664969743919));
#8087=CARTESIAN_POINT('Ctrl Pts',(-4.36614301107089,-4.13915,0.877504292814128));
#8088=CARTESIAN_POINT('Ctrl Pts',(-4.36614301107089,-4.21860003814697,0.877504292814128));
#8089=CARTESIAN_POINT('Ctrl Pts',(-4.36614301107089,-4.29805007629395,0.877504292814128));
#8090=CARTESIAN_POINT('Ctrl Pts',(-4.36614301107089,-4.37750011444092,0.877504292814128));
#8091=CARTESIAN_POINT('Ctrl Pts',(-4.38729393448317,-4.13915,0.896491279741394));
#8092=CARTESIAN_POINT('Ctrl Pts',(-4.38729393448317,-4.21860003814697,0.896491279741394));
#8093=CARTESIAN_POINT('Ctrl Pts',(-4.38729393448317,-4.29805007629394,0.896491279741393));
#8094=CARTESIAN_POINT('Ctrl Pts',(-4.38729393448317,-4.37750011444092,0.896491279741393));
#8095=CARTESIAN_POINT('Ctrl Pts',(-4.40070414258498,-4.13915,0.904764190228058));
#8096=CARTESIAN_POINT('Ctrl Pts',(-4.40070414258498,-4.21860003814697,0.904764190228058));
#8097=CARTESIAN_POINT('Ctrl Pts',(-4.40070414258498,-4.29805007629395,0.904764190228059));
#8098=CARTESIAN_POINT('Ctrl Pts',(-4.40070414258498,-4.37750011444092,0.904764190228059));
#8099=CARTESIAN_POINT('Ctrl Pts',(-4.43234219332424,-4.13915,0.919844133478317));
#8100=CARTESIAN_POINT('Ctrl Pts',(-4.43234219332424,-4.21860003814697,0.919844133478317));
#8101=CARTESIAN_POINT('Ctrl Pts',(-4.43234219332424,-4.29805007629395,0.919844133478317));
#8102=CARTESIAN_POINT('Ctrl Pts',(-4.43234219332424,-4.37750011444092,0.919844133478317));
#8103=CARTESIAN_POINT('Ctrl Pts',(-4.45074040761284,-4.13915,0.927094106194789));
#8104=CARTESIAN_POINT('Ctrl Pts',(-4.45074040761284,-4.21860003814697,0.927094106194789));
#8105=CARTESIAN_POINT('Ctrl Pts',(-4.45074040761284,-4.29805007629395,0.927094106194789));
#8106=CARTESIAN_POINT('Ctrl Pts',(-4.45074040761284,-4.37750011444092,0.927094106194789));
#8107=CARTESIAN_POINT('Ctrl Pts',(-4.49138761452236,-4.13915,0.940580212775851));
#8108=CARTESIAN_POINT('Ctrl Pts',(-4.49138761452236,-4.21860003814697,0.940580212775851));
#8109=CARTESIAN_POINT('Ctrl Pts',(-4.49138761452236,-4.29805007629395,0.940580212775851));
#8110=CARTESIAN_POINT('Ctrl Pts',(-4.49138761452236,-4.37750011444092,0.940580212775851));
#8111=CARTESIAN_POINT('Ctrl Pts',(-4.50765450975792,-4.13915,0.946959031437918));
#8112=CARTESIAN_POINT('Ctrl Pts',(-4.50765450975792,-4.21860003814697,0.946959031437918));
#8113=CARTESIAN_POINT('Ctrl Pts',(-4.50765450975792,-4.29805007629395,0.946959031437918));
#8114=CARTESIAN_POINT('Ctrl Pts',(-4.50765450975792,-4.37750011444092,0.946959031437918));
#8115=CARTESIAN_POINT('Ctrl Pts',(-4.53406033881013,-4.13915,0.958678844355003));
#8116=CARTESIAN_POINT('Ctrl Pts',(-4.53406033881013,-4.21860003814697,0.958678844355003));
#8117=CARTESIAN_POINT('Ctrl Pts',(-4.53406033881013,-4.29805007629395,0.958678844355003));
#8118=CARTESIAN_POINT('Ctrl Pts',(-4.53406033881013,-4.37750011444092,0.958678844355003));
#8119=CARTESIAN_POINT('Ctrl Pts',(-4.5449667761189,-4.13915,0.964793964320437));
#8120=CARTESIAN_POINT('Ctrl Pts',(-4.5449667761189,-4.21860003814697,0.964793964320437));
#8121=CARTESIAN_POINT('Ctrl Pts',(-4.5449667761189,-4.29805007629395,0.964793964320437));
#8122=CARTESIAN_POINT('Ctrl Pts',(-4.5449667761189,-4.37750011444092,0.964793964320437));
#8123=CARTESIAN_POINT('Ctrl Pts',(-4.56112253894421,-4.13915,0.977850216681549));
#8124=CARTESIAN_POINT('Ctrl Pts',(-4.56112253894421,-4.21860003814697,0.977850216681549));
#8125=CARTESIAN_POINT('Ctrl Pts',(-4.56112253894421,-4.29805007629395,0.977850216681549));
#8126=CARTESIAN_POINT('Ctrl Pts',(-4.56112253894421,-4.37750011444092,0.977850216681549));
#8127=CARTESIAN_POINT('Ctrl Pts',(-4.56680390896611,-4.13915,0.985238887380884));
#8128=CARTESIAN_POINT('Ctrl Pts',(-4.56680390896611,-4.21860003814697,0.985238887380884));
#8129=CARTESIAN_POINT('Ctrl Pts',(-4.56680390896611,-4.29805007629395,0.985238887380884));
#8130=CARTESIAN_POINT('Ctrl Pts',(-4.56680390896611,-4.37750011444092,0.985238887380884));
#8131=CARTESIAN_POINT('Ctrl Pts',(-4.57357596488604,-4.13915,1.00180013330391));
#8132=CARTESIAN_POINT('Ctrl Pts',(-4.57357596488604,-4.21860003814697,1.00180013330391));
#8133=CARTESIAN_POINT('Ctrl Pts',(-4.57357596488604,-4.29805007629395,1.00180013330391));
#8134=CARTESIAN_POINT('Ctrl Pts',(-4.57357596488604,-4.37750011444092,1.00180013330391));
#8135=CARTESIAN_POINT('Ctrl Pts',(-4.57540120536265,-4.13915,1.01133878916018));
#8136=CARTESIAN_POINT('Ctrl Pts',(-4.57540120536265,-4.21860003814697,1.01133878916018));
#8137=CARTESIAN_POINT('Ctrl Pts',(-4.57540120536265,-4.29805007629395,1.01133878916018));
#8138=CARTESIAN_POINT('Ctrl Pts',(-4.57540120536265,-4.37750011444092,1.01133878916018));
#8139=CARTESIAN_POINT('Ctrl Pts',(-4.57540120536265,-4.13914999999999,1.0414986756607));
#8140=CARTESIAN_POINT('Ctrl Pts',(-4.57540120536265,-4.21860003814697,1.0414986756607));
#8141=CARTESIAN_POINT('Ctrl Pts',(-4.57540120536265,-4.29805007629394,1.0414986756607));
#8142=CARTESIAN_POINT('Ctrl Pts',(-4.57540120536265,-4.37750011444092,1.0414986756607));
#8143=CARTESIAN_POINT('Ctrl Pts',(-4.56766363860577,-4.13915,1.05657861891096));
#8144=CARTESIAN_POINT('Ctrl Pts',(-4.56766363860577,-4.21860003814697,1.05657861891096));
#8145=CARTESIAN_POINT('Ctrl Pts',(-4.56766363860577,-4.29805007629395,1.05657861891096));
#8146=CARTESIAN_POINT('Ctrl Pts',(-4.56766363860577,-4.37750011444092,1.05657861891096));
#8147=CARTESIAN_POINT('Ctrl Pts',(-4.53671337157822,-4.13914999999999,1.07861853596903));
#8148=CARTESIAN_POINT('Ctrl Pts',(-4.53671337157822,-4.21860003814697,1.07861853596903));
#8149=CARTESIAN_POINT('Ctrl Pts',(-4.53671337157822,-4.29805007629395,1.07861853596903));
#8150=CARTESIAN_POINT('Ctrl Pts',(-4.53671337157822,-4.37750011444092,1.07861853596903));
#8151=CARTESIAN_POINT('Ctrl Pts',(-4.51487623873102,-4.13915,1.08412851523355));
#8152=CARTESIAN_POINT('Ctrl Pts',(-4.51487623873102,-4.21860003814697,1.08412851523355));
#8153=CARTESIAN_POINT('Ctrl Pts',(-4.51487623873102,-4.29805007629395,1.08412851523355));
#8154=CARTESIAN_POINT('Ctrl Pts',(-4.51487623873102,-4.37750011444092,1.08412851523355));
#8155=CARTESIAN_POINT('Ctrl Pts',(-4.46638748705454,-4.13915,1.08412851523355));
#8156=CARTESIAN_POINT('Ctrl Pts',(-4.46638748705454,-4.21860003814697,1.08412851523355));
#8157=CARTESIAN_POINT('Ctrl Pts',(-4.46638748705454,-4.29805007629395,1.08412851523355));
#8158=CARTESIAN_POINT('Ctrl Pts',(-4.46638748705454,-4.37750011444092,1.08412851523355));
#8159=CARTESIAN_POINT('Ctrl Pts',(-4.44678565127043,-4.13915,1.08209852287293));
#8160=CARTESIAN_POINT('Ctrl Pts',(-4.44678565127043,-4.21860003814697,1.08209852287293));
#8161=CARTESIAN_POINT('Ctrl Pts',(-4.44678565127043,-4.29805007629394,1.08209852287293));
#8162=CARTESIAN_POINT('Ctrl Pts',(-4.44678565127043,-4.37750011444092,1.08209852287293));
#8163=CARTESIAN_POINT('Ctrl Pts',(-4.40855087174548,-4.13915,1.07389125876598));
#8164=CARTESIAN_POINT('Ctrl Pts',(-4.40855087174548,-4.21860003814697,1.07389125876598));
#8165=CARTESIAN_POINT('Ctrl Pts',(-4.40855087174548,-4.29805007629395,1.07389125876598));
#8166=CARTESIAN_POINT('Ctrl Pts',(-4.40855087174548,-4.37750011444092,1.07389125876598));
#8167=CARTESIAN_POINT('Ctrl Pts',(-4.39141906247671,-4.13915,1.0686135736203));
#8168=CARTESIAN_POINT('Ctrl Pts',(-4.39141906247671,-4.21860003814697,1.0686135736203));
#8169=CARTESIAN_POINT('Ctrl Pts',(-4.39141906247671,-4.29805007629394,1.0686135736203));
#8170=CARTESIAN_POINT('Ctrl Pts',(-4.39141906247671,-4.37750011444092,1.0686135736203));
#8171=CARTESIAN_POINT('Ctrl Pts',(-4.37628782081881,-4.13915,1.06281359544712));
#8172=CARTESIAN_POINT('Ctrl Pts',(-4.37628782081881,-4.21860003814697,1.06281359544712));
#8173=CARTESIAN_POINT('Ctrl Pts',(-4.37628782081881,-4.29805007629395,1.06281359544712));
#8174=CARTESIAN_POINT('Ctrl Pts',(-4.37628782081881,-4.37750011444092,1.06281359544712));
#8175=CARTESIAN_POINT('',(-4.64710265730979,-4.37750011444092,0.709159926337677));
#8176=CARTESIAN_POINT('Ctrl Pts',(-4.37628782081881,-4.37750011444092,1.06281359544712));
#8177=CARTESIAN_POINT('Ctrl Pts',(-4.39141906247671,-4.37750011444092,1.0686135736203));
#8178=CARTESIAN_POINT('Ctrl Pts',(-4.40855087174548,-4.37750011444092,1.07389125876598));
#8179=CARTESIAN_POINT('Ctrl Pts',(-4.42787159919804,-4.37750011444092,1.07803853815171));
#8180=CARTESIAN_POINT('Ctrl Pts',(-4.44678565127043,-4.37750011444092,1.08209852287293));
#8181=CARTESIAN_POINT('Ctrl Pts',(-4.46638748705454,-4.37750011444092,1.08412851523355));
#8182=CARTESIAN_POINT('Ctrl Pts',(-4.48667710655037,-4.37750011444092,1.08412851523355));
#8183=CARTESIAN_POINT('Ctrl Pts',(-4.51487623873102,-4.37750011444092,1.08412851523355));
#8184=CARTESIAN_POINT('Ctrl Pts',(-4.53671337157822,-4.37750011444092,1.07861853596903));
#8185=CARTESIAN_POINT('Ctrl Pts',(-4.552188505092,-4.37750011444092,1.06759857743999));
#8186=CARTESIAN_POINT('Ctrl Pts',(-4.56766363860577,-4.37750011444092,1.05657861891096));
#8187=CARTESIAN_POINT('Ctrl Pts',(-4.57540120536265,-4.37750011444092,1.0414986756607));
#8188=CARTESIAN_POINT('Ctrl Pts',(-4.57540120536265,-4.37750011444092,1.02235874768921));
#8189=CARTESIAN_POINT('Ctrl Pts',(-4.57540120536265,-4.37750011444092,1.01133878916018));
#8190=CARTESIAN_POINT('Ctrl Pts',(-4.57357596488604,-4.37750011444092,1.00180013330391));
#8191=CARTESIAN_POINT('Ctrl Pts',(-4.57024282752473,-4.37750011444092,0.993648855731991));
#8192=CARTESIAN_POINT('Ctrl Pts',(-4.56680390896611,-4.37750011444092,0.985238887380884));
#8193=CARTESIAN_POINT('Ctrl Pts',(-4.56112253894421,-4.37750011444092,0.977850216681549));
#8194=CARTESIAN_POINT('Ctrl Pts',(-4.55322018065958,-4.37750011444092,0.97146393921959));
#8195=CARTESIAN_POINT('Ctrl Pts',(-4.5449667761189,-4.37750011444092,0.964793964320437));
#8196=CARTESIAN_POINT('Ctrl Pts',(-4.53406033881013,-4.37750011444092,0.958678844355003));
#8197=CARTESIAN_POINT('Ctrl Pts',(-4.52072240028066,-4.37750011444092,0.952759009611095));
#8198=CARTESIAN_POINT('Ctrl Pts',(-4.50765450975792,-4.37750011444092,0.946959031437918));
#8199=CARTESIAN_POINT('Ctrl Pts',(-4.49138761452236,-4.37750011444092,0.940580212775851));
#8200=CARTESIAN_POINT('Ctrl Pts',(-4.47171781082039,-4.37750011444092,0.9340540800026));
#8201=CARTESIAN_POINT('Ctrl Pts',(-4.45074040761284,-4.37750011444092,0.927094106194789));
#8202=CARTESIAN_POINT('Ctrl Pts',(-4.43234219332424,-4.37750011444092,0.919844133478317));
#8203=CARTESIAN_POINT('Ctrl Pts',(-4.41652316795461,-4.37750011444092,0.912304161853188));
#8204=CARTESIAN_POINT('Ctrl Pts',(-4.40070414258498,-4.37750011444092,0.904764190228059));
#8205=CARTESIAN_POINT('Ctrl Pts',(-4.38729393448317,-4.37750011444092,0.896491279741393));
#8206=CARTESIAN_POINT('Ctrl Pts',(-4.3768036586026,-4.37750011444092,0.887074256799869));
#8207=CARTESIAN_POINT('Ctrl Pts',(-4.36614301107089,-4.37750011444092,0.877504292814128));
#8208=CARTESIAN_POINT('Ctrl Pts',(-4.35794931680732,-4.37750011444092,0.866664969743919));
#8209=CARTESIAN_POINT('Ctrl Pts',(-4.35255928276436,-4.37750011444092,0.854449379575751));
#8210=CARTESIAN_POINT('Ctrl Pts',(-4.34705701307057,-4.37750011444092,0.841979426503422));
#8211=CARTESIAN_POINT('Ctrl Pts',(-4.34430587822368,-4.37750011444092,0.827189482161821));
#8212=CARTESIAN_POINT('Ctrl Pts',(-4.34430587822368,-4.37750011444092,0.81007954655095));
#8213=CARTESIAN_POINT('Ctrl Pts',(-4.34430587822368,-4.37750011444092,0.791229617488126));
#8214=CARTESIAN_POINT('Ctrl Pts',(-4.3487191872041,-4.37750011444092,0.774373898774167));
#8215=CARTESIAN_POINT('Ctrl Pts',(-4.3566859850347,-4.37750011444092,0.759184738081325));
#8216=CARTESIAN_POINT('Ctrl Pts',(-4.36459549771951,-4.37750011444092,0.744104794831066));
#8217=CARTESIAN_POINT('Ctrl Pts',(-4.37625663108523,-4.37750011444092,0.731488257887498));
#8218=CARTESIAN_POINT('Ctrl Pts',(-4.39124711654878,-4.37750011444092,0.720904882138359));
#8219=CARTESIAN_POINT('Ctrl Pts',(-4.40603446635083,-4.37750011444092,0.710464921426641));
#8220=CARTESIAN_POINT('Ctrl Pts',(-4.42419422301658,-4.37750011444092,0.702300429469312));
#8221=CARTESIAN_POINT('Ctrl Pts',(-4.44592592163077,-4.37750011444092,0.696979972174005));
#8222=CARTESIAN_POINT('Ctrl Pts',(-4.46724721669419,-4.37750011444092,0.691759991818146));
#8223=CARTESIAN_POINT('Ctrl Pts',(-4.4913196466045,-4.37750011444092,0.689150001640217));
#8224=CARTESIAN_POINT('Ctrl Pts',(-4.5181432113617,-4.37750011444092,0.689150001640217));
#8225=CARTESIAN_POINT('Ctrl Pts',(-4.54393510055132,-4.37750011444092,0.689150001640217));
#8226=CARTESIAN_POINT('Ctrl Pts',(-4.56813077836869,-4.37750011444092,0.691123967577562));
#8227=CARTESIAN_POINT('Ctrl Pts',(-4.59087633887642,-4.37750011444092,0.694369981996076));
#8228=CARTESIAN_POINT('Ctrl Pts',(-4.61322930950742,-4.37750011444092,0.697559969991323));
#8229=CARTESIAN_POINT('Ctrl Pts',(-4.63197141565188,-4.37750011444092,0.702489951438523));
#8230=CARTESIAN_POINT('Ctrl Pts',(-4.64710265730979,-4.37750011444092,0.709159926337676));
#8231=CARTESIAN_POINT('',(-4.64710265730979,-4.13915,0.709159926337676));
#8232=CARTESIAN_POINT('Ctrl Pts',(-4.37628782081881,-4.13915,1.06281359544712));
#8233=CARTESIAN_POINT('Ctrl Pts',(-4.39141906247671,-4.13915,1.0686135736203));
#8234=CARTESIAN_POINT('Ctrl Pts',(-4.40855087174547,-4.13915,1.07389125876599));
#8235=CARTESIAN_POINT('Ctrl Pts',(-4.42787159919804,-4.13915,1.07803853815171));
#8236=CARTESIAN_POINT('Ctrl Pts',(-4.44678565127043,-4.13915,1.08209852287293));
#8237=CARTESIAN_POINT('Ctrl Pts',(-4.46638748705454,-4.13915,1.08412851523355));
#8238=CARTESIAN_POINT('Ctrl Pts',(-4.48667710655037,-4.13915,1.08412851523355));
#8239=CARTESIAN_POINT('Ctrl Pts',(-4.51487623873102,-4.13915,1.08412851523355));
#8240=CARTESIAN_POINT('Ctrl Pts',(-4.53671337157823,-4.13915,1.07861853596903));
#8241=CARTESIAN_POINT('Ctrl Pts',(-4.552188505092,-4.13915,1.06759857743999));
#8242=CARTESIAN_POINT('Ctrl Pts',(-4.56766363860577,-4.13915,1.05657861891096));
#8243=CARTESIAN_POINT('Ctrl Pts',(-4.57540120536265,-4.13915,1.0414986756607));
#8244=CARTESIAN_POINT('Ctrl Pts',(-4.57540120536265,-4.13915,1.02235874768921));
#8245=CARTESIAN_POINT('Ctrl Pts',(-4.57540120536265,-4.13915,1.01133878916018));
#8246=CARTESIAN_POINT('Ctrl Pts',(-4.57357596488604,-4.13915,1.00180013330391));
#8247=CARTESIAN_POINT('Ctrl Pts',(-4.57024282752473,-4.13915,0.99364885573199));
#8248=CARTESIAN_POINT('Ctrl Pts',(-4.56680390896611,-4.13915,0.985238887380884));
#8249=CARTESIAN_POINT('Ctrl Pts',(-4.56112253894421,-4.13915,0.977850216681549));
#8250=CARTESIAN_POINT('Ctrl Pts',(-4.55322018065958,-4.13915,0.97146393921959));
#8251=CARTESIAN_POINT('Ctrl Pts',(-4.5449667761189,-4.13915,0.964793964320437));
#8252=CARTESIAN_POINT('Ctrl Pts',(-4.53406033881013,-4.13915,0.958678844355003));
#8253=CARTESIAN_POINT('Ctrl Pts',(-4.52072240028066,-4.13915,0.952759009611095));
#8254=CARTESIAN_POINT('Ctrl Pts',(-4.50765450975792,-4.13915,0.946959031437918));
#8255=CARTESIAN_POINT('Ctrl Pts',(-4.49138761452236,-4.13915,0.940580212775851));
#8256=CARTESIAN_POINT('Ctrl Pts',(-4.47171781082039,-4.13915,0.9340540800026));
#8257=CARTESIAN_POINT('Ctrl Pts',(-4.45074040761284,-4.13915,0.927094106194788));
#8258=CARTESIAN_POINT('Ctrl Pts',(-4.43234219332424,-4.13915,0.919844133478318));
#8259=CARTESIAN_POINT('Ctrl Pts',(-4.41652316795461,-4.13915,0.912304161853188));
#8260=CARTESIAN_POINT('Ctrl Pts',(-4.40070414258498,-4.13915,0.904764190228058));
#8261=CARTESIAN_POINT('Ctrl Pts',(-4.38729393448317,-4.13915,0.896491279741394));
#8262=CARTESIAN_POINT('Ctrl Pts',(-4.3768036586026,-4.13915,0.88707425679987));
#8263=CARTESIAN_POINT('Ctrl Pts',(-4.36614301107089,-4.13915,0.877504292814128));
#8264=CARTESIAN_POINT('Ctrl Pts',(-4.35794931680732,-4.13915,0.866664969743919));
#8265=CARTESIAN_POINT('Ctrl Pts',(-4.35255928276436,-4.13915,0.854449379575751));
#8266=CARTESIAN_POINT('Ctrl Pts',(-4.34705701307057,-4.13915,0.841979426503421));
#8267=CARTESIAN_POINT('Ctrl Pts',(-4.34430587822368,-4.13915,0.827189482161821));
#8268=CARTESIAN_POINT('Ctrl Pts',(-4.34430587822368,-4.13915,0.81007954655095));
#8269=CARTESIAN_POINT('Ctrl Pts',(-4.34430587822368,-4.13915,0.791229617488126));
#8270=CARTESIAN_POINT('Ctrl Pts',(-4.3487191872041,-4.13915,0.774373898774167));
#8271=CARTESIAN_POINT('Ctrl Pts',(-4.3566859850347,-4.13915,0.759184738081325));
#8272=CARTESIAN_POINT('Ctrl Pts',(-4.36459549771951,-4.13915,0.744104794831066));
#8273=CARTESIAN_POINT('Ctrl Pts',(-4.37625663108524,-4.13915,0.731488257887498));
#8274=CARTESIAN_POINT('Ctrl Pts',(-4.39124711654878,-4.13915,0.720904882138359));
#8275=CARTESIAN_POINT('Ctrl Pts',(-4.40603446635083,-4.13915,0.710464921426641));
#8276=CARTESIAN_POINT('Ctrl Pts',(-4.42419422301658,-4.13915,0.702300429469312));
#8277=CARTESIAN_POINT('Ctrl Pts',(-4.44592592163077,-4.13915,0.696979972174005));
#8278=CARTESIAN_POINT('Ctrl Pts',(-4.46724721669419,-4.13915,0.691759991818147));
#8279=CARTESIAN_POINT('Ctrl Pts',(-4.4913196466045,-4.13915,0.689150001640217));
#8280=CARTESIAN_POINT('Ctrl Pts',(-4.5181432113617,-4.13915,0.689150001640217));
#8281=CARTESIAN_POINT('Ctrl Pts',(-4.54393510055132,-4.13915,0.689150001640217));
#8282=CARTESIAN_POINT('Ctrl Pts',(-4.56813077836869,-4.13915,0.691123967577562));
#8283=CARTESIAN_POINT('Ctrl Pts',(-4.59087633887642,-4.13915,0.694369981996076));
#8284=CARTESIAN_POINT('Ctrl Pts',(-4.61322930950743,-4.13915,0.697559969991323));
#8285=CARTESIAN_POINT('Ctrl Pts',(-4.63197141565188,-4.13915,0.702489951438523));
#8286=CARTESIAN_POINT('Ctrl Pts',(-4.64710265730979,-4.13915,0.709159926337676));
#8287=CARTESIAN_POINT('',(-4.64710265730979,-4.13915,0.709159926337676));
#8288=CARTESIAN_POINT('Origin',(-4.64710265730979,-4.13915,0.761794728259254));
#8289=CARTESIAN_POINT('',(-4.64710265730979,-4.37750011444092,0.761794728259254));
#8290=CARTESIAN_POINT('',(-4.64710265730979,-4.37750011444092,1.55589736412962));
#8291=CARTESIAN_POINT('',(-4.64710265730979,-4.13915,0.761794728259254));
#8292=CARTESIAN_POINT('',(-4.64710265730979,-4.13915,0.709159926337676));
#8293=CARTESIAN_POINT('',(-4.64710265730979,-4.13915,0.761794728259254));
#8294=CARTESIAN_POINT('Ctrl Pts',(-4.35307512054815,-4.13915,1.10892342192388));
#8295=CARTESIAN_POINT('Ctrl Pts',(-4.35307512054815,-4.21860003814697,1.10892342192388));
#8296=CARTESIAN_POINT('Ctrl Pts',(-4.35307512054815,-4.29805007629395,1.10892342192388));
#8297=CARTESIAN_POINT('Ctrl Pts',(-4.35307512054815,-4.37750011444092,1.10892342192388));
#8298=CARTESIAN_POINT('Ctrl Pts',(-4.37061360519709,-4.13915,1.11588339573169));
#8299=CARTESIAN_POINT('Ctrl Pts',(-4.37061360519709,-4.21860003814697,1.11588339573169));
#8300=CARTESIAN_POINT('Ctrl Pts',(-4.37061360519709,-4.29805007629395,1.11588339573169));
#8301=CARTESIAN_POINT('Ctrl Pts',(-4.37061360519709,-4.37750011444092,1.11588339573169));
#8302=CARTESIAN_POINT('Ctrl Pts',(-4.39044619355927,-4.13915,1.12133196684913));
#8303=CARTESIAN_POINT('Ctrl Pts',(-4.39044619355927,-4.21860003814697,1.12133196684913));
#8304=CARTESIAN_POINT('Ctrl Pts',(-4.39044619355927,-4.29805007629395,1.12133196684913));
#8305=CARTESIAN_POINT('Ctrl Pts',(-4.39044619355927,-4.37750011444092,1.12133196684913));
#8306=CARTESIAN_POINT('Ctrl Pts',(-4.43474943631527,-4.13915,1.13052834061896));
#8307=CARTESIAN_POINT('Ctrl Pts',(-4.43474943631527,-4.21860003814697,1.13052834061896));
#8308=CARTESIAN_POINT('Ctrl Pts',(-4.43474943631527,-4.29805007629395,1.13052834061896));
#8309=CARTESIAN_POINT('Ctrl Pts',(-4.43474943631527,-4.37750011444092,1.13052834061896));
#8310=CARTESIAN_POINT('Ctrl Pts',(-4.45968159586524,-4.13915,1.13284833188823));
#8311=CARTESIAN_POINT('Ctrl Pts',(-4.45968159586524,-4.21860003814697,1.13284833188823));
#8312=CARTESIAN_POINT('Ctrl Pts',(-4.45968159586524,-4.29805007629394,1.13284833188823));
#8313=CARTESIAN_POINT('Ctrl Pts',(-4.45968159586524,-4.37750011444092,1.13284833188823));
#8314=CARTESIAN_POINT('Ctrl Pts',(-4.50988980682102,-4.13914999999999,1.13284833188823));
#8315=CARTESIAN_POINT('Ctrl Pts',(-4.50988980682102,-4.21860003814697,1.13284833188823));
#8316=CARTESIAN_POINT('Ctrl Pts',(-4.50988980682102,-4.29805007629394,1.13284833188823));
#8317=CARTESIAN_POINT('Ctrl Pts',(-4.50988980682102,-4.37750011444092,1.13284833188823));
#8318=CARTESIAN_POINT('Ctrl Pts',(-4.53072601647949,-4.13915,1.1304664730167));
#8319=CARTESIAN_POINT('Ctrl Pts',(-4.53072601647949,-4.21860003814697,1.1304664730167));
#8320=CARTESIAN_POINT('Ctrl Pts',(-4.53072601647949,-4.29805007629394,1.1304664730167));
#8321=CARTESIAN_POINT('Ctrl Pts',(-4.53072601647949,-4.37750011444092,1.1304664730167));
#8322=CARTESIAN_POINT('Ctrl Pts',(-4.56817947638956,-4.13914999999999,1.12052337827023));
#8323=CARTESIAN_POINT('Ctrl Pts',(-4.56817947638956,-4.21860003814697,1.12052337827023));
#8324=CARTESIAN_POINT('Ctrl Pts',(-4.56817947638956,-4.29805007629395,1.12052337827023));
#8325=CARTESIAN_POINT('Ctrl Pts',(-4.56817947638956,-4.37750011444092,1.12052337827023));
#8326=CARTESIAN_POINT('Ctrl Pts',(-4.58431207637231,-4.13915,1.11324233176545));
#8327=CARTESIAN_POINT('Ctrl Pts',(-4.58431207637231,-4.21860003814698,1.11324233176545));
#8328=CARTESIAN_POINT('Ctrl Pts',(-4.58431207637231,-4.29805007629395,1.11324233176545));
#8329=CARTESIAN_POINT('Ctrl Pts',(-4.58431207637231,-4.37750011444092,1.11324233176545));
#8330=CARTESIAN_POINT('Ctrl Pts',(-4.61150985022812,-4.13914999999999,1.09442347649093));
#8331=CARTESIAN_POINT('Ctrl Pts',(-4.61150985022812,-4.21860003814697,1.09442347649093));
#8332=CARTESIAN_POINT('Ctrl Pts',(-4.61150985022812,-4.29805007629394,1.09442347649093));
#8333=CARTESIAN_POINT('Ctrl Pts',(-4.61150985022812,-4.37750011444092,1.09442347649093));
#8334=CARTESIAN_POINT('Ctrl Pts',(-4.62228408807476,-4.13915,1.08307865721483));
#8335=CARTESIAN_POINT('Ctrl Pts',(-4.62228408807476,-4.21860003814697,1.08307865721483));
#8336=CARTESIAN_POINT('Ctrl Pts',(-4.62228408807476,-4.29805007629395,1.08307865721483));
#8337=CARTESIAN_POINT('Ctrl Pts',(-4.62228408807476,-4.37750011444092,1.08307865721483));
#8338=CARTESIAN_POINT('Ctrl Pts',(-4.63678590163394,-4.13914999999999,1.05570862218498));
#8339=CARTESIAN_POINT('Ctrl Pts',(-4.63678590163394,-4.21860003814697,1.05570862218498));
#8340=CARTESIAN_POINT('Ctrl Pts',(-4.63678590163394,-4.29805007629394,1.05570862218498));
#8341=CARTESIAN_POINT('Ctrl Pts',(-4.63678590163394,-4.37750011444092,1.05570862218498));
#8342=CARTESIAN_POINT('Ctrl Pts',(-4.64039676612049,-4.13915,1.04033868002606));
#8343=CARTESIAN_POINT('Ctrl Pts',(-4.64039676612049,-4.21860003814697,1.04033868002606));
#8344=CARTESIAN_POINT('Ctrl Pts',(-4.64039676612049,-4.29805007629395,1.04033868002606));
#8345=CARTESIAN_POINT('Ctrl Pts',(-4.64039676612049,-4.37750011444092,1.04033868002606));
#8346=CARTESIAN_POINT('Ctrl Pts',(-4.64039676612049,-4.13914999999999,1.00669880662164));
#8347=CARTESIAN_POINT('Ctrl Pts',(-4.64039676612049,-4.21860003814697,1.00669880662164));
#8348=CARTESIAN_POINT('Ctrl Pts',(-4.64039676612049,-4.29805007629394,1.00669880662164));
#8349=CARTESIAN_POINT('Ctrl Pts',(-4.64039676612049,-4.37750011444092,1.00669880662164));
#8350=CARTESIAN_POINT('Ctrl Pts',(-4.6384760073323,-4.13915,0.991829297651279));
#8351=CARTESIAN_POINT('Ctrl Pts',(-4.6384760073323,-4.21860003814697,0.991829297651279));
#8352=CARTESIAN_POINT('Ctrl Pts',(-4.6384760073323,-4.29805007629395,0.991829297651279));
#8353=CARTESIAN_POINT('Ctrl Pts',(-4.6384760073323,-4.37750011444092,0.991829297651279));
#8354=CARTESIAN_POINT('Ctrl Pts',(-4.62887638894913,-4.13914999999999,0.965808960500742));
#8355=CARTESIAN_POINT('Ctrl Pts',(-4.62887638894913,-4.21860003814697,0.965808960500742));
#8356=CARTESIAN_POINT('Ctrl Pts',(-4.62887638894913,-4.29805007629394,0.965808960500742));
#8357=CARTESIAN_POINT('Ctrl Pts',(-4.62887638894913,-4.37750011444092,0.965808960500742));
#8358=CARTESIAN_POINT('Ctrl Pts',(-4.6214827140481,-4.13915,0.95420900415439));
#8359=CARTESIAN_POINT('Ctrl Pts',(-4.6214827140481,-4.21860003814697,0.95420900415439));
#8360=CARTESIAN_POINT('Ctrl Pts',(-4.6214827140481,-4.29805007629395,0.954209004154389));
#8361=CARTESIAN_POINT('Ctrl Pts',(-4.6214827140481,-4.37750011444092,0.954209004154389));
#8362=CARTESIAN_POINT('Ctrl Pts',(-4.60153698640813,-4.13914999999999,0.933909080548271));
#8363=CARTESIAN_POINT('Ctrl Pts',(-4.60153698640813,-4.21860003814697,0.933909080548271));
#8364=CARTESIAN_POINT('Ctrl Pts',(-4.60153698640813,-4.29805007629395,0.933909080548271));
#8365=CARTESIAN_POINT('Ctrl Pts',(-4.60153698640813,-4.37750011444092,0.933909080548271));
#8366=CARTESIAN_POINT('Ctrl Pts',(-4.58914265591122,-4.13915,0.924423756000233));
#8367=CARTESIAN_POINT('Ctrl Pts',(-4.58914265591122,-4.21860003814697,0.924423756000233));
#8368=CARTESIAN_POINT('Ctrl Pts',(-4.58914265591122,-4.29805007629394,0.924423756000233));
#8369=CARTESIAN_POINT('Ctrl Pts',(-4.58914265591122,-4.37750011444092,0.924423756000233));
#8370=CARTESIAN_POINT('Ctrl Pts',(-4.55872245035336,-4.13914999999999,0.908099177677634));
#8371=CARTESIAN_POINT('Ctrl Pts',(-4.55872245035336,-4.21860003814697,0.908099177677634));
#8372=CARTESIAN_POINT('Ctrl Pts',(-4.55872245035336,-4.29805007629395,0.908099177677634));
#8373=CARTESIAN_POINT('Ctrl Pts',(-4.55872245035336,-4.37750011444092,0.908099177677634));
#8374=CARTESIAN_POINT('Ctrl Pts',(-4.54086260839279,-4.13915,0.90051150905696));
#8375=CARTESIAN_POINT('Ctrl Pts',(-4.54086260839279,-4.21860003814697,0.90051150905696));
#8376=CARTESIAN_POINT('Ctrl Pts',(-4.54086260839279,-4.29805007629394,0.90051150905696));
#8377=CARTESIAN_POINT('Ctrl Pts',(-4.54086260839279,-4.37750011444092,0.90051150905696));
#8378=CARTESIAN_POINT('Ctrl Pts',(-4.49854137557759,-4.13914999999999,0.886349259528223));
#8379=CARTESIAN_POINT('Ctrl Pts',(-4.49854137557759,-4.21860003814697,0.886349259528223));
#8380=CARTESIAN_POINT('Ctrl Pts',(-4.49854137557759,-4.29805007629395,0.886349259528222));
#8381=CARTESIAN_POINT('Ctrl Pts',(-4.49854137557759,-4.37750011444092,0.886349259528222));
#8382=CARTESIAN_POINT('Ctrl Pts',(-4.4806589990728,-4.13915,0.87967928462907));
#8383=CARTESIAN_POINT('Ctrl Pts',(-4.4806589990728,-4.21860003814697,0.87967928462907));
#8384=CARTESIAN_POINT('Ctrl Pts',(-4.4806589990728,-4.29805007629395,0.87967928462907));
#8385=CARTESIAN_POINT('Ctrl Pts',(-4.4806589990728,-4.37750011444092,0.87967928462907));
#8386=CARTESIAN_POINT('Ctrl Pts',(-4.45245986689214,-4.13914999999999,0.867499330465398));
#8387=CARTESIAN_POINT('Ctrl Pts',(-4.45245986689214,-4.21860003814697,0.867499330465398));
#8388=CARTESIAN_POINT('Ctrl Pts',(-4.45245986689214,-4.29805007629394,0.867499330465398));
#8389=CARTESIAN_POINT('Ctrl Pts',(-4.45245986689214,-4.37750011444092,0.867499330465398));
#8390=CARTESIAN_POINT('Ctrl Pts',(-4.44111143564871,-4.13915,0.861119354474904));
#8391=CARTESIAN_POINT('Ctrl Pts',(-4.44111143564871,-4.21860003814697,0.861119354474904));
#8392=CARTESIAN_POINT('Ctrl Pts',(-4.44111143564871,-4.29805007629394,0.861119354474903));
#8393=CARTESIAN_POINT('Ctrl Pts',(-4.44111143564871,-4.37750011444092,0.861119354474903));
#8394=CARTESIAN_POINT('Ctrl Pts',(-4.42391684285563,-4.13914999999999,0.847779404676598));
#8395=CARTESIAN_POINT('Ctrl Pts',(-4.42391684285563,-4.21860003814697,0.847779404676598));
#8396=CARTESIAN_POINT('Ctrl Pts',(-4.42391684285563,-4.29805007629395,0.847779404676599));
#8397=CARTESIAN_POINT('Ctrl Pts',(-4.42391684285563,-4.37750011444092,0.847779404676599));
#8398=CARTESIAN_POINT('Ctrl Pts',(-4.4175909328101,-4.13915,0.840620732646042));
#8399=CARTESIAN_POINT('Ctrl Pts',(-4.4175909328101,-4.21860003814697,0.840620732646042));
#8400=CARTESIAN_POINT('Ctrl Pts',(-4.4175909328101,-4.29805007629395,0.840620732646042));
#8401=CARTESIAN_POINT('Ctrl Pts',(-4.4175909328101,-4.37750011444092,0.840620732646042));
#8402=CARTESIAN_POINT('Ctrl Pts',(-4.41136479011668,-4.13915,0.82486949089255));
#8403=CARTESIAN_POINT('Ctrl Pts',(-4.41136479011668,-4.21860003814697,0.82486949089255));
#8404=CARTESIAN_POINT('Ctrl Pts',(-4.41136479011668,-4.29805007629395,0.82486949089255));
#8405=CARTESIAN_POINT('Ctrl Pts',(-4.41136479011668,-4.37750011444092,0.82486949089255));
#8406=CARTESIAN_POINT('Ctrl Pts',(-4.40981727676531,-4.13915,0.815589525815468));
#8407=CARTESIAN_POINT('Ctrl Pts',(-4.40981727676531,-4.21860003814697,0.815589525815468));
#8408=CARTESIAN_POINT('Ctrl Pts',(-4.40981727676531,-4.29805007629395,0.815589525815467));
#8409=CARTESIAN_POINT('Ctrl Pts',(-4.40981727676531,-4.37750011444092,0.815589525815467));
#8410=CARTESIAN_POINT('Ctrl Pts',(-4.40981727676531,-4.13915,0.78281964913702));
#8411=CARTESIAN_POINT('Ctrl Pts',(-4.40981727676531,-4.21860003814697,0.78281964913702));
#8412=CARTESIAN_POINT('Ctrl Pts',(-4.40981727676531,-4.29805007629395,0.78281964913702));
#8413=CARTESIAN_POINT('Ctrl Pts',(-4.40981727676531,-4.37750011444092,0.78281964913702));
#8414=CARTESIAN_POINT('Ctrl Pts',(-4.4182834546308,-4.13914999999999,0.765392568565511));
#8415=CARTESIAN_POINT('Ctrl Pts',(-4.4182834546308,-4.21860003814697,0.765392568565511));
#8416=CARTESIAN_POINT('Ctrl Pts',(-4.4182834546308,-4.29805007629395,0.76539256856551));
#8417=CARTESIAN_POINT('Ctrl Pts',(-4.4182834546308,-4.37750011444092,0.76539256856551));
#8418=CARTESIAN_POINT('Ctrl Pts',(-4.45400738024352,-4.13915,0.741639804107465));
#8419=CARTESIAN_POINT('Ctrl Pts',(-4.45400738024352,-4.21860003814697,0.741639804107465));
#8420=CARTESIAN_POINT('Ctrl Pts',(-4.45400738024352,-4.29805007629395,0.741639804107466));
#8421=CARTESIAN_POINT('Ctrl Pts',(-4.45400738024352,-4.37750011444092,0.741639804107466));
#8422=CARTESIAN_POINT('Ctrl Pts',(-4.48151872871245,-4.13914999999999,0.73569482647996));
#8423=CARTESIAN_POINT('Ctrl Pts',(-4.48151872871245,-4.21860003814697,0.73569482647996));
#8424=CARTESIAN_POINT('Ctrl Pts',(-4.48151872871245,-4.29805007629395,0.73569482647996));
#8425=CARTESIAN_POINT('Ctrl Pts',(-4.48151872871245,-4.37750011444092,0.73569482647996));
#8426=CARTESIAN_POINT('Ctrl Pts',(-4.53035137224479,-4.13915,0.735694826479959));
#8427=CARTESIAN_POINT('Ctrl Pts',(-4.53035137224479,-4.21860003814697,0.735694826479959));
#8428=CARTESIAN_POINT('Ctrl Pts',(-4.53035137224479,-4.29805007629395,0.735694826479959));
#8429=CARTESIAN_POINT('Ctrl Pts',(-4.53035137224479,-4.37750011444092,0.735694826479959));
#8430=CARTESIAN_POINT('Ctrl Pts',(-4.54204369534408,-4.13915,0.736564823205936));
#8431=CARTESIAN_POINT('Ctrl Pts',(-4.54204369534408,-4.21860003814697,0.736564823205936));
#8432=CARTESIAN_POINT('Ctrl Pts',(-4.54204369534408,-4.29805007629394,0.736564823205936));
#8433=CARTESIAN_POINT('Ctrl Pts',(-4.54204369534408,-4.37750011444092,0.736564823205936));
#8434=CARTESIAN_POINT('Ctrl Pts',(-4.56570942382833,-4.13915,0.740086639379556));
#8435=CARTESIAN_POINT('Ctrl Pts',(-4.56570942382833,-4.21860003814697,0.740086639379556));
#8436=CARTESIAN_POINT('Ctrl Pts',(-4.56570942382833,-4.29805007629395,0.740086639379556));
#8437=CARTESIAN_POINT('Ctrl Pts',(-4.56570942382833,-4.37750011444092,0.740086639379556));
#8438=CARTESIAN_POINT('Ctrl Pts',(-4.57729261056989,-4.13915,0.741639804107466));
#8439=CARTESIAN_POINT('Ctrl Pts',(-4.57729261056989,-4.21860003814697,0.741639804107466));
#8440=CARTESIAN_POINT('Ctrl Pts',(-4.57729261056989,-4.29805007629395,0.741639804107466));
#8441=CARTESIAN_POINT('Ctrl Pts',(-4.57729261056989,-4.37750011444092,0.741639804107466));
#8442=CARTESIAN_POINT('Ctrl Pts',(-4.59962564124926,-4.13915,0.746348082606701));
#8443=CARTESIAN_POINT('Ctrl Pts',(-4.59962564124926,-4.21860003814697,0.746348082606701));
#8444=CARTESIAN_POINT('Ctrl Pts',(-4.59962564124926,-4.29805007629394,0.746348082606702));
#8445=CARTESIAN_POINT('Ctrl Pts',(-4.59962564124926,-4.37750011444092,0.746348082606702));
#8446=CARTESIAN_POINT('Ctrl Pts',(-4.6103062287326,-4.13915,0.749034776278266));
#8447=CARTESIAN_POINT('Ctrl Pts',(-4.6103062287326,-4.21860003814697,0.749034776278266));
#8448=CARTESIAN_POINT('Ctrl Pts',(-4.6103062287326,-4.29805007629395,0.749034776278266));
#8449=CARTESIAN_POINT('Ctrl Pts',(-4.6103062287326,-4.37750011444092,0.749034776278266));
#8450=CARTESIAN_POINT('Ctrl Pts',(-4.63025195637257,-4.13915,0.75541475226876));
#8451=CARTESIAN_POINT('Ctrl Pts',(-4.63025195637257,-4.21860003814697,0.75541475226876));
#8452=CARTESIAN_POINT('Ctrl Pts',(-4.63025195637257,-4.29805007629395,0.75541475226876));
#8453=CARTESIAN_POINT('Ctrl Pts',(-4.63025195637257,-4.37750011444092,0.75541475226876));
#8454=CARTESIAN_POINT('Ctrl Pts',(-4.63919314462497,-4.13915,0.758604740264007));
#8455=CARTESIAN_POINT('Ctrl Pts',(-4.63919314462497,-4.21860003814697,0.758604740264007));
#8456=CARTESIAN_POINT('Ctrl Pts',(-4.63919314462497,-4.29805007629395,0.758604740264007));
#8457=CARTESIAN_POINT('Ctrl Pts',(-4.63919314462497,-4.37750011444092,0.758604740264007));
#8458=CARTESIAN_POINT('Ctrl Pts',(-4.64710265730979,-4.13915,0.761794728259254));
#8459=CARTESIAN_POINT('Ctrl Pts',(-4.64710265730979,-4.21860003814697,0.761794728259254));
#8460=CARTESIAN_POINT('Ctrl Pts',(-4.64710265730979,-4.29805007629395,0.761794728259254));
#8461=CARTESIAN_POINT('Ctrl Pts',(-4.64710265730979,-4.37750011444092,0.761794728259254));
#8462=CARTESIAN_POINT('Ctrl Pts',(-4.64710265730979,-4.37750011444092,0.761794728259254));
#8463=CARTESIAN_POINT('Ctrl Pts',(-4.63919314462497,-4.37750011444092,0.758604740264007));
#8464=CARTESIAN_POINT('Ctrl Pts',(-4.63025195637257,-4.37750011444092,0.75541475226876));
#8465=CARTESIAN_POINT('Ctrl Pts',(-4.62027909255259,-4.37750011444092,0.752224764273513));
#8466=CARTESIAN_POINT('Ctrl Pts',(-4.6103062287326,-4.37750011444092,0.749034776278266));
#8467=CARTESIAN_POINT('Ctrl Pts',(-4.59962564124926,-4.37750011444092,0.746348082606702));
#8468=CARTESIAN_POINT('Ctrl Pts',(-4.58829714995746,-4.37750011444092,0.743959795376736));
#8469=CARTESIAN_POINT('Ctrl Pts',(-4.57729261056989,-4.37750011444092,0.741639804107466));
#8470=CARTESIAN_POINT('Ctrl Pts',(-4.56570942382833,-4.37750011444092,0.740086639379556));
#8471=CARTESIAN_POINT('Ctrl Pts',(-4.55373601844337,-4.37750011444092,0.738304816657889));
#8472=CARTESIAN_POINT('Ctrl Pts',(-4.54204369534408,-4.37750011444092,0.736564823205936));
#8473=CARTESIAN_POINT('Ctrl Pts',(-4.53035137224479,-4.37750011444092,0.735694826479959));
#8474=CARTESIAN_POINT('Ctrl Pts',(-4.5186590491455,-4.37750011444092,0.735694826479959));
#8475=CARTESIAN_POINT('Ctrl Pts',(-4.48151872871245,-4.37750011444092,0.73569482647996));
#8476=CARTESIAN_POINT('Ctrl Pts',(-4.45400738024352,-4.37750011444092,0.741639804107466));
#8477=CARTESIAN_POINT('Ctrl Pts',(-4.43612500373872,-4.37750011444092,0.753529759362478));
#8478=CARTESIAN_POINT('Ctrl Pts',(-4.4182834546308,-4.37750011444092,0.76539256856551));
#8479=CARTESIAN_POINT('Ctrl Pts',(-4.40981727676531,-4.37750011444092,0.78281964913702));
#8480=CARTESIAN_POINT('Ctrl Pts',(-4.40981727676531,-4.37750011444092,0.804859566195091));
#8481=CARTESIAN_POINT('Ctrl Pts',(-4.40981727676531,-4.37750011444092,0.815589525815467));
#8482=CARTESIAN_POINT('Ctrl Pts',(-4.41136479011668,-4.37750011444092,0.82486949089255));
#8483=CARTESIAN_POINT('Ctrl Pts',(-4.41445981681944,-4.37750011444092,0.832699461426339));
#8484=CARTESIAN_POINT('Ctrl Pts',(-4.4175909328101,-4.37750011444092,0.840620732646042));
#8485=CARTESIAN_POINT('Ctrl Pts',(-4.42391684285563,-4.37750011444092,0.847779404676599));
#8486=CARTESIAN_POINT('Ctrl Pts',(-4.43251413925217,-4.37750011444092,0.854449379575751));
#8487=CARTESIAN_POINT('Ctrl Pts',(-4.44111143564871,-4.37750011444092,0.861119354474903));
#8488=CARTESIAN_POINT('Ctrl Pts',(-4.45245986689214,-4.37750011444092,0.867499330465398));
#8489=CARTESIAN_POINT('Ctrl Pts',(-4.46655943298247,-4.37750011444092,0.873589307547234));
#8490=CARTESIAN_POINT('Ctrl Pts',(-4.4806589990728,-4.37750011444092,0.87967928462907));
#8491=CARTESIAN_POINT('Ctrl Pts',(-4.49854137557759,-4.37750011444092,0.886349259528222));
#8492=CARTESIAN_POINT('Ctrl Pts',(-4.52020656249687,-4.37750011444092,0.893599232244694));
#8493=CARTESIAN_POINT('Ctrl Pts',(-4.54086260839279,-4.37750011444092,0.90051150905696));
#8494=CARTESIAN_POINT('Ctrl Pts',(-4.55872245035336,-4.37750011444092,0.908099177677634));
#8495=CARTESIAN_POINT('Ctrl Pts',(-4.57385369201128,-4.37750011444092,0.916219147120082));
#8496=CARTESIAN_POINT('Ctrl Pts',(-4.58914265591122,-4.37750011444091,0.924423756000233));
#8497=CARTESIAN_POINT('Ctrl Pts',(-4.60153698640813,-4.37750011444092,0.933909080548271));
#8498=CARTESIAN_POINT('Ctrl Pts',(-4.61150985022812,-4.37750011444092,0.94405904235133));
#8499=CARTESIAN_POINT('Ctrl Pts',(-4.6214827140481,-4.37750011444092,0.954209004154389));
#8500=CARTESIAN_POINT('Ctrl Pts',(-4.62887638894913,-4.37750011444092,0.965808960500742));
#8501=CARTESIAN_POINT('Ctrl Pts',(-4.63369087493119,-4.37750011444092,0.97885891139039));
#8502=CARTESIAN_POINT('Ctrl Pts',(-4.6384760073323,-4.37750011444092,0.991829297651279));
#8503=CARTESIAN_POINT('Ctrl Pts',(-4.64039676612049,-4.37750011444092,1.00669880662164));
#8504=CARTESIAN_POINT('Ctrl Pts',(-4.64039676612049,-4.37750011444092,1.02322874441519));
#8505=CARTESIAN_POINT('Ctrl Pts',(-4.64039676612049,-4.37750011444092,1.04033868002606));
#8506=CARTESIAN_POINT('Ctrl Pts',(-4.63678590163394,-4.37750011444092,1.05570862218498));
#8507=CARTESIAN_POINT('Ctrl Pts',(-4.62956417266085,-4.37750011444092,1.06933857089195));
#8508=CARTESIAN_POINT('Ctrl Pts',(-4.62228408807476,-4.37750011444092,1.08307865721483));
#8509=CARTESIAN_POINT('Ctrl Pts',(-4.61150985022812,-4.37750011444092,1.09442347649093));
#8510=CARTESIAN_POINT('Ctrl Pts',(-4.59809806784952,-4.37750011444092,1.10370344156802));
#8511=CARTESIAN_POINT('Ctrl Pts',(-4.58431207637231,-4.37750011444092,1.11324233176545));
#8512=CARTESIAN_POINT('Ctrl Pts',(-4.56817947638956,-4.37750011444092,1.12052337827023));
#8513=CARTESIAN_POINT('Ctrl Pts',(-4.54960931617303,-4.37750011444092,1.12545335971743));
#8514=CARTESIAN_POINT('Ctrl Pts',(-4.53072601647949,-4.37750011444092,1.1304664730167));
#8515=CARTESIAN_POINT('Ctrl Pts',(-4.50988980682102,-4.37750011444092,1.13284833188823));
#8516=CARTESIAN_POINT('Ctrl Pts',(-4.48719294433416,-4.37750011444092,1.13284833188823));
#8517=CARTESIAN_POINT('Ctrl Pts',(-4.45968159586524,-4.37750011444092,1.13284833188823));
#8518=CARTESIAN_POINT('Ctrl Pts',(-4.43474943631527,-4.37750011444092,1.13052834061896));
#8519=CARTESIAN_POINT('Ctrl Pts',(-4.41239646568427,-4.37750011444092,1.12588835808042));
#8520=CARTESIAN_POINT('Ctrl Pts',(-4.39044619355927,-4.37750011444092,1.12133196684913));
#8521=CARTESIAN_POINT('Ctrl Pts',(-4.37061360519709,-4.37750011444092,1.11588339573169));
#8522=CARTESIAN_POINT('Ctrl Pts',(-4.35307512054815,-4.37750011444092,1.10892342192388));
#8523=CARTESIAN_POINT('Ctrl Pts',(-4.64710265730979,-4.13915,0.761794728259254));
#8524=CARTESIAN_POINT('Ctrl Pts',(-4.63919314462497,-4.13915,0.758604740264007));
#8525=CARTESIAN_POINT('Ctrl Pts',(-4.63025195637257,-4.13915,0.75541475226876));
#8526=CARTESIAN_POINT('Ctrl Pts',(-4.62027909255259,-4.13915,0.752224764273513));
#8527=CARTESIAN_POINT('Ctrl Pts',(-4.6103062287326,-4.13915,0.749034776278266));
#8528=CARTESIAN_POINT('Ctrl Pts',(-4.59962564124926,-4.13915,0.746348082606702));
#8529=CARTESIAN_POINT('Ctrl Pts',(-4.58829714995746,-4.13915,0.743959795376736));
#8530=CARTESIAN_POINT('Ctrl Pts',(-4.57729261056989,-4.13915,0.741639804107466));
#8531=CARTESIAN_POINT('Ctrl Pts',(-4.56570942382833,-4.13915,0.740086639379557));
#8532=CARTESIAN_POINT('Ctrl Pts',(-4.55373601844337,-4.13915,0.738304816657889));
#8533=CARTESIAN_POINT('Ctrl Pts',(-4.54204369534408,-4.13915,0.736564823205936));
#8534=CARTESIAN_POINT('Ctrl Pts',(-4.53035137224479,-4.13915,0.735694826479959));
#8535=CARTESIAN_POINT('Ctrl Pts',(-4.51865904914549,-4.13915,0.735694826479959));
#8536=CARTESIAN_POINT('Ctrl Pts',(-4.48151872871245,-4.13915,0.735694826479959));
#8537=CARTESIAN_POINT('Ctrl Pts',(-4.45400738024352,-4.13915,0.741639804107466));
#8538=CARTESIAN_POINT('Ctrl Pts',(-4.43612500373872,-4.13915,0.753529759362478));
#8539=CARTESIAN_POINT('Ctrl Pts',(-4.4182834546308,-4.13915,0.76539256856551));
#8540=CARTESIAN_POINT('Ctrl Pts',(-4.40981727676531,-4.13915,0.78281964913702));
#8541=CARTESIAN_POINT('Ctrl Pts',(-4.40981727676531,-4.13915,0.804859566195091));
#8542=CARTESIAN_POINT('Ctrl Pts',(-4.40981727676531,-4.13915,0.815589525815468));
#8543=CARTESIAN_POINT('Ctrl Pts',(-4.41136479011669,-4.13915,0.82486949089255));
#8544=CARTESIAN_POINT('Ctrl Pts',(-4.41445981681944,-4.13915,0.832699461426339));
#8545=CARTESIAN_POINT('Ctrl Pts',(-4.4175909328101,-4.13915,0.840620732646042));
#8546=CARTESIAN_POINT('Ctrl Pts',(-4.42391684285563,-4.13915,0.847779404676598));
#8547=CARTESIAN_POINT('Ctrl Pts',(-4.43251413925217,-4.13915,0.854449379575751));
#8548=CARTESIAN_POINT('Ctrl Pts',(-4.44111143564871,-4.13915,0.861119354474904));
#8549=CARTESIAN_POINT('Ctrl Pts',(-4.45245986689214,-4.13915,0.867499330465398));
#8550=CARTESIAN_POINT('Ctrl Pts',(-4.46655943298247,-4.13915,0.873589307547234));
#8551=CARTESIAN_POINT('Ctrl Pts',(-4.48065899907279,-4.13915,0.87967928462907));
#8552=CARTESIAN_POINT('Ctrl Pts',(-4.49854137557759,-4.13915,0.886349259528223));
#8553=CARTESIAN_POINT('Ctrl Pts',(-4.52020656249687,-4.13915,0.893599232244693));
#8554=CARTESIAN_POINT('Ctrl Pts',(-4.54086260839279,-4.13915,0.90051150905696));
#8555=CARTESIAN_POINT('Ctrl Pts',(-4.55872245035337,-4.13915,0.908099177677635));
#8556=CARTESIAN_POINT('Ctrl Pts',(-4.57385369201128,-4.13915,0.916219147120082));
#8557=CARTESIAN_POINT('Ctrl Pts',(-4.58914265591122,-4.13915,0.924423756000233));
#8558=CARTESIAN_POINT('Ctrl Pts',(-4.60153698640813,-4.13915,0.933909080548271));
#8559=CARTESIAN_POINT('Ctrl Pts',(-4.61150985022812,-4.13915,0.94405904235133));
#8560=CARTESIAN_POINT('Ctrl Pts',(-4.6214827140481,-4.13915,0.954209004154389));
#8561=CARTESIAN_POINT('Ctrl Pts',(-4.62887638894913,-4.13915,0.965808960500742));
#8562=CARTESIAN_POINT('Ctrl Pts',(-4.63369087493119,-4.13915,0.97885891139039));
#8563=CARTESIAN_POINT('Ctrl Pts',(-4.6384760073323,-4.13915,0.991829297651279));
#8564=CARTESIAN_POINT('Ctrl Pts',(-4.64039676612049,-4.13915,1.00669880662164));
#8565=CARTESIAN_POINT('Ctrl Pts',(-4.64039676612049,-4.13915,1.02322874441519));
#8566=CARTESIAN_POINT('Ctrl Pts',(-4.64039676612049,-4.13915,1.04033868002606));
#8567=CARTESIAN_POINT('Ctrl Pts',(-4.63678590163394,-4.13915,1.05570862218498));
#8568=CARTESIAN_POINT('Ctrl Pts',(-4.62956417266085,-4.13915,1.06933857089195));
#8569=CARTESIAN_POINT('Ctrl Pts',(-4.62228408807476,-4.13915,1.08307865721483));
#8570=CARTESIAN_POINT('Ctrl Pts',(-4.61150985022812,-4.13915,1.09442347649093));
#8571=CARTESIAN_POINT('Ctrl Pts',(-4.59809806784952,-4.13915,1.10370344156802));
#8572=CARTESIAN_POINT('Ctrl Pts',(-4.58431207637231,-4.13915,1.11324233176546));
#8573=CARTESIAN_POINT('Ctrl Pts',(-4.56817947638956,-4.13915,1.12052337827023));
#8574=CARTESIAN_POINT('Ctrl Pts',(-4.54960931617304,-4.13915,1.12545335971743));
#8575=CARTESIAN_POINT('Ctrl Pts',(-4.53072601647949,-4.13915,1.1304664730167));
#8576=CARTESIAN_POINT('Ctrl Pts',(-4.50988980682102,-4.13915,1.13284833188823));
#8577=CARTESIAN_POINT('Ctrl Pts',(-4.48719294433416,-4.13915,1.13284833188823));
#8578=CARTESIAN_POINT('Ctrl Pts',(-4.45968159586524,-4.13915,1.13284833188823));
#8579=CARTESIAN_POINT('Ctrl Pts',(-4.43474943631527,-4.13915,1.13052834061896));
#8580=CARTESIAN_POINT('Ctrl Pts',(-4.41239646568427,-4.13915,1.12588835808042));
#8581=CARTESIAN_POINT('Ctrl Pts',(-4.39044619355926,-4.13915,1.12133196684913));
#8582=CARTESIAN_POINT('Ctrl Pts',(-4.37061360519709,-4.13915,1.11588339573169));
#8583=CARTESIAN_POINT('Ctrl Pts',(-4.35307512054815,-4.13915,1.10892342192388));
#8584=CARTESIAN_POINT('Origin',(-4.64710265730979,-4.13915,0.709159926337676));
#8585=CARTESIAN_POINT('Origin',(-4.73943762060862,-4.13915,0.944929039077307));
#8586=CARTESIAN_POINT('',(-4.92668673612524,-4.37750011444092,0.944929039077307));
#8587=CARTESIAN_POINT('',(-4.73943762060862,-4.37750011444092,0.944929039077307));
#8588=CARTESIAN_POINT('',(-2.07721865771642,-4.37750011444092,0.944929039077307));
#8589=CARTESIAN_POINT('',(-4.92668673612524,-4.13915,0.944929039077307));
#8590=CARTESIAN_POINT('',(-4.92668673612524,-4.13915,0.944929039077307));
#8591=CARTESIAN_POINT('',(-4.73943762060862,-4.13915,0.944929039077307));
#8592=CARTESIAN_POINT('',(-4.92668673612524,-4.13915,0.944929039077307));
#8593=CARTESIAN_POINT('',(-4.73943762060862,-4.13915,0.944929039077307));
#8594=CARTESIAN_POINT('Origin',(-4.73943762060862,-4.13915,0.896209222422623));
#8595=CARTESIAN_POINT('',(-4.73943762060862,-4.37750011444092,0.896209222422623));
#8596=CARTESIAN_POINT('',(-4.73943762060862,-4.37750011444092,1.62310461121131));
#8597=CARTESIAN_POINT('',(-4.73943762060862,-4.13915,0.896209222422623));
#8598=CARTESIAN_POINT('',(-4.73943762060862,-4.13915,0.944929039077307));
#8599=CARTESIAN_POINT('',(-4.73943762060862,-4.13915,0.896209222422623));
#8600=CARTESIAN_POINT('Origin',(-4.92668673612524,-4.13915,0.896209222422623));
#8601=CARTESIAN_POINT('',(-4.92668673612524,-4.37750011444092,0.896209222422623));
#8602=CARTESIAN_POINT('',(-2.17084321547473,-4.37750011444092,0.896209222422623));
#8603=CARTESIAN_POINT('',(-4.92668673612524,-4.13915,0.896209222422623));
#8604=CARTESIAN_POINT('',(-4.73943762060862,-4.13915,0.896209222422623));
#8605=CARTESIAN_POINT('',(-4.92668673612524,-4.13915,0.896209222422623));
#8606=CARTESIAN_POINT('Origin',(-4.92668673612524,-4.13915,0.743524797013748));
#8607=CARTESIAN_POINT('',(-4.92668673612524,-4.37750011444092,0.743524797013748));
#8608=CARTESIAN_POINT('',(-4.92668673612524,-4.37750011444092,1.54676239850687));
#8609=CARTESIAN_POINT('',(-4.92668673612524,-4.13915,0.743524797013748));
#8610=CARTESIAN_POINT('',(-4.92668673612524,-4.13915,0.896209222422623));
#8611=CARTESIAN_POINT('',(-4.92668673612524,-4.13915,0.743524797013748));
#8612=CARTESIAN_POINT('Origin',(-4.72602583823002,-4.13915,0.743524797013748));
#8613=CARTESIAN_POINT('',(-4.72602583823002,-4.37750011444092,0.743524797013748));
#8614=CARTESIAN_POINT('',(-2.07051276652712,-4.37750011444092,0.743524797013748));
#8615=CARTESIAN_POINT('',(-4.72602583823002,-4.13915,0.743524797013748));
#8616=CARTESIAN_POINT('',(-4.92668673612524,-4.13915,0.743524797013748));
#8617=CARTESIAN_POINT('',(-4.72602583823002,-4.13915,0.743524797013748));
#8618=CARTESIAN_POINT('Origin',(-4.72602583823002,-4.13915,0.695239978722052));
#8619=CARTESIAN_POINT('',(-4.72602583823002,-4.37750011444092,0.695239978722053));
#8620=CARTESIAN_POINT('',(-4.72602583823002,-4.37750011444092,1.52261998936102));
#8621=CARTESIAN_POINT('',(-4.72602583823002,-4.13915,0.695239978722052));
#8622=CARTESIAN_POINT('',(-4.72602583823002,-4.13915,0.743524797013748));
#8623=CARTESIAN_POINT('',(-4.72602583823002,-4.13915,0.695239978722052));
#8624=CARTESIAN_POINT('Origin',(-4.99168229688308,-4.13915,0.695239978722052));
#8625=CARTESIAN_POINT('',(-4.99168229688308,-4.37750011444092,0.695239978722053));
#8626=CARTESIAN_POINT('',(-2.20334099585365,-4.37750011444092,0.695239978722052));
#8627=CARTESIAN_POINT('',(-4.99168229688308,-4.13915,0.695239978722052));
#8628=CARTESIAN_POINT('',(-4.72602583823002,-4.13915,0.695239978722052));
#8629=CARTESIAN_POINT('',(-4.99168229688308,-4.13915,0.695239978722052));
#8630=CARTESIAN_POINT('Origin',(-4.99168229688308,-4.13915,1.12675835480639));
#8631=CARTESIAN_POINT('',(-4.99168229688308,-4.37750011444092,1.12675835480639));
#8632=CARTESIAN_POINT('',(-4.99168229688308,-4.37750011444092,1.73837917740319));
#8633=CARTESIAN_POINT('',(-4.99168229688308,-4.13915,1.12675835480639));
#8634=CARTESIAN_POINT('',(-4.99168229688308,-4.13915,0.695239978722052));
#8635=CARTESIAN_POINT('',(-4.99168229688308,-4.13915,1.12675835480639));
#8636=CARTESIAN_POINT('Origin',(-4.72602583823002,-4.13915,1.12675835480639));
#8637=CARTESIAN_POINT('',(-4.72602583823002,-4.37750011444092,1.12675835480639));
#8638=CARTESIAN_POINT('',(-2.07051276652712,-4.37750011444092,1.12675835480639));
#8639=CARTESIAN_POINT('',(-4.72602583823002,-4.13915,1.12675835480639));
#8640=CARTESIAN_POINT('',(-4.99168229688308,-4.13915,1.12675835480639));
#8641=CARTESIAN_POINT('',(-4.72602583823002,-4.13915,1.12675835480639));
#8642=CARTESIAN_POINT('Origin',(-4.72602583823002,-4.13915,1.07803853815171));
#8643=CARTESIAN_POINT('',(-4.72602583823002,-4.37750011444092,1.07803853815171));
#8644=CARTESIAN_POINT('',(-4.72602583823002,-4.37750011444092,1.71401926907585));
#8645=CARTESIAN_POINT('',(-4.72602583823002,-4.13915,1.07803853815171));
#8646=CARTESIAN_POINT('',(-4.72602583823002,-4.13915,1.12675835480639));
#8647=CARTESIAN_POINT('',(-4.72602583823002,-4.13915,1.07803853815171));
#8648=CARTESIAN_POINT('Origin',(-4.92668673612524,-4.13915,1.07803853815171));
#8649=CARTESIAN_POINT('',(-4.92668673612524,-4.37750011444092,1.07803853815171));
#8650=CARTESIAN_POINT('',(-2.17084321547473,-4.37750011444092,1.07803853815171));
#8651=CARTESIAN_POINT('',(-4.92668673612524,-4.13915,1.07803853815171));
#8652=CARTESIAN_POINT('',(-4.72602583823002,-4.13915,1.07803853815171));
#8653=CARTESIAN_POINT('',(-4.92668673612524,-4.13915,1.07803853815171));
#8654=CARTESIAN_POINT('Origin',(-4.92668673612524,-4.13915,0.944929039077307));
#8655=CARTESIAN_POINT('',(-4.92668673612524,-4.37750011444092,1.64746451953865));
#8656=CARTESIAN_POINT('',(-4.92668673612524,-4.13915,1.07803853815171));
#8657=CARTESIAN_POINT('Origin',(-4.72602583823002,-4.13915,0.695239978722052));
#8658=CARTESIAN_POINT('Origin',(-5.11754671612841,-4.13915,0.944929039077307));
#8659=CARTESIAN_POINT('',(-5.30479583164504,-4.37750011444092,0.944929039077307));
#8660=CARTESIAN_POINT('',(-5.11754671612841,-4.37750011444092,0.944929039077307));
#8661=CARTESIAN_POINT('',(-2.26627320547632,-4.37750011444092,0.944929039077307));
#8662=CARTESIAN_POINT('',(-5.30479583164504,-4.13915,0.944929039077307));
#8663=CARTESIAN_POINT('',(-5.30479583164504,-4.13915,0.944929039077307));
#8664=CARTESIAN_POINT('',(-5.11754671612841,-4.13915,0.944929039077307));
#8665=CARTESIAN_POINT('',(-5.30479583164504,-4.13915,0.944929039077307));
#8666=CARTESIAN_POINT('',(-5.11754671612841,-4.13915,0.944929039077307));
#8667=CARTESIAN_POINT('Origin',(-5.11754671612841,-4.13915,0.896209222422623));
#8668=CARTESIAN_POINT('',(-5.11754671612841,-4.37750011444092,0.896209222422623));
#8669=CARTESIAN_POINT('',(-5.11754671612841,-4.37750011444092,1.62310461121131));
#8670=CARTESIAN_POINT('',(-5.11754671612841,-4.13915,0.896209222422623));
#8671=CARTESIAN_POINT('',(-5.11754671612841,-4.13915,0.944929039077307));
#8672=CARTESIAN_POINT('',(-5.11754671612841,-4.13915,0.896209222422623));
#8673=CARTESIAN_POINT('Origin',(-5.30479583164504,-4.13915,0.896209222422623));
#8674=CARTESIAN_POINT('',(-5.30479583164504,-4.37750011444092,0.896209222422623));
#8675=CARTESIAN_POINT('',(-2.35989776323463,-4.37750011444092,0.896209222422623));
#8676=CARTESIAN_POINT('',(-5.30479583164504,-4.13915,0.896209222422623));
#8677=CARTESIAN_POINT('',(-5.11754671612842,-4.13915,0.896209222422623));
#8678=CARTESIAN_POINT('',(-5.30479583164504,-4.13915,0.896209222422623));
#8679=CARTESIAN_POINT('Origin',(-5.30479583164504,-4.13915,0.743524797013748));
#8680=CARTESIAN_POINT('',(-5.30479583164504,-4.37750011444092,0.743524797013748));
#8681=CARTESIAN_POINT('',(-5.30479583164504,-4.37750011444092,1.54676239850687));
#8682=CARTESIAN_POINT('',(-5.30479583164504,-4.13915,0.743524797013748));
#8683=CARTESIAN_POINT('',(-5.30479583164504,-4.13915,0.896209222422623));
#8684=CARTESIAN_POINT('',(-5.30479583164504,-4.13915,0.743524797013748));
#8685=CARTESIAN_POINT('Origin',(-5.10413493374981,-4.13915,0.743524797013748));
#8686=CARTESIAN_POINT('',(-5.10413493374981,-4.37750011444092,0.743524797013748));
#8687=CARTESIAN_POINT('',(-2.25956731428702,-4.37750011444092,0.743524797013748));
#8688=CARTESIAN_POINT('',(-5.10413493374981,-4.13915,0.743524797013748));
#8689=CARTESIAN_POINT('',(-5.30479583164504,-4.13915,0.743524797013748));
#8690=CARTESIAN_POINT('',(-5.10413493374981,-4.13915,0.743524797013748));
#8691=CARTESIAN_POINT('Origin',(-5.10413493374981,-4.13915,0.695239978722052));
#8692=CARTESIAN_POINT('',(-5.10413493374981,-4.37750011444092,0.695239978722053));
#8693=CARTESIAN_POINT('',(-5.10413493374981,-4.37750011444092,1.52261998936102));
#8694=CARTESIAN_POINT('',(-5.10413493374981,-4.13915,0.695239978722052));
#8695=CARTESIAN_POINT('',(-5.10413493374981,-4.13915,0.743524797013748));
#8696=CARTESIAN_POINT('',(-5.10413493374981,-4.13915,0.695239978722052));
#8697=CARTESIAN_POINT('Origin',(-5.36979139240287,-4.13915,0.695239978722052));
#8698=CARTESIAN_POINT('',(-5.36979139240287,-4.37750011444092,0.695239978722053));
#8699=CARTESIAN_POINT('',(-2.39239554361355,-4.37750011444092,0.695239978722052));
#8700=CARTESIAN_POINT('',(-5.36979139240287,-4.13915,0.695239978722052));
#8701=CARTESIAN_POINT('',(-5.10413493374981,-4.13915,0.695239978722052));
#8702=CARTESIAN_POINT('',(-5.36979139240287,-4.13915,0.695239978722052));
#8703=CARTESIAN_POINT('Origin',(-5.36979139240287,-4.13915,1.12675835480639));
#8704=CARTESIAN_POINT('',(-5.36979139240287,-4.37750011444092,1.12675835480639));
#8705=CARTESIAN_POINT('',(-5.36979139240287,-4.37750011444092,1.73837917740319));
#8706=CARTESIAN_POINT('',(-5.36979139240287,-4.13915,1.12675835480639));
#8707=CARTESIAN_POINT('',(-5.36979139240287,-4.13915,0.695239978722052));
#8708=CARTESIAN_POINT('',(-5.36979139240287,-4.13915,1.12675835480639));
#8709=CARTESIAN_POINT('Origin',(-5.10413493374981,-4.13915,1.12675835480639));
#8710=CARTESIAN_POINT('',(-5.10413493374981,-4.37750011444092,1.12675835480639));
#8711=CARTESIAN_POINT('',(-2.25956731428702,-4.37750011444092,1.12675835480639));
#8712=CARTESIAN_POINT('',(-5.10413493374981,-4.13915,1.12675835480639));
#8713=CARTESIAN_POINT('',(-5.36979139240287,-4.13915,1.12675835480639));
#8714=CARTESIAN_POINT('',(-5.10413493374981,-4.13915,1.12675835480639));
#8715=CARTESIAN_POINT('Origin',(-5.10413493374981,-4.13915,1.07803853815171));
#8716=CARTESIAN_POINT('',(-5.10413493374981,-4.37750011444092,1.07803853815171));
#8717=CARTESIAN_POINT('',(-5.10413493374981,-4.37750011444092,1.71401926907585));
#8718=CARTESIAN_POINT('',(-5.10413493374981,-4.13915,1.07803853815171));
#8719=CARTESIAN_POINT('',(-5.10413493374981,-4.13915,1.12675835480639));
#8720=CARTESIAN_POINT('',(-5.10413493374981,-4.13915,1.07803853815171));
#8721=CARTESIAN_POINT('Origin',(-5.30479583164504,-4.13915,1.07803853815171));
#8722=CARTESIAN_POINT('',(-5.30479583164504,-4.37750011444092,1.07803853815171));
#8723=CARTESIAN_POINT('',(-2.35989776323463,-4.37750011444092,1.07803853815171));
#8724=CARTESIAN_POINT('',(-5.30479583164504,-4.13915,1.07803853815171));
#8725=CARTESIAN_POINT('',(-5.10413493374981,-4.13915,1.07803853815171));
#8726=CARTESIAN_POINT('',(-5.30479583164504,-4.13915,1.07803853815171));
#8727=CARTESIAN_POINT('Origin',(-5.30479583164504,-4.13915,0.944929039077307));
#8728=CARTESIAN_POINT('',(-5.30479583164504,-4.37750011444092,1.64746451953865));
#8729=CARTESIAN_POINT('',(-5.30479583164504,-4.13915,1.07803853815171));
#8730=CARTESIAN_POINT('Origin',(-5.10413493374981,-4.13915,0.695239978722052));
#8731=CARTESIAN_POINT('Origin',(-5.80722183305879,-4.13915,1.12675835480639));
#8732=CARTESIAN_POINT('',(-5.87221739381663,-4.37750011444092,1.12675835480639));
#8733=CARTESIAN_POINT('',(-5.80722183305879,-4.37750011444092,1.12675835480639));
#8734=CARTESIAN_POINT('',(-2.6111107639415,-4.37750011444092,1.12675835480639));
#8735=CARTESIAN_POINT('',(-5.87221739381663,-4.13915,1.12675835480639));
#8736=CARTESIAN_POINT('',(-5.87221739381663,-4.13915,1.12675835480639));
#8737=CARTESIAN_POINT('',(-5.80722183305879,-4.13915,1.12675835480639));
#8738=CARTESIAN_POINT('',(-5.87221739381662,-4.13915,1.12675835480639));
#8739=CARTESIAN_POINT('',(-5.80722183305879,-4.13915,1.12675835480639));
#8740=CARTESIAN_POINT('Origin',(-5.80722183305879,-4.13915,0.944929039077307));
#8741=CARTESIAN_POINT('',(-5.80722183305879,-4.37750011444092,0.944929039077307));
#8742=CARTESIAN_POINT('',(-5.80722183305879,-4.37750011444092,1.64746451953865));
#8743=CARTESIAN_POINT('',(-5.80722183305879,-4.13915,0.944929039077307));
#8744=CARTESIAN_POINT('',(-5.80722183305879,-4.13915,1.12675835480639));
#8745=CARTESIAN_POINT('',(-5.80722183305879,-4.13915,0.944929039077307));
#8746=CARTESIAN_POINT('Origin',(-5.57457899256844,-4.13915,0.944929039077307));
#8747=CARTESIAN_POINT('',(-5.57457899256844,-4.37750011444092,0.944929039077307));
#8748=CARTESIAN_POINT('',(-2.49478934369633,-4.37750011444092,0.944929039077307));
#8749=CARTESIAN_POINT('',(-5.57457899256844,-4.13915,0.944929039077307));
#8750=CARTESIAN_POINT('',(-5.80722183305879,-4.13915,0.944929039077307));
#8751=CARTESIAN_POINT('',(-5.57457899256844,-4.13915,0.944929039077307));
#8752=CARTESIAN_POINT('Origin',(-5.57457899256844,-4.13915,1.12675835480639));
#8753=CARTESIAN_POINT('',(-5.57457899256844,-4.37750011444092,1.12675835480639));
#8754=CARTESIAN_POINT('',(-5.57457899256844,-4.37750011444092,1.73837917740319));
#8755=CARTESIAN_POINT('',(-5.57457899256844,-4.13915,1.12675835480639));
#8756=CARTESIAN_POINT('',(-5.57457899256844,-4.13915,0.944929039077307));
#8757=CARTESIAN_POINT('',(-5.57457899256844,-4.13915,1.12675835480639));
#8758=CARTESIAN_POINT('Origin',(-5.50906759402681,-4.13915,1.12675835480639));
#8759=CARTESIAN_POINT('',(-5.50906759402681,-4.37750011444092,1.12675835480639));
#8760=CARTESIAN_POINT('',(-2.46203364442552,-4.37750011444092,1.12675835480639));
#8761=CARTESIAN_POINT('',(-5.50906759402681,-4.13915,1.12675835480639));
#8762=CARTESIAN_POINT('',(-5.57457899256844,-4.13915,1.12675835480639));
#8763=CARTESIAN_POINT('',(-5.50906759402681,-4.13915,1.12675835480639));
#8764=CARTESIAN_POINT('Origin',(-5.50906759402681,-4.13915,0.695239978722052));
#8765=CARTESIAN_POINT('',(-5.50906759402681,-4.37750011444092,0.695239978722053));
#8766=CARTESIAN_POINT('',(-5.50906759402681,-4.37750011444092,1.52261998936102));
#8767=CARTESIAN_POINT('',(-5.50906759402681,-4.13915,0.695239978722052));
#8768=CARTESIAN_POINT('',(-5.50906759402681,-4.13915,1.12675835480639));
#8769=CARTESIAN_POINT('',(-5.50906759402681,-4.13915,0.695239978722052));
#8770=CARTESIAN_POINT('Origin',(-5.57457899256844,-4.13915,0.695239978722052));
#8771=CARTESIAN_POINT('',(-5.57457899256844,-4.37750011444092,0.695239978722053));
#8772=CARTESIAN_POINT('',(-2.49478934369633,-4.37750011444092,0.695239978722052));
#8773=CARTESIAN_POINT('',(-5.57457899256844,-4.13915,0.695239978722052));
#8774=CARTESIAN_POINT('',(-5.50906759402681,-4.13915,0.695239978722052));
#8775=CARTESIAN_POINT('',(-5.57457899256844,-4.13915,0.695239978722052));
#8776=CARTESIAN_POINT('Origin',(-5.57457899256844,-4.13915,0.896209222422623));
#8777=CARTESIAN_POINT('',(-5.57457899256844,-4.37750011444092,0.896209222422623));
#8778=CARTESIAN_POINT('',(-5.57457899256844,-4.37750011444092,1.62310461121131));
#8779=CARTESIAN_POINT('',(-5.57457899256844,-4.13915,0.896209222422623));
#8780=CARTESIAN_POINT('',(-5.57457899256844,-4.13915,0.695239978722052));
#8781=CARTESIAN_POINT('',(-5.57457899256844,-4.13915,0.896209222422623));
#8782=CARTESIAN_POINT('Origin',(-5.80722183305879,-4.13915,0.896209222422623));
#8783=CARTESIAN_POINT('',(-5.80722183305879,-4.37750011444092,0.896209222422623));
#8784=CARTESIAN_POINT('',(-2.6111107639415,-4.37750011444092,0.896209222422623));
#8785=CARTESIAN_POINT('',(-5.80722183305879,-4.13915,0.896209222422623));
#8786=CARTESIAN_POINT('',(-5.57457899256844,-4.13915,0.896209222422623));
#8787=CARTESIAN_POINT('',(-5.80722183305879,-4.13915,0.896209222422623));
#8788=CARTESIAN_POINT('Origin',(-5.80722183305879,-4.13915,0.695239978722052));
#8789=CARTESIAN_POINT('',(-5.80722183305879,-4.37750011444092,0.695239978722053));
#8790=CARTESIAN_POINT('',(-5.80722183305879,-4.37750011444092,1.52261998936102));
#8791=CARTESIAN_POINT('',(-5.80722183305879,-4.13915,0.695239978722052));
#8792=CARTESIAN_POINT('',(-5.80722183305879,-4.13915,0.896209222422623));
#8793=CARTESIAN_POINT('',(-5.80722183305879,-4.13915,0.695239978722052));
#8794=CARTESIAN_POINT('Origin',(-5.87221739381662,-4.13915,0.695239978722052));
#8795=CARTESIAN_POINT('',(-5.87221739381662,-4.37750011444092,0.695239978722053));
#8796=CARTESIAN_POINT('',(-2.64360854432042,-4.37750011444092,0.695239978722052));
#8797=CARTESIAN_POINT('',(-5.87221739381662,-4.13915,0.695239978722052));
#8798=CARTESIAN_POINT('',(-5.80722183305879,-4.13915,0.695239978722052));
#8799=CARTESIAN_POINT('',(-5.87221739381662,-4.13915,0.695239978722052));
#8800=CARTESIAN_POINT('Origin',(-5.87221739381663,-4.13915,1.12675835480639));
#8801=CARTESIAN_POINT('',(-5.87221739381663,-4.37750011444092,1.73837917740319));
#8802=CARTESIAN_POINT('',(-5.87221739381663,-4.13915,0.695239978722052));
#8803=CARTESIAN_POINT('Origin',(-5.50906759402681,-4.13915,0.695239978722052));
#8804=CARTESIAN_POINT('Origin',(-5.98982840852128,-4.13915,1.06107360199517));
#8805=CARTESIAN_POINT('',(-5.96248900598029,-4.37750011444092,1.10718342847192));
#8806=CARTESIAN_POINT('',(-5.98982840852128,-4.37750011444092,1.06107360199517));
#8807=CARTESIAN_POINT('',(-4.85201476525779,-4.37750011444092,2.98007638836164));
#8808=CARTESIAN_POINT('',(-5.96248900598029,-4.13915,1.10718342847192));
#8809=CARTESIAN_POINT('',(-5.96248900598029,-4.13915,1.10718342847192));
#8810=CARTESIAN_POINT('',(-5.98982840852128,-4.13915,1.06107360199517));
#8811=CARTESIAN_POINT('',(-5.96248900598029,-4.13915,1.10718342847192));
#8812=CARTESIAN_POINT('',(-5.98982840852128,-4.13915,1.06107360199517));
#8813=CARTESIAN_POINT('Ctrl Pts',(-5.9820908417644,-4.13915,0.753964757725466));
#8814=CARTESIAN_POINT('Ctrl Pts',(-5.9820908417644,-4.21860003814697,0.753964757725466));
#8815=CARTESIAN_POINT('Ctrl Pts',(-5.9820908417644,-4.29805007629395,0.753964757725466));
#8816=CARTESIAN_POINT('Ctrl Pts',(-5.9820908417644,-4.37750011444092,0.753964757725466));
#8817=CARTESIAN_POINT('Ctrl Pts',(-6.00031711012506,-4.13915,0.749614774095583));
#8818=CARTESIAN_POINT('Ctrl Pts',(-6.00031711012506,-4.21860003814697,0.749614774095583));
#8819=CARTESIAN_POINT('Ctrl Pts',(-6.00031711012506,-4.29805007629395,0.749614774095583));
#8820=CARTESIAN_POINT('Ctrl Pts',(-6.00031711012506,-4.37750011444092,0.749614774095583));
#8821=CARTESIAN_POINT('Ctrl Pts',(-6.01888727034158,-4.13915,0.745699788828689));
#8822=CARTESIAN_POINT('Ctrl Pts',(-6.01888727034158,-4.21860003814697,0.745699788828689));
#8823=CARTESIAN_POINT('Ctrl Pts',(-6.01888727034158,-4.29805007629395,0.745699788828689));
#8824=CARTESIAN_POINT('Ctrl Pts',(-6.01888727034158,-4.37750011444092,0.745699788828689));
#8825=CARTESIAN_POINT('Ctrl Pts',(-6.056317266333,-4.13915,0.738813062739277));
#8826=CARTESIAN_POINT('Ctrl Pts',(-6.056317266333,-4.21860003814697,0.738813062739277));
#8827=CARTESIAN_POINT('Ctrl Pts',(-6.056317266333,-4.29805007629395,0.738813062739277));
#8828=CARTESIAN_POINT('Ctrl Pts',(-6.056317266333,-4.37750011444092,0.738813062739277));
#8829=CARTESIAN_POINT('Ctrl Pts',(-6.0759733184146,-4.13915,0.737434819931913));
#8830=CARTESIAN_POINT('Ctrl Pts',(-6.0759733184146,-4.21860003814697,0.737434819931913));
#8831=CARTESIAN_POINT('Ctrl Pts',(-6.0759733184146,-4.29805007629394,0.737434819931913));
#8832=CARTESIAN_POINT('Ctrl Pts',(-6.0759733184146,-4.37750011444092,0.737434819931913));
#8833=CARTESIAN_POINT('Ctrl Pts',(-6.12411817823522,-4.13915,0.737434819931912));
#8834=CARTESIAN_POINT('Ctrl Pts',(-6.12411817823522,-4.21860003814697,0.737434819931912));
#8835=CARTESIAN_POINT('Ctrl Pts',(-6.12411817823522,-4.29805007629395,0.737434819931913));
#8836=CARTESIAN_POINT('Ctrl Pts',(-6.12411817823522,-4.37750011444092,0.737434819931913));
#8837=CARTESIAN_POINT('Ctrl Pts',(-6.14831730529452,-4.13915,0.740962885658968));
#8838=CARTESIAN_POINT('Ctrl Pts',(-6.14831730529452,-4.21860003814697,0.740962885658968));
#8839=CARTESIAN_POINT('Ctrl Pts',(-6.14831730529452,-4.29805007629395,0.740962885658968));
#8840=CARTESIAN_POINT('Ctrl Pts',(-6.14831730529452,-4.37750011444092,0.740962885658968));
#8841=CARTESIAN_POINT('Ctrl Pts',(-6.18945763084892,-4.13915,0.756574747903395));
#8842=CARTESIAN_POINT('Ctrl Pts',(-6.18945763084892,-4.21860003814697,0.756574747903395));
#8843=CARTESIAN_POINT('Ctrl Pts',(-6.18945763084892,-4.29805007629395,0.756574747903396));
#8844=CARTESIAN_POINT('Ctrl Pts',(-6.18945763084892,-4.37750011444092,0.756574747903396));
#8845=CARTESIAN_POINT('Ctrl Pts',(-6.2068185858775,-4.13915,0.767628577759827));
#8846=CARTESIAN_POINT('Ctrl Pts',(-6.2068185858775,-4.21860003814697,0.767628577759827));
#8847=CARTESIAN_POINT('Ctrl Pts',(-6.2068185858775,-4.29805007629395,0.767628577759827));
#8848=CARTESIAN_POINT('Ctrl Pts',(-6.2068185858775,-4.37750011444092,0.767628577759827));
#8849=CARTESIAN_POINT('Ctrl Pts',(-6.23416357211092,-4.13915,0.797029595661302));
#8850=CARTESIAN_POINT('Ctrl Pts',(-6.23416357211092,-4.21860003814697,0.797029595661302));
#8851=CARTESIAN_POINT('Ctrl Pts',(-6.23416357211092,-4.29805007629395,0.797029595661302));
#8852=CARTESIAN_POINT('Ctrl Pts',(-6.23416357211092,-4.37750011444092,0.797029595661302));
#8853=CARTESIAN_POINT('Ctrl Pts',(-6.24439367170545,-4.13914999999999,0.815319145392799));
#8854=CARTESIAN_POINT('Ctrl Pts',(-6.24439367170545,-4.21860003814697,0.815319145392799));
#8855=CARTESIAN_POINT('Ctrl Pts',(-6.24439367170545,-4.29805007629395,0.815319145392799));
#8856=CARTESIAN_POINT('Ctrl Pts',(-6.24439367170545,-4.37750011444092,0.815319145392799));
#8857=CARTESIAN_POINT('Ctrl Pts',(-6.25823600202123,-4.13915,0.858509364296975));
#8858=CARTESIAN_POINT('Ctrl Pts',(-6.25823600202123,-4.21860003814697,0.858509364296975));
#8859=CARTESIAN_POINT('Ctrl Pts',(-6.25823600202123,-4.29805007629395,0.858509364296975));
#8860=CARTESIAN_POINT('Ctrl Pts',(-6.25823600202123,-4.37750011444092,0.858509364296975));
#8861=CARTESIAN_POINT('Ctrl Pts',(-6.26167492057985,-4.13915,0.883159271532976));
#8862=CARTESIAN_POINT('Ctrl Pts',(-6.26167492057985,-4.21860003814697,0.883159271532976));
#8863=CARTESIAN_POINT('Ctrl Pts',(-6.26167492057985,-4.29805007629395,0.883159271532976));
#8864=CARTESIAN_POINT('Ctrl Pts',(-6.26167492057985,-4.37750011444092,0.883159271532976));
#8865=CARTESIAN_POINT('Ctrl Pts',(-6.26167492057985,-4.13915,0.937679066360836));
#8866=CARTESIAN_POINT('Ctrl Pts',(-6.26167492057985,-4.21860003814697,0.937679066360836));
#8867=CARTESIAN_POINT('Ctrl Pts',(-6.26167492057985,-4.29805007629395,0.937679066360836));
#8868=CARTESIAN_POINT('Ctrl Pts',(-6.26167492057985,-4.37750011444092,0.937679066360836));
#8869=CARTESIAN_POINT('Ctrl Pts',(-6.25772016423744,-4.13915,0.961748975779519));
#8870=CARTESIAN_POINT('Ctrl Pts',(-6.25772016423744,-4.21860003814697,0.961748975779519));
#8871=CARTESIAN_POINT('Ctrl Pts',(-6.25772016423744,-4.29805007629395,0.961748975779519));
#8872=CARTESIAN_POINT('Ctrl Pts',(-6.25772016423744,-4.37750011444092,0.961748975779519));
#8873=CARTESIAN_POINT('Ctrl Pts',(-6.24190113886781,-4.13915,1.00466881426103));
#8874=CARTESIAN_POINT('Ctrl Pts',(-6.24190113886781,-4.21860003814697,1.00466881426103));
#8875=CARTESIAN_POINT('Ctrl Pts',(-6.24190113886781,-4.29805007629395,1.00466881426103));
#8876=CARTESIAN_POINT('Ctrl Pts',(-6.24190113886781,-4.37750011444092,1.00466881426103));
#8877=CARTESIAN_POINT('Ctrl Pts',(-6.2312735427705,-4.13915,1.02319490010471));
#8878=CARTESIAN_POINT('Ctrl Pts',(-6.2312735427705,-4.21860003814697,1.02319490010471));
#8879=CARTESIAN_POINT('Ctrl Pts',(-6.2312735427705,-4.29805007629395,1.02319490010471));
#8880=CARTESIAN_POINT('Ctrl Pts',(-6.2312735427705,-4.37750011444092,1.02319490010471));
#8881=CARTESIAN_POINT('Ctrl Pts',(-6.20235357544373,-4.13915,1.05280863309839));
#8882=CARTESIAN_POINT('Ctrl Pts',(-6.20235357544373,-4.21860003814697,1.05280863309839));
#8883=CARTESIAN_POINT('Ctrl Pts',(-6.20235357544373,-4.29805007629394,1.05280863309839));
#8884=CARTESIAN_POINT('Ctrl Pts',(-6.20235357544373,-4.37750011444092,1.05280863309839));
#8885=CARTESIAN_POINT('Ctrl Pts',(-6.18511913981362,-4.13915,1.06450260897265));
#8886=CARTESIAN_POINT('Ctrl Pts',(-6.18511913981362,-4.21860003814697,1.06450260897265));
#8887=CARTESIAN_POINT('Ctrl Pts',(-6.18511913981362,-4.29805007629394,1.06450260897265));
#8888=CARTESIAN_POINT('Ctrl Pts',(-6.18511913981362,-4.37750011444092,1.06450260897265));
#8889=CARTESIAN_POINT('Ctrl Pts',(-6.14440779773106,-4.13915,1.08021352996665));
#8890=CARTESIAN_POINT('Ctrl Pts',(-6.14440779773106,-4.21860003814697,1.08021352996665));
#8891=CARTESIAN_POINT('Ctrl Pts',(-6.14440779773106,-4.29805007629395,1.08021352996665));
#8892=CARTESIAN_POINT('Ctrl Pts',(-6.14440779773106,-4.37750011444092,1.08021352996665));
#8893=CARTESIAN_POINT('Ctrl Pts',(-6.12171093524419,-4.13915,1.08412851523355));
#8894=CARTESIAN_POINT('Ctrl Pts',(-6.12171093524419,-4.21860003814697,1.08412851523355));
#8895=CARTESIAN_POINT('Ctrl Pts',(-6.12171093524419,-4.29805007629394,1.08412851523355));
#8896=CARTESIAN_POINT('Ctrl Pts',(-6.12171093524419,-4.37750011444092,1.08412851523355));
#8897=CARTESIAN_POINT('Ctrl Pts',(-6.07494164284702,-4.13914999999999,1.08412851523355));
#8898=CARTESIAN_POINT('Ctrl Pts',(-6.07494164284702,-4.21860003814697,1.08412851523355));
#8899=CARTESIAN_POINT('Ctrl Pts',(-6.07494164284702,-4.29805007629394,1.08412851523355));
#8900=CARTESIAN_POINT('Ctrl Pts',(-6.07494164284702,-4.37750011444092,1.08412851523355));
#8901=CARTESIAN_POINT('Ctrl Pts',(-6.05521290982,-4.13915,1.08230207859708));
#8902=CARTESIAN_POINT('Ctrl Pts',(-6.05521290982,-4.21860003814697,1.08230207859708));
#8903=CARTESIAN_POINT('Ctrl Pts',(-6.05521290982,-4.29805007629395,1.08230207859708));
#8904=CARTESIAN_POINT('Ctrl Pts',(-6.05521290982,-4.37750011444092,1.08230207859708));
#8905=CARTESIAN_POINT('Ctrl Pts',(-6.02060672962089,-4.13914999999999,1.07296355725018));
#8906=CARTESIAN_POINT('Ctrl Pts',(-6.02060672962089,-4.21860003814697,1.07296355725018));
#8907=CARTESIAN_POINT('Ctrl Pts',(-6.02060672962089,-4.29805007629394,1.07296355725018));
#8908=CARTESIAN_POINT('Ctrl Pts',(-6.02060672962089,-4.37750011444092,1.07296355725018));
#8909=CARTESIAN_POINT('Ctrl Pts',(-6.00461575832333,-4.13915,1.06745357798566));
#8910=CARTESIAN_POINT('Ctrl Pts',(-6.00461575832333,-4.21860003814697,1.06745357798566));
#8911=CARTESIAN_POINT('Ctrl Pts',(-6.00461575832333,-4.29805007629394,1.06745357798566));
#8912=CARTESIAN_POINT('Ctrl Pts',(-6.00461575832333,-4.37750011444092,1.06745357798566));
#8913=CARTESIAN_POINT('Ctrl Pts',(-5.98982840852128,-4.13915,1.06107360199517));
#8914=CARTESIAN_POINT('Ctrl Pts',(-5.98982840852128,-4.21860003814697,1.06107360199517));
#8915=CARTESIAN_POINT('Ctrl Pts',(-5.98982840852128,-4.29805007629395,1.06107360199517));
#8916=CARTESIAN_POINT('Ctrl Pts',(-5.98982840852128,-4.37750011444092,1.06107360199517));
#8917=CARTESIAN_POINT('',(-5.9820908417644,-4.37750011444092,0.753964757725466));
#8918=CARTESIAN_POINT('Ctrl Pts',(-5.98982840852128,-4.37750011444092,1.06107360199517));
#8919=CARTESIAN_POINT('Ctrl Pts',(-6.00461575832333,-4.37750011444092,1.06745357798566));
#8920=CARTESIAN_POINT('Ctrl Pts',(-6.02060672962089,-4.37750011444092,1.07296355725018));
#8921=CARTESIAN_POINT('Ctrl Pts',(-6.03780132241397,-4.37750011444092,1.07760353978872));
#8922=CARTESIAN_POINT('Ctrl Pts',(-6.05521290982,-4.37750011444092,1.08230207859708));
#8923=CARTESIAN_POINT('Ctrl Pts',(-6.07494164284702,-4.37750011444092,1.08412851523355));
#8924=CARTESIAN_POINT('Ctrl Pts',(-6.0966068297663,-4.37750011444092,1.08412851523355));
#8925=CARTESIAN_POINT('Ctrl Pts',(-6.12171093524419,-4.37750011444092,1.08412851523355));
#8926=CARTESIAN_POINT('Ctrl Pts',(-6.14440779773106,-4.37750011444092,1.08021352996665));
#8927=CARTESIAN_POINT('Ctrl Pts',(-6.16469741722689,-4.37750011444092,1.07238355943286));
#8928=CARTESIAN_POINT('Ctrl Pts',(-6.18511913981362,-4.37750011444092,1.06450260897265));
#8929=CARTESIAN_POINT('Ctrl Pts',(-6.20235357544373,-4.37750011444092,1.05280863309839));
#8930=CARTESIAN_POINT('Ctrl Pts',(-6.21679703338991,-4.37750011444092,1.03801868875679));
#8931=CARTESIAN_POINT('Ctrl Pts',(-6.2312735427705,-4.37750011444092,1.02319490010471));
#8932=CARTESIAN_POINT('Ctrl Pts',(-6.24190113886781,-4.37750011444092,1.00466881426103));
#8933=CARTESIAN_POINT('Ctrl Pts',(-6.24981065155263,-4.37750011444092,0.983208895020272));
#8934=CARTESIAN_POINT('Ctrl Pts',(-6.25772016423744,-4.37750011444092,0.961748975779519));
#8935=CARTESIAN_POINT('Ctrl Pts',(-6.26167492057985,-4.37750011444092,0.937679066360836));
#8936=CARTESIAN_POINT('Ctrl Pts',(-6.26167492057985,-4.37750011444092,0.910999166764224));
#8937=CARTESIAN_POINT('Ctrl Pts',(-6.26167492057985,-4.37750011444092,0.883159271532976));
#8938=CARTESIAN_POINT('Ctrl Pts',(-6.25823600202123,-4.37750011444092,0.858509364296975));
#8939=CARTESIAN_POINT('Ctrl Pts',(-6.251358164904,-4.37750011444092,0.837049445056221));
#8940=CARTESIAN_POINT('Ctrl Pts',(-6.24439367170545,-4.37750011444092,0.815319145392799));
#8941=CARTESIAN_POINT('Ctrl Pts',(-6.23416357211092,-4.37750011444092,0.797029595661302));
#8942=CARTESIAN_POINT('Ctrl Pts',(-6.22040789787646,-4.37750011444092,0.782239651319702));
#8943=CARTESIAN_POINT('Ctrl Pts',(-6.2068185858775,-4.37750011444092,0.767628577759827));
#8944=CARTESIAN_POINT('Ctrl Pts',(-6.18945763084892,-4.37750011444092,0.756574747903396));
#8945=CARTESIAN_POINT('Ctrl Pts',(-6.16882411949723,-4.37750011444092,0.748744777369607));
#8946=CARTESIAN_POINT('Ctrl Pts',(-6.14831730529452,-4.37750011444092,0.740962885658968));
#8947=CARTESIAN_POINT('Ctrl Pts',(-6.12411817823522,-4.37750011444092,0.737434819931913));
#8948=CARTESIAN_POINT('Ctrl Pts',(-6.0966068297663,-4.37750011444092,0.737434819931913));
#8949=CARTESIAN_POINT('Ctrl Pts',(-6.0759733184146,-4.37750011444092,0.737434819931913));
#8950=CARTESIAN_POINT('Ctrl Pts',(-6.056317266333,-4.37750011444092,0.738813062739277));
#8951=CARTESIAN_POINT('Ctrl Pts',(-6.03780132241397,-4.37750011444092,0.742219801924783));
#8952=CARTESIAN_POINT('Ctrl Pts',(-6.01888727034158,-4.37750011444092,0.745699788828689));
#8953=CARTESIAN_POINT('Ctrl Pts',(-6.00031711012506,-4.37750011444092,0.749614774095583));
#8954=CARTESIAN_POINT('Ctrl Pts',(-5.9820908417644,-4.37750011444092,0.753964757725466));
#8955=CARTESIAN_POINT('',(-5.9820908417644,-4.13915,0.753964757725466));
#8956=CARTESIAN_POINT('Ctrl Pts',(-5.98982840852128,-4.13915,1.06107360199517));
#8957=CARTESIAN_POINT('Ctrl Pts',(-6.00461575832333,-4.13915,1.06745357798566));
#8958=CARTESIAN_POINT('Ctrl Pts',(-6.02060672962089,-4.13915,1.07296355725018));
#8959=CARTESIAN_POINT('Ctrl Pts',(-6.03780132241397,-4.13915,1.07760353978872));
#8960=CARTESIAN_POINT('Ctrl Pts',(-6.05521290982,-4.13915,1.08230207859708));
#8961=CARTESIAN_POINT('Ctrl Pts',(-6.07494164284702,-4.13915,1.08412851523355));
#8962=CARTESIAN_POINT('Ctrl Pts',(-6.0966068297663,-4.13915,1.08412851523355));
#8963=CARTESIAN_POINT('Ctrl Pts',(-6.12171093524419,-4.13915,1.08412851523355));
#8964=CARTESIAN_POINT('Ctrl Pts',(-6.14440779773106,-4.13915,1.08021352996665));
#8965=CARTESIAN_POINT('Ctrl Pts',(-6.16469741722689,-4.13915,1.07238355943286));
#8966=CARTESIAN_POINT('Ctrl Pts',(-6.18511913981362,-4.13915,1.06450260897265));
#8967=CARTESIAN_POINT('Ctrl Pts',(-6.20235357544373,-4.13915,1.05280863309839));
#8968=CARTESIAN_POINT('Ctrl Pts',(-6.21679703338992,-4.13915,1.03801868875679));
#8969=CARTESIAN_POINT('Ctrl Pts',(-6.2312735427705,-4.13915,1.02319490010471));
#8970=CARTESIAN_POINT('Ctrl Pts',(-6.24190113886781,-4.13915,1.00466881426103));
#8971=CARTESIAN_POINT('Ctrl Pts',(-6.24981065155263,-4.13915,0.983208895020272));
#8972=CARTESIAN_POINT('Ctrl Pts',(-6.25772016423744,-4.13915,0.961748975779519));
#8973=CARTESIAN_POINT('Ctrl Pts',(-6.26167492057985,-4.13915,0.937679066360836));
#8974=CARTESIAN_POINT('Ctrl Pts',(-6.26167492057985,-4.13915,0.910999166764223));
#8975=CARTESIAN_POINT('Ctrl Pts',(-6.26167492057985,-4.13915,0.883159271532975));
#8976=CARTESIAN_POINT('Ctrl Pts',(-6.25823600202123,-4.13915,0.858509364296975));
#8977=CARTESIAN_POINT('Ctrl Pts',(-6.251358164904,-4.13915,0.837049445056221));
#8978=CARTESIAN_POINT('Ctrl Pts',(-6.24439367170545,-4.13915,0.815319145392799));
#8979=CARTESIAN_POINT('Ctrl Pts',(-6.23416357211092,-4.13915,0.797029595661302));
#8980=CARTESIAN_POINT('Ctrl Pts',(-6.22040789787646,-4.13915,0.782239651319702));
#8981=CARTESIAN_POINT('Ctrl Pts',(-6.20681858587749,-4.13915,0.767628577759827));
#8982=CARTESIAN_POINT('Ctrl Pts',(-6.18945763084892,-4.13915,0.756574747903395));
#8983=CARTESIAN_POINT('Ctrl Pts',(-6.16882411949723,-4.13915,0.748744777369607));
#8984=CARTESIAN_POINT('Ctrl Pts',(-6.14831730529451,-4.13915,0.740962885658968));
#8985=CARTESIAN_POINT('Ctrl Pts',(-6.12411817823522,-4.13915,0.737434819931912));
#8986=CARTESIAN_POINT('Ctrl Pts',(-6.0966068297663,-4.13915,0.737434819931912));
#8987=CARTESIAN_POINT('Ctrl Pts',(-6.0759733184146,-4.13915,0.737434819931912));
#8988=CARTESIAN_POINT('Ctrl Pts',(-6.056317266333,-4.13915,0.738813062739277));
#8989=CARTESIAN_POINT('Ctrl Pts',(-6.03780132241397,-4.13915,0.742219801924783));
#8990=CARTESIAN_POINT('Ctrl Pts',(-6.01888727034158,-4.13915,0.745699788828689));
#8991=CARTESIAN_POINT('Ctrl Pts',(-6.00031711012506,-4.13915,0.749614774095583));
#8992=CARTESIAN_POINT('Ctrl Pts',(-5.9820908417644,-4.13915,0.753964757725466));
#8993=CARTESIAN_POINT('',(-5.9820908417644,-4.13915,0.753964757725466));
#8994=CARTESIAN_POINT('Origin',(-5.9820908417644,-4.13915,0.706549936159747));
#8995=CARTESIAN_POINT('',(-5.9820908417644,-4.37750011444092,0.706549936159747));
#8996=CARTESIAN_POINT('',(-5.9820908417644,-4.37750011444092,1.52827496807987));
#8997=CARTESIAN_POINT('',(-5.9820908417644,-4.13915,0.706549936159747));
#8998=CARTESIAN_POINT('',(-5.9820908417644,-4.13915,0.753964757725466));
#8999=CARTESIAN_POINT('',(-5.9820908417644,-4.13915,0.706549936159747));
#9000=CARTESIAN_POINT('Ctrl Pts',(-5.96248900598029,-4.13915,1.10718342847192));
#9001=CARTESIAN_POINT('Ctrl Pts',(-5.96248900598029,-4.21860003814697,1.10718342847192));
#9002=CARTESIAN_POINT('Ctrl Pts',(-5.96248900598029,-4.29805007629395,1.10718342847192));
#9003=CARTESIAN_POINT('Ctrl Pts',(-5.96248900598029,-4.37750011444092,1.10718342847192));
#9004=CARTESIAN_POINT('Ctrl Pts',(-5.98105916619681,-4.13915,1.11559339682303));
#9005=CARTESIAN_POINT('Ctrl Pts',(-5.98105916619681,-4.21860003814697,1.11559339682303));
#9006=CARTESIAN_POINT('Ctrl Pts',(-5.98105916619681,-4.29805007629395,1.11559339682303));
#9007=CARTESIAN_POINT('Ctrl Pts',(-5.98105916619681,-4.37750011444092,1.11559339682303));
#9008=CARTESIAN_POINT('Ctrl Pts',(-6.00188139409352,-4.13915,1.12191067815542));
#9009=CARTESIAN_POINT('Ctrl Pts',(-6.00188139409352,-4.21860003814697,1.12191067815542));
#9010=CARTESIAN_POINT('Ctrl Pts',(-6.00188139409352,-4.29805007629395,1.12191067815542));
#9011=CARTESIAN_POINT('Ctrl Pts',(-6.00188139409352,-4.37750011444092,1.12191067815542));
#9012=CARTESIAN_POINT('Ctrl Pts',(-6.04760224030602,-4.13914999999999,1.13067334007329));
#9013=CARTESIAN_POINT('Ctrl Pts',(-6.04760224030602,-4.21860003814697,1.13067334007329));
#9014=CARTESIAN_POINT('Ctrl Pts',(-6.04760224030602,-4.29805007629395,1.13067334007329));
#9015=CARTESIAN_POINT('Ctrl Pts',(-6.04760224030602,-4.37750011444092,1.13067334007329));
#9016=CARTESIAN_POINT('Ctrl Pts',(-6.07150272428841,-4.13915,1.13284833188823));
#9017=CARTESIAN_POINT('Ctrl Pts',(-6.07150272428841,-4.21860003814697,1.13284833188823));
#9018=CARTESIAN_POINT('Ctrl Pts',(-6.07150272428841,-4.29805007629395,1.13284833188823));
#9019=CARTESIAN_POINT('Ctrl Pts',(-6.07150272428841,-4.37750011444092,1.13284833188823));
#9020=CARTESIAN_POINT('Ctrl Pts',(-6.13443493391106,-4.13915,1.13284833188823));
#9021=CARTESIAN_POINT('Ctrl Pts',(-6.13443493391106,-4.21860003814697,1.13284833188823));
#9022=CARTESIAN_POINT('Ctrl Pts',(-6.13443493391106,-4.29805007629394,1.13284833188823));
#9023=CARTESIAN_POINT('Ctrl Pts',(-6.13443493391106,-4.37750011444092,1.13284833188823));
#9024=CARTESIAN_POINT('Ctrl Pts',(-6.16783711802519,-4.13914999999999,1.12709507228794));
#9025=CARTESIAN_POINT('Ctrl Pts',(-6.16783711802519,-4.21860003814697,1.12709507228794));
#9026=CARTESIAN_POINT('Ctrl Pts',(-6.16783711802519,-4.29805007629394,1.12709507228794));
#9027=CARTESIAN_POINT('Ctrl Pts',(-6.16783711802519,-4.37750011444092,1.12709507228794));
#9028=CARTESIAN_POINT('Ctrl Pts',(-6.22642600535404,-4.13915,1.1055884344743));
#9029=CARTESIAN_POINT('Ctrl Pts',(-6.22642600535404,-4.21860003814697,1.1055884344743));
#9030=CARTESIAN_POINT('Ctrl Pts',(-6.22642600535404,-4.29805007629395,1.1055884344743));
#9031=CARTESIAN_POINT('Ctrl Pts',(-6.22642600535404,-4.37750011444092,1.1055884344743));
#9032=CARTESIAN_POINT('Ctrl Pts',(-6.25101111221404,-4.13914999999999,1.09062868820387));
#9033=CARTESIAN_POINT('Ctrl Pts',(-6.25101111221404,-4.21860003814697,1.09062868820387));
#9034=CARTESIAN_POINT('Ctrl Pts',(-6.25101111221404,-4.29805007629394,1.09062868820387));
#9035=CARTESIAN_POINT('Ctrl Pts',(-6.25101111221404,-4.37750011444092,1.09062868820387));
#9036=CARTESIAN_POINT('Ctrl Pts',(-6.29004599868843,-4.13915,1.0513586385551));
#9037=CARTESIAN_POINT('Ctrl Pts',(-6.29004599868843,-4.21860003814697,1.0513586385551));
#9038=CARTESIAN_POINT('Ctrl Pts',(-6.29004599868843,-4.29805007629394,1.0513586385551));
#9039=CARTESIAN_POINT('Ctrl Pts',(-6.29004599868843,-4.37750011444092,1.0513586385551));
#9040=CARTESIAN_POINT('Ctrl Pts',(-6.30541536256601,-4.13915,1.02812283856678));
#9041=CARTESIAN_POINT('Ctrl Pts',(-6.30541536256601,-4.21860003814697,1.02812283856678));
#9042=CARTESIAN_POINT('Ctrl Pts',(-6.30541536256601,-4.29805007629394,1.02812283856678));
#9043=CARTESIAN_POINT('Ctrl Pts',(-6.30541536256601,-4.37750011444092,1.02812283856678));
#9044=CARTESIAN_POINT('Ctrl Pts',(-6.32529491391424,-4.13914999999999,0.97378393048886));
#9045=CARTESIAN_POINT('Ctrl Pts',(-6.32529491391424,-4.21860003814697,0.97378393048886));
#9046=CARTESIAN_POINT('Ctrl Pts',(-6.32529491391424,-4.29805007629395,0.97378393048886));
#9047=CARTESIAN_POINT('Ctrl Pts',(-6.32529491391424,-4.37750011444092,0.97378393048886));
#9048=CARTESIAN_POINT('Ctrl Pts',(-6.33028134582424,-4.13915,0.943914042897));
#9049=CARTESIAN_POINT('Ctrl Pts',(-6.33028134582424,-4.21860003814697,0.943914042897));
#9050=CARTESIAN_POINT('Ctrl Pts',(-6.33028134582424,-4.29805007629395,0.943914042897001));
#9051=CARTESIAN_POINT('Ctrl Pts',(-6.33028134582424,-4.37750011444092,0.943914042897001));
#9052=CARTESIAN_POINT('Ctrl Pts',(-6.33028134582423,-4.13914999999999,0.878084290631446));
#9053=CARTESIAN_POINT('Ctrl Pts',(-6.33028134582423,-4.21860003814697,0.878084290631446));
#9054=CARTESIAN_POINT('Ctrl Pts',(-6.33028134582423,-4.29805007629395,0.878084290631445));
#9055=CARTESIAN_POINT('Ctrl Pts',(-6.33028134582423,-4.37750011444092,0.878084290631445));
#9056=CARTESIAN_POINT('Ctrl Pts',(-6.32621529559012,-4.13915,0.847726481023827));
#9057=CARTESIAN_POINT('Ctrl Pts',(-6.32621529559012,-4.21860003814697,0.847726481023827));
#9058=CARTESIAN_POINT('Ctrl Pts',(-6.32621529559012,-4.29805007629395,0.847726481023828));
#9059=CARTESIAN_POINT('Ctrl Pts',(-6.32621529559012,-4.37750011444092,0.847726481023828));
#9060=CARTESIAN_POINT('Ctrl Pts',(-6.30844421297702,-4.13914999999999,0.792969610940079));
#9061=CARTESIAN_POINT('Ctrl Pts',(-6.30844421297702,-4.21860003814697,0.792969610940079));
#9062=CARTESIAN_POINT('Ctrl Pts',(-6.30844421297702,-4.29805007629395,0.792969610940078));
#9063=CARTESIAN_POINT('Ctrl Pts',(-6.30844421297702,-4.37750011444092,0.792969610940078));
#9064=CARTESIAN_POINT('Ctrl Pts',(-6.29506972173986,-4.13915,0.769338810265858));
#9065=CARTESIAN_POINT('Ctrl Pts',(-6.29506972173986,-4.21860003814697,0.769338810265858));
#9066=CARTESIAN_POINT('Ctrl Pts',(-6.29506972173986,-4.29805007629394,0.769338810265859));
#9067=CARTESIAN_POINT('Ctrl Pts',(-6.29506972173986,-4.37750011444092,0.769338810265859));
#9068=CARTESIAN_POINT('Ctrl Pts',(-6.2580640560933,-4.13914999999999,0.73061984557843));
#9069=CARTESIAN_POINT('Ctrl Pts',(-6.2580640560933,-4.21860003814697,0.73061984557843));
#9070=CARTESIAN_POINT('Ctrl Pts',(-6.2580640560933,-4.29805007629395,0.73061984557843));
#9071=CARTESIAN_POINT('Ctrl Pts',(-6.2580640560933,-4.37750011444092,0.73061984557843));
#9072=CARTESIAN_POINT('Ctrl Pts',(-6.23498045924405,-4.13915,0.715298290532005));
#9073=CARTESIAN_POINT('Ctrl Pts',(-6.23498045924405,-4.21860003814697,0.715298290532005));
#9074=CARTESIAN_POINT('Ctrl Pts',(-6.23498045924405,-4.29805007629395,0.715298290532005));
#9075=CARTESIAN_POINT('Ctrl Pts',(-6.23498045924405,-4.37750011444092,0.715298290532005));
#9076=CARTESIAN_POINT('Ctrl Pts',(-6.17914087517307,-4.13914999999999,0.694369981996076));
#9077=CARTESIAN_POINT('Ctrl Pts',(-6.17914087517307,-4.21860003814697,0.694369981996076));
#9078=CARTESIAN_POINT('Ctrl Pts',(-6.17914087517307,-4.29805007629395,0.694369981996076));
#9079=CARTESIAN_POINT('Ctrl Pts',(-6.17914087517307,-4.37750011444092,0.694369981996076));
#9080=CARTESIAN_POINT('Ctrl Pts',(-6.14595531108243,-4.13915,0.689150001640217));
#9081=CARTESIAN_POINT('Ctrl Pts',(-6.14595531108243,-4.21860003814697,0.689150001640217));
#9082=CARTESIAN_POINT('Ctrl Pts',(-6.14595531108243,-4.29805007629394,0.689150001640217));
#9083=CARTESIAN_POINT('Ctrl Pts',(-6.14595531108243,-4.37750011444092,0.689150001640217));
#9084=CARTESIAN_POINT('Ctrl Pts',(-6.09368374899147,-4.13915,0.689150001640217));
#9085=CARTESIAN_POINT('Ctrl Pts',(-6.09368374899147,-4.21860003814697,0.689150001640217));
#9086=CARTESIAN_POINT('Ctrl Pts',(-6.09368374899147,-4.29805007629395,0.689150001640217));
#9087=CARTESIAN_POINT('Ctrl Pts',(-6.09368374899147,-4.37750011444092,0.689150001640217));
#9088=CARTESIAN_POINT('Ctrl Pts',(-6.08115630279134,-4.13915,0.689855577084464));
#9089=CARTESIAN_POINT('Ctrl Pts',(-6.08115630279134,-4.21860003814697,0.689855577084464));
#9090=CARTESIAN_POINT('Ctrl Pts',(-6.08115630279134,-4.29805007629395,0.689855577084464));
#9091=CARTESIAN_POINT('Ctrl Pts',(-6.08115630279134,-4.37750011444092,0.689855577084464));
#9092=CARTESIAN_POINT('Ctrl Pts',(-6.05877872562153,-4.13915,0.691034994546499));
#9093=CARTESIAN_POINT('Ctrl Pts',(-6.05877872562153,-4.21860003814697,0.691034994546499));
#9094=CARTESIAN_POINT('Ctrl Pts',(-6.05877872562153,-4.29805007629395,0.6910349945465));
#9095=CARTESIAN_POINT('Ctrl Pts',(-6.05877872562153,-4.37750011444092,0.6910349945465));
#9096=CARTESIAN_POINT('Ctrl Pts',(-6.04834225351337,-4.13914999999999,0.692333914551314));
#9097=CARTESIAN_POINT('Ctrl Pts',(-6.04834225351337,-4.21860003814697,0.692333914551314));
#9098=CARTESIAN_POINT('Ctrl Pts',(-6.04834225351337,-4.29805007629395,0.692333914551314));
#9099=CARTESIAN_POINT('Ctrl Pts',(-6.04834225351337,-4.37750011444092,0.692333914551314));
#9100=CARTESIAN_POINT('Ctrl Pts',(-6.02834429637778,-4.13915,0.694659980904735));
#9101=CARTESIAN_POINT('Ctrl Pts',(-6.02834429637778,-4.21860003814697,0.694659980904735));
#9102=CARTESIAN_POINT('Ctrl Pts',(-6.02834429637778,-4.29805007629395,0.694659980904735));
#9103=CARTESIAN_POINT('Ctrl Pts',(-6.02834429637778,-4.37750011444092,0.694659980904735));
#9104=CARTESIAN_POINT('Ctrl Pts',(-6.01878134705875,-4.13915,0.69659690696566));
#9105=CARTESIAN_POINT('Ctrl Pts',(-6.01878134705875,-4.21860003814697,0.69659690696566));
#9106=CARTESIAN_POINT('Ctrl Pts',(-6.01878134705875,-4.29805007629395,0.69659690696566));
#9107=CARTESIAN_POINT('Ctrl Pts',(-6.01878134705875,-4.37750011444092,0.69659690696566));
#9108=CARTESIAN_POINT('Ctrl Pts',(-6.00048905605299,-4.13915,0.70074995798657));
#9109=CARTESIAN_POINT('Ctrl Pts',(-6.00048905605299,-4.21860003814697,0.70074995798657));
#9110=CARTESIAN_POINT('Ctrl Pts',(-6.00048905605299,-4.29805007629395,0.70074995798657));
#9111=CARTESIAN_POINT('Ctrl Pts',(-6.00048905605299,-4.37750011444092,0.70074995798657));
#9112=CARTESIAN_POINT('Ctrl Pts',(-5.99137592187266,-4.13915,0.7033599481645));
#9113=CARTESIAN_POINT('Ctrl Pts',(-5.99137592187266,-4.21860003814697,0.7033599481645));
#9114=CARTESIAN_POINT('Ctrl Pts',(-5.99137592187266,-4.29805007629395,0.7033599481645));
#9115=CARTESIAN_POINT('Ctrl Pts',(-5.99137592187266,-4.37750011444092,0.7033599481645));
#9116=CARTESIAN_POINT('Ctrl Pts',(-5.9820908417644,-4.13915,0.706549936159747));
#9117=CARTESIAN_POINT('Ctrl Pts',(-5.9820908417644,-4.21860003814697,0.706549936159747));
#9118=CARTESIAN_POINT('Ctrl Pts',(-5.9820908417644,-4.29805007629395,0.706549936159747));
#9119=CARTESIAN_POINT('Ctrl Pts',(-5.9820908417644,-4.37750011444092,0.706549936159747));
#9120=CARTESIAN_POINT('Ctrl Pts',(-5.9820908417644,-4.37750011444092,0.706549936159747));
#9121=CARTESIAN_POINT('Ctrl Pts',(-5.99137592187266,-4.37750011444092,0.7033599481645));
#9122=CARTESIAN_POINT('Ctrl Pts',(-6.00048905605299,-4.37750011444092,0.70074995798657));
#9123=CARTESIAN_POINT('Ctrl Pts',(-6.00943024430539,-4.37750011444092,0.698719965625959));
#9124=CARTESIAN_POINT('Ctrl Pts',(-6.01878134705875,-4.37750011444092,0.69659690696566));
#9125=CARTESIAN_POINT('Ctrl Pts',(-6.02834429637778,-4.37750011444092,0.694659980904735));
#9126=CARTESIAN_POINT('Ctrl Pts',(-6.03831716019776,-4.37750011444092,0.693499985270099));
#9127=CARTESIAN_POINT('Ctrl Pts',(-6.04834225351337,-4.37750011444092,0.692333914551314));
#9128=CARTESIAN_POINT('Ctrl Pts',(-6.05877872562153,-4.37750011444092,0.6910349945465));
#9129=CARTESIAN_POINT('Ctrl Pts',(-6.0697832650091,-4.37750011444092,0.690454996729182));
#9130=CARTESIAN_POINT('Ctrl Pts',(-6.08115630279134,-4.37750011444092,0.689855577084464));
#9131=CARTESIAN_POINT('Ctrl Pts',(-6.09368374899147,-4.37750011444092,0.689150001640217));
#9132=CARTESIAN_POINT('Ctrl Pts',(-6.10743942322594,-4.37750011444092,0.689150001640217));
#9133=CARTESIAN_POINT('Ctrl Pts',(-6.14595531108243,-4.37750011444092,0.689150001640217));
#9134=CARTESIAN_POINT('Ctrl Pts',(-6.17914087517307,-4.37750011444092,0.694369981996076));
#9135=CARTESIAN_POINT('Ctrl Pts',(-6.20699611549786,-4.37750011444092,0.704809942707794));
#9136=CARTESIAN_POINT('Ctrl Pts',(-6.23498045924405,-4.37750011444092,0.715298290532005));
#9137=CARTESIAN_POINT('Ctrl Pts',(-6.2580640560933,-4.37750011444092,0.73061984557843));
#9138=CARTESIAN_POINT('Ctrl Pts',(-6.27663421630983,-4.37750011444092,0.750049772458572));
#9139=CARTESIAN_POINT('Ctrl Pts',(-6.29506972173986,-4.37750011444092,0.769338810265859));
#9140=CARTESIAN_POINT('Ctrl Pts',(-6.30844421297702,-4.37750011444092,0.792969610940078));
#9141=CARTESIAN_POINT('Ctrl Pts',(-6.31738540122942,-4.37750011444092,0.820519507262668));
#9142=CARTESIAN_POINT('Ctrl Pts',(-6.32621529559012,-4.37750011444092,0.847726481023828));
#9143=CARTESIAN_POINT('Ctrl Pts',(-6.33028134582423,-4.37750011444092,0.878084290631445));
#9144=CARTESIAN_POINT('Ctrl Pts',(-6.33028134582423,-4.37750011444092,0.911434165127211));
#9145=CARTESIAN_POINT('Ctrl Pts',(-6.33028134582424,-4.37750011444092,0.943914042897001));
#9146=CARTESIAN_POINT('Ctrl Pts',(-6.32529491391424,-4.37750011444092,0.97378393048886));
#9147=CARTESIAN_POINT('Ctrl Pts',(-6.31532205009425,-4.37750011444092,1.00104382790279));
#9148=CARTESIAN_POINT('Ctrl Pts',(-6.30541536256601,-4.37750011444092,1.02812283856678));
#9149=CARTESIAN_POINT('Ctrl Pts',(-6.29004599868843,-4.37750011444092,1.0513586385551));
#9150=CARTESIAN_POINT('Ctrl Pts',(-6.27044416290432,-4.37750011444092,1.0710785643439));
#9151=CARTESIAN_POINT('Ctrl Pts',(-6.25101111221404,-4.37750011444092,1.09062868820387));
#9152=CARTESIAN_POINT('Ctrl Pts',(-6.22642600535404,-4.37750011444092,1.1055884344743));
#9153=CARTESIAN_POINT('Ctrl Pts',(-6.19719519760581,-4.37750011444092,1.11631839409468));
#9154=CARTESIAN_POINT('Ctrl Pts',(-6.16783711802519,-4.37750011444092,1.12709507228794));
#9155=CARTESIAN_POINT('Ctrl Pts',(-6.13443493391106,-4.37750011444092,1.13284833188823));
#9156=CARTESIAN_POINT('Ctrl Pts',(-6.0966068297663,-4.37750011444092,1.13284833188823));
#9157=CARTESIAN_POINT('Ctrl Pts',(-6.07150272428841,-4.37750011444092,1.13284833188823));
#9158=CARTESIAN_POINT('Ctrl Pts',(-6.04760224030602,-4.37750011444092,1.13067334007329));
#9159=CARTESIAN_POINT('Ctrl Pts',(-6.02490537781916,-4.37750011444092,1.12632335644341));
#9160=CARTESIAN_POINT('Ctrl Pts',(-6.00188139409352,-4.37750011444092,1.12191067815542));
#9161=CARTESIAN_POINT('Ctrl Pts',(-5.98105916619681,-4.37750011444092,1.11559339682303));
#9162=CARTESIAN_POINT('Ctrl Pts',(-5.96248900598029,-4.37750011444092,1.10718342847192));
#9163=CARTESIAN_POINT('Ctrl Pts',(-5.9820908417644,-4.13915,0.706549936159747));
#9164=CARTESIAN_POINT('Ctrl Pts',(-5.99137592187266,-4.13915,0.7033599481645));
#9165=CARTESIAN_POINT('Ctrl Pts',(-6.00048905605299,-4.13915,0.70074995798657));
#9166=CARTESIAN_POINT('Ctrl Pts',(-6.00943024430539,-4.13915,0.698719965625958));
#9167=CARTESIAN_POINT('Ctrl Pts',(-6.01878134705875,-4.13915,0.69659690696566));
#9168=CARTESIAN_POINT('Ctrl Pts',(-6.02834429637778,-4.13915,0.694659980904735));
#9169=CARTESIAN_POINT('Ctrl Pts',(-6.03831716019776,-4.13915,0.693499985270099));
#9170=CARTESIAN_POINT('Ctrl Pts',(-6.04834225351337,-4.13915,0.692333914551314));
#9171=CARTESIAN_POINT('Ctrl Pts',(-6.05877872562152,-4.13915,0.691034994546499));
#9172=CARTESIAN_POINT('Ctrl Pts',(-6.0697832650091,-4.13915,0.690454996729182));
#9173=CARTESIAN_POINT('Ctrl Pts',(-6.08115630279134,-4.13915,0.689855577084464));
#9174=CARTESIAN_POINT('Ctrl Pts',(-6.09368374899147,-4.13915,0.689150001640217));
#9175=CARTESIAN_POINT('Ctrl Pts',(-6.10743942322594,-4.13915,0.689150001640217));
#9176=CARTESIAN_POINT('Ctrl Pts',(-6.14595531108243,-4.13915,0.689150001640217));
#9177=CARTESIAN_POINT('Ctrl Pts',(-6.17914087517307,-4.13915,0.694369981996076));
#9178=CARTESIAN_POINT('Ctrl Pts',(-6.20699611549786,-4.13915,0.704809942707794));
#9179=CARTESIAN_POINT('Ctrl Pts',(-6.23498045924404,-4.13915,0.715298290532005));
#9180=CARTESIAN_POINT('Ctrl Pts',(-6.2580640560933,-4.13915,0.73061984557843));
#9181=CARTESIAN_POINT('Ctrl Pts',(-6.27663421630983,-4.13915,0.750049772458572));
#9182=CARTESIAN_POINT('Ctrl Pts',(-6.29506972173986,-4.13915,0.769338810265859));
#9183=CARTESIAN_POINT('Ctrl Pts',(-6.30844421297702,-4.13915,0.792969610940079));
#9184=CARTESIAN_POINT('Ctrl Pts',(-6.31738540122942,-4.13915,0.820519507262668));
#9185=CARTESIAN_POINT('Ctrl Pts',(-6.32621529559012,-4.13915,0.847726481023827));
#9186=CARTESIAN_POINT('Ctrl Pts',(-6.33028134582423,-4.13915,0.878084290631446));
#9187=CARTESIAN_POINT('Ctrl Pts',(-6.33028134582423,-4.13915,0.911434165127212));
#9188=CARTESIAN_POINT('Ctrl Pts',(-6.33028134582423,-4.13915,0.943914042897001));
#9189=CARTESIAN_POINT('Ctrl Pts',(-6.32529491391424,-4.13915,0.97378393048886));
#9190=CARTESIAN_POINT('Ctrl Pts',(-6.31532205009426,-4.13915,1.00104382790279));
#9191=CARTESIAN_POINT('Ctrl Pts',(-6.30541536256601,-4.13915,1.02812283856678));
#9192=CARTESIAN_POINT('Ctrl Pts',(-6.29004599868843,-4.13915,1.0513586385551));
#9193=CARTESIAN_POINT('Ctrl Pts',(-6.27044416290432,-4.13915,1.0710785643439));
#9194=CARTESIAN_POINT('Ctrl Pts',(-6.25101111221404,-4.13915,1.09062868820388));
#9195=CARTESIAN_POINT('Ctrl Pts',(-6.22642600535404,-4.13915,1.1055884344743));
#9196=CARTESIAN_POINT('Ctrl Pts',(-6.19719519760581,-4.13915,1.11631839409468));
#9197=CARTESIAN_POINT('Ctrl Pts',(-6.16783711802519,-4.13915,1.12709507228794));
#9198=CARTESIAN_POINT('Ctrl Pts',(-6.13443493391107,-4.13915,1.13284833188823));
#9199=CARTESIAN_POINT('Ctrl Pts',(-6.0966068297663,-4.13915,1.13284833188823));
#9200=CARTESIAN_POINT('Ctrl Pts',(-6.0715027242884,-4.13915,1.13284833188823));
#9201=CARTESIAN_POINT('Ctrl Pts',(-6.04760224030602,-4.13915,1.13067334007329));
#9202=CARTESIAN_POINT('Ctrl Pts',(-6.02490537781916,-4.13915,1.12632335644341));
#9203=CARTESIAN_POINT('Ctrl Pts',(-6.00188139409352,-4.13915,1.12191067815542));
#9204=CARTESIAN_POINT('Ctrl Pts',(-5.98105916619681,-4.13915,1.11559339682303));
#9205=CARTESIAN_POINT('Ctrl Pts',(-5.96248900598029,-4.13915,1.10718342847192));
#9206=CARTESIAN_POINT('Origin',(-5.9820908417644,-4.13915,0.753964757725466));
#9207=CARTESIAN_POINT('Origin',(3.39336170764192,0.8675,4.24915));
#9208=CARTESIAN_POINT('',(3.22751170764192,5.49249988555908,4.24915));
#9209=CARTESIAN_POINT('',(3.55921170764192,5.49249988555908,4.24915));
#9210=CARTESIAN_POINT('',(1.98918100640885,5.49249988555908,4.24915));
#9211=CARTESIAN_POINT('',(3.22751170764192,-4.36335,4.24915));
#9212=CARTESIAN_POINT('',(3.22751170764192,0.8675,4.24915));
#9213=CARTESIAN_POINT('',(3.24944282982408,-4.36335,4.24915));
#9214=CARTESIAN_POINT('',(3.39336170764192,-4.36335,4.24915));
#9215=CARTESIAN_POINT('',(3.24944282982408,-4.14164999999999,4.24915));
#9216=CARTESIAN_POINT('',(3.24944282982408,-2.1375,4.24915));
#9217=CARTESIAN_POINT('',(3.55921170764192,-4.14164999999999,4.24915));
#9218=CARTESIAN_POINT('',(3.80624082613856,-4.14164999999999,4.24915));
#9219=CARTESIAN_POINT('',(3.55921170764192,0.8675,4.24915));
#9220=CARTESIAN_POINT('Origin',(3.39336170764192,-4.36335,5.25));
#9221=CARTESIAN_POINT('',(3.55921170764192,-4.36335,4.4));
#9222=CARTESIAN_POINT('',(3.54440535895513,-4.36335,4.4));
#9223=CARTESIAN_POINT('',(1.98918100640885,-4.36335,4.4));
#9224=CARTESIAN_POINT('',(3.55921170764192,-4.36335,4.36426934942615));
#9225=CARTESIAN_POINT('',(3.55921170764192,-4.36335,5.25));
#9226=CARTESIAN_POINT('',(3.79667045338891,-4.36335,3.79123438655492));
#9227=CARTESIAN_POINT('Origin',(3.55921170764192,0.867500000000001,5.25));
#9228=CARTESIAN_POINT('',(3.55921170764192,5.49249988555908,4.4));
#9229=CARTESIAN_POINT('',(3.55921170764192,5.49249988555908,3.8));
#9230=CARTESIAN_POINT('',(3.55921170764192,-4.14164999999999,4.36426934942615));
#9231=CARTESIAN_POINT('',(3.55921170764192,-4.14164999999999,3.79522682218366));
#9232=CARTESIAN_POINT('',(3.55921170764192,-2.1375,4.36426934942615));
#9233=CARTESIAN_POINT('',(3.55921170764192,0.712499942779542,4.4));
#9234=CARTESIAN_POINT('Origin',(3.22751170764192,0.867500000000001,5.25));
#9235=CARTESIAN_POINT('',(3.22751170764192,5.49249988555908,4.4));
#9236=CARTESIAN_POINT('',(3.22751170764192,5.49249988555908,3.8));
#9237=CARTESIAN_POINT('',(3.22751170764192,-4.14165,4.4));
#9238=CARTESIAN_POINT('',(3.22751170764192,0.712499942779542,4.4));
#9239=CARTESIAN_POINT('',(3.22751170764192,-4.14164999999999,4.30207413949986));
#9240=CARTESIAN_POINT('',(3.22751170764192,-4.14165,3.79522682218366));
#9241=CARTESIAN_POINT('',(3.22751170764192,-4.36335,4.30207413949986));
#9242=CARTESIAN_POINT('',(3.22751170764192,-2.1375,4.30207413949986));
#9243=CARTESIAN_POINT('',(3.22751170764192,-4.36335,5.25));
#9244=CARTESIAN_POINT('Origin',(3.39336170764192,-4.36335,5.25));
#9245=CARTESIAN_POINT('',(3.49156701911604,-4.36335,3.66485639824328));
#9246=CARTESIAN_POINT('Origin',(0.585000305175779,5.49249988555908,2.34999999999999));
#9247=CARTESIAN_POINT('',(8.11000030517578,5.49249988555908,4.4));
#9248=CARTESIAN_POINT('',(0.585000305175779,5.49249988555908,4.39999999999999));
#9249=CARTESIAN_POINT('',(8.11000030517578,5.49249988555908,0.299999999999996));
#9250=CARTESIAN_POINT('',(8.11000030517578,5.49249988555908,2.35));
#9251=CARTESIAN_POINT('',(-6.93999969482422,5.49249988555908,0.299999999999991));
#9252=CARTESIAN_POINT('',(0.58500030517578,5.49249988555908,0.299999999999994));
#9253=CARTESIAN_POINT('',(-6.93999969482422,5.49249988555908,4.39999999999999));
#9254=CARTESIAN_POINT('',(-6.93999969482422,5.49249988555908,2.34999999999999));
#9255=CARTESIAN_POINT('',(-1.76024735738065,5.49249988555908,4.39999999999999));
#9256=CARTESIAN_POINT('',(0.585000305175779,5.49249988555908,4.39999999999999));
#9257=CARTESIAN_POINT('',(-1.76024735738066,5.49249988555908,4.24915));
#9258=CARTESIAN_POINT('',(-1.76024735738065,5.49249988555908,3.8));
#9259=CARTESIAN_POINT('',(-1.42854735738066,5.49249988555908,4.24915));
#9260=CARTESIAN_POINT('',(-0.504698526102438,5.49249988555908,4.24915));
#9261=CARTESIAN_POINT('',(-1.42854735738066,5.49249988555908,4.39999999999999));
#9262=CARTESIAN_POINT('',(-1.42854735738066,5.49249988555908,3.8));
#9263=CARTESIAN_POINT('',(-0.766367824869369,5.49249988555908,4.39999999999999));
#9264=CARTESIAN_POINT('',(0.585000305175779,5.49249988555908,4.39999999999999));
#9265=CARTESIAN_POINT('',(-0.766367824869369,5.49249988555908,4.24915));
#9266=CARTESIAN_POINT('',(-0.766367824869369,5.49249988555908,3.8));
#9267=CARTESIAN_POINT('',(-0.434667824869369,5.49249988555908,4.24915));
#9268=CARTESIAN_POINT('',(-0.00775875984679519,5.49249988555908,4.24915));
#9269=CARTESIAN_POINT('',(-0.434667824869369,5.49249988555908,4.39999999999999));
#9270=CARTESIAN_POINT('',(-0.434667824869369,5.49249988555908,3.8));
#9271=CARTESIAN_POINT('',(0.237511707641918,5.49249988555908,4.39999999999999));
#9272=CARTESIAN_POINT('',(0.585000305175779,5.49249988555908,4.39999999999999));
#9273=CARTESIAN_POINT('',(0.237511707641918,5.49249988555908,4.24915));
#9274=CARTESIAN_POINT('',(0.237511707641918,5.49249988555908,3.8));
#9275=CARTESIAN_POINT('',(0.569211707641918,5.49249988555908,4.24915));
#9276=CARTESIAN_POINT('',(0.494181006408848,5.49249988555908,4.24915));
#9277=CARTESIAN_POINT('',(0.569211707641918,5.49249988555908,4.39999999999999));
#9278=CARTESIAN_POINT('',(0.569211707641918,5.49249988555908,3.8));
#9279=CARTESIAN_POINT('',(1.22751170764192,5.49249988555908,4.39999999999999));
#9280=CARTESIAN_POINT('',(0.585000305175779,5.49249988555908,4.39999999999999));
#9281=CARTESIAN_POINT('',(1.22751170764192,5.49249988555908,4.24915));
#9282=CARTESIAN_POINT('',(1.22751170764192,5.49249988555908,3.8));
#9283=CARTESIAN_POINT('',(1.55921170764192,5.49249988555908,4.24915));
#9284=CARTESIAN_POINT('',(0.989181006408848,5.49249988555908,4.24915));
#9285=CARTESIAN_POINT('',(1.55921170764192,5.49249988555908,4.39999999999999));
#9286=CARTESIAN_POINT('',(1.55921170764192,5.49249988555908,3.8));
#9287=CARTESIAN_POINT('',(2.22751170764192,5.49249988555908,4.4));
#9288=CARTESIAN_POINT('',(0.585000305175779,5.49249988555908,4.39999999999999));
#9289=CARTESIAN_POINT('',(2.22751170764192,5.49249988555908,4.24915));
#9290=CARTESIAN_POINT('',(2.22751170764192,5.49249988555908,3.8));
#9291=CARTESIAN_POINT('',(2.55921170764192,5.49249988555908,4.24915));
#9292=CARTESIAN_POINT('',(1.48918100640885,5.49249988555908,4.24914999999999));
#9293=CARTESIAN_POINT('',(2.55921170764192,5.49249988555908,4.4));
#9294=CARTESIAN_POINT('',(2.55921170764192,5.49249988555908,3.8));
#9295=CARTESIAN_POINT('',(0.585000305175779,5.49249988555908,4.39999999999999));
#9296=CARTESIAN_POINT('',(1.30915030517578,5.49249988555908,1.99914999999999));
#9297=CARTESIAN_POINT('',(2.81085030517578,5.49249988555908,1.99915));
#9298=CARTESIAN_POINT('',(1.32250030517578,5.49249988555908,1.99914999999999));
#9299=CARTESIAN_POINT('',(2.81085030517578,5.49249988555908,2.30084999999999));
#9300=CARTESIAN_POINT('',(2.81085030517578,5.49249988555908,2.25));
#9301=CARTESIAN_POINT('',(1.30915030517578,5.49249988555908,2.30084999999999));
#9302=CARTESIAN_POINT('',(1.32250030517578,5.49249988555908,2.30084999999999));
#9303=CARTESIAN_POINT('',(1.30915030517578,5.49249988555908,2.24999999999999));
#9304=CARTESIAN_POINT('',(0.20915030517578,5.49249988555908,1.99914999999999));
#9305=CARTESIAN_POINT('',(0.810850305175779,5.49249988555908,1.99914999999999));
#9306=CARTESIAN_POINT('',(0.54750030517578,5.49249988555908,1.99914999999999));
#9307=CARTESIAN_POINT('',(0.810850305175779,5.49249988555908,2.60084999999999));
#9308=CARTESIAN_POINT('',(0.810850305175779,5.49249988555908,2.32499999999999));
#9309=CARTESIAN_POINT('',(0.209150305175779,5.49249988555908,2.60084999999999));
#9310=CARTESIAN_POINT('',(0.547500305175779,5.49249988555908,2.60084999999999));
#9311=CARTESIAN_POINT('',(0.20915030517578,5.49249988555908,2.32499999999999));
#9312=CARTESIAN_POINT('',(-4.59084969482422,5.49249988555908,1.99914999999999));
#9313=CARTESIAN_POINT('',(-2.88914969482422,5.49249988555908,1.99914999999999));
#9314=CARTESIAN_POINT('',(-1.57749969482422,5.49249988555908,1.99914999999999));
#9315=CARTESIAN_POINT('',(-2.88914969482422,5.49249988555908,2.80084999999999));
#9316=CARTESIAN_POINT('',(-2.88914969482422,5.49249988555908,2.37499999999999));
#9317=CARTESIAN_POINT('',(-4.59084969482422,5.49249988555908,2.80084999999999));
#9318=CARTESIAN_POINT('',(-1.57749969482422,5.49249988555908,2.80084999999999));
#9319=CARTESIAN_POINT('',(-4.59084969482422,5.49249988555908,2.37499999999999));
#9320=CARTESIAN_POINT('',(-2.09084969482422,5.49249988555908,1.95045014194867));
#9321=CARTESIAN_POINT('',(-0.48914969482422,5.49249988555908,1.95045014194867));
#9322=CARTESIAN_POINT('',(-0.35249969482422,5.49249988555908,1.95045014194867));
#9323=CARTESIAN_POINT('',(-0.489149694824221,5.49249988555908,3.70084999999999));
#9324=CARTESIAN_POINT('',(-0.489149694824221,5.49249988555908,2.58782503548716));
#9325=CARTESIAN_POINT('',(-2.09084969482422,5.49249988555908,3.70084999999999));
#9326=CARTESIAN_POINT('',(-0.352499694824221,5.49249988555908,3.70084999999999));
#9327=CARTESIAN_POINT('',(-2.09084969482422,5.49249988555908,2.58782503548716));
#9328=CARTESIAN_POINT('',(5.70915030517578,5.49249988555908,1.99915));
#9329=CARTESIAN_POINT('',(6.71085030517578,5.49249988555908,1.99915));
#9330=CARTESIAN_POINT('',(3.39750030517578,5.49249988555908,1.99914999999999));
#9331=CARTESIAN_POINT('',(6.71085030517578,5.49249988555908,2.60085));
#9332=CARTESIAN_POINT('',(6.71085030517578,5.49249988555908,2.325));
#9333=CARTESIAN_POINT('',(5.70915030517578,5.49249988555908,2.60085));
#9334=CARTESIAN_POINT('',(3.39750030517578,5.49249988555908,2.60084999999999));
#9335=CARTESIAN_POINT('',(5.70915030517578,5.49249988555908,2.325));
#9336=CARTESIAN_POINT('',(3.20915030517578,5.49249988555908,1.95045014194867));
#9337=CARTESIAN_POINT('',(5.11085030517579,5.49249988555908,1.95045014194867));
#9338=CARTESIAN_POINT('',(2.37250030517578,5.49249988555908,1.95045014194867));
#9339=CARTESIAN_POINT('',(5.11085030517579,5.49249988555908,3.70085));
#9340=CARTESIAN_POINT('',(5.11085030517579,5.49249988555908,2.58782503548716));
#9341=CARTESIAN_POINT('',(3.20915030517578,5.49249988555908,3.70085));
#9342=CARTESIAN_POINT('',(2.37250030517578,5.49249988555908,3.70085));
#9343=CARTESIAN_POINT('',(3.20915030517578,5.49249988555908,2.58782503548716));
#9344=CARTESIAN_POINT('Origin',(0.585000305175779,0.557499885559082,4.4));
#9345=CARTESIAN_POINT('',(3.54440535895513,-4.37750011444092,4.4));
#9346=CARTESIAN_POINT('',(3.54440535895513,-2.29250005722046,4.4));
#9347=CARTESIAN_POINT('',(8.11000030517578,-4.37750011444092,4.4));
#9348=CARTESIAN_POINT('',(0.585000305175779,-4.37750011444092,4.4));
#9349=CARTESIAN_POINT('',(8.11000030517578,0.557499885559082,4.4));
#9350=CARTESIAN_POINT('Origin',(0.585000305175779,0.557499885559082,4.4));
#9351=CARTESIAN_POINT('',(2.55921170764192,-4.36335,4.4));
#9352=CARTESIAN_POINT('',(2.55921170764192,0.644999942779542,4.4));
#9353=CARTESIAN_POINT('',(2.54440535895513,-4.36335,4.4));
#9354=CARTESIAN_POINT('',(1.48918100640885,-4.36335,4.4));
#9355=CARTESIAN_POINT('',(2.54440535895513,-4.37750011444092,4.4));
#9356=CARTESIAN_POINT('',(2.54440535895513,-2.29250005722046,4.4));
#9357=CARTESIAN_POINT('',(3.18693241751616,-4.37750011444092,4.4));
#9358=CARTESIAN_POINT('',(0.585000305175779,-4.37750011444092,4.4));
#9359=CARTESIAN_POINT('',(3.18693241751616,-4.14164999999999,4.4));
#9360=CARTESIAN_POINT('',(3.18693241751616,-2.29250005722046,4.4));
#9361=CARTESIAN_POINT('',(2.40206012490549,-4.14165,4.4));
#9362=CARTESIAN_POINT('Origin',(4.2191199446352,-4.14165,2.34045364436733));
#9363=CARTESIAN_POINT('',(4.88592274209338,-4.14165,0.299999999999997));
#9364=CARTESIAN_POINT('',(4.06655882402991,-4.14165,2.27728734264345));
#9365=CARTESIAN_POINT('',(5.24339568353236,-4.14165,0.299999999999997));
#9366=CARTESIAN_POINT('',(2.40206012490549,-4.14165,0.299999999999996));
#9367=CARTESIAN_POINT('',(4.3716810652405,-4.14165,2.4036199460912));
#9368=CARTESIAN_POINT('Origin',(4.3716810652405,-5.1425,2.40361994609121));
#9369=CARTESIAN_POINT('',(5.24339568353236,-4.37750011444092,0.299999999999997));
#9370=CARTESIAN_POINT('',(5.24339568353236,-2.29250005722046,0.299999999999997));
#9371=CARTESIAN_POINT('',(4.10369014284573,-4.37750011444092,3.05033509562685));
#9372=CARTESIAN_POINT('Origin',(2.39336170764192,0.732500000000001,4.24915));
#9373=CARTESIAN_POINT('',(2.22751170764192,-4.36335,4.24915));
#9374=CARTESIAN_POINT('',(2.22751170764192,0.732500000000001,4.24915));
#9375=CARTESIAN_POINT('',(2.24944282982408,-4.36335,4.24915));
#9376=CARTESIAN_POINT('',(2.39336170764192,-4.36335,4.24915));
#9377=CARTESIAN_POINT('',(2.24944282982408,-4.14165,4.24915));
#9378=CARTESIAN_POINT('',(2.24944282982408,-2.205,4.24915));
#9379=CARTESIAN_POINT('',(2.55921170764192,-4.14165,4.24915));
#9380=CARTESIAN_POINT('',(2.80624082613856,-4.14165,4.24915));
#9381=CARTESIAN_POINT('',(2.55921170764192,0.732500000000001,4.24915));
#9382=CARTESIAN_POINT('Origin',(2.39336170764192,-4.36335,5.25));
#9383=CARTESIAN_POINT('',(2.55921170764192,-4.36335,4.36426934942615));
#9384=CARTESIAN_POINT('',(2.55921170764192,-4.36335,5.25));
#9385=CARTESIAN_POINT('',(2.79667045338891,-4.36335,3.79123438655492));
#9386=CARTESIAN_POINT('Origin',(2.55921170764192,0.732500000000002,5.25));
#9387=CARTESIAN_POINT('',(2.55921170764192,-4.14165,4.36426934942615));
#9388=CARTESIAN_POINT('',(2.55921170764192,-4.14165,3.79522682218366));
#9389=CARTESIAN_POINT('',(2.55921170764192,-2.205,4.36426934942614));
#9390=CARTESIAN_POINT('Origin',(2.22751170764192,0.732500000000002,5.25));
#9391=CARTESIAN_POINT('',(2.22751170764192,-4.14165,4.4));
#9392=CARTESIAN_POINT('',(2.22751170764192,0.644999942779542,4.4));
#9393=CARTESIAN_POINT('',(2.22751170764192,-4.14165,4.30207413949986));
#9394=CARTESIAN_POINT('',(2.22751170764192,-4.14165,3.79522682218366));
#9395=CARTESIAN_POINT('',(2.22751170764192,-4.36335,4.30207413949986));
#9396=CARTESIAN_POINT('',(2.22751170764192,-2.205,4.30207413949986));
#9397=CARTESIAN_POINT('',(2.22751170764192,-4.36335,5.25));
#9398=CARTESIAN_POINT('Origin',(2.39336170764192,-4.36335,5.25));
#9399=CARTESIAN_POINT('',(2.49156701911604,-4.36335,3.66485639824328));
#9400=CARTESIAN_POINT('Origin',(0.585000305175779,0.557499885559082,4.4));
#9401=CARTESIAN_POINT('',(1.55921170764192,-4.36335,4.4));
#9402=CARTESIAN_POINT('',(1.55921170764192,0.627499942779541,4.4));
#9403=CARTESIAN_POINT('',(1.54440535895513,-4.36335,4.4));
#9404=CARTESIAN_POINT('',(0.989181006408849,-4.36335,4.4));
#9405=CARTESIAN_POINT('',(1.54440535895513,-4.37750011444092,4.4));
#9406=CARTESIAN_POINT('',(1.54440535895513,-2.29250005722046,4.4));
#9407=CARTESIAN_POINT('',(2.18693241751616,-4.37750011444092,4.4));
#9408=CARTESIAN_POINT('',(0.585000305175779,-4.37750011444092,4.4));
#9409=CARTESIAN_POINT('',(2.18693241751616,-4.14165,4.4));
#9410=CARTESIAN_POINT('',(2.18693241751616,-2.29250005722046,4.4));
#9411=CARTESIAN_POINT('',(1.90206012490549,-4.14165,4.4));
#9412=CARTESIAN_POINT('Origin',(3.2191199446352,-4.14165,2.34045364436733));
#9413=CARTESIAN_POINT('',(3.88592274209338,-4.14165,0.299999999999996));
#9414=CARTESIAN_POINT('',(3.06655882402991,-4.14165,2.27728734264345));
#9415=CARTESIAN_POINT('',(4.24339568353236,-4.14165,0.299999999999997));
#9416=CARTESIAN_POINT('',(1.90206012490549,-4.14165,0.299999999999996));
#9417=CARTESIAN_POINT('',(3.3716810652405,-4.14165,2.4036199460912));
#9418=CARTESIAN_POINT('Origin',(3.3716810652405,-5.1425,2.4036199460912));
#9419=CARTESIAN_POINT('',(4.24339568353236,-4.37750011444092,0.299999999999996));
#9420=CARTESIAN_POINT('',(4.24339568353236,-2.29250005722046,0.299999999999996));
#9421=CARTESIAN_POINT('',(3.17696605834989,-4.37750011444092,2.87350580518233));
#9422=CARTESIAN_POINT('Origin',(1.39336170764192,0.6975,4.24915));
#9423=CARTESIAN_POINT('',(1.22751170764192,-4.36335,4.24915));
#9424=CARTESIAN_POINT('',(1.22751170764192,0.6975,4.24915));
#9425=CARTESIAN_POINT('',(1.24944282982408,-4.36335,4.24915));
#9426=CARTESIAN_POINT('',(1.39336170764192,-4.36335,4.24915));
#9427=CARTESIAN_POINT('',(1.24944282982408,-4.14165,4.24915));
#9428=CARTESIAN_POINT('',(1.24944282982408,-2.2225,4.24915));
#9429=CARTESIAN_POINT('',(1.55921170764192,-4.14165,4.24915));
#9430=CARTESIAN_POINT('',(1.80624082613856,-4.14165,4.24915));
#9431=CARTESIAN_POINT('',(1.55921170764192,0.6975,4.24915));
#9432=CARTESIAN_POINT('Origin',(1.39336170764192,-4.36335,5.25));
#9433=CARTESIAN_POINT('',(1.55921170764192,-4.36335,4.36426934942615));
#9434=CARTESIAN_POINT('',(1.55921170764192,-4.36335,5.25));
#9435=CARTESIAN_POINT('',(1.79667045338891,-4.36335,3.79123438655492));
#9436=CARTESIAN_POINT('Origin',(1.55921170764192,0.697500000000001,5.25));
#9437=CARTESIAN_POINT('',(1.55921170764192,-4.14165,4.36426934942615));
#9438=CARTESIAN_POINT('',(1.55921170764192,-4.14165,3.79522682218366));
#9439=CARTESIAN_POINT('',(1.55921170764192,-2.2225,4.36426934942615));
#9440=CARTESIAN_POINT('Origin',(1.22751170764192,0.697500000000001,5.25));
#9441=CARTESIAN_POINT('',(1.22751170764192,-4.14165,4.4));
#9442=CARTESIAN_POINT('',(1.22751170764192,0.627499942779541,4.4));
#9443=CARTESIAN_POINT('',(1.22751170764192,-4.14165,4.30207413949986));
#9444=CARTESIAN_POINT('',(1.22751170764192,-4.14165,3.79522682218366));
#9445=CARTESIAN_POINT('',(1.22751170764192,-4.36335,4.30207413949986));
#9446=CARTESIAN_POINT('',(1.22751170764192,-2.2225,4.30207413949986));
#9447=CARTESIAN_POINT('',(1.22751170764192,-4.36335,5.25));
#9448=CARTESIAN_POINT('Origin',(1.39336170764192,-4.36335,5.25));
#9449=CARTESIAN_POINT('',(1.49156701911604,-4.36335,3.66485639824328));
#9450=CARTESIAN_POINT('Origin',(0.585000305175779,0.557499885559082,4.4));
#9451=CARTESIAN_POINT('',(0.569211707641919,-4.36335,4.4));
#9452=CARTESIAN_POINT('',(0.569211707641918,0.642499942779542,4.4));
#9453=CARTESIAN_POINT('',(0.544405358955132,-4.36335,4.4));
#9454=CARTESIAN_POINT('',(0.494181006408849,-4.36335,4.4));
#9455=CARTESIAN_POINT('',(0.544405358955132,-4.37750011444092,4.4));
#9456=CARTESIAN_POINT('',(0.544405358955132,-2.29250005722046,4.4));
#9457=CARTESIAN_POINT('',(1.18693241751616,-4.37750011444092,4.4));
#9458=CARTESIAN_POINT('',(0.585000305175779,-4.37750011444092,4.4));
#9459=CARTESIAN_POINT('',(1.18693241751616,-4.14165,4.4));
#9460=CARTESIAN_POINT('',(1.18693241751616,-2.29250005722046,4.4));
#9461=CARTESIAN_POINT('',(1.40206012490549,-4.14165,4.4));
#9462=CARTESIAN_POINT('Origin',(2.2191199446352,-4.14165,2.34045364436733));
#9463=CARTESIAN_POINT('',(2.88592274209338,-4.14165,0.299999999999996));
#9464=CARTESIAN_POINT('',(2.06655882402991,-4.14165,2.27728734264345));
#9465=CARTESIAN_POINT('',(3.24339568353236,-4.14165,0.299999999999997));
#9466=CARTESIAN_POINT('',(1.40206012490549,-4.14165,0.299999999999996));
#9467=CARTESIAN_POINT('',(2.3716810652405,-4.14165,2.4036199460912));
#9468=CARTESIAN_POINT('Origin',(2.3716810652405,-5.1425,2.4036199460912));
#9469=CARTESIAN_POINT('',(3.24339568353236,-4.37750011444092,0.299999999999996));
#9470=CARTESIAN_POINT('',(3.24339568353236,-2.29250005722046,0.299999999999996));
#9471=CARTESIAN_POINT('',(2.25024197385406,-4.37750011444092,2.69667651473782));
#9472=CARTESIAN_POINT('Origin',(0.403361707641918,0.727500000000001,4.24915));
#9473=CARTESIAN_POINT('',(0.237511707641919,-4.36335,4.24915));
#9474=CARTESIAN_POINT('',(0.237511707641918,0.727500000000001,4.24915));
#9475=CARTESIAN_POINT('',(0.249442829824075,-4.36335,4.24915));
#9476=CARTESIAN_POINT('',(0.403361707641919,-4.36335,4.24915));
#9477=CARTESIAN_POINT('',(0.249442829824075,-4.14165,4.24915));
#9478=CARTESIAN_POINT('',(0.249442829824075,-2.2075,4.24915));
#9479=CARTESIAN_POINT('',(0.569211707641919,-4.14165,4.24915));
#9480=CARTESIAN_POINT('',(0.811240826138561,-4.14165,4.24915));
#9481=CARTESIAN_POINT('',(0.569211707641918,0.727500000000001,4.24915));
#9482=CARTESIAN_POINT('Origin',(0.403361707641918,-4.36335,5.25));
#9483=CARTESIAN_POINT('',(0.569211707641919,-4.36335,4.3401373697398));
#9484=CARTESIAN_POINT('',(0.569211707641918,-4.36335,5.25));
#9485=CARTESIAN_POINT('',(0.797403212543954,-4.36335,3.78946609365048));
#9486=CARTESIAN_POINT('Origin',(0.569211707641918,0.727500000000001,5.25));
#9487=CARTESIAN_POINT('',(0.569211707641918,-4.14165,4.3401373697398));
#9488=CARTESIAN_POINT('',(0.569211707641918,-4.14165,3.79522682218366));
#9489=CARTESIAN_POINT('',(0.569211707641918,-2.2075,4.3401373697398));
#9490=CARTESIAN_POINT('Origin',(0.237511707641918,0.727500000000001,5.25));
#9491=CARTESIAN_POINT('',(0.237511707641919,-4.14165,4.4));
#9492=CARTESIAN_POINT('',(0.237511707641918,0.642499942779542,4.4));
#9493=CARTESIAN_POINT('',(0.237511707641919,-4.14165,4.27794215981351));
#9494=CARTESIAN_POINT('',(0.237511707641919,-4.14165,3.79522682218366));
#9495=CARTESIAN_POINT('',(0.237511707641919,-4.36335,4.27794215981351));
#9496=CARTESIAN_POINT('',(0.237511707641918,-2.2075,4.27794215981351));
#9497=CARTESIAN_POINT('',(0.237511707641918,-4.36335,5.25));
#9498=CARTESIAN_POINT('Origin',(0.403361707641918,-4.36335,5.25));
#9499=CARTESIAN_POINT('',(0.492299778271079,-4.36335,3.66308810533883));
#9500=CARTESIAN_POINT('Origin',(0.585000305175779,0.557499885559082,4.4));
#9501=CARTESIAN_POINT('',(-0.434667824869369,-4.37750011444092,4.4));
#9502=CARTESIAN_POINT('',(-0.434667824869369,0.659999942779541,4.4));
#9503=CARTESIAN_POINT('',(0.186932417516155,-4.37750011444092,4.4));
#9504=CARTESIAN_POINT('',(0.585000305175779,-4.37750011444092,4.4));
#9505=CARTESIAN_POINT('',(0.186932417516155,-4.14165,4.4));
#9506=CARTESIAN_POINT('',(0.186932417516155,-2.29250005722046,4.4));
#9507=CARTESIAN_POINT('',(0.902060124905491,-4.14165,4.4));
#9508=CARTESIAN_POINT('Origin',(1.2191199446352,-4.14165,2.34045364436733));
#9509=CARTESIAN_POINT('',(1.88592274209338,-4.14165,0.299999999999996));
#9510=CARTESIAN_POINT('',(1.06655882402991,-4.14165,2.27728734264345));
#9511=CARTESIAN_POINT('',(2.24339568353236,-4.14165,0.299999999999996));
#9512=CARTESIAN_POINT('',(0.902060124905493,-4.14165,0.299999999999995));
#9513=CARTESIAN_POINT('',(1.3716810652405,-4.14165,2.4036199460912));
#9514=CARTESIAN_POINT('Origin',(1.3716810652405,-5.1425,2.4036199460912));
#9515=CARTESIAN_POINT('',(2.24339568353236,-4.37750011444092,0.299999999999996));
#9516=CARTESIAN_POINT('',(2.24339568353236,-2.29250005722046,0.299999999999995));
#9517=CARTESIAN_POINT('',(1.32351788935822,-4.37750011444092,2.51984722429331));
#9518=CARTESIAN_POINT('Origin',(-0.766367824869369,0.762500000000001,5.25));
#9519=CARTESIAN_POINT('',(-0.766367824869369,-4.37750011444092,4.24915));
#9520=CARTESIAN_POINT('',(-0.766367824869369,-4.37750011444092,4.287304239789));
#9521=CARTESIAN_POINT('',(-0.766367824869369,-4.37750011444092,3.8));
#9522=CARTESIAN_POINT('',(-0.766367824869369,0.7625,4.24915));
#9523=CARTESIAN_POINT('',(-0.766367824869369,-4.14165,4.4));
#9524=CARTESIAN_POINT('',(-0.766367824869369,0.659999942779541,4.39999999999999));
#9525=CARTESIAN_POINT('',(-0.766367824869369,-4.14165,4.287304239789));
#9526=CARTESIAN_POINT('',(-0.766367824869368,-4.14165,3.79522682218366));
#9527=CARTESIAN_POINT('',(-0.766367824869369,-2.19,4.287304239789));
#9528=CARTESIAN_POINT('Origin',(-0.434667824869369,0.762500000000001,5.25));
#9529=CARTESIAN_POINT('',(-0.434667824869369,-4.14165,4.24915));
#9530=CARTESIAN_POINT('',(-0.434667824869369,0.7625,4.24915));
#9531=CARTESIAN_POINT('',(-0.434667824869369,-4.14165,4.34949944971529));
#9532=CARTESIAN_POINT('',(-0.434667824869369,-4.14165,3.79522682218366));
#9533=CARTESIAN_POINT('',(-0.434667824869369,-4.37750011444092,4.34949944971529));
#9534=CARTESIAN_POINT('',(-0.434667824869369,-2.19,4.34949944971529));
#9535=CARTESIAN_POINT('',(-0.434667824869369,-4.37750011444092,3.8));
#9536=CARTESIAN_POINT('Origin',(-0.600517824869369,0.7625,4.24915));
#9537=CARTESIAN_POINT('',(-0.750557170175926,-4.37750011444092,4.24915));
#9538=CARTESIAN_POINT('',(-0.00775875984679519,-4.37750011444092,4.24915));
#9539=CARTESIAN_POINT('',(-0.750557170175925,-4.14165,4.24915));
#9540=CARTESIAN_POINT('',(-0.750557170175926,-2.19,4.24915));
#9541=CARTESIAN_POINT('',(-0.190698940117083,-4.14165,4.24915));
#9542=CARTESIAN_POINT('Origin',(0.0665588240299081,-5.1425,2.27728734264345));
#9543=CARTESIAN_POINT('',(0.885922742093382,-4.37750011444092,0.299999999999995));
#9544=CARTESIAN_POINT('',(0.0916903705895144,-4.37750011444092,2.21663994553715));
#9545=CARTESIAN_POINT('',(0.885922742093381,-4.14165,0.299999999999996));
#9546=CARTESIAN_POINT('',(0.885922742093381,-2.29250005722046,0.299999999999995));
#9547=CARTESIAN_POINT('',(0.0665588240299081,-4.14165,2.27728734264345));
#9548=CARTESIAN_POINT('Origin',(0.219119944635203,-4.14165,2.34045364436733));
#9549=CARTESIAN_POINT('',(1.24339568353236,-4.14165,0.299999999999996));
#9550=CARTESIAN_POINT('',(0.402060124905493,-4.14165,0.299999999999995));
#9551=CARTESIAN_POINT('',(0.371681065240498,-4.14165,2.4036199460912));
#9552=CARTESIAN_POINT('Origin',(0.219119944635203,-4.14165,2.34045364436733));
#9553=CARTESIAN_POINT('',(-0.813067582483845,-4.14165,4.4));
#9554=CARTESIAN_POINT('',(0.402060124905491,-4.14165,4.4));
#9555=CARTESIAN_POINT('',(0.0665588240299081,-4.14165,2.27728734264345));
#9556=CARTESIAN_POINT('Origin',(0.585000305175779,0.557499885559082,4.4));
#9557=CARTESIAN_POINT('',(-1.42854735738066,-4.37750011444092,4.4));
#9558=CARTESIAN_POINT('',(-1.42854735738066,0.577499942779541,4.39999999999999));
#9559=CARTESIAN_POINT('',(-0.813067582483845,-4.37750011444092,4.4));
#9560=CARTESIAN_POINT('',(0.585000305175779,-4.37750011444092,4.4));
#9561=CARTESIAN_POINT('',(-0.813067582483846,-2.29250005722046,4.4));
#9562=CARTESIAN_POINT('Origin',(0.585000305175779,-4.37750011444092,2.35));
#9563=CARTESIAN_POINT('',(1.24339568353236,-4.37750011444092,0.299999999999995));
#9564=CARTESIAN_POINT('',(0.39679380486239,-4.37750011444092,2.3430179338488));
#9565=CARTESIAN_POINT('',(1.88592274209338,-4.37750011444092,0.299999999999996));
#9566=CARTESIAN_POINT('',(0.58500030517578,-4.37750011444092,0.299999999999995));
#9567=CARTESIAN_POINT('',(1.01841445508535,-4.37750011444092,2.39346923598167));
#9568=CARTESIAN_POINT('Origin',(-1.42854735738066,0.597500000000001,5.25));
#9569=CARTESIAN_POINT('',(-1.42854735738066,-4.14165,4.24915));
#9570=CARTESIAN_POINT('',(-1.42854735738066,0.5975,4.24915));
#9571=CARTESIAN_POINT('',(-1.42854735738066,-4.14165,4.33472955000443));
#9572=CARTESIAN_POINT('',(-1.42854735738066,-4.14165,3.79522682218366));
#9573=CARTESIAN_POINT('',(-1.42854735738066,-4.37750011444092,4.33472955000443));
#9574=CARTESIAN_POINT('',(-1.42854735738066,-2.2725,4.33472955000443));
#9575=CARTESIAN_POINT('',(-1.42854735738066,-4.37750011444092,3.8));
#9576=CARTESIAN_POINT('Origin',(-1.59439735738066,0.5975,4.24915));
#9577=CARTESIAN_POINT('',(-1.76024735738065,-4.37750011444092,4.24915));
#9578=CARTESIAN_POINT('',(-1.76024735738066,0.5975,4.24915));
#9579=CARTESIAN_POINT('',(-1.75055717017593,-4.37750011444092,4.24915));
#9580=CARTESIAN_POINT('',(-0.504698526102438,-4.37750011444092,4.24915));
#9581=CARTESIAN_POINT('',(-1.75055717017593,-4.14165,4.24915));
#9582=CARTESIAN_POINT('',(-1.75055717017593,-2.2725,4.24915));
#9583=CARTESIAN_POINT('',(-1.18763870637273,-4.14165,4.24915));
#9584=CARTESIAN_POINT('Origin',(-1.76024735738066,0.597500000000001,5.25));
#9585=CARTESIAN_POINT('',(-1.76024735738065,-4.14165,4.4));
#9586=CARTESIAN_POINT('',(-1.76024735738066,0.577499942779541,4.39999999999999));
#9587=CARTESIAN_POINT('',(-1.76024735738065,-4.14165,4.27253434007814));
#9588=CARTESIAN_POINT('',(-1.76024735738065,-4.14165,3.79522682218366));
#9589=CARTESIAN_POINT('',(-1.76024735738065,-4.37750011444092,4.27253434007814));
#9590=CARTESIAN_POINT('',(-1.76024735738065,-2.2725,4.27253434007814));
#9591=CARTESIAN_POINT('',(-1.76024735738065,-4.37750011444092,3.8));
#9592=CARTESIAN_POINT('Origin',(0.585000305175779,-4.37750011444092,2.35));
#9593=CARTESIAN_POINT('',(0.0916903705895144,-4.37750011444092,2.21663994553715));
#9594=CARTESIAN_POINT('',(0.243395683532359,-4.37750011444092,0.299999999999995));
#9595=CARTESIAN_POINT('',(-0.529930279633444,-4.37750011444092,2.16618864340429));
#9596=CARTESIAN_POINT('',(0.58500030517578,-4.37750011444092,0.299999999999995));
#9597=CARTESIAN_POINT('Origin',(-0.628318934759502,-5.1425,2.4036199460912));
#9598=CARTESIAN_POINT('',(0.243395683532359,-4.14165,0.299999999999995));
#9599=CARTESIAN_POINT('',(-0.628318934759502,-4.14165,2.4036199460912));
#9600=CARTESIAN_POINT('',(0.243395683532359,-2.29250005722046,0.299999999999995));
#9601=CARTESIAN_POINT('Origin',(-0.780880055364797,-4.14165,2.34045364436732));
#9602=CARTESIAN_POINT('',(-0.114077257906619,-4.14165,0.299999999999995));
#9603=CARTESIAN_POINT('',(-0.933441175970092,-4.14165,2.27728734264345));
#9604=CARTESIAN_POINT('',(-0.0979398750945073,-4.14165,0.299999999999995));
#9605=CARTESIAN_POINT('Origin',(-0.933441175970092,-5.1425,2.27728734264345));
#9606=CARTESIAN_POINT('',(-0.114077257906618,-4.37750011444092,0.299999999999995));
#9607=CARTESIAN_POINT('',(-0.83503371390632,-4.37750011444092,2.03981065509264));
#9608=CARTESIAN_POINT('',(-0.114077257906619,-2.29250005722046,0.299999999999995));
#9609=CARTESIAN_POINT('Origin',(-0.933441175970092,-5.1425,2.27728734264345));
#9610=CARTESIAN_POINT('',(-1.81306758248385,-4.14165,4.4));
#9611=CARTESIAN_POINT('',(-0.933441175970092,-4.14165,2.27728734264345));
#9612=CARTESIAN_POINT('',(-1.81306758248385,-4.37750011444092,4.4));
#9613=CARTESIAN_POINT('',(-1.81306758248385,-2.29250005722046,4.4));
#9614=CARTESIAN_POINT('',(-0.83503371390632,-4.37750011444092,2.03981065509264));
#9615=CARTESIAN_POINT('Origin',(-0.780880055364797,-4.14165,2.34045364436732));
#9616=CARTESIAN_POINT('',(-0.0979398750945088,-4.14165,4.4));
#9617=CARTESIAN_POINT('Origin',(0.585000305175779,0.557499885559082,4.4));
#9618=CARTESIAN_POINT('',(-6.93999969482422,-4.37750011444092,4.39999999999999));
#9619=CARTESIAN_POINT('',(-6.93999969482422,0.557499885559082,4.39999999999999));
#9620=CARTESIAN_POINT('',(0.585000305175779,-4.37750011444092,4.4));
#9621=CARTESIAN_POINT('',(-6.4135162363445,-3.12447360050965,4.39999999999999));
#9622=CARTESIAN_POINT('Origin',(-5.6626662363445,-3.12447360050965,4.39999999999999));
#9623=CARTESIAN_POINT('Origin',(0.585000305175779,-4.37750011444092,2.35));
#9624=CARTESIAN_POINT('',(-6.93999969482422,-4.37750011444092,0.299999999999992));
#9625=CARTESIAN_POINT('',(-6.93999969482422,-4.37750011444092,2.34999999999999));
#9626=CARTESIAN_POINT('',(0.58500030517578,-4.37750011444092,0.299999999999995));
#9627=CARTESIAN_POINT('',(-3.08914969482422,-4.37750011444092,1.99914999999999));
#9628=CARTESIAN_POINT('',(-4.69084969482422,-4.37750011444092,1.99914999999999));
#9629=CARTESIAN_POINT('',(-1.65249969482422,-4.37750011444092,1.99914999999999));
#9630=CARTESIAN_POINT('',(-4.69084969482422,-4.37750011444092,3.74954985805132));
#9631=CARTESIAN_POINT('',(-4.69084969482422,-4.37750011444092,2.61217496451282));
#9632=CARTESIAN_POINT('',(-3.08914969482422,-4.37750011444092,3.74954985805132));
#9633=CARTESIAN_POINT('',(-1.65249969482422,-4.37750011444092,3.74954985805132));
#9634=CARTESIAN_POINT('',(-3.08914969482422,-4.37750011444092,2.61217496451282));
#9635=CARTESIAN_POINT('',(-1.68914969482422,-4.37750011444092,1.99914999999999));
#9636=CARTESIAN_POINT('',(-2.69084969482422,-4.37750011444092,1.99914999999999));
#9637=CARTESIAN_POINT('',(-0.802499694824221,-4.37750011444092,1.99914999999999));
#9638=CARTESIAN_POINT('',(-2.69084969482422,-4.37750011444092,2.50084999999999));
#9639=CARTESIAN_POINT('',(-2.69084969482422,-4.37750011444092,2.29999999999999));
#9640=CARTESIAN_POINT('',(-1.68914969482422,-4.37750011444092,2.50084999999999));
#9641=CARTESIAN_POINT('',(-0.802499694824221,-4.37750011444092,2.50084999999999));
#9642=CARTESIAN_POINT('',(-1.68914969482422,-4.37750011444092,2.29999999999999));
#9643=CARTESIAN_POINT('',(-5.74084969482422,-4.37750011444092,2.34197128171276));
#9644=CARTESIAN_POINT('',(-5.48914969482422,-4.37750011444092,2.34197128171276));
#9645=CARTESIAN_POINT('',(-2.51499969482422,-4.37750011444092,2.34197128171276));
#9646=CARTESIAN_POINT('',(-5.48914969482422,-4.37750011444092,2.09027128171276));
#9647=CARTESIAN_POINT('',(-5.48914969482422,-4.37750011444092,2.28306064085638));
#9648=CARTESIAN_POINT('',(-5.74084969482422,-4.37750011444092,2.09027128171276));
#9649=CARTESIAN_POINT('',(-2.51499969482422,-4.37750011444092,2.09027128171276));
#9650=CARTESIAN_POINT('',(-5.74084969482422,-4.37750011444092,2.28306064085638));
#9651=CARTESIAN_POINT('Origin',(0.0665588240299081,-5.1425,2.27728734264345));
#9652=CARTESIAN_POINT('Origin',(0.371681065240498,-5.1425,2.4036199460912));
#9653=CARTESIAN_POINT('',(1.24339568353236,-2.29250005722046,0.299999999999995));
#9654=CARTESIAN_POINT('Origin',(1.06655882402991,-5.1425,2.27728734264345));
#9655=CARTESIAN_POINT('',(1.06655882402991,-4.14165,2.27728734264345));
#9656=CARTESIAN_POINT('',(1.88592274209338,-2.29250005722046,0.299999999999995));
#9657=CARTESIAN_POINT('Origin',(1.2191199446352,-4.14165,2.34045364436733));
#9658=CARTESIAN_POINT('Origin',(0.585000305175779,-4.37750011444092,2.35));
#9659=CARTESIAN_POINT('',(2.88592274209338,-4.37750011444092,0.299999999999996));
#9660=CARTESIAN_POINT('',(0.58500030517578,-4.37750011444092,0.299999999999995));
#9661=CARTESIAN_POINT('',(1.94513853958118,-4.37750011444092,2.57029852642618));
#9662=CARTESIAN_POINT('Origin',(2.06655882402991,-5.1425,2.27728734264345));
#9663=CARTESIAN_POINT('',(2.06655882402991,-4.14165,2.27728734264345));
#9664=CARTESIAN_POINT('',(2.88592274209338,-2.29250005722046,0.299999999999995));
#9665=CARTESIAN_POINT('Origin',(2.2191199446352,-4.14165,2.34045364436733));
#9666=CARTESIAN_POINT('Origin',(0.585000305175779,-4.37750011444092,2.35));
#9667=CARTESIAN_POINT('',(3.88592274209338,-4.37750011444092,0.299999999999996));
#9668=CARTESIAN_POINT('',(0.58500030517578,-4.37750011444092,0.299999999999995));
#9669=CARTESIAN_POINT('',(2.87186262407702,-4.37750011444092,2.74712781687069));
#9670=CARTESIAN_POINT('Origin',(3.06655882402991,-5.1425,2.27728734264345));
#9671=CARTESIAN_POINT('',(3.06655882402991,-4.14165,2.27728734264345));
#9672=CARTESIAN_POINT('',(3.88592274209338,-2.29250005722046,0.299999999999996));
#9673=CARTESIAN_POINT('Origin',(3.2191199446352,-4.14165,2.34045364436733));
#9674=CARTESIAN_POINT('Origin',(0.585000305175779,-4.37750011444092,2.35));
#9675=CARTESIAN_POINT('',(4.88592274209338,-4.37750011444092,0.299999999999997));
#9676=CARTESIAN_POINT('',(0.58500030517578,-4.37750011444092,0.299999999999995));
#9677=CARTESIAN_POINT('',(3.79858670857285,-4.37750011444092,2.9239571073152));
#9678=CARTESIAN_POINT('Origin',(4.06655882402991,-5.1425,2.27728734264345));
#9679=CARTESIAN_POINT('',(4.06655882402991,-4.14165,2.27728734264345));
#9680=CARTESIAN_POINT('',(4.88592274209338,-2.29250005722046,0.299999999999996));
#9681=CARTESIAN_POINT('Origin',(4.2191199446352,-4.14165,2.34045364436733));
#9682=CARTESIAN_POINT('Origin',(0.585000305175779,-4.37750011444092,2.35));
#9683=CARTESIAN_POINT('',(8.11000030517578,-4.37750011444092,0.299999999999998));
#9684=CARTESIAN_POINT('',(0.58500030517578,-4.37750011444092,0.299999999999995));
#9685=CARTESIAN_POINT('',(8.11000030517578,-4.37750011444092,2.35));
#9686=CARTESIAN_POINT('Origin',(-5.61499969482422,-4.915,2.09027128171276));
#9687=CARTESIAN_POINT('',(-5.74084969482422,-4.07835011444092,2.09027128171276));
#9688=CARTESIAN_POINT('',(-5.48914969482422,-4.07835011444092,2.09027128171276));
#9689=CARTESIAN_POINT('',(-2.51499969482422,-4.07835011444092,2.09027128171276));
#9690=CARTESIAN_POINT('',(-5.74084969482422,-4.915,2.09027128171276));
#9691=CARTESIAN_POINT('',(-5.48914969482422,-4.915,2.09027128171276));
#9692=CARTESIAN_POINT('Origin',(-5.48914969482422,-4.915,2.21612128171276));
#9693=CARTESIAN_POINT('',(-5.48914969482422,-4.07835011444092,2.34197128171276));
#9694=CARTESIAN_POINT('',(-5.48914969482422,-4.07835011444092,2.15806064085638));
#9695=CARTESIAN_POINT('',(-5.48914969482422,-4.915,2.34197128171276));
#9696=CARTESIAN_POINT('Origin',(-5.61499969482422,-4.915,2.34197128171276));
#9697=CARTESIAN_POINT('',(-5.74084969482422,-4.07835011444092,2.34197128171276));
#9698=CARTESIAN_POINT('',(-2.51499969482422,-4.07835011444092,2.34197128171276));
#9699=CARTESIAN_POINT('',(-5.74084969482422,-4.915,2.34197128171276));
#9700=CARTESIAN_POINT('Origin',(-5.74084969482422,-4.915,2.21612128171276));
#9701=CARTESIAN_POINT('',(-5.74084969482422,-4.07835011444092,2.15806064085638));
#9702=CARTESIAN_POINT('Origin',(7.95000030517578,-4.22000007629395,1.66085));
#9703=CARTESIAN_POINT('',(8.06085030517578,-4.22000007629395,0.299999999999998));
#9704=CARTESIAN_POINT('Origin',(7.95000030517578,-4.22000007629395,0.299999999999998));
#9705=CARTESIAN_POINT('',(8.06085030517578,-4.22000007629395,1.66085));
#9706=CARTESIAN_POINT('',(8.06085030517578,-4.22000007629395,1.66085));
#9707=CARTESIAN_POINT('Origin',(7.95000030517578,-4.22000007629395,1.66085));
#9708=CARTESIAN_POINT('Origin',(7.95000030517578,-4.22000007629395,1.66085));
#9709=CARTESIAN_POINT('Origin',(-6.77999969482422,-4.22000007629395,1.66084999999999));
#9710=CARTESIAN_POINT('',(-6.66914969482422,-4.22000007629395,0.299999999999993));
#9711=CARTESIAN_POINT('Origin',(-6.77999969482422,-4.22000007629395,0.299999999999993));
#9712=CARTESIAN_POINT('',(-6.66914969482422,-4.22000007629395,1.66084999999999));
#9713=CARTESIAN_POINT('',(-6.66914969482422,-4.22000007629395,1.66084999999999));
#9714=CARTESIAN_POINT('Origin',(-6.77999969482422,-4.22000007629395,1.66084999999999));
#9715=CARTESIAN_POINT('Origin',(-6.77999969482422,-4.22000007629395,1.66084999999999));
#9716=CARTESIAN_POINT('Origin',(-6.77999969482422,5.32999992370605,1.66084999999999));
#9717=CARTESIAN_POINT('',(-6.66914969482422,5.32999992370605,0.299999999999991));
#9718=CARTESIAN_POINT('Origin',(-6.77999969482422,5.32999992370605,0.299999999999991));
#9719=CARTESIAN_POINT('',(-6.66914969482422,5.32999992370605,1.66084999999999));
#9720=CARTESIAN_POINT('',(-6.66914969482422,5.32999992370605,1.66084999999999));
#9721=CARTESIAN_POINT('Origin',(-6.77999969482422,5.32999992370605,1.66084999999999));
#9722=CARTESIAN_POINT('Origin',(-6.77999969482422,5.32999992370605,1.66084999999999));
#9723=CARTESIAN_POINT('Origin',(7.95000030517578,5.32999992370605,1.66084999999999));
#9724=CARTESIAN_POINT('',(8.06085030517578,5.32999992370605,0.299999999999996));
#9725=CARTESIAN_POINT('Origin',(7.95000030517578,5.32999992370605,0.299999999999996));
#9726=CARTESIAN_POINT('',(8.06085030517578,5.32999992370605,1.66084999999999));
#9727=CARTESIAN_POINT('',(8.06085030517578,5.32999992370605,1.66084999999999));
#9728=CARTESIAN_POINT('Origin',(7.95000030517578,5.32999992370605,1.66084999999999));
#9729=CARTESIAN_POINT('Origin',(7.95000030517578,5.32999992370605,1.66084999999999));
#9730=CARTESIAN_POINT('Origin',(-5.6626662363445,-3.12447360050965,2.94915));
#9731=CARTESIAN_POINT('',(-6.4135162363445,-3.12447360050965,3.90084999999999));
#9732=CARTESIAN_POINT('Origin',(-5.6626662363445,-3.12447360050965,3.90084999999999));
#9733=CARTESIAN_POINT('',(-6.4135162363445,-3.12447360050965,2.94915));
#9734=CARTESIAN_POINT('Origin',(6.71000030517578,-3.46000007629395,3.21461970325487));
#9735=CARTESIAN_POINT('',(6.71000030517578,-4.07835011444092,3.90085));
#9736=CARTESIAN_POINT('',(6.71000030517578,-4.07835011444092,2.1));
#9737=CARTESIAN_POINT('',(6.71000030517578,-4.07835011444092,2.65730985162743));
#9738=CARTESIAN_POINT('',(6.71000030517578,-2.81000007629394,3.90085));
#9739=CARTESIAN_POINT('',(6.71000030517578,-1.45125009536743,3.90085));
#9740=CARTESIAN_POINT('',(6.71000030517578,-2.81000007629395,2.1));
#9741=CARTESIAN_POINT('',(6.71000030517578,-2.81000007629394,3.21461970325487));
#9742=CARTESIAN_POINT('',(6.71000030517578,-3.46000007629395,2.1));
#9743=CARTESIAN_POINT('Origin',(7.24000030517578,-3.29500007629394,2.68361641605056));
#9744=CARTESIAN_POINT('',(7.35085030517578,-3.29500007629394,2.1));
#9745=CARTESIAN_POINT('Origin',(7.24000030517578,-3.29500007629394,2.1));
#9746=CARTESIAN_POINT('',(7.35085030517578,-3.29500007629394,2.68361641605056));
#9747=CARTESIAN_POINT('',(7.35085030517578,-3.29500007629394,2.68361641605056));
#9748=CARTESIAN_POINT('Origin',(7.24000030517578,-3.29500007629394,2.68361641605056));
#9749=CARTESIAN_POINT('Origin',(7.24000030517578,-3.29500007629394,2.68361641605056));
#9750=CARTESIAN_POINT('Origin',(7.32785041809082,-2.81000007629394,3.21461970325487));
#9751=CARTESIAN_POINT('',(7.81085030517578,-2.81000007629395,2.1));
#9752=CARTESIAN_POINT('',(7.81085030517578,-2.81000007629394,3.90085));
#9753=CARTESIAN_POINT('',(7.81085030517578,-2.81000007629394,2.65730985162743));
#9754=CARTESIAN_POINT('',(7.32785041809082,-2.81000007629395,2.1));
#9755=CARTESIAN_POINT('',(3.9564253616333,-2.81000007629394,3.90085));
#9756=CARTESIAN_POINT('Origin',(7.32785041809082,-3.46000007629395,2.1));
#9757=CARTESIAN_POINT('',(7.81085030517578,-4.07835011444092,2.1));
#9758=CARTESIAN_POINT('',(3.9564253616333,-4.07835011444092,2.1));
#9759=CARTESIAN_POINT('',(7.81085030517578,-1.45125009536743,2.1));
#9760=CARTESIAN_POINT('Origin',(7.81085030517578,0.557499885559082,2.1));
#9761=CARTESIAN_POINT('',(7.81085030517578,3.71214981079102,3.90085));
#9762=CARTESIAN_POINT('',(7.81085030517578,0.557499885559082,3.90085));
#9763=CARTESIAN_POINT('',(7.81085030517578,3.71214981079102,2.1));
#9764=CARTESIAN_POINT('',(7.81085030517578,3.71214981079102,2.65730985162743));
#9765=CARTESIAN_POINT('',(7.81085030517578,5.19334988555908,2.1));
#9766=CARTESIAN_POINT('',(7.81085030517578,2.52428737640381,2.1));
#9767=CARTESIAN_POINT('',(7.81085030517578,5.19334988555908,0.299999999999996));
#9768=CARTESIAN_POINT('',(7.81085030517578,5.19334988555908,2.1));
#9769=CARTESIAN_POINT('',(7.81085030517578,-4.07835011444092,0.299999999999998));
#9770=CARTESIAN_POINT('',(7.81085030517578,0.557499885559082,0.299999999999997));
#9771=CARTESIAN_POINT('',(7.81085030517578,-4.07835011444092,2.1));
#9772=CARTESIAN_POINT('Origin',(6.75785041809082,4.49107486724854,3.21461970325487));
#9773=CARTESIAN_POINT('',(6.75785041809082,5.19334988555908,3.90085));
#9774=CARTESIAN_POINT('',(6.75785041809082,3.71214981079102,3.90085));
#9775=CARTESIAN_POINT('',(6.75785041809082,2.52428737640381,3.90085));
#9776=CARTESIAN_POINT('',(6.75785041809082,5.19334988555908,2.1));
#9777=CARTESIAN_POINT('',(6.75785041809082,5.19334988555908,2.65730985162743));
#9778=CARTESIAN_POINT('',(6.75785041809082,3.71214981079102,2.1));
#9779=CARTESIAN_POINT('',(6.75785041809082,4.49107486724854,2.1));
#9780=CARTESIAN_POINT('',(6.75785041809082,3.71214981079102,3.21461970325487));
#9781=CARTESIAN_POINT('Origin',(7.40785041809082,4.49107486724854,2.1));
#9782=CARTESIAN_POINT('',(3.9964253616333,5.19334988555908,2.1));
#9783=CARTESIAN_POINT('',(7.40785041809082,3.71214981079102,2.1));
#9784=CARTESIAN_POINT('',(7.24285041809082,4.36965104003276,2.1));
#9785=CARTESIAN_POINT('Origin',(7.24285041809082,4.25593911000684,2.1));
#9786=CARTESIAN_POINT('Ctrl Pts',(7.24285041809082,4.36965104003276,2.1));
#9787=CARTESIAN_POINT('Ctrl Pts',(7.13200041809082,4.36965104003276,2.1));
#9788=CARTESIAN_POINT('Ctrl Pts',(7.13200041809082,4.25593911000684,2.1));
#9789=CARTESIAN_POINT('Ctrl Pts',(7.13200041809082,4.14222717998091,2.1));
#9790=CARTESIAN_POINT('Ctrl Pts',(7.24285041809082,4.14222717998091,2.1));
#9791=CARTESIAN_POINT('Ctrl Pts',(7.35370041809082,4.14222717998091,2.1));
#9792=CARTESIAN_POINT('Ctrl Pts',(7.35370041809082,4.25593911000684,2.1));
#9793=CARTESIAN_POINT('Ctrl Pts',(7.35370041809082,4.36965104003276,2.1));
#9794=CARTESIAN_POINT('Ctrl Pts',(7.24285041809082,4.36965104003276,2.1));
#9795=CARTESIAN_POINT('Ctrl Pts',(7.24285041809082,4.36965104003276,2.68361641605056));
#9796=CARTESIAN_POINT('Ctrl Pts',(7.13200041809082,4.36965104003276,2.68361641605056));
#9797=CARTESIAN_POINT('Ctrl Pts',(7.13200041809082,4.25593911000684,2.68361641605056));
#9798=CARTESIAN_POINT('Ctrl Pts',(7.13200041809082,4.14222717998091,2.68361641605056));
#9799=CARTESIAN_POINT('Ctrl Pts',(7.24285041809082,4.14222717998091,2.68361641605056));
#9800=CARTESIAN_POINT('Ctrl Pts',(7.35370041809082,4.14222717998091,2.68361641605056));
#9801=CARTESIAN_POINT('Ctrl Pts',(7.35370041809082,4.25593911000684,2.68361641605056));
#9802=CARTESIAN_POINT('Ctrl Pts',(7.35370041809082,4.36965104003276,2.68361641605056));
#9803=CARTESIAN_POINT('Ctrl Pts',(7.24285041809082,4.36965104003276,2.68361641605056));
#9804=CARTESIAN_POINT('',(7.24285041809082,4.36965104003276,2.68361641605056));
#9805=CARTESIAN_POINT('',(7.24285041809082,4.36965104003276,2.68361641605056));
#9806=CARTESIAN_POINT('Origin',(7.24285041809082,4.25593911000684,2.68361641605056));
#9807=CARTESIAN_POINT('Origin',(7.24285041809082,4.25593911000684,2.68361641605056));
#9808=CARTESIAN_POINT('Origin',(7.40785041809082,3.71214981079102,3.21461970325487));
#9809=CARTESIAN_POINT('',(3.9964253616333,3.71214981079102,3.90085));
#9810=CARTESIAN_POINT('Origin',(0.585000305175779,0.557499885559082,3.90084999999999));
#9811=CARTESIAN_POINT('',(-0.254299468994144,-4.07835011444092,3.90085));
#9812=CARTESIAN_POINT('',(0.585000305175779,-4.07835011444092,3.90085));
#9813=CARTESIAN_POINT('',(-0.254299468994144,-2.81000007629395,3.90085));
#9814=CARTESIAN_POINT('',(-0.254299468994144,-1.45125009536743,3.90084999999999));
#9815=CARTESIAN_POINT('',(-1.48999969482422,-2.81000007629395,3.90084999999999));
#9816=CARTESIAN_POINT('',(-0.143574638366702,-2.81000007629395,3.90085));
#9817=CARTESIAN_POINT('',(-1.48999969482422,-4.07835011444092,3.90084999999999));
#9818=CARTESIAN_POINT('',(-1.48999969482422,-1.45125009536743,3.90084999999999));
#9819=CARTESIAN_POINT('',(-6.64084969482422,-4.07835011444092,3.90084999999999));
#9820=CARTESIAN_POINT('',(0.585000305175779,-4.07835011444092,3.90085));
#9821=CARTESIAN_POINT('',(-6.64084969482422,3.70214981079102,3.90084999999999));
#9822=CARTESIAN_POINT('',(-6.64084969482422,0.557499885559082,3.90084999999999));
#9823=CARTESIAN_POINT('',(-5.15214958190918,3.70214981079102,3.90084999999999));
#9824=CARTESIAN_POINT('',(-2.67803716659546,3.70214981079102,3.90084999999999));
#9825=CARTESIAN_POINT('',(-5.15214958190918,5.19334988555908,3.90084999999999));
#9826=CARTESIAN_POINT('',(-5.15214958190918,2.51928737640381,3.90084999999999));
#9827=CARTESIAN_POINT('',(0.585000305175779,5.19334988555908,3.90084999999999));
#9828=CARTESIAN_POINT('Origin',(-5.9410746383667,4.48107486724854,2.09999999999999));
#9829=CARTESIAN_POINT('',(-6.64084969482422,5.19334988555908,2.09999999999999));
#9830=CARTESIAN_POINT('',(-6.64084969482422,3.70214981079102,2.09999999999999));
#9831=CARTESIAN_POINT('',(-6.64084969482422,2.51928737640381,2.09999999999999));
#9832=CARTESIAN_POINT('',(-5.15214958190918,5.19334988555908,2.09999999999999));
#9833=CARTESIAN_POINT('',(-2.67803716659546,5.19334988555908,2.09999999999999));
#9834=CARTESIAN_POINT('',(-5.15214958190918,3.70214981079102,2.09999999999999));
#9835=CARTESIAN_POINT('',(-5.15214958190918,4.48107486724854,2.09999999999999));
#9836=CARTESIAN_POINT('',(-5.9410746383667,3.70214981079102,2.09999999999999));
#9837=CARTESIAN_POINT('',(-5.96714958190918,4.35965104003276,2.09999999999999));
#9838=CARTESIAN_POINT('Origin',(-5.96714958190918,4.24593911000684,2.09999999999999));
#9839=CARTESIAN_POINT('Origin',(-5.15214958190918,4.48107486724854,3.21461970325486));
#9840=CARTESIAN_POINT('',(-5.15214958190918,5.19334988555908,2.65730985162743));
#9841=CARTESIAN_POINT('',(-5.15214958190918,3.70214981079102,3.21461970325486));
#9842=CARTESIAN_POINT('Ctrl Pts',(-5.96714958190918,4.35965104003276,2.09999999999999));
#9843=CARTESIAN_POINT('Ctrl Pts',(-6.07799958190918,4.35965104003276,2.09999999999999));
#9844=CARTESIAN_POINT('Ctrl Pts',(-6.07799958190918,4.24593911000684,2.09999999999999));
#9845=CARTESIAN_POINT('Ctrl Pts',(-6.07799958190918,4.13222717998091,2.09999999999999));
#9846=CARTESIAN_POINT('Ctrl Pts',(-5.96714958190918,4.13222717998091,2.09999999999999));
#9847=CARTESIAN_POINT('Ctrl Pts',(-5.85629958190918,4.13222717998091,2.09999999999999));
#9848=CARTESIAN_POINT('Ctrl Pts',(-5.85629958190918,4.24593911000684,2.09999999999999));
#9849=CARTESIAN_POINT('Ctrl Pts',(-5.85629958190918,4.35965104003276,2.09999999999999));
#9850=CARTESIAN_POINT('Ctrl Pts',(-5.96714958190918,4.35965104003276,2.09999999999999));
#9851=CARTESIAN_POINT('Ctrl Pts',(-5.96714958190918,4.35965104003276,2.68361641605055));
#9852=CARTESIAN_POINT('Ctrl Pts',(-6.07799958190918,4.35965104003276,2.68361641605055));
#9853=CARTESIAN_POINT('Ctrl Pts',(-6.07799958190918,4.24593911000684,2.68361641605055));
#9854=CARTESIAN_POINT('Ctrl Pts',(-6.07799958190918,4.13222717998091,2.68361641605055));
#9855=CARTESIAN_POINT('Ctrl Pts',(-5.96714958190918,4.13222717998091,2.68361641605055));
#9856=CARTESIAN_POINT('Ctrl Pts',(-5.85629958190918,4.13222717998091,2.68361641605055));
#9857=CARTESIAN_POINT('Ctrl Pts',(-5.85629958190918,4.24593911000684,2.68361641605055));
#9858=CARTESIAN_POINT('Ctrl Pts',(-5.85629958190918,4.35965104003276,2.68361641605055));
#9859=CARTESIAN_POINT('Ctrl Pts',(-5.96714958190918,4.35965104003276,2.68361641605055));
#9860=CARTESIAN_POINT('',(-5.96714958190918,4.35965104003276,2.68361641605055));
#9861=CARTESIAN_POINT('',(-5.96714958190918,4.35965104003276,2.68361641605055));
#9862=CARTESIAN_POINT('Origin',(-5.96714958190918,4.24593911000684,2.68361641605055));
#9863=CARTESIAN_POINT('Origin',(-5.96714958190918,4.24593911000684,2.68361641605055));
#9864=CARTESIAN_POINT('Origin',(-5.9410746383667,3.70214981079102,3.21461970325486));
#9865=CARTESIAN_POINT('',(-6.64084969482422,3.70214981079102,2.65730985162743));
#9866=CARTESIAN_POINT('Origin',(-6.64084969482422,0.557499885559082,2.09999999999999));
#9867=CARTESIAN_POINT('',(-6.64084969482422,-4.07835011444092,0.299999999999993));
#9868=CARTESIAN_POINT('',(-6.64084969482422,-4.07835011444092,2.09999999999999));
#9869=CARTESIAN_POINT('',(-6.64084969482422,5.19334988555908,0.299999999999991));
#9870=CARTESIAN_POINT('',(-6.64084969482422,0.557499885559082,0.299999999999992));
#9871=CARTESIAN_POINT('',(-6.64084969482422,5.19334988555908,2.09999999999999));
#9872=CARTESIAN_POINT('Origin',(-0.254299468994144,-3.46000007629395,3.21461970325487));
#9873=CARTESIAN_POINT('',(-0.254299468994144,-4.07835011444092,2.1));
#9874=CARTESIAN_POINT('',(-0.254299468994144,-4.07835011444092,2.65730985162743));
#9875=CARTESIAN_POINT('',(-0.254299468994144,-2.81000007629395,2.1));
#9876=CARTESIAN_POINT('',(-0.254299468994144,-3.46000007629395,2.1));
#9877=CARTESIAN_POINT('',(-0.254299468994144,-2.81000007629395,3.21461970325487));
#9878=CARTESIAN_POINT('Origin',(-0.872149581909182,-3.46000007629395,2.1));
#9879=CARTESIAN_POINT('',(-1.48999969482422,-4.07835011444092,2.1));
#9880=CARTESIAN_POINT('',(-0.143574638366701,-4.07835011444092,2.1));
#9881=CARTESIAN_POINT('',(-1.48999969482422,-2.81000007629395,2.1));
#9882=CARTESIAN_POINT('',(-1.48999969482422,-3.46000007629395,2.1));
#9883=CARTESIAN_POINT('',(-0.872149581909182,-2.81000007629395,2.1));
#9884=CARTESIAN_POINT('',(-0.849149694824223,-3.29500007629395,2.1));
#9885=CARTESIAN_POINT('Origin',(-0.959999694824224,-3.29500007629395,2.1));
#9886=CARTESIAN_POINT('Origin',(-0.959999694824224,-3.29500007629395,2.68361641605055));
#9887=CARTESIAN_POINT('',(-0.849149694824224,-3.29500007629395,2.68361641605055));
#9888=CARTESIAN_POINT('',(-0.849149694824224,-3.29500007629395,2.68361641605055));
#9889=CARTESIAN_POINT('Origin',(-0.959999694824224,-3.29500007629395,2.68361641605055));
#9890=CARTESIAN_POINT('Origin',(-0.959999694824224,-3.29500007629395,2.68361641605055));
#9891=CARTESIAN_POINT('Origin',(-0.872149581909182,-2.81000007629395,3.21461970325486));
#9892=CARTESIAN_POINT('',(-1.48999969482422,-2.81000007629395,3.21461970325486));
#9893=CARTESIAN_POINT('Origin',(-1.48999969482422,-3.46000007629395,3.21461970325486));
#9894=CARTESIAN_POINT('',(-1.48999969482422,-4.07835011444092,2.65730985162743));
#9895=CARTESIAN_POINT('Origin',(2.06000030517578,5.18999992370605,2.30084999999999));
#9896=CARTESIAN_POINT('',(1.30915030517578,5.19334988555908,2.30084999999999));
#9897=CARTESIAN_POINT('',(2.81085030517578,5.19334988555908,2.30084999999999));
#9898=CARTESIAN_POINT('',(1.32250030517578,5.19334988555908,2.30084999999999));
#9899=CARTESIAN_POINT('',(1.30915030517578,5.18999992370605,2.30084999999999));
#9900=CARTESIAN_POINT('',(2.81085030517578,5.18999992370606,2.30084999999999));
#9901=CARTESIAN_POINT('Origin',(2.81085030517578,5.18999992370605,2.15));
#9902=CARTESIAN_POINT('',(2.81085030517578,5.19334988555908,1.99915));
#9903=CARTESIAN_POINT('',(2.81085030517578,5.19334988555908,2.12499999999999));
#9904=CARTESIAN_POINT('',(2.81085030517578,5.18999992370605,1.99915));
#9905=CARTESIAN_POINT('Origin',(2.06000030517578,5.18999992370605,1.99914999999999));
#9906=CARTESIAN_POINT('',(1.30915030517578,5.19334988555908,1.99914999999999));
#9907=CARTESIAN_POINT('',(1.32250030517578,5.19334988555908,1.99914999999999));
#9908=CARTESIAN_POINT('',(1.30915030517578,5.18999992370605,1.99914999999999));
#9909=CARTESIAN_POINT('Origin',(1.30915030517578,5.18999992370605,2.14999999999999));
#9910=CARTESIAN_POINT('',(1.30915030517578,5.19334988555908,2.12499999999999));
#9911=CARTESIAN_POINT('Origin',(0.510000305175779,5.18999992370606,2.60084999999999));
#9912=CARTESIAN_POINT('',(0.20915030517578,5.19334988555908,2.60084999999999));
#9913=CARTESIAN_POINT('',(0.810850305175779,5.19334988555908,2.60084999999999));
#9914=CARTESIAN_POINT('',(0.547500305175779,5.19334988555908,2.60084999999999));
#9915=CARTESIAN_POINT('',(0.20915030517578,5.18999992370606,2.60084999999999));
#9916=CARTESIAN_POINT('',(0.810850305175779,5.18999992370606,2.60084999999999));
#9917=CARTESIAN_POINT('Origin',(0.810850305175779,5.18999992370606,2.29999999999999));
#9918=CARTESIAN_POINT('',(0.810850305175779,5.19334988555908,1.99914999999999));
#9919=CARTESIAN_POINT('',(0.810850305175779,5.19334988555908,2.19999999999999));
#9920=CARTESIAN_POINT('',(0.810850305175779,5.18999992370606,1.99914999999999));
#9921=CARTESIAN_POINT('Origin',(0.51000030517578,5.18999992370606,1.99914999999999));
#9922=CARTESIAN_POINT('',(0.20915030517578,5.19334988555908,1.99914999999999));
#9923=CARTESIAN_POINT('',(0.54750030517578,5.19334988555908,1.99914999999999));
#9924=CARTESIAN_POINT('',(0.20915030517578,5.18999992370606,1.99914999999999));
#9925=CARTESIAN_POINT('Origin',(0.20915030517578,5.18999992370606,2.29999999999999));
#9926=CARTESIAN_POINT('',(0.20915030517578,5.19334988555908,2.19999999999999));
#9927=CARTESIAN_POINT('Origin',(-3.73999969482422,5.47374988555908,2.80084999999999));
#9928=CARTESIAN_POINT('',(-4.59084969482422,5.19334988555908,2.80084999999999));
#9929=CARTESIAN_POINT('',(-2.88914969482422,5.19334988555908,2.80084999999999));
#9930=CARTESIAN_POINT('',(-1.57749969482422,5.19334988555908,2.80084999999999));
#9931=CARTESIAN_POINT('',(-4.59084969482422,5.47374988555908,2.80084999999999));
#9932=CARTESIAN_POINT('',(-2.88914969482422,5.47374988555908,2.80084999999999));
#9933=CARTESIAN_POINT('Origin',(-2.88914969482422,5.47374988555908,2.39999999999999));
#9934=CARTESIAN_POINT('',(-2.88914969482422,5.19334988555908,1.99914999999999));
#9935=CARTESIAN_POINT('',(-2.88914969482422,5.19334988555908,2.24999999999999));
#9936=CARTESIAN_POINT('',(-2.88914969482422,5.47374988555908,1.99914999999999));
#9937=CARTESIAN_POINT('Origin',(-3.73999969482422,5.47374988555908,1.99914999999999));
#9938=CARTESIAN_POINT('',(-4.59084969482422,5.19334988555908,1.99914999999999));
#9939=CARTESIAN_POINT('',(-1.57749969482422,5.19334988555908,1.99914999999999));
#9940=CARTESIAN_POINT('',(-4.59084969482422,5.47374988555908,1.99914999999999));
#9941=CARTESIAN_POINT('Origin',(-4.59084969482422,5.47374988555908,2.39999999999999));
#9942=CARTESIAN_POINT('',(-4.59084969482422,5.19334988555908,2.24999999999999));
#9943=CARTESIAN_POINT('Origin',(-1.28999969482422,5.57374988555908,3.70084999999999));
#9944=CARTESIAN_POINT('',(-2.09084969482422,5.19334988555908,3.70084999999999));
#9945=CARTESIAN_POINT('',(-0.489149694824221,5.19334988555908,3.70084999999999));
#9946=CARTESIAN_POINT('',(-0.352499694824221,5.19334988555908,3.70084999999999));
#9947=CARTESIAN_POINT('',(-2.09084969482422,5.57374988555908,3.70084999999999));
#9948=CARTESIAN_POINT('',(-0.489149694824221,5.57374988555908,3.70084999999999));
#9949=CARTESIAN_POINT('Origin',(-0.489149694824221,5.57374988555908,2.82565007097433));
#9950=CARTESIAN_POINT('',(-0.48914969482422,5.19334988555908,1.95045014194867));
#9951=CARTESIAN_POINT('',(-0.489149694824221,5.19334988555908,2.46282503548716));
#9952=CARTESIAN_POINT('',(-0.48914969482422,5.57374988555908,1.95045014194867));
#9953=CARTESIAN_POINT('Origin',(-1.28999969482422,5.57374988555908,1.95045014194867));
#9954=CARTESIAN_POINT('',(-2.09084969482422,5.19334988555908,1.95045014194867));
#9955=CARTESIAN_POINT('',(-0.35249969482422,5.19334988555908,1.95045014194867));
#9956=CARTESIAN_POINT('',(-2.09084969482422,5.57374988555908,1.95045014194867));
#9957=CARTESIAN_POINT('Origin',(-2.09084969482422,5.57374988555908,2.82565007097433));
#9958=CARTESIAN_POINT('',(-2.09084969482422,5.19334988555908,2.46282503548716));
#9959=CARTESIAN_POINT('Origin',(6.21000030517578,5.57374988555908,2.60085));
#9960=CARTESIAN_POINT('',(5.70915030517578,5.19334988555908,2.60085));
#9961=CARTESIAN_POINT('',(6.71085030517578,5.19334988555908,2.60085));
#9962=CARTESIAN_POINT('',(3.39750030517578,5.19334988555908,2.60084999999999));
#9963=CARTESIAN_POINT('',(5.70915030517578,5.57374988555908,2.60085));
#9964=CARTESIAN_POINT('',(6.71085030517578,5.57374988555908,2.60085));
#9965=CARTESIAN_POINT('Origin',(6.71085030517578,5.57374988555908,2.3));
#9966=CARTESIAN_POINT('',(6.71085030517578,5.19334988555908,1.99915));
#9967=CARTESIAN_POINT('',(6.71085030517578,5.19334988555908,2.2));
#9968=CARTESIAN_POINT('',(6.71085030517578,5.57374988555908,1.99915));
#9969=CARTESIAN_POINT('Origin',(6.21000030517578,5.57374988555908,1.99915));
#9970=CARTESIAN_POINT('',(5.70915030517578,5.19334988555908,1.99915));
#9971=CARTESIAN_POINT('',(3.39750030517578,5.19334988555908,1.99914999999999));
#9972=CARTESIAN_POINT('',(5.70915030517578,5.57374988555908,1.99915));
#9973=CARTESIAN_POINT('Origin',(5.70915030517578,5.57374988555908,2.3));
#9974=CARTESIAN_POINT('',(5.70915030517578,5.19334988555908,2.2));
#9975=CARTESIAN_POINT('Origin',(4.16000030517578,5.47374988555907,3.70085));
#9976=CARTESIAN_POINT('',(3.20915030517578,5.19334988555908,3.70085));
#9977=CARTESIAN_POINT('',(5.11085030517579,5.19334988555908,3.70085));
#9978=CARTESIAN_POINT('',(2.37250030517578,5.19334988555908,3.70084999999999));
#9979=CARTESIAN_POINT('',(3.20915030517578,5.47374988555907,3.70085));
#9980=CARTESIAN_POINT('',(5.11085030517579,5.47374988555907,3.70085));
#9981=CARTESIAN_POINT('Origin',(5.11085030517579,5.47374988555907,2.82565007097433));
#9982=CARTESIAN_POINT('',(5.11085030517579,5.19334988555908,1.95045014194867));
#9983=CARTESIAN_POINT('',(5.11085030517579,5.19334988555908,2.46282503548716));
#9984=CARTESIAN_POINT('',(5.11085030517579,5.47374988555907,1.95045014194867));
#9985=CARTESIAN_POINT('Origin',(4.16000030517578,5.47374988555907,1.95045014194867));
#9986=CARTESIAN_POINT('',(3.20915030517578,5.19334988555908,1.95045014194867));
#9987=CARTESIAN_POINT('',(2.37250030517578,5.19334988555908,1.95045014194867));
#9988=CARTESIAN_POINT('',(3.20915030517578,5.47374988555907,1.95045014194867));
#9989=CARTESIAN_POINT('Origin',(3.20915030517578,5.47374988555907,2.82565007097433));
#9990=CARTESIAN_POINT('',(3.20915030517578,5.19334988555908,2.46282503548716));
#9991=CARTESIAN_POINT('Origin',(-2.18999969482422,-4.39375003814697,2.50084999999999));
#9992=CARTESIAN_POINT('',(-1.68914969482422,-4.07835011444092,2.50084999999999));
#9993=CARTESIAN_POINT('',(-2.69084969482422,-4.07835011444092,2.50084999999999));
#9994=CARTESIAN_POINT('',(-0.802499694824221,-4.07835011444092,2.50084999999999));
#9995=CARTESIAN_POINT('',(-1.68914969482422,-4.39375003814697,2.50084999999999));
#9996=CARTESIAN_POINT('',(-2.69084969482422,-4.39375003814697,2.50084999999999));
#9997=CARTESIAN_POINT('Origin',(-2.69084969482422,-4.39375003814697,2.24999999999999));
#9998=CARTESIAN_POINT('',(-2.69084969482422,-4.07835011444092,1.99914999999999));
#9999=CARTESIAN_POINT('',(-2.69084969482422,-4.07835011444092,2.17499999999999));
#10000=CARTESIAN_POINT('',(-2.69084969482422,-4.39375003814697,1.99914999999999));
#10001=CARTESIAN_POINT('Origin',(-2.18999969482422,-4.39375003814697,1.99914999999999));
#10002=CARTESIAN_POINT('',(-1.68914969482422,-4.07835011444092,1.99914999999999));
#10003=CARTESIAN_POINT('',(-0.802499694824221,-4.07835011444092,1.99914999999999));
#10004=CARTESIAN_POINT('',(-1.68914969482422,-4.39375003814697,1.99914999999999));
#10005=CARTESIAN_POINT('Origin',(-1.68914969482422,-4.39375003814697,2.24999999999999));
#10006=CARTESIAN_POINT('',(-1.68914969482422,-4.07835011444092,2.17499999999999));
#10007=CARTESIAN_POINT('Origin',(-3.88999969482422,-4.29375003814697,3.74954985805132));
#10008=CARTESIAN_POINT('',(-3.08914969482422,-4.07835011444092,3.74954985805132));
#10009=CARTESIAN_POINT('',(-4.69084969482422,-4.07835011444092,3.74954985805132));
#10010=CARTESIAN_POINT('',(-1.65249969482422,-4.07835011444092,3.74954985805132));
#10011=CARTESIAN_POINT('',(-3.08914969482422,-4.29375003814697,3.74954985805132));
#10012=CARTESIAN_POINT('',(-4.69084969482422,-4.29375003814697,3.74954985805132));
#10013=CARTESIAN_POINT('Origin',(-4.69084969482422,-4.29375003814697,2.87434992902566));
#10014=CARTESIAN_POINT('',(-4.69084969482422,-4.07835011444092,1.99914999999999));
#10015=CARTESIAN_POINT('',(-4.69084969482422,-4.07835011444092,2.48717496451282));
#10016=CARTESIAN_POINT('',(-4.69084969482422,-4.29375003814697,1.99914999999999));
#10017=CARTESIAN_POINT('Origin',(-3.88999969482422,-4.29375003814697,1.99914999999999));
#10018=CARTESIAN_POINT('',(-3.08914969482422,-4.07835011444092,1.99914999999999));
#10019=CARTESIAN_POINT('',(-1.65249969482422,-4.07835011444092,1.99914999999999));
#10020=CARTESIAN_POINT('',(-3.08914969482422,-4.29375003814697,1.99914999999999));
#10021=CARTESIAN_POINT('Origin',(-3.08914969482422,-4.29375003814697,2.87434992902566));
#10022=CARTESIAN_POINT('',(-3.08914969482422,-4.07835011444092,2.48717496451282));
#10023=CARTESIAN_POINT('Origin',(0.58500030517578,-4.07835011444092,2.1));
#10024=CARTESIAN_POINT('',(0.58500030517578,-4.07835011444092,0.299999999999995));
#10025=CARTESIAN_POINT('Origin',(0.58500030517578,5.19334988555908,2.09999999999999));
#10026=CARTESIAN_POINT('',(0.58500030517578,5.19334988555908,0.299999999999993));
#10027=CARTESIAN_POINT('Origin',(8.11000030517578,0.557499885559082,2.35));
#10028=CARTESIAN_POINT('',(8.11000030517578,0.557499885559082,0.299999999999997));
#10029=CARTESIAN_POINT('Origin',(0.58500030517578,0.557499885559082,0.299999999999994));
#10030=CARTESIAN_POINT('',(-6.93999969482422,0.557499885559082,0.299999999999992));
#10031=CARTESIAN_POINT('Origin',(-6.93999969482422,0.557499885559082,2.34999999999999));
#10032=CARTESIAN_POINT('',(0.,0.,0.));
#10033=CARTESIAN_POINT('',(0.,0.,0.));
#10034=CARTESIAN_POINT('',(0.,0.,0.));
#10035=CARTESIAN_POINT('',(0.,0.,0.));
#10036=CARTESIAN_POINT('',(0.,0.,0.));
#10037=CARTESIAN_POINT('',(0.,0.,0.));
#10038=CARTESIAN_POINT('',(0.,0.,0.));
#10039=UNCERTAINTY_MEASURE_WITH_UNIT(LENGTH_MEASURE(0.001),#10057,
'DISTANCE_ACCURACY_VALUE',
'Maximum model space distance between geometric entities at asserted c
onnectivities');
#10040=UNCERTAINTY_MEASURE_WITH_UNIT(LENGTH_MEASURE(0.001),#10057,
'DISTANCE_ACCURACY_VALUE',
'Maximum model space distance between geometric entities at asserted c
onnectivities');
#10041=UNCERTAINTY_MEASURE_WITH_UNIT(LENGTH_MEASURE(0.001),#10057,
'DISTANCE_ACCURACY_VALUE',
'Maximum model space distance between geometric entities at asserted c
onnectivities');
#10042=UNCERTAINTY_MEASURE_WITH_UNIT(LENGTH_MEASURE(0.001),#10057,
'DISTANCE_ACCURACY_VALUE',
'Maximum model space distance between geometric entities at asserted c
onnectivities');
#10043=UNCERTAINTY_MEASURE_WITH_UNIT(LENGTH_MEASURE(0.001),#10057,
'DISTANCE_ACCURACY_VALUE',
'Maximum model space distance between geometric entities at asserted c
onnectivities');
#10044=UNCERTAINTY_MEASURE_WITH_UNIT(LENGTH_MEASURE(0.001),#10057,
'DISTANCE_ACCURACY_VALUE',
'Maximum model space distance between geometric entities at asserted c
onnectivities');
#10045=UNCERTAINTY_MEASURE_WITH_UNIT(LENGTH_MEASURE(0.001),#10057,
'DISTANCE_ACCURACY_VALUE',
'Maximum model space distance between geometric entities at asserted c
onnectivities');
#10046=UNCERTAINTY_MEASURE_WITH_UNIT(LENGTH_MEASURE(0.001),#10057,
'DISTANCE_ACCURACY_VALUE',
'Maximum model space distance between geometric entities at asserted c
onnectivities');
#10047=UNCERTAINTY_MEASURE_WITH_UNIT(LENGTH_MEASURE(0.001),#10057,
'DISTANCE_ACCURACY_VALUE',
'Maximum model space distance between geometric entities at asserted c
onnectivities');
#10048=(
GEOMETRIC_REPRESENTATION_CONTEXT(3)
GLOBAL_UNCERTAINTY_ASSIGNED_CONTEXT((#10039))
GLOBAL_UNIT_ASSIGNED_CONTEXT((#10057,#10059,#10060))
REPRESENTATION_CONTEXT('','3D')
);
#10049=(
GEOMETRIC_REPRESENTATION_CONTEXT(3)
GLOBAL_UNCERTAINTY_ASSIGNED_CONTEXT((#10040))
GLOBAL_UNIT_ASSIGNED_CONTEXT((#10057,#10059,#10060))
REPRESENTATION_CONTEXT('','3D')
);
#10050=(
GEOMETRIC_REPRESENTATION_CONTEXT(3)
GLOBAL_UNCERTAINTY_ASSIGNED_CONTEXT((#10041))
GLOBAL_UNIT_ASSIGNED_CONTEXT((#10057,#10059,#10060))
REPRESENTATION_CONTEXT('','3D')
);
#10051=(
GEOMETRIC_REPRESENTATION_CONTEXT(3)
GLOBAL_UNCERTAINTY_ASSIGNED_CONTEXT((#10042))
GLOBAL_UNIT_ASSIGNED_CONTEXT((#10057,#10059,#10060))
REPRESENTATION_CONTEXT('','3D')
);
#10052=(
GEOMETRIC_REPRESENTATION_CONTEXT(3)
GLOBAL_UNCERTAINTY_ASSIGNED_CONTEXT((#10043))
GLOBAL_UNIT_ASSIGNED_CONTEXT((#10057,#10059,#10060))
REPRESENTATION_CONTEXT('','3D')
);
#10053=(
GEOMETRIC_REPRESENTATION_CONTEXT(3)
GLOBAL_UNCERTAINTY_ASSIGNED_CONTEXT((#10044))
GLOBAL_UNIT_ASSIGNED_CONTEXT((#10057,#10059,#10060))
REPRESENTATION_CONTEXT('','3D')
);
#10054=(
GEOMETRIC_REPRESENTATION_CONTEXT(3)
GLOBAL_UNCERTAINTY_ASSIGNED_CONTEXT((#10045))
GLOBAL_UNIT_ASSIGNED_CONTEXT((#10057,#10059,#10060))
REPRESENTATION_CONTEXT('','3D')
);
#10055=(
GEOMETRIC_REPRESENTATION_CONTEXT(3)
GLOBAL_UNCERTAINTY_ASSIGNED_CONTEXT((#10046))
GLOBAL_UNIT_ASSIGNED_CONTEXT((#10057,#10059,#10060))
REPRESENTATION_CONTEXT('','3D')
);
#10056=(
GEOMETRIC_REPRESENTATION_CONTEXT(3)
GLOBAL_UNCERTAINTY_ASSIGNED_CONTEXT((#10047))
GLOBAL_UNIT_ASSIGNED_CONTEXT((#10057,#10059,#10060))
REPRESENTATION_CONTEXT('','3D')
);
#10057=(
LENGTH_UNIT()
NAMED_UNIT(*)
SI_UNIT(.CENTI.,.METRE.)
);
#10058=(
LENGTH_UNIT()
NAMED_UNIT(*)
SI_UNIT($,.METRE.)
);
#10059=(
NAMED_UNIT(*)
PLANE_ANGLE_UNIT()
SI_UNIT($,.RADIAN.)
);
#10060=(
NAMED_UNIT(*)
SI_UNIT($,.STERADIAN.)
SOLID_ANGLE_UNIT()
);
#10061=SHAPE_DEFINITION_REPRESENTATION(#10069,#10084);
#10062=SHAPE_DEFINITION_REPRESENTATION(#10070,#10085);
#10063=SHAPE_DEFINITION_REPRESENTATION(#10071,#10086);
#10064=SHAPE_DEFINITION_REPRESENTATION(#10072,#10087);
#10065=SHAPE_DEFINITION_REPRESENTATION(#10073,#10088);
#10066=SHAPE_DEFINITION_REPRESENTATION(#10074,#10089);
#10067=SHAPE_DEFINITION_REPRESENTATION(#10075,#10090);
#10068=SHAPE_DEFINITION_REPRESENTATION(#10076,#10091);
#10069=PRODUCT_DEFINITION_SHAPE('',$,#10093);
#10070=PRODUCT_DEFINITION_SHAPE('',$,#10094);
#10071=PRODUCT_DEFINITION_SHAPE('',$,#10095);
#10072=PRODUCT_DEFINITION_SHAPE('',$,#10096);
#10073=PRODUCT_DEFINITION_SHAPE('',$,#10097);
#10074=PRODUCT_DEFINITION_SHAPE('',$,#10098);
#10075=PRODUCT_DEFINITION_SHAPE('',$,#10099);
#10076=PRODUCT_DEFINITION_SHAPE('',$,#10100);
#10077=PRODUCT_DEFINITION_SHAPE($,$,#32);
#10078=PRODUCT_DEFINITION_SHAPE($,$,#33);
#10079=PRODUCT_DEFINITION_SHAPE($,$,#34);
#10080=PRODUCT_DEFINITION_SHAPE($,$,#35);
#10081=PRODUCT_DEFINITION_SHAPE($,$,#36);
#10082=PRODUCT_DEFINITION_SHAPE($,$,#37);
#10083=PRODUCT_DEFINITION_SHAPE($,$,#38);
#10084=SHAPE_REPRESENTATION('',(#5067,#5363,#5364,#5365,#5366,#5367,#5368,
#5369),#10048);
#10085=SHAPE_REPRESENTATION('',(#5068),#10049);
#10086=SHAPE_REPRESENTATION('',(#5074),#10050);
#10087=SHAPE_REPRESENTATION('',(#5093),#10051);
#10088=SHAPE_REPRESENTATION('',(#5102),#10052);
#10089=SHAPE_REPRESENTATION('',(#5111),#10053);
#10090=SHAPE_REPRESENTATION('',(#5120),#10054);
#10091=SHAPE_REPRESENTATION('',(#5125),#10055);
#10092=PRODUCT_DEFINITION_CONTEXT('part definition',#10118,'design');
#10093=PRODUCT_DEFINITION('2026-09-22-22-02-49-483','Cheesebox case',#10101,
#10092);
#10094=PRODUCT_DEFINITION('2026-09-22-22-02-52-857','Component1',#10102,
#10092);
#10095=PRODUCT_DEFINITION('2026-09-22-22-02-53-063','Component2',#10103,
#10092);
#10096=PRODUCT_DEFINITION('2026-09-22-22-02-53-373','Component3',#10104,
#10092);
#10097=PRODUCT_DEFINITION('2026-09-22-22-02-53-485','Component4',#10105,
#10092);
#10098=PRODUCT_DEFINITION('2026-09-22-22-02-53-600','Component5',#10106,
#10092);
#10099=PRODUCT_DEFINITION('2026-09-22-22-02-53-717','Component6',#10107,
#10092);
#10100=PRODUCT_DEFINITION('2026-09-22-22-02-53-857','Component7',#10108,
#10092);
#10101=PRODUCT_DEFINITION_FORMATION('',$,#10120);
#10102=PRODUCT_DEFINITION_FORMATION('',$,#10121);
#10103=PRODUCT_DEFINITION_FORMATION('',$,#10122);
#10104=PRODUCT_DEFINITION_FORMATION('',$,#10123);
#10105=PRODUCT_DEFINITION_FORMATION('',$,#10124);
#10106=PRODUCT_DEFINITION_FORMATION('',$,#10125);
#10107=PRODUCT_DEFINITION_FORMATION('',$,#10126);
#10108=PRODUCT_DEFINITION_FORMATION('',$,#10127);
#10109=PRODUCT_RELATED_PRODUCT_CATEGORY('Cheesebox case',
'Cheesebox case',(#10120));
#10110=PRODUCT_RELATED_PRODUCT_CATEGORY('Component1','Component1',(#10121));
#10111=PRODUCT_RELATED_PRODUCT_CATEGORY('Component2','Component2',(#10122));
#10112=PRODUCT_RELATED_PRODUCT_CATEGORY('Component3','Component3',(#10123));
#10113=PRODUCT_RELATED_PRODUCT_CATEGORY('Component4','Component4',(#10124));
#10114=PRODUCT_RELATED_PRODUCT_CATEGORY('Component5','Component5',(#10125));
#10115=PRODUCT_RELATED_PRODUCT_CATEGORY('Component6','Component6',(#10126));
#10116=PRODUCT_RELATED_PRODUCT_CATEGORY('Component7','Component7',(#10127));
#10117=APPLICATION_PROTOCOL_DEFINITION('international standard',
'automotive_design',2009,#10118);
#10118=APPLICATION_CONTEXT(
'Core Data for Automotive Mechanical Design Process');
#10119=PRODUCT_CONTEXT('part definition',#10118,'mechanical');
#10120=PRODUCT('2026-09-22-22-02-49-483','Cheesebox case',$,(#10119));
#10121=PRODUCT('2026-09-22-22-02-52-857','Component1',$,(#10119));
#10122=PRODUCT('2026-09-22-22-02-53-063','Component2',$,(#10119));
#10123=PRODUCT('2026-09-22-22-02-53-373','Component3',$,(#10119));
#10124=PRODUCT('2026-09-22-22-02-53-485','Component4',$,(#10119));
#10125=PRODUCT('2026-09-22-22-02-53-600','Component5',$,(#10119));
#10126=PRODUCT('2026-09-22-22-02-53-717','Component6',$,(#10119));
#10127=PRODUCT('2026-09-22-22-02-53-857','Component7',$,(#10119));
#10128=PRESENTATION_STYLE_ASSIGNMENT((#10132));
#10129=PRESENTATION_STYLE_ASSIGNMENT((#10133));
#10130=PRESENTATION_STYLE_ASSIGNMENT((#10134));
#10131=PRESENTATION_STYLE_ASSIGNMENT((#10135));
#10132=SURFACE_STYLE_USAGE(.BOTH.,#10136);
#10133=SURFACE_STYLE_USAGE(.BOTH.,#10137);
#10134=SURFACE_STYLE_USAGE(.BOTH.,#10138);
#10135=SURFACE_STYLE_USAGE(.BOTH.,#10139);
#10136=SURFACE_SIDE_STYLE('',(#10140));
#10137=SURFACE_SIDE_STYLE('',(#10141));
#10138=SURFACE_SIDE_STYLE('',(#10142));
#10139=SURFACE_SIDE_STYLE('',(#10143));
#10140=SURFACE_STYLE_FILL_AREA(#10144);
#10141=SURFACE_STYLE_FILL_AREA(#10145);
#10142=SURFACE_STYLE_FILL_AREA(#10146);
#10143=SURFACE_STYLE_FILL_AREA(#10147);
#10144=FILL_AREA_STYLE('Steel - Satin',(#10148));
#10145=FILL_AREA_STYLE('Base Material - Opaque',(#10149));
#10146=FILL_AREA_STYLE('Base Material - Opaque',(#10150));
#10147=FILL_AREA_STYLE('Acetal Resin (White)',(#10151));
#10148=FILL_AREA_STYLE_COLOUR('Steel - Satin',#10152);
#10149=FILL_AREA_STYLE_COLOUR('Base Material - Opaque',#10153);
#10150=FILL_AREA_STYLE_COLOUR('Base Material - Opaque',#10154);
#10151=FILL_AREA_STYLE_COLOUR('Acetal Resin (White)',#10155);
#10152=COLOUR_RGB('Steel - Satin',0.627450980392157,0.627450980392157,0.627450980392157);
#10153=COLOUR_RGB('Base Material - Opaque',1.,0.,0.);
#10154=COLOUR_RGB('Base Material - Opaque',0.,0.,0.);
#10155=COLOUR_RGB('Acetal Resin (White)',1.,0.815686274509804,0.);
ENDSEC;
END-ISO-10303-21;
